date,region,lat,lon,species_id,gbif_key,basis_of_record,coordinate_uncertainty_m,cell,distance_km,location_id,score,effort_percentile
2026-06-09,NE,58.952044,5.712737,mushroom,6363962586,HUMAN_OBSERVATION,10.0,327:19,4.753717682839317,Stavanger_58.980_5.650,5.02,0.46533659174623554
2026-06-13,NE,59.27176,11.135283,mushroom,6364035600,HUMAN_OBSERVATION,1.0,328:37,1.086634118535149,Ise_59.280_11.125,6.18,0.8292885150190824
2026-06-11,NE,58.49666,16.56252,mushroom,6393979365,HUMAN_OBSERVATION,100.0,324:55,2.2091068218270986,Sodermem_58.500_16.600,4.24,0.15802187942161067
2026-06-17,NE,62.29017,6.876163,mushroom,6395473482,HUMAN_OBSERVATION,25.0,345:22,1.7633507288524224,Stranda_62.280_6.850,4.6,0.3182491796337471
2026-06-16,NE,55.68501,13.18548,mushroom,6404283349,HUMAN_OBSERVATION,25.0,309:44,2.292922943973107,Lund_55.680_13.150,6.76,0.9783673846110253
2026-06-22,NE,58.16154,15.67639,mushroom,6404295415,HUMAN_OBSERVATION,100.0,322:52,2.766925665950134,Opphem_58.140_15.700,6.03,0.493606967478924
2026-06-22,NE,57.78522,16.58764,mushroom,6404357311,HUMAN_OBSERVATION,25.0,320:55,3.758500319867214,Västervik_57.780_16.525,6.54,0.7543344065598087
2026-06-15,NE,58.44446,11.42731,mushroom,6404481481,HUMAN_OBSERVATION,10.0,324:38,0.5138268825314817,Odstoft_58.440_11.425,6.25,0.8164101120825317
2026-06-24,NE,57.93681,16.4652,mushroom,6404576397,HUMAN_OBSERVATION,500.0,321:54,2.7301563342235786,Trostad_57.960_16.450,6.58,0.8104418646408115
2026-06-07,NE,57.68039,11.91839,mushroom,6404589407,HUMAN_OBSERVATION,500.0,320:39,2.945144952725833,Goteborg_57.660_11.950,6.27,0.3994082840236682
2026-06-13,NE,59.22088,18.19291,mushroom,6404594446,HUMAN_OBSERVATION,25.0,328:60,1.023811886472854,Vasterhaninge_59.220_18.175,5.24,0.2992417045238615
2026-06-24,NE,57.77399,16.27376,mushroom,6404637367,HUMAN_OBSERVATION,10.0,320:54,1.6932517935299218,Kalkestad_57.780_16.300,6.46,0.7428293004475334
2026-06-23,NE,59.77632,17.58491,mushroom,6404716472,HUMAN_OBSERVATION,10.0,331:58,1.8976259653909797,Uppsala_59.760_17.575,6.37,0.6565609142878035
2026-06-16,NE,56.86556,14.82667,mushroom,6404726444,HUMAN_OBSERVATION,5.0,315:49,2.2813931207968436,Vaxjo_56.880_14.800,6.2,0.7710901347337646
2026-06-21,NE,63.65618,19.91436,mushroom,6404747419,HUMAN_OBSERVATION,10.0,353:66,0.8260958446140533,Haggnas_63.660_19.900,4.7,0.21872857451024463
2026-06-24,NE,59.5093,15.03395,mushroom,6404779320,HUMAN_OBSERVATION,25.0,330:50,1.2924777125661011,Nora_59.520_15.025,6.71,0.8508879253477734
2026-06-24,NE,56.77076,16.36783,mushroom,6404973450,HUMAN_OBSERVATION,10.0,315:54,4.303400980795329,Kalmar_56.760_16.300,6.61,0.8322205127137909
2026-06-20,NE,57.05543,14.73172,mushroom,6405219371,HUMAN_OBSERVATION,100.0,316:49,0.6506458713073702,Ernatorp_57.060_14.725,6.47,0.7063400822918505
2026-06-21,NE,57.68952,16.6189,mushroom,6405258451,HUMAN_OBSERVATION,10.0,320:55,3.5703814137176275,Västervik_57.720_16.600,6.87,0.9338173932646289
2026-06-21,NE,58.44729,16.20108,mushroom,6405307328,HUMAN_OBSERVATION,10.0,324:54,1.6107939226565242,Norrkoping_58.440_16.225,6.35,0.6379198553346962
2026-06-23,NE,65.963027,12.554863,mushroom,6405570308,HUMAN_OBSERVATION,25.0,366:41,2.569953671834344,Sandnessjøen_65.940_12.550,4.34,0.08266190390277066
2026-06-13,NE,63.413746,10.341127,mushroom,6405587626,HUMAN_OBSERVATION,25.0,351:34,1.82332193346218,Trondheim_63.420_10.375,4.57,0.13707183942790946
2026-06-22,NE,52.695514,7.305085,mushroom,6410536509,HUMAN_OBSERVATION,,292:24,20.63550370238363,Klazienaveen_52.680_7.000,6.0,0.485200187621609
2026-06-18,NE,52.05,4.2,mushroom,6410728004,HUMAN_OBSERVATION,5000.0,288:14,3.748658079322946,Poeldijk_52.020_4.225,6.53,0.8814646738592007
2026-06-18,NE,52.35,5.9,mushroom,6410741944,HUMAN_OBSERVATION,5000.0,290:19,3.74290361845828,Nunspeet_52.380_5.875,6.1,0.6420033213457764
2026-06-22,NE,52.05,5.2,mushroom,6410914511,HUMAN_OBSERVATION,5000.0,288:17,3.3358524070056235,Bunnik_52.080_5.200,6.23,0.5858918975261773
2026-06-21,NE,53.1,6.1,mushroom,6410931828,HUMAN_OBSERVATION,5000.0,294:20,0.0,Drachten_53.100_6.100,6.4,0.696841563100632
2026-06-21,NE,52.1,4.3,mushroom,6411094370,HUMAN_OBSERVATION,5000.0,289:14,2.223901604671904,The Hague_52.080_4.300,6.63,0.8446860175642916
2026-06-07,NE,52.8,6.15,mushroom,6411244245,HUMAN_OBSERVATION,5000.0,293:20,1.6807111686970362,Steenwijk_52.800_6.175,7.13,0.8550295857988155
2026-06-22,NE,52.1,5.85,mushroom,6411264793,HUMAN_OBSERVATION,5000.0,289:19,2.804116775112711,Deelen_52.080_5.875,5.83,0.4217114101732626
2026-06-18,NE,51.95,5.65,mushroom,6411513985,HUMAN_OBSERVATION,5000.0,288:18,1.1119508023338893,Wageningen_51.960_5.650,6.55,0.8846734298942586
2026-06-07,NE,51.45,5.4,mushroom,6411709169,HUMAN_OBSERVATION,5000.0,285:18,3.758615469268588,Best_51.480_5.425,6.43,0.47633136094674466
2026-06-22,NE,51.4,5.55,mushroom,6411845342,HUMAN_OBSERVATION,5000.0,285:18,2.8199732449867594,Geldrop_51.420_5.575,5.77,0.4181355971463006
2026-06-06,NE,53.0,6.7,mushroom,6411922309,HUMAN_OBSERVATION,5000.0,294:22,2.223901604670146,Anloo_52.980_6.700,7.87,0.9364080237008431
2026-06-21,NE,52.6,4.7,mushroom,6411956636,HUMAN_OBSERVATION,5000.0,291:15,2.791994439844967,Heiloo_52.620_4.675,6.59,0.8266995481638069
2026-06-19,NE,52.9,6.25,mushroom,6411959987,HUMAN_OBSERVATION,5000.0,293:20,2.22390160467136,Elsloo_52.920_6.250,6.5,0.791949802995768
2026-06-20,NE,52.3,6.1,mushroom,6411980428,HUMAN_OBSERVATION,5000.0,290:20,2.2239016046719784,Olst_52.320_6.100,6.47,0.7063400822918505
2026-06-12,NE,57.14384,-3.836755,mushroom,6412036372,HUMAN_OBSERVATION,5.0,317:-13,3.456424592544049,Aviemore_57.120_-3.800,3.09,0.036988936067271105
2026-06-21,NE,52.9,7.1,mushroom,6412094524,HUMAN_OBSERVATION,5000.0,293:23,2.7850038190498028,Jipsingboermussel_52.920_7.075,5.84,0.46146767554080903
2026-06-16,NE,52.85,6.3,mushroom,6412109678,HUMAN_OBSERVATION,5000.0,293:21,2.013475026429883,Dwingeloo_52.860_6.325,5.9,0.554282797941867
2026-06-21,NE,51.35,5.2,mushroom,6412143389,HUMAN_OBSERVATION,,284:17,1.111950802335259,Bladel_51.360_5.200,5.8,0.459012604383895
2026-06-07,NE,51.6,4.7,mushroom,6412376338,HUMAN_OBSERVATION,5000.0,286:15,1.726714423210515,Breda_51.600_4.675,6.85,0.7159763313609446
2026-06-19,NE,52.9,6.3,mushroom,6412402733,HUMAN_OBSERVATION,5000.0,293:21,2.785003819050083,Elsloo_52.920_6.325,6.58,0.8165030159412077
2026-06-19,NE,52.2,5.25,mushroom,6412661053,HUMAN_OBSERVATION,5000.0,289:17,1.7038062167274457,Baarn_52.200_5.275,6.46,0.7857028142540741
2026-06-21,NE,51.350486,6.600411,mushroom,6413138600,HUMAN_OBSERVATION,,284:22,29.55952201290393,Venlo_51.360_6.175,6.65,0.8545063021919476
2026-06-20,NE,50.733022,4.463387,mushroom,6413358948,HUMAN_OBSERVATION,,281:14,3.144215674406496,Hoeilaart_50.760_4.450,6.23,0.5513403561975725
2026-06-26,NE,57.6513,14.89055,mushroom,6418324321,HUMAN_OBSERVATION,25.0,319:49,1.3385116379750548,Nässjö_57.660_14.875,6.07,0.48428892673710006
2026-06-30,NE,58.23756,11.46787,mushroom,6418366375,HUMAN_OBSERVATION,10.0,323:38,6.747003705115457,Bjallansas_58.260_11.575,7.4,0.9728358881875564
2026-06-28,NE,59.56437,17.69983,mushroom,6418412381,HUMAN_OBSERVATION,50.0,330:59,2.2427065982539536,Marsta_59.580_17.725,6.58,0.8085226212951798
2026-06-28,NE,59.28359,17.99988,mushroom,6418414434,HUMAN_OBSERVATION,75.0,329:60,1.4816118897689956,Stockholm_59.280_18.025,6.78,0.8756840979914928
2026-06-25,NE,59.84109,17.61743,mushroom,6418438354,HUMAN_OBSERVATION,10.0,332:58,2.968535813491339,Uppsala_59.820_17.650,6.55,0.6614906553590061
2026-06-27,NE,59.36204,17.73962,mushroom,6418498433,HUMAN_OBSERVATION,4.0,329:59,2.5870675037618747,Tumba_59.340_17.725,6.85,0.8812863020329144
2026-06-26,NE,56.58271,16.41568,mushroom,6418533436,HUMAN_OBSERVATION,25.0,314:54,2.1232815157964273,Kalmar_56.580_16.450,6.86,0.8286751204194056
2026-06-26,NE,58.26314,15.76411,mushroom,6418664306,HUMAN_OBSERVATION,25.0,323:52,0.7264065103141064,Linkoping_58.260_15.775,6.16,0.5087520291667778
2026-06-25,NE,59.17133,18.35147,mushroom,6418898386,HUMAN_OBSERVATION,100.0,328:61,1.9654911162229187,Vasterhaninge_59.160_18.325,7.24,0.9193990942633941
2026-06-18,NE,58.07545,16.34037,mushroom,6418913302,HUMAN_OBSERVATION,500.0,322:54,2.09803723250149,Ukna_58.080_16.375,6.14,0.6591009662697231
2026-06-27,NE,58.27877,16.18241,mushroom,6418989308,HUMAN_OBSERVATION,166.0,323:54,2.8193030262533574,Drangsbo_58.260_16.150,6.44,0.7420223955618463
2026-06-28,NE,56.8733,16.64497,mushroom,6419113360,HUMAN_OBSERVATION,10.0,315:55,1.9709089086355953,Kolstad_56.880_16.675,6.76,0.8608875645429109
2026-06-26,NE,57.91747,16.52649,mushroom,6419124353,HUMAN_OBSERVATION,50.0,321:55,4.729944471735209,Hjulbynas_57.960_16.525,6.77,0.7656212576842218
2026-06-25,NE,57.78163,16.25559,mushroom,6419275412,HUMAN_OBSERVATION,25.0,320:54,1.8225543592535491,Bjarka_57.780_16.225,6.49,0.6245485735630615
2026-06-27,NE,58.47478,12.40676,mushroom,6419291319,HUMAN_OBSERVATION,50.0,324:41,2.831728552349423,Vanersborg_58.500_12.400,7.39,0.9643355797155411
2026-06-24,NE,59.21453,17.81533,mushroom,6419326421,HUMAN_OBSERVATION,25.0,328:59,1.0634988688258857,Tumba_59.220_17.800,6.68,0.838442983591785
2026-06-28,NE,62.253703,7.437745,mushroom,6419695541,HUMAN_OBSERVATION,25.0,345:24,2.9920681863639644,Tafjord_62.280_7.450,4.3,0.1304324090712643
2026-06-27,NE,65.962997,12.555708,mushroom,6419789385,HUMAN_OBSERVATION,25.0,366:41,2.5702005963502286,Sandnessjøen_65.940_12.550,4.24,0.16424389381190008
2026-06-27,NE,59.249813,10.422604,mushroom,6419819377,HUMAN_OBSERVATION,8.0,328:34,3.7001241706993864,Barkåker_59.280_10.450,6.95,0.8982700685084523
2026-06-27,NE,50.821124,-1.517184,mushroom,6422496629,HUMAN_OBSERVATION,,282:-6,2.308631503639463,Hordle_50.820_-1.550,5.44,0.5552009643309281
2026-06-30,NE,52.85,6.25,mushroom,6423605677,HUMAN_OBSERVATION,5000.0,293:20,1.1119508023357043,Boijl_52.860_6.250,6.19,0.7325969341749327
2026-06-24,NE,54.824925,9.346389,mushroom,6424218424,HUMAN_OBSERVATION,,304:31,2.164803976915179,Padborg_54.840_9.325,6.46,0.7428293004475334
2026-06-27,NE,56.79879,16.57119,mushroom,6426663384,HUMAN_OBSERVATION,10.0,315:55,2.939000494421428,Greby_56.820_16.600,6.54,0.7938221386551507
2026-06-24,NE,59.85043,17.6359,mushroom,6427207371,HUMAN_OBSERVATION,5.0,332:58,3.380939338195477,Uppsala_59.880_17.650,4.87,0.18971107156494912
2026-06-28,NE,59.82773,15.68153,mushroom,6427636315,HUMAN_OBSERVATION,5.0,332:52,1.3433357106301556,Nedre Aspbo_59.820_15.700,6.48,0.7652180242476625
2026-06-23,NE,51.022342,-0.927195,mushroom,6431558316,HUMAN_OBSERVATION,5.0,283:-4,2.9525082362449924,Waterlooville_51.000_-0.950,6.19,0.5732102349463309
2026-06-24,NE,60.727619,8.930592,mushroom,6434948314,HUMAN_OBSERVATION,5.0,337:29,1.3533238484671621,Gol_60.720_8.950,4.52,0.10031985929869086
2026-06-26,NE,58.60547,14.0401,mushroom,6435897427,HUMAN_OBSERVATION,5.0,325:46,1.7143758799901758,Mariestad_58.620_14.050,6.53,0.6650045240439633
2026-06-20,NE,50.889097,-1.536232,mushroom,6441747458,HUMAN_OBSERVATION,99.0,282:-6,1.3985956515417814,Totton_50.880_-1.550,6.16,0.5145635733422484
2026-06-13,NE,55.470713,12.081362,mushroom,6467790363,HUMAN_OBSERVATION,15.0,307:40,3.4618204228781684,Havdrup_55.500_12.100,6.62,0.9721900747931524
2026-06-20,NE,55.812327,12.49236,mushroom,6467794304,HUMAN_OBSERVATION,50.0,309:41,1.7480588435436675,Stavnsholt_55.800_12.475,6.82,0.9131044769508101
2026-06-05,NE,55.868583,11.659042,mushroom,6467798432,HUMAN_OBSERVATION,3.0,310:38,1.1086823702838797,Asnæs_55.860_11.650,5.38,0.10303783490810269
2026-06-18,NE,56.15729,10.08713,mushroom,6467800412,HUMAN_OBSERVATION,54.0,311:33,0.809329168571624,Framlev_56.160_10.075,5.96,0.5436329107967264
2026-06-06,NE,55.84407,12.345845,mushroom,6467800439,HUMAN_OBSERVATION,2.0,309:41,2.197833389849867,Lillerød_55.860_12.325,6.78,0.4706145967552641
2026-06-27,NE,56.162516,9.519553,mushroom,6467802302,HUMAN_OBSERVATION,3.0,311:31,1.9059172619501745,Silkeborg_56.160_9.550,6.2,0.6910710961352332
2026-06-19,NE,55.758792,12.371056,mushroom,6467828365,HUMAN_OBSERVATION,25.0,309:41,2.7653970205540763,Værløse_55.740_12.400,6.55,0.8133795215703605
2026-06-23,NE,55.856841,11.979339,mushroom,6467831382,HUMAN_OBSERVATION,25.0,310:40,1.8643521286710827,Jægerspris_55.860_11.950,7.2,0.9655255279886384
2026-06-24,NE,55.781303,12.591652,mushroom,6467832381,HUMAN_OBSERVATION,15.0,309:42,3.332065691421956,Trørød_55.800_12.550,6.85,0.8947489160162447
2026-06-29,NE,55.808105,12.52388,mushroom,6467848440,HUMAN_OBSERVATION,3.0,309:41,1.8646193436191683,Trørød_55.800_12.550,6.38,0.7716454495137187
2026-06-29,NE,69.164905,29.217706,mushroom,6467857348,HUMAN_OBSERVATION,10.0,383:97,1.8186162028484927,Mayatalo_69.180_29.200,3.84,0.04198624179647352
2026-06-04,NE,55.671377,9.379084,mushroom,6467862364,HUMAN_OBSERVATION,25.0,308:31,1.6245732064699416,Jelling_55.680_9.400,7.63,0.7823675143738017
2026-06-24,NE,56.16555,9.555711,mushroom,6467868356,HUMAN_OBSERVATION,15.0,311:31,0.7112614199661255,Silkeborg_56.160_9.550,5.83,0.4132655703334748
2026-07-01,NE,58.49869,13.15337,mushroom,6418879334,HUMAN_OBSERVATION,67.0,324:43,0.24403972189927187,Lidkoping_58.500_13.150,6.86,0.9270728096150496
2026-07-01,NE,56.95914,14.58371,mushroom,6419124398,HUMAN_OBSERVATION,10.0,316:48,2.192840052511899,Vaxjo_56.940_14.575,4.22,0.16109998258143152
2026-07-02,NE,57.676594,12.048431,mushroom,6423855541,HUMAN_OBSERVATION,254.0,320:40,2.3122053121607298,Molnlycke_57.660_12.025,7.4,0.9773328205683497
2026-07-05,NE,58.51262,16.36895,mushroom,6426902331,HUMAN_OBSERVATION,100.0,324:54,1.4466196371580093,Norrkoping_58.500_16.375,6.42,0.7448786144895866
2026-07-04,NE,59.55522,18.16947,mushroom,6427128335,HUMAN_OBSERVATION,5.0,330:60,2.7729617461554565,Vallentuna_59.580_18.175,6.51,0.7147133315291165
2026-07-06,NE,57.88839,16.14664,mushroom,6427350337,HUMAN_OBSERVATION,1000.0,321:53,1.3061571514306929,Odensvi_57.900_16.150,6.51,0.8077704338779976
2026-07-06,NE,58.74581,16.54814,mushroom,6427686331,HUMAN_OBSERVATION,100.0,326:55,1.4831975428717958,Alberga_58.740_16.525,6.76,0.852507936792639
2026-07-03,NE,59.694475,8.029205,mushroom,6427861368,HUMAN_OBSERVATION,100.0,331:26,1.3185811958774059,Åmot_59.700_8.050,5.97,0.6226593104831686
2026-07-08,NE,65.963136,12.552429,mushroom,6427893512,HUMAN_OBSERVATION,25.0,366:41,2.5749627854455914,Sandnessjøen_65.940_12.550,3.79,0.11919884042693418
2026-07-06,NE,59.61748,9.962676,mushroom,6427999400,HUMAN_OBSERVATION,3.0,330:33,3.2670677993995287,Sande_59.640_10.000,3.85,0.15658126020124508
2026-07-06,NE,69.571715,19.155963,mushroom,6428052523,HUMAN_OBSERVATION,10.0,386:63,3.153644733305584,Tromsø_69.600_19.150,4.49,0.2374894624504515
2026-07-06,NE,62.262862,25.808122,mushroom,6431649566,HUMAN_OBSERVATION,7.0,345:86,2.096201275652426,Jyvaskyla_62.280_25.825,5.08,0.4639279500654676
2026-07-10,NE,58.26293,15.76409,mushroom,6435258337,HUMAN_OBSERVATION,25.0,323:52,0.71651919674578,Linkoping_58.260_15.775,6.41,0.6054235942817114
2026-07-13,NE,66.04243,22.02908,mushroom,6435276408,HUMAN_OBSERVATION,125.0,366:73,2.353668777328785,Forstraskhed_66.060_22.000,5.51,0.5504540752389994
2026-07-13,NE,65.46483,17.85799,mushroom,6435430352,HUMAN_OBSERVATION,75.0,363:59,0.9515478542113258,Aha_65.460_17.875,5.76,0.6492260054717017
2026-07-16,NE,57.49648,18.48674,mushroom,6435479419,HUMAN_OBSERVATION,24.0,319:61,1.9622249228369106,Visby_57.480_18.475,8.56,0.9877467187070269
2026-07-09,NE,61.99369,17.29274,mushroom,6435683351,HUMAN_OBSERVATION,10.0,344:57,1.7820331843718127,Djursta_61.980_17.275,4.29,0.16194523687041154
2026-07-08,NE,57.80916,16.15211,mushroom,6435885320,HUMAN_OBSERVATION,125.0,320:53,3.244858748811638,Gronhult_57.780_16.150,6.5,0.8456054816181322
2026-07-12,NE,60.320205,25.011853,mushroom,6441759798,HUMAN_OBSERVATION,,334:83,2.339616818699215,Vantaa_60.300_25.000,5.38,0.527499058390464
2026-07-08,NE,69.746371,19.177639,mushroom,6444797390,HUMAN_OBSERVATION,50.0,387:64,3.1195916114495956,Movik_69.720_19.150,4.67,0.32835683225721574
2026-07-23,NE,69.659911,18.929075,mushroom,6444876556,HUMAN_OBSERVATION,21.0,386:63,5.640069353122223,Tromsø_69.660_19.075,4.29,0.040477738326212986
2026-07-22,NE,63.361172,10.24004,mushroom,6444878508,HUMAN_OBSERVATION,5.0,351:34,0.7610894875189861,Melhus_63.360_10.225,6.12,0.7545613190037301
2026-07-12,NE,58.536171,8.903912,mushroom,6444929523,HUMAN_OBSERVATION,25.0,324:29,3.136020830121295,Tvedestrand_58.560_8.875,3.25,0.08043502998592837
2026-07-24,NE,63.494502,10.069998,mushroom,6444946321,HUMAN_OBSERVATION,150.0,352:33,5.065229788644349,Selbekken_63.540_10.075,6.1,0.7192282462823547
2026-07-15,NE,52.9,6.25,mushroom,6447541870,HUMAN_OBSERVATION,5000.0,293:20,2.22390160467136,Elsloo_52.920_6.250,4.44,0.27385923399911927
2026-07-14,NE,52.25,5.1,mushroom,6447554927,HUMAN_OBSERVATION,5000.0,289:17,2.0327830478488242,Kortenhoef_52.260_5.125,4.51,0.25733421375342014
2026-07-14,NE,61.737737,16.061653,mushroom,6447592502,HUMAN_OBSERVATION,7.0,342:53,0.7464126239364711,Yckelsbo_61.740_16.075,6.09,0.6201930635474657
2026-07-19,NE,52.8,6.35,mushroom,6447663411,HUMAN_OBSERVATION,5000.0,293:21,1.6807111686969793,Ruinen_52.800_6.325,5.19,0.4803348388789188
2026-07-14,NE,51.5,4.45,mushroom,6447700959,HUMAN_OBSERVATION,,285:14,2.2239016046706923,Essen_51.480_4.450,2.92,0.07639216426123337
2026-07-15,NE,52.05,5.95,mushroom,6447827351,HUMAN_OBSERVATION,5000.0,288:19,3.335852407005443,Deelen_52.080_5.950,6.78,0.7841997819379689
2026-07-17,NE,52.9,6.3,mushroom,6447924957,HUMAN_OBSERVATION,5000.0,293:21,2.785003819050083,Elsloo_52.920_6.325,5.51,0.5306158680561739
2026-07-25,NE,52.9,6.3,mushroom,6448632393,HUMAN_OBSERVATION,5000.0,293:21,2.785003819050083,Elsloo_52.920_6.325,4.22,0.2777160024154471
2026-07-17,NE,52.75,6.25,mushroom,6448683503,HUMAN_OBSERVATION,5000.0,292:20,1.1119508023358151,Havelte_52.740_6.250,6.1,0.6939655937649815
2026-07-12,NE,53.1,6.1,mushroom,6449403217,HUMAN_OBSERVATION,5000.0,294:20,0.0,Drachten_53.100_6.100,5.08,0.40118383547288783
2026-07-25,NE,52.5,6.45,mushroom,6449529504,HUMAN_OBSERVATION,,291:21,1.6922818900931473,Den Ham_52.500_6.475,1.43,0.13481768655982693
2026-07-14,NE,52.15,5.85,mushroom,6449726635,HUMAN_OBSERVATION,5000.0,289:19,2.0363145522886192,Hoenderloo_52.140_5.875,6.59,0.7310002201050235
2026-07-16,NE,62.605941,25.793816,mushroom,6451721790,HUMAN_OBSERVATION,,347:86,3.2966676736206404,Suolahti_62.580_25.825,6.1,0.6865377750990374
2026-07-02,NE,57.688645,11.949237,mushroom,6452243650,HUMAN_OBSERVATION,6.0,320:39,3.1855061492319674,Goteborg_57.660_11.950,7.1,0.9683291838160993
2026-07-07,NE,57.350634,-3.351123,mushroom,6452294670,HUMAN_OBSERVATION,9.0,318:-12,1.0436291961922106,Dufftown_57.360_-3.350,6.36,0.7787767791378002
2026-07-15,NE,61.177517,26.860988,mushroom,6452314108,HUMAN_OBSERVATION,4.0,339:89,2.6103262376840175,Kuisma_61.200_26.875,5.68,0.5711891340153586
2026-07-19,NE,54.878166,23.424883,mushroom,6452430385,HUMAN_OBSERVATION,,304:78,2.4278449129515303,Kulautuva_54.900_23.425,7.9,0.9486357021218755
2026-07-28,NE,69.76554,19.264901,mushroom,6454373438,HUMAN_OBSERVATION,750.0,387:64,2.0990747360011675,Movik_69.780_19.300,4.71,0.1839080459770113
2026-07-28,NE,63.3549,10.468733,mushroom,6454435349,HUMAN_OBSERVATION,25.0,351:34,1.092743723895766,Tanem_63.360_10.450,6.27,0.5747126436781609
2026-07-25,NE,63.528073,10.107385,mushroom,6454457368,HUMAN_OBSERVATION,75.0,352:33,2.0819384212858876,Selbekken_63.540_10.075,6.0,0.6865954449943116
2026-07-30,NE,63.095869,8.64076,mushroom,6454508441,HUMAN_OBSERVATION,25.0,350:28,2.7231949173113303,Fjaerlien_63.120_8.650,6.32,0.6491228070175438
2026-07-26,NE,63.726276,11.297554,mushroom,6454528342,HUMAN_OBSERVATION,100.0,353:37,1.3113744251165325,Levanger_63.720_11.275,6.15,0.6908898930374062
2026-07-25,NE,61.28866,17.1161,mushroom,6454714470,HUMAN_OBSERVATION,10.0,340:57,3.222149639741704,Soderhamn_61.260_17.125,4.84,0.4051993916676475
2026-07-29,NE,61.17605,13.98802,mushroom,6454762456,HUMAN_OBSERVATION,897.0,339:46,2.7530065605216185,Katilla_61.200_13.975,5.76,0.5337837837837832
2026-07-17,NE,55.98217,12.305975,mushroom,6467790469,HUMAN_OBSERVATION,75.0,310:41,1.207890157502207,Nødebo_55.980_12.325,6.18,0.7149857084524311
2026-07-02,NE,56.808008,9.74195,mushroom,6467791342,HUMAN_OBSERVATION,6.0,315:32,2.41337785919496,Skørping_56.820_9.775,6.42,0.9092845913737054
2026-07-29,NE,55.775689,12.497386,mushroom,6467801323,HUMAN_OBSERVATION,36.0,309:41,3.04408667755336,Stavnsholt_55.800_12.475,6.26,0.7567567567567565
2026-07-14,NE,55.808923,12.528422,mushroom,6467822378,HUMAN_OBSERVATION,50.0,309:41,1.6741784991215025,Trørød_55.800_12.550,5.92,0.5763921642612347
2026-07-18,NE,56.009035,12.299109,mushroom,6467824326,HUMAN_OBSERVATION,25.0,310:41,3.6077705770472575,Nødebo_55.980_12.325,6.32,0.8239667466459406
2026-07-14,NE,56.037312,12.070541,mushroom,6467829442,HUMAN_OBSERVATION,25.0,311:40,1.854162661071241,Helsinge_56.040_12.100,6.55,0.7247429487784192
2026-07-19,NE,55.982778,12.385025,mushroom,6467850361,HUMAN_OBSERVATION,75.0,310:41,0.9814643780323598,Fredensborg_55.980_12.400,6.42,0.801630733561719
2026-07-11,NE,55.039382,10.539873,mushroom,6467853349,HUMAN_OBSERVATION,5.0,305:35,4.614770010578574,Svendborg_55.080_10.525,7.88,0.9665333120385825
2026-07-19,NE,56.036392,9.488915,mushroom,6467872335,HUMAN_OBSERVATION,41.0,311:31,0.9529399510386108,Virklund_56.040_9.475,6.42,0.801630733561719
2026-07-18,NE,56.031292,12.580525,mushroom,6467873347,HUMAN_OBSERVATION,15.0,310:42,2.1291900177997896,Hellebæk_56.040_12.550,7.23,0.9160330280603342
2026-07-05,NE,55.803036,12.467359,mushroom,6467887315,HUMAN_OBSERVATION,5.0,309:41,0.584825280082494,Stavnsholt_55.800_12.475,5.36,0.5665085252594938
2026-07-21,NE,62.146498,25.77517,mushroom,6469787631,HUMAN_OBSERVATION,13.0,344:86,1.990776266250565,Muurame_62.160_25.750,5.67,0.4685628742514957
2026-07-23,NE,60.354564,25.48838,mushroom,6469851160,HUMAN_OBSERVATION,11.0,334:85,2.1027059943425965,Porvoo_60.360_25.525,6.05,0.6558812133508709
2026-07-24,NE,60.353744,25.488907,mushroom,6470655958,HUMAN_OBSERVATION,162.0,334:85,2.1033577280764764,Porvoo_60.360_25.525,6.02,0.6420378294125791
2026-07-24,NE,54.475898,24.788571,mushroom,6470699696,HUMAN_OBSERVATION,7.0,302:82,0.9883183400721292,Rudiskes_54.480_24.775,7.33,0.9149861284129825
2026-07-28,NE,57.00165,14.58329,mushroom,6473110372,HUMAN_OBSERVATION,75.0,316:48,0.5345158158915259,Vaxjo_57.000_14.575,5.68,0.39655172413793066
2026-07-24,NE,63.44885,16.88741,mushroom,6473448422,HUMAN_OBSERVATION,150.0,352:56,3.268502299755566,Nasaker_63.420_16.900,5.8,0.5905775514993954
2026-08-03,NE,56.171074,9.534554,mushroom,6467793386,HUMAN_OBSERVATION,4.0,311:31,1.5591039720774518,Silkeborg_56.160_9.550,4.47,0.24615384615384622
2026-08-02,NE,56.147852,9.535738,mushroom,6467812448,HUMAN_OBSERVATION,6.0,311:31,1.6139450000108448,Silkeborg_56.160_9.550,4.18,0.14864864864864843
2026-08-01,NE,56.787575,9.735926,mushroom,6467814383,HUMAN_OBSERVATION,18.0,315:32,3.767363745404478,Aars_56.760_9.700,5.63,0.36206896551724055
2026-08-01,NE,55.564928,11.890419,mushroom,6467882431,HUMAN_OBSERVATION,5.0,308:39,1.11370571732763,Hvalso_55.560_11.875,6.13,0.5057471264367808
2026-08-04,NE,55.995261,12.349388,mushroom,6471784307,HUMAN_OBSERVATION,25.0,310:41,2.2761098269679088,Nødebo_55.980_12.325,6.22,0.5223880597014928
2026-08-06,NE,55.814015,11.724129,mushroom,6471785308,HUMAN_OBSERVATION,75.0,309:39,6.897172113616592,Asnæs_55.860_11.650,7.08,0.8571428571428571
2026-08-09,NE,56.790376,9.885464,mushroom,6471844306,HUMAN_OBSERVATION,10.0,315:33,3.938513493098754,Skørping_56.820_9.850,4.97,0.23529411764705882
2026-08-05,NE,56.797676,9.893051,mushroom,6471859302,HUMAN_OBSERVATION,6.0,315:33,3.153434665185215,Skørping_56.820_9.925,5.75,0.45394736842105265
2026-08-01,NE,65.55656,22.13271,mushroom,6472794390,HUMAN_OBSERVATION,10.0,363:73,3.7199353850900647,Luleå_65.580_22.075,6.79,0.7356321839080455
2026-06-06,SE,41.820737,-1.818578,mushroom,6398926910,HUMAN_OBSERVATION,,232:-7,1.5416811221928084,Litago_41.820_-1.800,0.17,0.0031477213783858773
2026-06-10,SE,41.590521,-8.274232,mushroom,6398939916,HUMAN_OBSERVATION,9.0,230:-28,2.3303240256854116,Povoa De Lanhoso_41.580_-8.250,2.8,0.012235004758861806
2026-06-04,SE,46.999594,15.524327,mushroom,6399252854,HUMAN_OBSERVATION,7.0,260:51,2.179354311653374,Graz_46.980_15.525,6.72,0.4003917039120184
2026-06-14,SE,46.136916,18.116002,mushroom,6399336696,HUMAN_OBSERVATION,59.0,256:60,2.249169191431942,Pellerd_46.120_18.100,6.1,0.7604122696629873
2026-06-06,SE,41.82859,-1.7729,mushroom,6399440505,HUMAN_OBSERVATION,,232:-6,2.4402584593225876,Litago_41.820_-1.800,0.17,0.0031477213783858773
2026-06-05,SE,41.795478,-1.832602,mushroom,6399704415,HUMAN_OBSERVATION,4031.0,231:-7,3.8388410206544927,Litago_41.820_-1.800,0.02,0.0039022052161532513
2026-06-06,SE,41.127818,-3.116972,mushroom,6399892486,HUMAN_OBSERVATION,,228:-11,4.150162807526013,La Nava De Jadraque_41.100_-3.150,0.63,0.005508512412175285
2026-06-06,SE,46.202594,18.603554,mushroom,6400004520,HUMAN_OBSERVATION,121.0,256:62,3.006164962970278,Bataszek_46.180_18.625,6.16,0.23024204500880802
2026-06-06,SE,45.290867,24.310211,mushroom,6400301843,HUMAN_OBSERVATION,52.0,251:81,1.6729571760373039,Calimanesti_45.280_24.325,8.17,0.9732941621547725
2026-06-06,SE,44.868177,22.408513,mushroom,6400732787,HUMAN_OBSERVATION,3128.0,249:74,2.793383420791365,Baile Herculane_44.860_22.375,7.6,0.8475993738693696
2026-06-05,SE,46.914275,16.283655,mushroom,6400767339,HUMAN_OBSERVATION,12.0,260:54,2.015268085161886,Szentgotthard_46.900_16.300,6.96,0.3428342537142681
2026-06-17,SE,41.286874,-7.739146,mushroom,6412348796,HUMAN_OBSERVATION,5.0,229:-26,1.4076194653287872,Vila Real_41.280_-7.725,1.93,0.009021088411371062
2026-06-22,SE,46.312126,13.936168,mushroom,6412561791,HUMAN_OBSERVATION,12.0,257:46,3.0881287659035572,Studor V Bohinju_46.300_13.900,6.12,0.5259789331047928
2026-06-24,SE,46.633713,14.895605,mushroom,6412606794,HUMAN_OBSERVATION,7.0,258:49,2.713611673069324,Dravograd_46.620_14.925,6.57,0.8061923192146446
2026-06-19,SE,46.897586,23.307236,mushroom,6413094674,HUMAN_OBSERVATION,,260:77,2.463904579515781,Aghiresu_46.900_23.275,6.27,0.678594371491859
2026-06-21,SE,45.919668,26.656124,mushroom,6413169127,HUMAN_OBSERVATION,574.0,254:89,2.3098978477349306,Tulnici_45.940_26.650,7.39,0.9983980573958263
2026-06-16,SE,38.755887,22.337617,mushroom,6413339531,HUMAN_OBSERVATION,15.0,215:74,3.691988151147971,Moskhokhorion_38.740_22.375,5.4,0.3774858079966342
2026-06-17,SE,45.754249,27.035815,mushroom,6413458990,HUMAN_OBSERVATION,704.0,253:90,1.0549518069962898,Brosteni_45.760_27.025,6.17,0.7829234442445006
2026-06-09,SE,43.317926,-8.21614,mushroom,6413606418,HUMAN_OBSERVATION,85.0,240:-28,2.748948035815835,Bergondo_43.320_-8.250,4.16,0.17878503162554168
2026-06-20,SE,45.06705,22.054421,mushroom,6413678756,HUMAN_OBSERVATION,1953.0,250:73,3.4147110802952,Prigor_45.040_22.075,6.12,0.4749277996286658
2026-06-20,SE,45.804025,14.358834,mushroom,6413723890,HUMAN_OBSERVATION,,254:47,1.9037252121893777,Rakek_45.820_14.350,6.86,0.9257706099038217
2026-06-16,SE,46.210126,18.604703,mushroom,6413914873,HUMAN_OBSERVATION,61.0,256:62,3.6705059668956515,Bonyhad_46.240_18.625,5.32,0.351401377992858
2026-06-21,SE,46.393275,23.592672,mushroom,6413940076,HUMAN_OBSERVATION,,257:78,3.2660162256651772,Rimetea_46.420_23.575,6.47,0.7777024395268337
2026-06-16,SE,41.7675,-1.821667,mushroom,6414108970,HUMAN_OBSERVATION,187.0,231:-7,1.9811444567036427,Litago_41.760_-1.800,0.93,0.004138585772285712
2026-06-25,SE,46.220869,14.61554,mushroom,6422135718,HUMAN_OBSERVATION,,256:48,3.398728566077353,Kamnik_46.240_14.650,5.83,0.47362052019763823
2026-06-24,SE,43.891818,19.555319,mushroom,6422293528,HUMAN_OBSERVATION,122.0,243:65,2.5941491006716846,Omar_43.900_19.525,7.13,0.942859452110883
2026-06-20,SE,45.147376,19.759022,mushroom,6422345680,HUMAN_OBSERVATION,61.0,250:65,1.5719275447068015,Vrdnik_45.160_19.750,5.83,0.38435032153581045
2026-06-20,SE,46.702994,15.44973,mushroom,6422390620,HUMAN_OBSERVATION,336.0,259:51,2.556902605809647,Leibnitz_46.680_15.450,6.98,0.9786183081885995
2026-06-28,SE,45.471867,25.283522,mushroom,6422737421,HUMAN_OBSERVATION,1311.0,252:84,1.8418818728954434,Fundata_45.460_25.300,6.3,0.700364852262129
2026-06-16,SE,46.244958,14.952789,mushroom,6422838404,HUMAN_OBSERVATION,,256:49,0.5915577998827387,Polzela_46.240_14.950,6.8,0.9914095996129133
2026-06-26,SE,42.735794,-7.319239,mushroom,6422915522,HUMAN_OBSERVATION,,237:-25,3.065546535708032,Samos_42.720_-7.350,2.89,0.033534475876200905
2026-06-20,SE,45.147642,19.760653,mushroom,6423195821,HUMAN_OBSERVATION,61.0,250:66,1.6081388104470116,Vrdnik_45.160_19.750,5.83,0.38435032153581045
2026-06-26,SE,46.196113,18.395417,mushroom,6423214981,HUMAN_OBSERVATION,181.0,256:61,1.8260903909714588,Pecsvarad_46.180_18.400,4.73,0.20303975836282856
2026-06-26,SE,43.892384,19.604107,mushroom,6430898491,HUMAN_OBSERVATION,15.0,243:65,0.9085533075109986,Omar_43.900_19.600,7.1,0.9124830348351386
2026-06-27,SE,44.442666,21.726951,mushroom,6431121417,HUMAN_OBSERVATION,10160.0,246:72,2.160070543268391,Vrelo_44.440_21.700,5.09,0.4093147293171511
2026-06-28,SE,46.056814,25.774444,mushroom,6431161645,HUMAN_OBSERVATION,,255:86,1.9191061998569858,Malnas_46.060_25.750,7.85,0.9988458476446103
2026-06-21,SE,45.531575,23.117573,mushroom,6431618809,HUMAN_OBSERVATION,,252:77,1.4111467341092585,Pui_45.520_23.125,6.19,0.562717935273756
2026-06-08,SE,43.027459,23.369029,mushroom,6431691728,HUMAN_OBSERVATION,69.0,238:78,3.4229144486539336,Svoge_43.000_23.350,8.11,0.9816085227410289
2026-06-27,SE,45.147822,19.759803,mushroom,6431732869,HUMAN_OBSERVATION,3.0,250:65,1.5571081209803546,Vrdnik_45.160_19.750,2.41,0.03397497952193027
2026-06-09,SE,46.071247,16.904907,mushroom,6441223138,HUMAN_OBSERVATION,,255:56,1.306656252680017,Koprivnica_46.060_16.900,6.16,0.8676022713356542
2026-06-24,SE,46.07542,16.950358,mushroom,6441665469,HUMAN_OBSERVATION,,255:56,2.560089809875974,Koprivnica_46.060_16.975,5.6,0.36743165421317575
2026-06-15,SE,44.697777,21.729129,mushroom,6441753553,HUMAN_OBSERVATION,1.0,248:72,3.0347869692897604,Coronini_44.680_21.700,5.86,0.5004756466412407
2026-06-14,SE,45.868274,15.961519,mushroom,6441897592,HUMAN_OBSERVATION,,254:53,3.1134109431481636,Stenjevec_45.880_15.925,6.14,0.7848718000741286
2026-07-04,SE,42.736992,20.044183,mushroom,6431495076,HUMAN_OBSERVATION,5.0,237:66,2.6020958432004817,Dem Boge_42.760_20.050,6.02,0.6081115717768616
2026-07-04,SE,46.310517,11.654147,mushroom,6431769400,HUMAN_OBSERVATION,4.0,257:38,2.474449251079814,Pozza_46.320_11.625,7.13,0.9490862217816246
2026-07-03,SE,42.915042,-3.951592,mushroom,6441832076,HUMAN_OBSERVATION,,238:-14,2.536179456753731,La Serna_42.900_-3.975,3.58,0.10763459089932076
2026-07-13,SE,46.460862,11.198363,mushroom,6451574677,HUMAN_OBSERVATION,4.0,257:37,2.9299982705506813,Ronzone_46.440_11.175,6.82,0.8479330678131185
2026-07-13,SE,41.96161,13.132605,mushroom,6452644648,HUMAN_OBSERVATION,,232:43,2.4838657588275312,Subiaco_41.940_13.125,3.08,0.061761754542691075
2026-07-25,SE,45.860228,11.55252,mushroom,6470205837,HUMAN_OBSERVATION,,254:38,2.2577064396854114,Bertigo_45.840_11.550,8.16,0.9930259664290529
2026-07-25,SE,45.329088,25.977112,mushroom,6470367861,HUMAN_OBSERVATION,540.0,251:86,1.2245399390432112,Maneciu_45.340_25.975,7.34,0.8858882559110048
2026-07-25,SE,46.208549,25.976668,mushroom,6470574645,HUMAN_OBSERVATION,50.0,256:86,3.177103490610454,Tusnad_46.180_25.975,7.85,0.9599829217725226
2026-07-24,NE,60.262473,25.289303,black_chant,6470650643,HUMAN_OBSERVATION,48.0,334:84,4.214274684383183,Sibbo_60.300_25.300,4.09,0.8338839841845858
2026-06-26,SE,43.890347,19.600681,black_chant,6431016038,HUMAN_OBSERVATION,61.0,243:65,1.0747522496628084,Omar_43.900_19.600,3.89,0.6182871171195147
2026-06-21,NE,56.04649,14.47881,parasol,6404238341,HUMAN_OBSERVATION,50.0,311:48,3.419158671582378,Kristianstad_56.040_14.425,5.47,0.7745507115691398
2026-06-21,NE,58.44736,16.20042,parasol,6404581437,HUMAN_OBSERVATION,50.0,324:54,1.6479472722931798,Norrkoping_58.440_16.225,5.28,0.6413323695456573
2026-06-18,NE,52.05,5.95,parasol,6410534334,HUMAN_OBSERVATION,5000.0,288:19,3.335852407005443,Deelen_52.080_5.950,5.38,0.7542626207837154
2026-06-07,NE,51.5,5.1,parasol,6410543116,HUMAN_OBSERVATION,5000.0,285:17,2.8181077877365164,Hilvarenbeek_51.480_5.125,6.22,0.5532544378698212
2026-06-16,NE,52.5,4.6,parasol,6410550550,HUMAN_OBSERVATION,5000.0,291:15,0.0,Beverwijk_52.500_4.600,5.73,0.9295093932213019
2026-06-18,NE,51.3,5.85,parasol,6410780772,HUMAN_OBSERVATION,5000.0,284:19,1.7380976750191814,Berg_51.300_5.875,5.55,0.8825657003969434
2026-06-18,NE,52.3,4.55,parasol,6410790338,HUMAN_OBSERVATION,5000.0,290:15,2.798987472017707,Bennebroek_52.320_4.525,5.9,0.9765320047950227
2026-06-15,NE,52.25,5.1,parasol,6410900518,HUMAN_OBSERVATION,5000.0,289:17,2.0327830478488242,Kortenhoef_52.260_5.125,5.76,0.943090284481195
2026-06-16,NE,51.2,5.85,parasol,6411014266,HUMAN_OBSERVATION,5000.0,284:19,2.82510295859782,Maasbracht_51.180_5.875,5.38,0.7638979244996211
2026-06-17,NE,51.65,5.1,parasol,6411149695,HUMAN_OBSERVATION,5000.0,286:17,2.052012863406547,Waalwijk_51.660_5.125,5.6,0.959646213377557
2026-06-15,NE,52.9,6.25,parasol,6411178300,HUMAN_OBSERVATION,5000.0,293:20,2.22390160467136,Elsloo_52.920_6.250,5.51,0.7849315603717075
2026-06-17,NE,51.55,4.5,parasol,6411515194,HUMAN_OBSERVATION,5000.0,286:15,2.055529358914682,Rucphen_51.540_4.525,5.1,0.6666666666666686
2026-06-01,NE,51.35,6.2,parasol,6411525807,HUMAN_OBSERVATION,5000.0,284:20,2.0615965185458096,Venlo_51.360_6.175,7.87,0.851837003388224
2026-06-23,NE,51.7,3.7,parasol,6411903820,HUMAN_OBSERVATION,5000.0,286:12,2.223901604670815,Haamstede_51.720_3.700,5.27,0.6853643849253023
2026-06-16,NE,52.3,4.55,parasol,6411988962,HUMAN_OBSERVATION,5000.0,290:15,2.798987472017707,Bennebroek_52.320_4.525,5.7,0.9234021442975864
2026-06-15,NE,53.15,6.0,parasol,6412103514,HUMAN_OBSERVATION,5000.0,294:20,2.003793656468884,De Tike_53.160_6.025,5.67,0.8575805517459248
2026-06-16,NE,51.4,6.15,parasol,6412132960,HUMAN_OBSERVATION,,285:20,2.8199732449864605,Venlo_51.420_6.175,5.24,0.6531397267182864
2026-06-17,NE,52.15,5.15,parasol,6412594980,HUMAN_OBSERVATION,5000.0,289:17,2.036314552288928,De Bilt_52.140_5.125,5.86,0.9958364207332133
2026-06-20,NE,51.95,6.65,parasol,6412823633,HUMAN_OBSERVATION,5000.0,288:22,2.042408119236625,Bredevoort_51.960_6.625,5.09,0.42521626476937224
2026-06-14,NE,52.3,4.55,parasol,6412824565,HUMAN_OBSERVATION,,290:15,2.798987472017707,Bennebroek_52.320_4.525,5.45,0.7454962888257993
2026-06-20,NE,54.921817,23.654844,parasol,6412965656,HUMAN_OBSERVATION,2623.0,304:79,2.445622792761874,Ezerelis_54.900_23.650,5.4,0.6469599916214168
2026-06-21,NE,57.793494,25.866283,parasol,6412983305,HUMAN_OBSERVATION,14.0,320:86,2.4991397850958252,Valka_57.780_25.900,5.16,0.5579642647118883
2026-06-17,NE,52.342658,4.559405,parasol,6413089737,HUMAN_OBSERVATION,5.0,290:15,3.4370306187017388,Bennebroek_52.320_4.525,5.83,0.9927725438998859
2026-06-21,NE,52.330922,4.564113,parasol,6413129482,HUMAN_OBSERVATION,21.0,290:15,2.7245235267024315,Bennebroek_52.320_4.600,5.74,0.9093709961967957
2026-06-20,NE,50.820271,-1.53422,parasol,6413136864,HUMAN_OBSERVATION,,282:-6,1.1089270733083836,Hordle_50.820_-1.550,5.08,0.4056019805798656
2026-06-20,NE,54.885766,23.609423,parasol,6413860948,HUMAN_OBSERVATION,1624.0,304:78,2.711254706176348,Ezerelis_54.900_23.575,5.4,0.6469599916214168
2026-06-18,NE,58.07545,16.34037,parasol,6418628304,HUMAN_OBSERVATION,500.0,322:54,2.09803723250149,Ukna_58.080_16.375,5.17,0.6078551932869681
2026-06-23,NE,51.736914,-5.251375,parasol,6422823446,HUMAN_OBSERVATION,,287:-18,7.230877922338018,Pembroke_51.720_-5.150,4.57,0.24145753970121356
2026-06-22,NE,56.73543,15.91687,parasol,6427333356,HUMAN_OBSERVATION,1.0,314:53,2.7766676784555515,Nybro_56.760_15.925,5.37,0.6409738951172086
2026-06-17,NE,52.0412,5.7796,parasol,6431749913,HUMAN_OBSERVATION,21.0,288:19,2.739475918502322,Wolfheze_52.020_5.800,5.73,0.9760652999776532
2026-06-18,NE,51.472662,-0.305262,parasol,6441693807,HUMAN_OBSERVATION,4.0,285:-2,2.24907106841352,Chiswick_51.480_-0.275,5.81,0.9647980071925341
2026-06-20,NE,57.557755,9.914683,parasol,6467835369,HUMAN_OBSERVATION,5.0,319:33,2.068007760691532,Hirtshals_57.540_9.925,5.13,0.4393811862933194
2026-06-24,NE,55.540402,8.147944,parasol,6467855366,HUMAN_OBSERVATION,4.0,308:27,2.6137642220323967,Oksbøl_55.560_8.125,5.02,0.514494335310697
2026-06-20,NE,57.553475,10.337572,parasol,6467879383,HUMAN_OBSERVATION,5.0,319:34,2.6893454779848036,Strandby_57.540_10.375,4.74,0.2935042243919979
2026-07-24,NE,62.905242,27.698009,parasol,6450626342,HUMAN_OBSERVATION,1.0,349:92,2.8085984523822995,Kuopio_62.880_27.700,5.72,0.8299722568259645
2026-07-20,NE,56.400029,27.324457,parasol,6451639607,HUMAN_OBSERVATION,,313:91,0.033568418961318146,Rezekne_56.400_27.325,6.12,0.9802098281813597
2026-07-19,NE,54.847578,24.079899,parasol,6451678817,HUMAN_OBSERVATION,,304:80,1.5383175933572402,Kaunas_54.840_24.100,5.7,0.8435375386450782
2026-07-19,NE,57.686648,-3.248417,parasol,6451727591,HUMAN_OBSERVATION,9.0,320:-11,3.3583607766236665,Elgin_57.660_-3.275,5.8,0.8697577534731871
2026-07-13,NE,60.232828,20.220186,parasol,6451908767,HUMAN_OBSERVATION,,334:67,11.333763855084646,Lillposten_60.240_20.425,5.2,0.7598201379712519
2026-07-13,NE,57.12695,23.23437,parasol,6452005908,HUMAN_OBSERVATION,4.0,317:77,2.2138411388840877,Tukums_57.120_23.200,6.08,0.9668597969514806
2026-07-19,NE,55.837014,22.703189,parasol,6452061337,HUMAN_OBSERVATION,59.0,309:75,3.1030824245556867,Uzventis_55.860_22.675,5.76,0.851060072048018
2026-07-19,NE,61.32842,25.406825,parasol,6469594933,HUMAN_OBSERVATION,14.0,340:84,1.9391015570282772,Padasjoki_61.320_25.375,5.06,0.5895098362600132
2026-07-20,NE,53.894066,23.33403,parasol,6469928842,HUMAN_OBSERVATION,,299:77,16.022566246327546,Veisiejai_54.000_23.500,5.54,0.8976651281852377
2026-07-19,NE,54.227925,24.57442,parasol,6470411721,HUMAN_OBSERVATION,,300:82,2.0788483578037744,Varena_54.240_24.550,5.59,0.7706817723362274
2026-07-31,NE,59.18803,17.73167,parasol,6472934389,HUMAN_OBSERVATION,200.0,328:59,3.1398842608681914,Tumba_59.160_17.725,3.72,0.14204545454545478
2026-08-03,NE,54.61195,11.456547,parasol,6467827395,HUMAN_OBSERVATION,1.0,303:38,5.715657252095138,Rødby_54.660_11.425,6.64,1.0
2026-08-04,NE,55.006631,15.098328,parasol,6467851388,HUMAN_OBSERVATION,15.0,305:50,1.4903844144880831,Nexø_55.020_15.100,6.02,0.5970149253731348
2026-08-02,NE,57.14507,14.17304,parasol,6472808363,HUMAN_OBSERVATION,10.0,317:47,3.227674952349837,Värnamo_57.120_14.200,4.25,0.22972972972972938
2026-08-05,NE,59.21641,18.18834,parasol,6473256370,HUMAN_OBSERVATION,100.0,328:60,0.8576895000491922,Vasterhaninge_59.220_18.175,4.08,0.2565789473684211
2026-08-05,NE,57.99978,16.56016,parasol,6473370342,HUMAN_OBSERVATION,10.0,321:55,3.05696807487642,Vraka_58.020_16.525,4.8,0.39473684210526316
2026-08-01,NE,58.12113,16.58443,parasol,6473519377,HUMAN_OBSERVATION,5.0,322:55,2.288721428861239,Tryserum_58.140_16.600,4.83,0.3505747126436774
2026-08-04,NE,59.55292,18.19495,parasol,6473535351,HUMAN_OBSERVATION,10.0,330:60,3.213992555681539,Vallentuna_59.580_18.175,3.43,0.11194029850746269
2026-08-02,NE,57.95484,15.82911,parasol,6473873400,HUMAN_OBSERVATION,500.0,321:52,1.3594133548318108,Gumhem_57.960_15.850,5.52,0.4864864864864861
2026-06-01,SE,46.605562,19.887072,parasol,6398623969,HUMAN_OBSERVATION,,258:66,1.1653197885067461,Palmonostora_46.600_19.900,7.29,0.44678680402593407
2026-06-04,SE,46.605479,19.887121,parasol,6399177032,HUMAN_OBSERVATION,,258:66,1.157264228620868,Palmonostora_46.600_19.900,7.37,0.4823093200520317
2026-06-14,SE,46.93752,16.363663,parasol,6399686192,HUMAN_OBSERVATION,66.0,260:54,2.6436523016106572,Szentgotthard_46.960_16.375,5.19,0.6081002271884878
2026-06-15,SE,46.803572,15.981119,parasol,6400937737,HUMAN_OBSERVATION,,259:53,0.6121144568063556,Neuhaus Am Klausenbach_46.800_15.975,5.66,0.8497109138182191
2026-06-22,SE,45.952312,10.130791,parasol,6412815454,HUMAN_OBSERVATION,8.0,255:33,0.9649890798737386,Darfo_45.960_10.125,4.75,0.269892812471047
2026-06-19,SE,46.944393,9.004128,parasol,6412961883,HUMAN_OBSERVATION,4.0,260:30,2.7304323163638133,Glarus_46.920_9.000,2.59,0.06745280020537221
2026-06-09,SE,41.80603,15.9978,parasol,6413072694,HUMAN_OBSERVATION,5.0,232:53,2.446131404383686,Vieste_41.820_15.975,0.96,0.024461774879692446
2026-06-21,SE,45.823697,25.897219,parasol,6413213078,HUMAN_OBSERVATION,11.0,254:86,0.46414948398718725,Reci_45.820_25.900,5.81,0.9420878925387647
2026-06-17,SE,37.751688,15.06165,parasol,6413832757,HUMAN_OBSERVATION,3.0,209:50,1.7512599728681792,Giarre_37.740_15.075,2.49,0.04856332992249168
2026-06-01,SE,42.356267,10.896608,parasol,6414006531,HUMAN_OBSERVATION,8.0,235:36,1.8233494380077337,Campese_42.360_10.875,6.18,0.16772015649471878
2026-06-22,SE,46.0723,23.530283,parasol,6422581064,HUMAN_OBSERVATION,,255:78,2.707227947552842,Inuri_46.060_23.500,5.95,0.998744846196609
2026-06-22,SE,45.416017,17.250446,parasol,6441812904,HUMAN_OBSERVATION,3.0,252:57,2.616514001733911,Cernik_45.400_17.275,5.28,0.5882125567497481
2026-07-27,SE,46.307537,11.662933,parasol,6470104679,HUMAN_OBSERVATION,72.0,257:38,3.1662576821970836,Pozza_46.320_11.700,6.35,0.9124556615688919
2026-06-02,NE,62.643594,11.870904,morel,6356418604,HUMAN_OBSERVATION,1.0,347:39,0.45112850525438025,Borgos_62.640_11.875,5.25,0.46073040535837323
2026-06-06,NE,64.852568,13.383541,morel,6356431663,HUMAN_OBSERVATION,25.0,359:44,0.9196591040169033,Røyrvik_64.860_13.375,5.03,0.5034315932388772
2026-06-04,NE,66.832205,15.376948,morel,6356447673,HUMAN_OBSERVATION,200.0,370:51,1.329639107132193,Røkland_66.840_15.400,5.53,0.6895352627065006
2026-06-05,NE,70.181916,22.331453,morel,6356449434,HUMAN_OBSERVATION,25.0,389:74,2.5954332264901883,Øksfjord_70.200_22.375,5.5,0.7247944960892732
2026-06-06,NE,68.781159,16.508726,morel,6356493308,HUMAN_OBSERVATION,250.0,381:55,2.4423187999029126,Hårstad_68.760_16.525,5.24,0.5946010341041402
2026-06-01,NE,62.143532,9.331241,morel,6356575521,HUMAN_OBSERVATION,25.0,344:31,1.8596338469551021,Dombås_62.160_9.325,5.2,0.5288591734732732
2026-06-11,NE,70.368346,31.015772,morel,6364096323,HUMAN_OBSERVATION,50.0,390:103,3.629361994460483,Vardø_70.380_30.925,4.68,0.8332627444336737
2026-06-06,NE,70.339325,25.412306,morel,6364120410,HUMAN_OBSERVATION,2.0,390:84,2.570611241935857,Hestnes_70.320_25.450,3.87,0.1522661358832978
2026-06-06,NE,65.77309,22.69744,morel,6365468333,HUMAN_OBSERVATION,10.0,365:75,2.805921055259478,Bjornholmen_65.760_22.750,5.15,0.5665554135591578
2026-06-10,NE,62.305438,11.720041,morel,6395337315,HUMAN_OBSERVATION,75.0,345:39,2.8401760313422915,Buvika_62.280_11.725,4.55,0.8183326911880694
2026-06-17,NE,70.030028,22.112606,morel,6395354608,HUMAN_OBSERVATION,5.0,388:73,1.8058160201302615,Alteidet_70.020_22.150,4.77,0.8559977888336111
2026-06-04,NE,69.676622,18.973838,morel,6395361444,HUMAN_OBSERVATION,10.0,386:63,4.3234083683355875,Tromsø_69.660_19.075,4.89,0.4490573209146072
2026-06-05,NE,69.679106,19.061029,morel,6395377367,HUMAN_OBSERVATION,10.0,386:63,2.1919834879362448,Tromsø_69.660_19.075,4.89,0.4423650082282474
2026-06-17,NE,62.664846,11.77403,morel,6395463473,HUMAN_OBSERVATION,1.0,347:39,3.0647418727752944,Borgos_62.640_11.800,3.26,0.06475894757889057
2026-06-09,NE,62.286114,11.736085,morel,6395490474,HUMAN_OBSERVATION,75.0,345:39,0.8892964590063844,Buvika_62.280_11.725,4.47,0.8270207828012964
2026-06-02,NE,69.644077,18.948595,morel,6395497467,HUMAN_OBSERVATION,39.0,386:63,5.19825065314098,Tromsø_69.660_19.075,5.1,0.378079272700013
2026-06-19,NE,70.541663,30.597194,morel,6395507499,HUMAN_OBSERVATION,50.0,391:102,4.952207890828308,Hamningberg_70.500_30.550,4.61,0.8531957645701922
2026-06-21,NE,64.85655,16.78416,morel,6404433407,HUMAN_OBSERVATION,500.0,359:56,1.6587636543646151,Nyluspen_64.860_16.750,4.79,0.9631739326462899
2026-06-22,NE,67.87582,20.85179,morel,6404715484,HUMAN_OBSERVATION,100.0,376:69,2.0099370133857706,Paksuniemi_67.860_20.875,5.02,0.9785451218382286
2026-06-11,NE,60.929058,9.217595,morel,6405677554,HUMAN_OBSERVATION,8.0,338:30,3.6753449499748068,Leira_60.900_9.250,4.78,0.8901103382933804
2026-06-18,NE,70.541307,30.610857,morel,6405693568,HUMAN_OBSERVATION,5.0,391:102,5.117518749153867,Hamningberg_70.500_30.550,4.71,0.8941110508430916
2026-06-18,NE,60.489596,10.756203,morel,6419667596,HUMAN_OBSERVATION,25.0,335:35,1.1198286364764405,Kolbu_60.480_10.750,4.67,0.8459797103172242
2026-06-10,NE,62.65652,15.61665,morel,6435518369,HUMAN_OBSERVATION,10.0,347:52,1.8858257401375957,Lombacken_62.640_15.625,4.64,0.8467406554073859
2026-06-28,NE,65.59838,15.54648,morel,6473630362,HUMAN_OBSERVATION,25.0,364:51,2.0501569992504294,Rodingsfors_65.580_15.550,4.02,0.8135541250597085
2026-06-05,SE,41.835271,-1.795853,morel,6398654180,HUMAN_OBSERVATION,82.0,232:-6,1.732476806470363,Litago_41.820_-1.800,0.3,0.0039022052161532513
2026-06-06,SE,41.834954,-1.796891,morel,6398739932,HUMAN_OBSERVATION,50.0,232:-7,1.682647118953404,Litago_41.820_-1.800,0.31,0.002360791033789408
2026-06-05,SE,41.826616,-1.815309,morel,6399226360,HUMAN_OBSERVATION,42.0,232:-7,1.466433704259414,Litago_41.820_-1.800,0.3,0.0039022052161532513
2026-06-02,NE,57.69808,11.79836,st_george,6355124461,HUMAN_OBSERVATION,123.0,320:39,2.4393422712991604,Goteborg_57.720_11.800,6.58,0.5859331916283378
2026-06-02,NE,59.898326,10.671006,st_george,6356417482,HUMAN_OBSERVATION,5.0,332:35,4.639287142201813,Oslo_59.940_10.675,6.22,0.4051442124932378
2026-06-02,NE,60.688164,10.86277,st_george,6356464622,HUMAN_OBSERVATION,10.0,336:36,3.7307630098742917,Skreia_60.660_10.900,6.85,0.7098269021753668
2026-06-06,NE,63.488547,10.923559,st_george,6356524463,HUMAN_OBSERVATION,25.0,352:36,1.506988735021672,Kvithammer_63.480_10.900,6.23,0.6059866271652627
2026-06-04,NE,59.419698,10.627214,st_george,6356530608,HUMAN_OBSERVATION,25.0,329:35,3.4798471279968406,Fuglevik_59.400_10.675,6.17,0.5382590740308593
2026-06-01,NE,59.41861,10.605376,st_george,6363976365,HUMAN_OBSERVATION,8.0,329:35,4.4502237671752125,Fuglevik_59.400_10.675,6.25,0.5190189752965488
2026-06-07,NE,60.8811,11.555092,st_george,6364013461,HUMAN_OBSERVATION,25.0,337:38,2.361438986453959,Elverum_60.900_11.575,6.25,0.3727810650887571
2026-06-13,NE,59.9576,10.862931,st_george,6364031329,HUMAN_OBSERVATION,5.0,332:36,2.844403210281523,Oslo_59.940_10.900,5.28,0.6441538700706446
2026-06-07,NE,59.937509,10.748747,st_george,6364108618,HUMAN_OBSERVATION,1.0,332:35,0.28564450383629536,Oslo_59.940_10.750,6.48,0.5177514792899397
2026-06-07,NE,59.419606,10.626396,st_george,6364111634,HUMAN_OBSERVATION,8.0,329:35,3.509575141875881,Fuglevik_59.400_10.675,6.81,0.6715976331360927
2026-06-06,NE,59.3883,10.659059,st_george,6364114364,HUMAN_OBSERVATION,25.0,329:35,1.5833489996724384,Fuglevik_59.400_10.675,6.28,0.6373642532070171
2026-06-08,NE,58.999788,9.734037,st_george,6364126588,HUMAN_OBSERVATION,25.0,327:32,6.622560784266632,Lunde_58.980_9.625,6.66,0.6001430862587611
2026-06-05,NE,56.74627,16.69031,st_george,6364551386,HUMAN_OBSERVATION,5.0,314:55,1.7893999749322202,Ismantorp_56.760_16.675,3.24,0.05159833245118526
2026-06-05,NE,59.27035,18.13345,st_george,6364634348,HUMAN_OBSERVATION,30.0,328:60,2.182356700772903,Stockholm_59.280_18.100,6.35,0.6957397302938146
2026-06-05,NE,61.40398,17.10014,st_george,6364742389,HUMAN_OBSERVATION,25.0,340:57,2.9768932498387572,Soderhamn_61.380_17.125,6.47,0.7602829961909705
2026-06-07,NE,58.57157,13.42854,st_george,6364746304,HUMAN_OBSERVATION,10.0,325:44,1.7899346385591974,Lidkoping_58.560_13.450,7.0,0.7514792899408266
2026-06-05,NE,56.33163,16.54372,st_george,6364746315,HUMAN_OBSERVATION,1000.0,312:55,1.4824351833210723,Torngard_56.340_16.525,1.63,0.02578593039273697
2026-06-06,NE,59.26005,18.75151,st_george,6365061364,HUMAN_OBSERVATION,50.0,328:62,2.588911223265111,Nore_59.280_18.775,7.15,0.9402081851764913
2026-06-10,NE,59.82579,17.6312,st_george,6394093414,HUMAN_OBSERVATION,10.0,332:58,1.232370209235472,Uppsala_59.820_17.650,3.26,0.09163863429077779
2026-06-08,NE,56.08083,12.66278,st_george,6394548350,HUMAN_OBSERVATION,20.0,311:42,3.142418725614022,Helsingborg_56.100_12.700,4.72,0.1569588736540267
2026-06-08,NE,60.67974,15.09406,st_george,6394606404,HUMAN_OBSERVATION,25.0,336:50,2.218707436886584,Nedre Heden_60.660_15.100,6.67,0.6030259616238272
2026-06-08,NE,63.18456,14.62246,st_george,6394767403,HUMAN_OBSERVATION,198.0,350:48,1.4716806025819458,Ostersund_63.180_14.650,7.45,0.9528849795747526
2026-06-05,NE,56.50336,16.61546,st_george,6394932385,HUMAN_OBSERVATION,50.0,313:55,2.0792466533086165,Brunneby_56.520_16.600,1.63,0.02578593039273697
2026-06-05,NE,50.787217,4.387105,st_george,6398712372,HUMAN_OBSERVATION,4.0,281:14,3.1438226564872926,Sint-Genesius-Rode_50.760_4.375,4.57,0.11574647352631212
2026-06-14,NE,56.929325,24.124126,st_george,6399635361,HUMAN_OBSERVATION,7.0,315:80,1.8844888868877403,Riga_56.940_24.100,5.55,0.8832460489442486
2026-06-13,NE,59.811463,17.642819,st_george,6399717083,HUMAN_OBSERVATION,500.0,331:58,1.0306767258125362,Uppsala_59.820_17.650,4.67,0.2761732851985544
2026-06-02,NE,63.186978,14.58908,st_george,6400300560,HUMAN_OBSERVATION,8.0,350:48,1.0492485653159969,Ostersund_63.180_14.575,6.89,0.728410958757421
2026-06-15,NE,59.874349,17.609033,st_george,6400365561,HUMAN_OBSERVATION,4.0,332:58,2.0004239361191436,Uppsala_59.880_17.575,4.77,0.2587221036849078
2026-06-14,NE,57.01684,23.986198,st_george,6400895398,HUMAN_OBSERVATION,5.0,316:80,2.88268765729007,Riga_57.000_23.950,5.54,0.8691665235707434
2026-06-16,NE,59.83265,17.62748,st_george,6404250430,HUMAN_OBSERVATION,10.0,332:58,1.8875139176776792,Uppsala_59.820_17.650,4.95,0.35020444730934086
2026-06-06,NE,60.36715,18.31326,st_george,6404267377,HUMAN_OBSERVATION,25.0,335:61,7.494652992459558,Johannesvik_60.300_18.325,6.08,0.5128747573740347
2026-06-19,NE,60.32144,18.45328,st_george,6404430367,HUMAN_OBSERVATION,4.0,334:61,3.78075171542394,Soderbybyn_60.300_18.400,4.93,0.4948633959654619
2026-06-15,NE,58.4016,15.58103,st_george,6404503302,HUMAN_OBSERVATION,20.0,324:52,3.0065106891789597,Linkoping_58.380_15.550,4.57,0.21150427611867262
2026-06-16,NE,58.57903,15.81264,st_george,6404568323,HUMAN_OBSERVATION,100.0,325:52,3.028274366907645,Finspång_58.560_15.850,4.98,0.3868479408516337
2026-06-15,NE,57.73545,11.61506,st_george,6404652364,HUMAN_OBSERVATION,200.0,320:38,6.749636511709057,Goteborg_57.720_11.725,5.5,0.8801331810595479
2026-06-19,NE,57.48009,13.54593,st_george,6405012379,HUMAN_OBSERVATION,100.0,319:45,1.25118793879608,Grimsas_57.480_13.525,5.39,0.8563192589410391
2026-06-17,NE,57.40601,15.05275,st_george,6405055477,HUMAN_OBSERVATION,25.0,318:50,2.276352390302655,Vetlanda_57.420_15.025,5.01,0.3908648248121107
2026-06-17,NE,59.82904,17.65565,st_george,6405172319,HUMAN_OBSERVATION,10.0,332:58,1.0536403911510746,Uppsala_59.820_17.650,4.89,0.30507627347894184
2026-06-18,NE,64.021351,11.371378,st_george,6405625331,HUMAN_OBSERVATION,10.0,355:37,6.266803370162213,Steinkjer_64.020_11.500,4.87,0.42366642559458884
2026-06-16,NE,59.94667,10.819687,st_george,6405665342,HUMAN_OBSERVATION,5.0,332:36,0.7985175904080667,Oslo_59.940_10.825,4.85,0.2616493379154664
2026-06-06,NE,50.480736,6.521482,st_george,6411600565,HUMAN_OBSERVATION,3.0,280:21,14.095507483021409,Bullingen_50.460_6.325,5.88,0.4583573769732635
2026-06-07,NE,52.25,4.95,st_george,6412106509,HUMAN_OBSERVATION,5000.0,289:16,2.0327830478488376,Vreeland_52.260_4.975,5.13,0.1627218934911239
2026-06-01,NE,52.75,6.2,st_george,6412510361,HUMAN_OBSERVATION,,292:20,2.0170204008862958,Meppel_52.740_6.175,6.3,0.5304394082153501
2026-06-17,NE,57.87944,14.31778,st_george,6418682454,HUMAN_OBSERVATION,25.0,321:47,2.9754452843252444,Jonkoping_57.900_14.350,4.51,0.12181997812356687
2026-06-25,NE,59.81333,17.6625,st_george,6419227423,HUMAN_OBSERVATION,10.0,331:58,1.0190298510347533,Uppsala_59.820_17.650,4.31,0.41665455959450015
2026-06-16,NE,50.48102,6.145775,st_george,6451622620,HUMAN_OBSERVATION,4.0,280:20,3.121072223516085,Butgenbach_50.460_6.175,6.22,0.9969463755381424
2026-06-10,NE,56.242177,10.214965,st_george,6467794316,HUMAN_OBSERVATION,17.0,312:34,2.5427772005570835,Lystrup_56.220_10.225,4.32,0.29131170558655306
2026-06-07,NE,56.157792,10.091422,st_george,6467794397,HUMAN_OBSERVATION,15.0,311:33,1.0461282766464952,Framlev_56.160_10.075,4.71,0.12721893491124234
2026-06-20,NE,57.544678,10.438021,st_george,6467797491,HUMAN_OBSERVATION,6.0,319:34,0.8840793964358753,Strandby_57.540_10.450,5.0,0.7409336986744439
2026-06-06,NE,55.932322,9.143335,st_george,6467800348,HUMAN_OBSERVATION,5.0,310:30,2.4018206238938777,Brande_55.920_9.175,6.12,0.5352275813884556
2026-06-07,NE,56.790754,9.892079,st_george,6467807366,HUMAN_OBSERVATION,21.0,315:33,3.8199738909727463,Skørping_56.820_9.925,5.76,0.28994082840236657
2026-06-10,NE,56.174921,9.562393,st_george,6467808312,HUMAN_OBSERVATION,10.0,311:31,1.8279554780720557,Silkeborg_56.160_9.550,4.64,0.3742817924650846
2026-06-11,NE,56.969217,9.501393,st_george,6467813394,HUMAN_OBSERVATION,25.0,316:31,3.6215610666635234,Nibe_56.940_9.475,5.0,0.40984228871173806
2026-06-07,NE,56.029297,12.015717,st_george,6467813436,HUMAN_OBSERVATION,10.0,310:40,5.369527088021977,Helsinge_56.040_12.100,4.82,0.1420118343195263
2026-06-04,NE,55.782712,12.512095,st_george,6467820308,HUMAN_OBSERVATION,22.0,309:41,3.012156665715538,Stavnsholt_55.800_12.475,4.64,0.13798750052926326
2026-06-10,NE,56.785192,9.832595,st_george,6467821320,HUMAN_OBSERVATION,5.0,315:32,2.995251604192281,Arden_56.760_9.850,4.83,0.4082128495060627
2026-06-07,NE,55.976974,10.142164,st_george,6467828408,HUMAN_OBSERVATION,25.0,310:33,0.5923529921193134,Odder_55.980_10.150,5.02,0.1538461538461535
2026-06-11,NE,56.189288,10.708083,st_george,6467829468,HUMAN_OBSERVATION,5.0,311:35,4.287627554242753,Ebeltoft_56.220_10.750,4.22,0.18635155781858384
2026-06-10,NE,55.690658,12.551047,st_george,6467830331,HUMAN_OBSERVATION,5.0,309:41,1.1869330761188597,Copenhagen_55.680_12.550,5.3,0.7114127462480037
2026-06-01,NE,56.843736,9.864435,st_george,6467836444,HUMAN_OBSERVATION,12.0,315:32,2.7815798061467953,Skørping_56.820_9.850,5.36,0.20520900281416052
2026-06-06,NE,56.016796,12.024343,st_george,6467838334,HUMAN_OBSERVATION,25.0,310:40,4.091738127140601,Frederiksværk_55.980_12.025,4.57,0.11815915057098175
2026-06-13,NE,55.813545,11.890372,st_george,6467843367,HUMAN_OBSERVATION,25.0,309:39,1.7863918848828801,Skibby_55.800_11.875,4.67,0.2761732851985544
2026-06-05,NE,56.117882,12.352962,st_george,6467844399,HUMAN_OBSERVATION,17.0,311:41,2.6381084445981173,Gilleleje_56.100_12.325,4.39,0.08078545657520073
2026-06-12,NE,56.026258,12.075475,st_george,6467849436,HUMAN_OBSERVATION,75.0,310:40,2.157871163651924,Helsinge_56.040_12.100,5.07,0.4783267994833611
2026-06-09,NE,56.78593,9.859046,st_george,6467856307,HUMAN_OBSERVATION,10.0,315:32,2.935497553111881,Arden_56.760_9.850,4.74,0.33209378965211517
2026-06-09,NE,55.823912,12.494144,st_george,6467857382,HUMAN_OBSERVATION,10.0,309:41,2.915562804763401,Stavnsholt_55.800_12.475,5.19,0.5112166453477921
2026-06-04,NE,55.637747,12.520643,st_george,6467866382,HUMAN_OBSERVATION,25.0,308:41,2.700089940533953,Copenhagen_55.620_12.550,6.75,0.7850049676878749
2026-06-11,NE,57.230853,10.232646,st_george,6467870360,HUMAN_OBSERVATION,25.0,317:34,1.1163346055563566,Hjallerup_57.240_10.225,5.58,0.8731031194019084
2026-06-06,NE,56.814449,9.855847,st_george,6467889459,HUMAN_OBSERVATION,6.0,315:32,0.7124684578203405,Skørping_56.820_9.850,6.16,0.5626705557072276
2026-07-01,NE,56.001711,12.278037,st_george,6467838308,HUMAN_OBSERVATION,10.0,310:41,2.9780491688100286,Helsinge_55.980_12.250,3.16,0.33572112872321824
2026-06-13,SE,46.414712,11.61122,st_george,6400769730,HUMAN_OBSERVATION,2.0,257:38,3.0037053214266645,Pozza_46.440_11.625,2.86,0.03867047829616694
2026-06-06,NE,58.052974,7.135758,chant,6363991304,HUMAN_OBSERVATION,25.0,322:23,3.119714874579061,Svenevik_58.080_7.150,4.21,0.609871485017193
2026-06-12,NE,66.000103,12.607595,chant,6364011467,HUMAN_OBSERVATION,25.0,366:42,0.7872596360529045,Sandnessjøen_66.000_12.625,4.82,0.1715543696755912
2026-06-06,NE,59.139839,11.038597,chant,6364085446,HUMAN_OBSERVATION,10.0,328:36,2.3341905741267506,Hauge_59.160_11.050,4.46,0.7729554702406319
2026-06-10,NE,56.93678,14.89151,chant,6394130375,HUMAN_OBSERVATION,300.0,315:49,1.0635981442769094,Vaxjo_56.940_14.875,3.73,0.10674660708735302
2026-06-11,NE,58.49666,16.56252,chant,6394942332,HUMAN_OBSERVATION,100.0,324:55,2.2091068218270986,Sodermem_58.500_16.600,3.97,0.09548952617593288
2026-06-13,NE,58.23649,11.88216,chant,6395031316,HUMAN_OBSERVATION,5.0,323:39,2.6475569718360266,Uddevalla_58.260_11.875,6.41,0.9860950373965761
2026-06-11,NE,56.09329,12.64587,chant,6395138302,HUMAN_OBSERVATION,25.0,311:42,3.43926194450711,Helsingborg_56.100_12.700,6.31,0.9782241087759258
2026-06-18,NE,58.803754,5.744466,chant,6395386515,HUMAN_OBSERVATION,250.0,326:19,1.1964034181758345,Sandnes_58.800_5.725,5.74,0.4783567635578272
2026-06-10,NE,53.104341,-3.779641,chant,6399444629,HUMAN_OBSERVATION,162.0,294:-13,1.4423432975676438,Betws-Y-Coed_53.100_-3.800,4.19,0.17911633272814445
2026-06-12,NE,60.683814,28.733431,chant,6399477361,HUMAN_OBSERVATION,83.0,336:95,29.25352521060867,Vainikkala_60.840_28.300,5.07,0.22684295586702238
2026-06-15,NE,57.67416,11.95325,chant,6404244311,HUMAN_OBSERVATION,100.0,320:39,1.5863412202678526,Goteborg_57.660_11.950,6.41,0.9617080948309651
2026-06-22,NE,59.76881,17.56724,chant,6404265478,HUMAN_OBSERVATION,10.0,331:58,1.0716658686696927,Uppsala_59.760_17.575,5.86,0.44787999166126435
2026-06-23,NE,56.71686,12.72298,chant,6404331503,HUMAN_OBSERVATION,100.0,314:42,2.34135091830711,Halmstad_56.700_12.700,6.93,0.9573794934336199
2026-06-22,NE,57.81713,11.98151,chant,6404356303,HUMAN_OBSERVATION,10.0,320:40,3.153955764192284,Kungalv_57.840_11.950,6.98,0.9831864402853703
2026-06-13,NE,59.83788,17.62381,chant,6404373303,HUMAN_OBSERVATION,25.0,332:58,2.468806099030921,Uppsala_59.820_17.650,4.39,0.0777036947472058
2026-06-14,NE,58.65739,13.52486,chant,6404392336,HUMAN_OBSERVATION,10.0,325:45,2.5141337955396623,Mariestad_58.680_13.525,6.06,0.7246717494998232
2026-06-17,NE,58.25058,11.848,chant,6404406331,HUMAN_OBSERVATION,25.0,323:39,1.895336558488502,Uddevalla_58.260_11.875,6.15,0.713265822189292
2026-06-24,NE,58.38358,11.96558,chant,6404601503,HUMAN_OBSERVATION,100.0,324:39,0.9916411658999063,Uddevalla_58.380_11.950,6.74,0.8817730533181114
2026-06-15,NE,58.44777,11.41142,chant,6404606499,HUMAN_OBSERVATION,10.0,324:38,1.1708818846214553,Odstoft_58.440_11.425,6.13,0.7856975259270756
2026-06-16,NE,58.34565,11.44212,chant,6404610353,HUMAN_OBSERVATION,10.0,323:38,3.022178668995393,Spjasvik_58.320_11.425,6.14,0.7596473693542465
2026-06-20,NE,60.41415,17.19778,chant,6404626374,HUMAN_OBSERVATION,8.0,335:57,0.6618084438096522,Hallby_60.420_17.200,4.67,0.07134473868911204
2026-06-20,NE,60.64425,17.59435,chant,6404717342,HUMAN_OBSERVATION,7.0,336:58,5.032323222865637,Gardskar_60.600_17.575,5.1,0.126912841548535
2026-06-20,NE,59.35162,16.52781,chant,6404787417,HUMAN_OBSERVATION,500.0,329:55,1.3018707935407343,Eskilstuna_59.340_16.525,5.93,0.34947097906972224
2026-06-22,NE,58.28464,16.72179,chant,6404790410,HUMAN_OBSERVATION,250.0,323:55,3.1981127966447445,Ekenaset_58.260_16.750,6.24,0.5826953812656381
2026-06-13,NE,58.48483,12.40802,chant,6404853337,HUMAN_OBSERVATION,25.0,324:41,1.7500292121346612,Vanersborg_58.500_12.400,6.28,0.926830532188691
2026-06-19,NE,58.29487,11.66699,chant,6404954389,HUMAN_OBSERVATION,100.0,323:38,2.96536318286537,Uddevalla_58.320_11.650,6.82,0.94152309099658
2026-06-16,NE,56.91215,14.82796,chant,6404998487,HUMAN_OBSERVATION,50.0,315:49,3.5311042460375983,Vaxjo_56.940_14.800,5.88,0.5700654085630974
2026-06-21,NE,58.06035,11.83013,chant,6405030473,HUMAN_OBSERVATION,25.0,322:39,2.813151589230468,Stenungsund_58.080_11.800,6.92,0.960718861489376
2026-06-15,NE,57.17472,14.26762,chant,6405161451,HUMAN_OBSERVATION,5.0,317:47,0.7365820957214834,Värnamo_57.180_14.275,5.81,0.4593978708414061
2026-06-20,NE,57.57544,12.27722,chant,6405238334,HUMAN_OBSERVATION,25.0,319:41,3.1764942824347173,Molnlycke_57.600_12.250,6.61,0.7760731066752203
2026-06-17,NE,59.69208,16.27003,chant,6405330387,HUMAN_OBSERVATION,10.0,331:54,1.898200764246222,Västerås_59.700_16.300,5.58,0.4421391858673548
2026-06-14,NE,57.68692,11.93357,chant,6405341378,HUMAN_OBSERVATION,10.0,320:39,3.1487599786334304,Goteborg_57.660_11.950,6.42,0.9770309517718078
2026-06-16,NE,57.30256,11.90074,chant,6405358477,HUMAN_OBSERVATION,1000.0,318:39,13.388739220714173,Kungsbacka_57.420_11.950,6.45,0.9511420086102765
2026-06-22,NE,59.47232,14.9527,chant,6405365399,HUMAN_OBSERVATION,50.0,330:49,1.3783886560110847,Nya Pershyttan_59.460_14.950,6.15,0.5540888770499427
2026-06-26,NE,59.526525,10.678597,chant,6405644365,HUMAN_OBSERVATION,5.0,330:35,0.753373572126248,Holen_59.520_10.675,6.76,0.8291474838331959
2026-06-21,NE,59.942611,10.833332,chant,6405728440,HUMAN_OBSERVATION,5.0,332:36,0.5473972690087184,Oslo_59.940_10.825,5.34,0.24286202807415758
2026-06-22,NE,52.1,6.0,chant,6410746701,HUMAN_OBSERVATION,,289:20,2.8041167751127833,Laag-Soeren_52.080_6.025,5.94,0.482572616510704
2026-06-23,NE,52.1,4.3,chant,6410869531,HUMAN_OBSERVATION,5000.0,289:14,2.223901604671904,The Hague_52.080_4.300,6.37,0.7436922612118513
2026-06-28,NE,52.65,4.65,chant,6411037962,HUMAN_OBSERVATION,5000.0,292:15,3.7376797150654117,Bergen Aan Zee_52.680_4.675,5.72,0.49814116416077003
2026-06-21,NE,52.0,6.0,chant,6411152192,HUMAN_OBSERVATION,,288:20,2.8059821335371593,Rheden_52.020_6.025,6.33,0.6842532638121415
2026-06-19,NE,51.3,5.25,chant,6411221007,HUMAN_OBSERVATION,,284:17,1.738097675019123,Bergeyk_51.300_5.275,5.83,0.4671063884276813
2026-06-07,NE,52.25,6.15,chant,6411332844,HUMAN_OBSERVATION,5000.0,289:20,2.0327830478490214,Deventer_52.260_6.175,7.02,0.6479289940828383
2026-06-20,NE,52.4,6.0,chant,6411497041,HUMAN_OBSERVATION,5000.0,290:20,2.7971224719393204,Heerde_52.380_6.025,6.05,0.4175751821148127
2026-06-20,NE,52.8,6.4,chant,6411546145,HUMAN_OBSERVATION,5000.0,293:21,0.0,Dwingeloo_52.800_6.400,6.44,0.641224902872362
2026-06-22,NE,52.75,6.5,chant,6411570436,HUMAN_OBSERVATION,5000.0,292:21,2.0170204008864387,Hoogeveen_52.740_6.475,6.1,0.5397856249420949
2026-06-22,NE,53.05,6.65,chant,6411638056,HUMAN_OBSERVATION,5000.0,294:22,2.0073455283319386,Oudemolen_53.040_6.625,6.37,0.6542116418048762
2026-06-20,NE,52.9,6.7,chant,6412015755,HUMAN_OBSERVATION,5000.0,293:22,2.223901604671318,Borger_52.920_6.700,6.55,0.7270373962014537
2026-06-25,NE,52.9,6.55,chant,6412068440,HUMAN_OBSERVATION,5000.0,293:21,2.2239016046712994,Assen_52.920_6.550,6.12,0.5597283970033514
2026-06-20,NE,52.1,6.75,chant,6412068812,HUMAN_OBSERVATION,5000.0,289:22,4.076158506037816,Eibergen_52.080_6.700,6.64,0.810398104006857
2026-06-21,NE,52.4,6.1,chant,6412091023,HUMAN_OBSERVATION,5000.0,290:20,2.2239016046694933,Wijhe_52.380_6.100,5.97,0.5010803700976388
2026-06-20,NE,52.4,6.4,chant,6412136075,HUMAN_OBSERVATION,5000.0,290:21,2.2239016046694573,Marle_52.380_6.400,6.51,0.6829052567750636
2026-06-21,NE,52.9,7.05,chant,6412142312,HUMAN_OBSERVATION,5000.0,293:23,2.7850038190497024,Jipsingboermussel_52.920_7.075,6.03,0.5386552515027822
2026-06-22,NE,52.2,6.85,chant,6412177799,HUMAN_OBSERVATION,5000.0,289:22,0.0,Enschede_52.200_6.850,6.07,0.536209811915133
2026-06-16,NE,52.2,5.9,chant,6412422682,HUMAN_OBSERVATION,5000.0,289:19,1.7038062167274128,Hoog Soeren_52.200_5.875,6.06,0.6710922599603728
2026-06-13,NE,52.9,6.65,chant,6412513697,HUMAN_OBSERVATION,,293:22,2.7850038190494235,Assen_52.920_6.625,6.06,0.7157601091669078
2026-06-15,NE,52.9,6.65,chant,6412642482,HUMAN_OBSERVATION,5000.0,293:22,2.7850038190494235,Assen_52.920_6.625,5.93,0.5399165001433285
2026-06-20,NE,52.1,5.8,chant,6412664653,HUMAN_OBSERVATION,5000.0,289:19,2.223901604671643,Otterlo_52.080_5.800,6.35,0.5750266937327777
2026-06-22,NE,52.15,5.25,chant,6412699121,HUMAN_OBSERVATION,5000.0,289:17,2.036314552288656,Soest_52.140_5.275,5.77,0.3999496201241567
2026-06-18,NE,56.210581,-4.3626,chant,6413011153,HUMAN_OBSERVATION,,311:-15,2.538658104200042,Aberfoyle_56.220_-4.400,5.71,0.47193925148771154
2026-06-17,NE,59.252686,11.194881,chant,6413170817,HUMAN_OBSERVATION,,328:37,3.051081024647611,Ise_59.280_11.200,6.34,0.820907283911414
2026-06-21,NE,56.210092,-4.358027,chant,6413278478,HUMAN_OBSERVATION,,311:-15,2.320389890944607,Aberfoyle_56.220_-4.325,5.61,0.38269676951694875
2026-06-17,NE,56.179466,-4.455804,chant,6413515343,HUMAN_OBSERVATION,,311:-15,2.469278815337403,Aberfoyle_56.160_-4.475,5.09,0.286457782011927
2026-06-16,NE,57.697567,26.004586,chant,6413632623,HUMAN_OBSERVATION,4.0,320:86,3.0513959184282076,Valka_57.720_25.975,6.12,0.7474328715068156
2026-06-17,NE,50.975611,-3.553878,chant,6413778654,HUMAN_OBSERVATION,6784.0,282:-12,3.0887561249080036,Tiverton_51.000_-3.575,6.42,0.8668654364113253
2026-06-19,NE,60.777428,28.877773,chant,6413837503,HUMAN_OBSERVATION,569.0,337:96,25.26299775864126,Nuijamaa_60.960_28.600,5.36,0.3309768621744203
2026-06-18,NE,57.255653,-3.651288,chant,6413862844,HUMAN_OBSERVATION,7.0,317:-13,1.7422603614553993,Boat Of Garten_57.240_-3.650,5.0,0.18975736755896358
2026-06-20,NE,61.405983,26.918792,chant,6414021712,HUMAN_OBSERVATION,3.0,340:89,3.3328684017506225,Varpanen_61.380_26.950,5.19,0.15878605335648358
2026-06-25,NE,61.322899,28.568142,chant,6414156333,HUMAN_OBSERVATION,100.0,340:95,1.7302982135195635,Ruokolahti_61.320_28.600,5.32,0.20677444188802968
2026-06-24,NE,60.602145,27.111718,chant,6417546460,HUMAN_OBSERVATION,1.0,336:90,0.6826422496355173,Hamina_60.600_27.100,5.56,0.36181657238020626
2026-06-22,NE,60.550722,27.229001,chant,6417598380,HUMAN_OBSERVATION,1.0,336:90,3.184305446483591,Hamina_60.540_27.175,5.46,0.2590481098860381
2026-06-25,NE,56.8385,15.96112,chant,6418469391,HUMAN_OBSERVATION,1000.0,315:53,3.0100990961454364,Nybro_56.820_15.925,5.8,0.45764114613002627
2026-06-22,NE,61.31111,17.06216,chant,6418524423,HUMAN_OBSERVATION,10.0,340:56,1.1825336874932055,Soderhamn_61.320_17.050,5.65,0.36883280830167897
2026-06-26,NE,59.74455,18.25528,chant,6418582358,HUMAN_OBSERVATION,10.0,331:60,1.7432351217826971,Ubby_59.760_18.250,6.16,0.5841139526838227
2026-06-29,NE,57.40363,15.06414,chant,6418657432,HUMAN_OBSERVATION,25.0,318:50,2.8152586236559003,Vetlanda_57.420_15.100,3.73,0.06127935478769674
2026-06-28,NE,58.38216,19.19632,chant,6418706394,HUMAN_OBSERVATION,500.0,324:64,1.6890907150302965,Lauter_58.380_19.225,5.37,0.35129540750176136
2026-06-25,NE,58.40136,16.78294,chant,6418752340,HUMAN_OBSERVATION,15.0,324:56,3.4131948744705354,Algo_58.380_16.825,6.36,0.6853242453831887
2026-06-27,NE,56.65177,12.75552,chant,6418771441,HUMAN_OBSERVATION,133.0,314:42,5.493376521056126,Halmstad_56.700_12.775,7.11,0.9607691376870953
2026-06-26,NE,56.54981,12.98678,chant,6418772360,HUMAN_OBSERVATION,315.0,313:43,3.412400346372994,Halmstad_56.520_13.000,7.0,0.8924375282752748
2026-06-29,NE,58.29487,11.66699,chant,6418816319,HUMAN_OBSERVATION,100.0,323:38,2.96536318286537,Uddevalla_58.320_11.650,7.7,0.9969557997944177
2026-06-27,NE,59.75846,17.63917,chant,6418899314,HUMAN_OBSERVATION,10.0,331:58,0.6302093137230578,Uppsala_59.760_17.650,6.12,0.7100970846675138
2026-06-24,NE,60.5385,17.88792,chant,6419006374,HUMAN_OBSERVATION,131.0,335:59,0.7259982561143092,Hallnas_60.540_17.875,5.42,0.26536827377129607
2026-06-24,NE,60.31843,18.47315,chant,6419023408,HUMAN_OBSERVATION,10.0,334:61,4.520137636994768,Soderbybyn_60.300_18.400,5.54,0.3338154534292323
2026-06-23,NE,58.07545,16.34037,chant,6419036316,HUMAN_OBSERVATION,500.0,322:54,2.09803723250149,Ukna_58.080_16.375,6.33,0.7355462266568329
2026-06-30,NE,57.33381,12.60171,chant,6419153350,HUMAN_OBSERVATION,100.0,318:42,3.23006714659818,Kinna_57.360_12.625,7.45,0.9923579801623084
2026-06-30,NE,58.39039,11.93506,chant,6419216445,HUMAN_OBSERVATION,25.0,324:39,1.446761405204373,Uddevalla_58.380_11.950,6.39,0.9083183047790804
2026-06-26,NE,59.68507,18.77138,chant,6419220370,HUMAN_OBSERVATION,25.0,331:62,1.6725236691195218,Norrtalje_59.700_18.775,6.46,0.7252940628575992
2026-06-25,NE,56.73179,12.88854,chant,6419253322,HUMAN_OBSERVATION,750.0,314:43,3.844717314841347,Halmstad_56.760_12.925,7.2,0.9664162892764142
2026-06-27,NE,58.92429,16.27825,chant,6419254313,HUMAN_OBSERVATION,100.0,327:54,1.3364641623488822,Katrineholm_58.920_16.300,5.8,0.5672667361679974
2026-06-25,NE,59.76881,17.56724,chant,6419357380,HUMAN_OBSERVATION,10.0,331:58,1.0716658686696927,Uppsala_59.760_17.575,6.01,0.5046583411430463
2026-06-27,NE,58.30676,16.02251,chant,6419380369,HUMAN_OBSERVATION,100.0,323:53,1.9738365995950191,Bjorsater_58.320_16.000,5.84,0.588665388338673
2026-06-29,NE,60.451009,5.161917,chant,6419689573,HUMAN_OBSERVATION,200.0,335:17,3.8061385204649696,Frekhaug_60.480_5.125,6.12,0.7804617695896262
2026-06-26,NE,59.934273,10.857362,chant,6419763477,HUMAN_OBSERVATION,10.0,332:36,1.911841000191456,Oslo_59.940_10.825,5.59,0.3494990286611494
2026-06-24,NE,59.065983,6.019242,chant,6419814461,HUMAN_OBSERVATION,10.0,327:20,2.9078819852467332,Jørpeland_59.040_6.025,6.58,0.8164371090991729
2026-06-30,NE,63.402499,10.242744,chant,6419827435,HUMAN_OBSERVATION,10.0,351:34,2.1370268826368504,Trolla_63.420_10.225,6.06,0.7834986474301174
2026-06-27,NE,60.411797,27.416545,chant,6422112781,HUMAN_OBSERVATION,3.0,335:91,8.233670696652027,Hamina_60.480_27.475,6.24,0.7939948060168306
2026-06-20,NE,51.776889,-2.522271,chant,6422178405,HUMAN_OBSERVATION,4.0,287:-9,0.3935922844185149,Stonehouse_51.780_-2.525,6.98,0.9692183714284157
2026-06-28,NE,56.539217,-4.785433,chant,6422428817,HUMAN_OBSERVATION,4.0,313:-16,2.230563370895203,Bridge Of Orchy_56.520_-4.775,6.72,0.8634378909537561
2026-06-27,NE,60.744373,28.704113,chant,6422452491,HUMAN_OBSERVATION,,337:95,24.3696307763635,Vainikkala_60.840_28.300,5.85,0.5993647144240106
2026-06-13,NE,54.922119,-3.807518,chant,6422620919,HUMAN_OBSERVATION,15.0,304:-13,2.5060304120746664,Dalbeattie_54.900_-3.800,5.33,0.23708824901110528
2026-06-25,NE,59.993355,17.586357,chant,6422993983,HUMAN_OBSERVATION,10.0,332:58,0.9719739002272638,Uppsala_60.000_17.575,5.28,0.17521298353423476
2026-06-26,NE,60.775939,28.883041,chant,6423060927,HUMAN_OBSERVATION,293.0,337:96,25.566317637309776,Nuijamaa_60.960_28.600,5.7,0.4018981025627381
2026-06-28,NE,56.180143,-4.455983,chant,6423166825,HUMAN_OBSERVATION,,311:-15,2.5303464363042467,Aberfoyle_56.160_-4.475,7.06,0.9544908218274456
2026-06-28,NE,53.15,6.1,chant,6423803559,HUMAN_OBSERVATION,5000.0,294:20,1.1119508023345526,Rottevalle_53.160_6.100,5.98,0.6449177717626176
2026-06-29,NE,52.65,4.65,chant,6423859402,HUMAN_OBSERVATION,5000.0,292:15,3.7376797150654117,Bergen Aan Zee_52.680_4.675,5.86,0.6028702459081207
2026-06-29,NE,52.85,6.35,chant,6424543447,HUMAN_OBSERVATION,5000.0,293:21,2.0134750264298673,Dwingeloo_52.860_6.325,5.29,0.36609472602198173
2026-06-24,NE,57.17998,14.11914,chant,6427167392,HUMAN_OBSERVATION,500.0,317:47,0.35317705183831644,Värnamo_57.180_14.125,6.41,0.7737144284178714
2026-06-24,NE,57.74441,12.10365,chant,6427549321,HUMAN_OBSERVATION,10.0,320:40,2.7229069787500286,Goteborg_57.720_12.100,6.81,0.9222191140250733
2026-06-26,NE,59.942881,5.426013,chant,6428005405,HUMAN_OBSERVATION,3.0,332:18,4.133208279338874,Fitjar_59.940_5.500,6.98,0.8887284775261464
2026-06-28,NE,62.484788,6.531722,chant,6428017500,HUMAN_OBSERVATION,50.0,346:21,2.9119691312836378,Ikornnes_62.460_6.550,6.18,0.7063776357391434
2026-06-08,NE,53.199952,-4.085601,chant,6431326657,HUMAN_OBSERVATION,67.0,295:-14,2.426714292763283,Bangor_53.220_-4.100,7.09,0.8039223909817601
2026-06-30,NE,57.062557,24.148208,chant,6431569418,HUMAN_OBSERVATION,7.0,316:80,1.6446455492268608,Riga_57.060_24.175,7.35,0.9821686203787195
2026-06-30,NE,57.150963,21.601313,chant,6431805656,HUMAN_OBSERVATION,8.0,317:72,3.5305115122213557,Piltene_57.180_21.625,7.39,0.9898106402164112
2026-06-20,NE,50.649236,4.519097,chant,6431897964,HUMAN_OBSERVATION,200.0,281:15,1.1081397223247522,Court-Saint-Etienne_50.640_4.525,6.23,0.48594800421086026
2026-06-23,NE,52.65,4.65,chant,6447566527,HUMAN_OBSERVATION,5000.0,292:15,3.7376797150654117,Bergen Aan Zee_52.680_4.675,6.6,0.7952838133936352
2026-06-14,NE,53.05,6.65,chant,6447617222,HUMAN_OBSERVATION,5000.0,294:22,2.0073455283319386,Oudemolen_53.040_6.625,6.26,0.8809191112976166
2026-06-16,NE,52.9,6.65,chant,6447621726,HUMAN_OBSERVATION,5000.0,293:22,2.7850038190494235,Assen_52.920_6.625,6.13,0.7565937448923887
2026-06-07,NE,52.65,4.65,chant,6447648211,HUMAN_OBSERVATION,5000.0,292:15,3.7376797150654117,Bergen Aan Zee_52.680_4.675,6.25,0.313609467455621
2026-06-17,NE,52.8,6.4,chant,6447746575,HUMAN_OBSERVATION,5000.0,293:21,0.0,Dwingeloo_52.800_6.400,6.26,0.7582418874892698
2026-06-21,NE,52.9,6.7,chant,6447771494,HUMAN_OBSERVATION,5000.0,293:22,2.223901604671318,Borger_52.920_6.700,6.02,0.5263798957182122
2026-06-30,NE,52.8,6.8,chant,6447870396,HUMAN_OBSERVATION,5000.0,293:22,1.6807111686969578,Sleen_52.800_6.775,5.17,0.3538999098286752
2026-06-09,NE,52.25,6.15,chant,6447954086,HUMAN_OBSERVATION,5000.0,289:20,2.0327830478490214,Deventer_52.260_6.175,6.0,0.783846401287435
2026-06-29,NE,53.05,6.25,chant,6448060725,HUMAN_OBSERVATION,5000.0,294:20,1.1119508023351372,Siegerswoude_53.040_6.250,5.77,0.5365699375345934
2026-06-18,NE,52.35,6.0,chant,6448186836,HUMAN_OBSERVATION,,290:20,3.7429036184581923,Heerde_52.380_6.025,6.21,0.6888449881775608
2026-06-21,NE,52.15,6.75,chant,6448223013,HUMAN_OBSERVATION,5000.0,289:22,2.0363145522887343,Haaksbergen_52.140_6.775,6.38,0.7161691888520234
2026-06-14,NE,52.05,6.0,chant,6448245504,HUMAN_OBSERVATION,,288:20,3.7481346130437614,Laag-Soeren_52.080_6.025,6.1,0.7429869224347512
2026-06-14,NE,52.8,6.4,chant,6448442210,HUMAN_OBSERVATION,5000.0,293:21,0.0,Dwingeloo_52.800_6.400,6.03,0.6852962382514938
2026-06-14,NE,53.05,6.3,chant,6448588658,HUMAN_OBSERVATION,5000.0,294:21,2.0073455283318626,Siegerswoude_53.040_6.325,6.28,0.9015612218791766
2026-06-21,NE,52.5,6.45,chant,6448674119,HUMAN_OBSERVATION,5000.0,291:21,1.6922818900931473,Den Ham_52.500_6.475,6.05,0.5509306072873522
2026-06-21,NE,52.45,6.2,chant,6448862370,HUMAN_OBSERVATION,5000.0,291:20,2.0266770060548294,Lierderholthuis_52.440_6.175,5.97,0.5010803700976388
2026-06-14,NE,52.1,6.45,chant,6448868878,HUMAN_OBSERVATION,5000.0,289:21,2.8041167751128477,Borculo_52.080_6.475,6.11,0.749549507642806
2026-06-21,NE,52.1,5.35,chant,6448960844,HUMAN_OBSERVATION,,289:17,2.223901604671969,Maarn_52.080_5.350,5.98,0.5026823127018125
2026-06-15,NE,52.35,5.95,chant,6449064579,HUMAN_OBSERVATION,,290:19,3.335852407005432,Emst_52.320_5.950,5.69,0.388571129492054
2026-06-23,NE,52.0,6.0,chant,6449069483,HUMAN_OBSERVATION,5000.0,288:20,2.8059821335371593,Rheden_52.020_6.025,5.85,0.5109976150283732
2026-06-16,NE,52.15,6.75,chant,6449075432,HUMAN_OBSERVATION,5000.0,289:22,2.0363145522887343,Haaksbergen_52.140_6.775,6.37,0.893123143834981
2026-06-30,NE,52.9,5.0,chant,6449205261,HUMAN_OBSERVATION,,293:16,2.7850038190499182,Den Oever_52.920_4.975,5.74,0.5627479711451763
2026-06-14,NE,51.95,5.5,chant,6449500743,HUMAN_OBSERVATION,5000.0,288:18,1.1119508023337792,Lienden_51.960_5.500,6.05,0.7115465790837133
2026-06-29,NE,52.95,6.7,chant,6449519452,HUMAN_OBSERVATION,5000.0,293:22,3.335852407005696,Borger_52.920_6.700,5.73,0.5122163358899345
2026-06-11,NE,52.85,6.3,chant,6449540569,HUMAN_OBSERVATION,5000.0,293:21,2.013475026429883,Dwingeloo_52.860_6.325,6.11,0.844632263205615
2026-06-30,NE,52.85,6.25,chant,6449597814,HUMAN_OBSERVATION,5000.0,293:20,1.1119508023357043,Boijl_52.860_6.250,5.51,0.4268935978358888
2026-06-16,NE,52.35,5.95,chant,6449623327,HUMAN_OBSERVATION,5000.0,290:19,3.335852407005432,Emst_52.320_5.950,5.83,0.5364755394826625
2026-06-13,NE,50.9,5.8,chant,6449650514,HUMAN_OBSERVATION,5000.0,282:19,2.22390160467008,Houthem_50.880_5.800,6.16,0.8169467811307023
2026-06-20,NE,57.277492,10.536767,chant,6467790338,HUMAN_OBSERVATION,4.0,317:35,2.6007441510595384,Sæby_57.300_10.525,6.77,0.883405878099324
2026-06-18,NE,56.7965,9.756394,chant,6467793474,HUMAN_OBSERVATION,4.0,315:32,2.84798119826321,Skørping_56.820_9.775,6.04,0.6140368964116583
2026-06-13,NE,56.8536,9.4741,chant,6467793484,HUMAN_OBSERVATION,9.0,315:31,2.9360597047238395,Aars_56.880_9.475,6.14,0.8099683899607854
2026-06-22,NE,56.049393,12.563871,chant,6467796472,HUMAN_OBSERVATION,25.0,311:41,1.3539051184715516,Hellebæk_56.040_12.550,6.79,0.8902153015843609
2026-06-09,NE,56.147447,9.588413,chant,6467798319,HUMAN_OBSERVATION,51.0,311:32,2.6613281773712436,Svejbæk_56.160_9.625,5.77,0.6655960350205159
2026-06-12,NE,56.830221,9.903056,chant,6467801386,HUMAN_OBSERVATION,10.0,315:33,1.753406408068556,Skørping_56.820_9.925,6.05,0.7282910813696354
2026-06-25,NE,57.035767,8.865345,chant,6467802409,HUMAN_OBSERVATION,4.0,316:29,2.7571421806263707,Thisted_57.060_8.875,6.68,0.8174743396489049
2026-06-25,NE,56.90857,8.365301,chant,6467818351,HUMAN_OBSERVATION,10.0,315:27,3.309968483267522,Hurup_56.880_8.350,6.32,0.6729018872786497
2026-06-19,NE,56.383102,9.333073,chant,6467819438,HUMAN_OBSERVATION,5.0,312:31,1.94356177783987,Viborg_56.400_9.325,6.13,0.6090481614012991
2026-06-08,NE,55.804805,12.522225,chant,6467820344,HUMAN_OBSERVATION,15.0,309:41,1.8162221237426253,Trørød_55.800_12.550,5.19,0.19830814334914118
2026-06-20,NE,57.577892,10.353703,chant,6467821416,HUMAN_OBSERVATION,4.0,319:34,2.7666472023433366,Strandby_57.600_10.375,6.82,0.9103755188598958
2026-06-19,NE,57.417261,10.498583,chant,6467824317,HUMAN_OBSERVATION,8.0,318:35,1.6108561138860633,Frederikshavn_57.420_10.525,6.63,0.8509417542420177
2026-06-15,NE,56.812864,9.824339,chant,6467832460,HUMAN_OBSERVATION,14.0,315:32,1.751739423242528,Skørping_56.820_9.850,5.87,0.4908764225522297
2026-06-14,NE,56.017863,12.016361,chant,6467841491,HUMAN_OBSERVATION,25.0,310:40,4.244311017958269,Frederiksværk_55.980_12.025,6.3,0.9212489775033412
2026-06-30,NE,57.417746,10.505185,chant,6467846333,HUMAN_OBSERVATION,9.0,318:35,1.212661850999007,Frederikshavn_57.420_10.525,6.97,0.9516005410279532
2026-06-18,NE,55.787358,12.396067,chant,6467855352,HUMAN_OBSERVATION,5.0,309:41,1.4270658496456066,Farum_55.800_12.400,6.24,0.7145150364580234
2026-06-21,NE,57.130162,9.416648,chant,6467856315,HUMAN_OBSERVATION,9.0,317:31,1.5121192388927864,Brovst_57.120_9.400,6.61,0.8413778178546373
2026-06-23,NE,56.014872,8.448405,chant,6467863435,HUMAN_OBSERVATION,5.0,310:28,3.149916569796701,Skjern_56.040_8.425,6.27,0.7056774332884317
2026-06-14,NE,56.793487,9.898309,chant,6467866469,HUMAN_OBSERVATION,13.0,315:33,3.3662202209514955,Skørping_56.820_9.925,5.99,0.636076849191082
2026-06-19,NE,56.906897,9.401838,chant,6467868317,HUMAN_OBSERVATION,3.0,315:31,2.9928966032819235,Farsø_56.880_9.400,6.11,0.6059246670304521
2026-06-13,NE,55.816998,12.500323,chant,6467872370,HUMAN_OBSERVATION,75.0,309:41,2.4650221056651653,Stavnsholt_55.800_12.475,6.27,0.9128737498488569
2026-06-11,NE,56.066308,9.194211,chant,6467873305,HUMAN_OBSERVATION,15.0,311:30,3.1591893081005984,Ikast_56.040_9.175,5.8,0.6589614961082
2026-06-18,NE,54.984705,12.522744,chant,6467874448,HUMAN_OBSERVATION,63.0,305:41,4.102631058369297,Stege_54.960_12.475,6.87,1.0
2026-06-30,NE,55.820477,12.501849,chant,6467880342,HUMAN_OBSERVATION,75.0,309:41,2.8282428642342676,Stavnsholt_55.800_12.475,5.65,0.49821911632101046
2026-07-02,NE,62.16326,14.95874,chant,6418424426,HUMAN_OBSERVATION,9.0,345:49,0.5808321778277493,Ostensjo_62.160_14.950,6.38,0.8305117772174869
2026-07-03,NE,59.930182,10.524788,chant,6419689380,HUMAN_OBSERVATION,10.0,332:35,1.0917771731388204,Smestad_59.940_10.525,5.46,0.40630204305735285
2026-07-01,NE,63.86278,11.20669,chant,6419718351,HUMAN_OBSERVATION,50.0,354:37,4.151617301079952,Straumen_63.900_11.200,6.14,0.7019813621320322
2026-07-01,NE,62.48361,6.494936,chant,6419723546,HUMAN_OBSERVATION,1.0,346:21,2.818158338452946,Ikornnes_62.460_6.475,6.52,0.8654284967775646
2026-07-04,NE,60.196022,5.530541,chant,6419726513,HUMAN_OBSERVATION,42.0,334:18,3.035541590528556,Os_60.180_5.575,7.49,0.9467620289582293
2026-07-04,NE,60.331903,9.959981,chant,6419756560,HUMAN_OBSERVATION,174.0,334:33,3.669408588732705,Sokna_60.360_9.925,5.54,0.3610185298300399
2026-07-02,NE,69.734407,19.188149,chant,6419829502,HUMAN_OBSERVATION,25.0,387:64,2.1406037392852215,Movik_69.720_19.225,5.91,0.6383096841036301
2026-07-02,NE,60.252317,11.302306,chant,6419839376,HUMAN_OBSERVATION,5.0,334:37,2.0362536507045426,Sesvoll_60.240_11.275,5.3,0.450135146712827
2026-07-02,NE,56.720325,-4.98268,chant,6423514668,HUMAN_OBSERVATION,8.0,314:-17,2.4950335085779645,Kinlochleven_56.700_-5.000,6.35,0.809155989093725
2026-07-04,NE,52.85,6.35,chant,6423583355,HUMAN_OBSERVATION,5000.0,293:21,2.0134750264298673,Dwingeloo_52.860_6.325,6.27,0.616686608499254
2026-07-02,NE,52.85,6.3,chant,6423866737,HUMAN_OBSERVATION,5000.0,293:21,2.013475026429883,Dwingeloo_52.860_6.325,5.65,0.5348792581040829
2026-07-05,NE,52.95,6.7,chant,6424123330,HUMAN_OBSERVATION,5000.0,293:22,3.335852407005696,Borger_52.920_6.700,6.94,0.8580767662052348
2026-07-02,NE,52.9,6.8,chant,6424266643,HUMAN_OBSERVATION,5000.0,293:22,2.7850038190498623,Borger_52.920_6.775,6.09,0.7210633630832074
2026-07-01,NE,57.702205,12.07052,chant,6424272572,HUMAN_OBSERVATION,35.0,320:40,2.6422760710256092,Goteborg_57.720_12.100,6.43,0.8409510538233754
2026-07-05,NE,52.85,6.3,chant,6424307596,HUMAN_OBSERVATION,,293:21,2.013475026429883,Dwingeloo_52.860_6.325,6.44,0.7102149764704757
2026-07-04,NE,58.435691,11.367736,chant,6424667306,HUMAN_OBSERVATION,4.0,324:37,1.1380512272119818,Tossene_58.440_11.350,6.57,0.7728513235551115
2026-07-03,NE,58.80706,15.90197,chant,6426644412,HUMAN_OBSERVATION,75.0,326:53,1.5413395219987291,Finspång_58.800_15.925,5.75,0.47273788762363905
2026-07-04,NE,59.55671,18.17252,chant,6426696403,HUMAN_OBSERVATION,250.0,330:60,2.59349742241843,Vallentuna_59.580_18.175,5.87,0.4403258926040264
2026-07-06,NE,59.76969,17.65808,chant,6426727384,HUMAN_OBSERVATION,75.0,331:58,1.1686084432746817,Uppsala_59.760_17.650,6.18,0.5804149552490452
2026-07-08,NE,57.60916,18.4299,chant,6426734333,HUMAN_OBSERVATION,200.0,319:61,2.0519046597169974,Visby_57.600_18.400,7.35,0.874370799841877
2026-07-05,NE,58.96533,16.78788,chant,6426755365,HUMAN_OBSERVATION,50.0,327:56,2.6809212873025023,Rosenlund_58.980_16.825,5.88,0.5217509927766097
2026-07-06,NE,58.70154,16.76228,chant,6426803356,HUMAN_OBSERVATION,100.0,325:55,2.4980406487269495,Nykoping_58.680_16.750,6.23,0.6354545943716036
2026-07-05,NE,59.68004,15.6479,chant,6426846418,HUMAN_OBSERVATION,100.0,331:52,2.564653128924197,Finnhult_59.700_15.625,5.94,0.5391944692039558
2026-07-06,NE,58.33472,11.94967,chant,6426871315,HUMAN_OBSERVATION,5.0,323:39,1.6369049742952884,Uddevalla_58.320_11.950,6.84,0.9183721055369218
2026-07-07,NE,59.03574,15.02809,chant,6427013390,HUMAN_OBSERVATION,25.0,327:50,0.5055990173593005,Kumla_59.040_15.025,5.46,0.23493119343801697
2026-07-08,NE,56.51461,13.44936,chant,6427100305,HUMAN_OBSERVATION,10.0,313:44,0.6006260120739985,Sjoared_56.520_13.450,4.88,0.24955198313348367
2026-07-03,NE,59.83169,17.64477,chant,6427202328,HUMAN_OBSERVATION,5.0,332:58,1.3323307703340348,Uppsala_59.820_17.650,5.94,0.574416668616178
2026-07-08,NE,58.49469,13.70019,chant,6427346345,HUMAN_OBSERVATION,100.0,324:45,1.5782404118092834,Skovde_58.500_13.675,5.35,0.3012122809329304
2026-07-05,NE,57.64701,12.60425,chant,6427374410,HUMAN_OBSERVATION,1500.0,319:42,1.900087389089051,Kinna_57.660_12.625,6.65,0.7603188599335703
2026-07-06,NE,57.45876,15.25739,chant,6427703352,HUMAN_OBSERVATION,25.0,318:50,2.4027660921962184,Vetlanda_57.480_15.250,3.53,0.10824529621724412
2026-07-06,NE,64.08727,11.572708,chant,6427885446,HUMAN_OBSERVATION,10.0,355:38,0.816026292996989,Klæbu_64.080_11.575,6.42,0.7388301974781628
2026-07-03,NE,60.189632,5.504598,chant,6427962362,HUMAN_OBSERVATION,4.0,334:18,4.036956915984381,Os_60.180_5.575,7.17,0.9291329708233811
2026-07-09,NE,66.193015,12.538451,chant,6427990537,HUMAN_OBSERVATION,150.0,367:41,1.537285954925532,Sandnessjøen_66.180_12.550,5.14,0.20345601646167596
2026-07-06,NE,69.571747,19.153402,chant,6428015396,HUMAN_OBSERVATION,25.0,386:63,3.1443642765680697,Tromsø_69.600_19.150,6.55,0.8000511183254714
2026-07-04,NE,60.19643,24.910222,chant,6431002604,HUMAN_OBSERVATION,4.0,334:83,2.0012708498257004,Helsinki_60.180_24.925,6.17,0.5716462211737263
2026-07-04,NE,62.526322,21.115573,chant,6431067340,HUMAN_OBSERVATION,265.0,347:70,3.128853551053125,Kaskinen_62.520_21.175,7.51,0.9538604250971321
2026-07-04,NE,56.216726,-4.306859,chant,6431113524,HUMAN_OBSERVATION,,312:-15,1.1792193321786784,Aberfoyle_56.220_-4.325,7.47,0.9361144347498751
2026-07-06,NE,60.216178,24.8862,chant,6431149093,HUMAN_OBSERVATION,2.0,334:83,3.3183679243531228,Kilo_60.240_24.850,6.31,0.6946150879773287
2026-07-02,NE,60.154964,25.013011,chant,6431310654,HUMAN_OBSERVATION,7.0,333:83,5.608145871438689,Helsinki_60.180_24.925,5.89,0.624962316526279
2026-07-04,NE,56.935518,23.925855,chant,6431361349,HUMAN_OBSERVATION,8.0,315:79,1.5471619196020732,Riga_56.940_23.950,6.48,0.7444577389995005
2026-07-04,NE,57.619186,25.919886,chant,6431426411,HUMAN_OBSERVATION,4.0,319:86,2.4401717456938097,Seda_57.600_25.900,6.33,0.6344325988465106
2026-07-02,NE,60.199108,25.110548,chant,6431604716,HUMAN_OBSERVATION,6.0,334:83,4.952722226693061,Helsinki_60.240_25.075,5.71,0.5508960991969036
2026-07-01,NE,62.580933,29.819884,chant,6432544351,HUMAN_OBSERVATION,1000.0,347:99,1.0234440676404921,Joensuu_62.580_29.800,6.26,0.7754136909945999
2026-07-12,NE,65.433265,12.112326,chant,6434764415,HUMAN_OBSERVATION,25.0,363:40,4.6997309222612875,Berg_65.400_12.175,5.98,0.5209795940714625
2026-07-16,NE,60.604863,5.336765,chant,6434769608,HUMAN_OBSERVATION,5000.0,336:17,0.9023593050770538,Knarvik_60.600_5.350,8.33,0.9816200780605406
2026-07-16,NE,60.249901,5.241553,chant,6434774527,HUMAN_OBSERVATION,944.0,334:17,2.1491843215402437,Krokeide_60.240_5.275,8.52,0.9877467187070271
2026-07-14,NE,63.237072,9.970312,chant,6434810301,HUMAN_OBSERVATION,7.0,350:33,1.5216751959631898,Eggkleiva_63.240_10.000,7.04,0.6218910165707654
2026-07-16,NE,58.579409,9.01021,chant,6434830341,HUMAN_OBSERVATION,10.0,325:30,4.594131518926856,Tvedestrand_58.620_9.025,4.3,0.32915918147612727
2026-07-13,NE,58.017859,7.521037,chant,6434837497,HUMAN_OBSERVATION,8.0,321:25,0.33339082057464137,Mandal_58.020_7.525,4.08,0.27778268907458725
2026-07-15,NE,60.24777,11.401265,chant,6434841497,HUMAN_OBSERVATION,25.0,334:38,1.5691469444155486,Vormsund_60.240_11.425,4.71,0.31823137773447563
2026-07-15,NE,59.42631,10.27387,chant,6434852575,HUMAN_OBSERVATION,5.0,329:34,3.2779020052122987,Nykirke_59.400_10.300,4.21,0.24659568051592617
2026-07-15,NE,60.041468,5.576328,chant,6434868390,HUMAN_OBSERVATION,3.0,333:18,4.579517367490395,Os_60.060_5.650,7.97,0.905154615259703
2026-07-11,NE,63.048512,9.238706,chant,6434881337,HUMAN_OBSERVATION,5.0,349:30,1.3984363009490797,Rindal_63.060_9.250,6.81,0.6712856687076635
2026-07-15,NE,59.781952,9.754339,chant,6434888332,HUMAN_OBSERVATION,3.0,331:32,2.701126558100593,Svene_59.760_9.775,4.32,0.2817813812141888
2026-07-07,NE,59.979468,10.820621,chant,6434915417,HUMAN_OBSERVATION,5.0,332:36,2.2960098836530625,Røtnes_60.000_10.825,3.54,0.10010142516340031
2026-07-12,NE,59.202016,6.059631,chant,6434937417,HUMAN_OBSERVATION,10.0,328:20,3.0460652508321493,Judaberg_59.220_6.100,7.94,0.9830962673519178
2026-07-10,NE,57.72436,16.33847,chant,6435177314,HUMAN_OBSERVATION,10.0,320:54,2.222703673912649,Västervik_57.720_16.375,6.34,0.5116611921267973
2026-07-12,NE,63.70961,20.3134,chant,6435272436,HUMAN_OBSERVATION,400.0,353:67,5.7022579566364096,Umeå_63.720_20.200,5.14,0.39277262626528625
2026-07-06,NE,60.46965,18.4168,chant,6435399329,HUMAN_OBSERVATION,10.0,335:61,1.473771774605796,Askskar_60.480_18.400,6.5,0.7626383333632273
2026-07-12,NE,59.17609,18.36875,chant,6435409391,HUMAN_OBSERVATION,1.0,328:61,2.524422676360521,Vasterhaninge_59.160_18.400,7.19,0.8253280959698175
2026-07-09,NE,58.689,16.5756,chant,6435411381,HUMAN_OBSERVATION,25.0,325:55,1.7291844469735278,Hallfallstorp_58.680_16.600,6.31,0.5095753636066044
2026-07-08,NE,57.81064,16.15492,chant,6435423356,HUMAN_OBSERVATION,100.0,320:53,3.277659665483787,Alhult_57.840_16.150,6.08,0.46066675451311295
2026-07-09,NE,59.54865,18.1074,chant,6435520331,HUMAN_OBSERVATION,410.0,330:60,3.2129408624088884,Vallentuna_59.520_18.100,6.17,0.4125941168217756
2026-07-13,NE,60.27704,15.01353,chant,6435713446,HUMAN_OBSERVATION,10.0,334:50,2.63013332517259,Ludvika_60.300_15.025,6.21,0.6022055083037107
2026-07-12,NE,59.32878,14.53811,chant,6435736441,HUMAN_OBSERVATION,25.0,329:48,2.43587870844158,Karlskoga_59.340_14.575,4.73,0.2983731237552748
2026-07-11,NE,58.61407,16.62844,chant,6435750442,HUMAN_OBSERVATION,50.0,325:55,1.7739353706243752,Stohagen_58.620_16.600,6.46,0.5796270438086993
2026-07-12,NE,59.03287,15.03893,chant,6435851349,HUMAN_OBSERVATION,5.0,327:50,1.1241220608567144,Kumla_59.040_15.025,5.28,0.43784924666017205
2026-07-15,NE,59.36029,18.03514,chant,6435986340,HUMAN_OBSERVATION,30.0,329:60,2.328217542332898,Stockholm_59.340_18.025,6.23,0.5123471825921562
2026-07-09,NE,58.76347,15.80811,chant,6436032443,HUMAN_OBSERVATION,100.0,326:52,3.233935286916657,Finspång_58.740_15.775,6.22,0.44815390730954613
2026-07-11,NE,57.78435,16.26199,chant,6436245436,HUMAN_OBSERVATION,100.0,320:54,2.24557256298637,Bjarka_57.780_16.225,6.53,0.6266634180924389
2026-07-10,NE,58.22763,11.89075,chant,6436251352,HUMAN_OBSERVATION,25.0,323:39,3.2078304683484897,Uddevalla_58.200_11.875,7.79,0.9292813294265674
2026-07-11,NE,59.0094,16.78615,chant,6436294328,HUMAN_OBSERVATION,50.0,327:56,3.869716456354494,Sannerby_58.980_16.750,6.14,0.45404420310393323
2026-07-08,NE,59.465475,25.642881,chant,6440934443,HUMAN_OBSERVATION,,330:85,1.914059800452886,Kolga_59.460_25.675,7.69,0.9371853999209385
2026-07-09,NE,60.74499,27.921856,chant,6441017947,HUMAN_OBSERVATION,520.0,337:93,2.7840163030077663,Parkko_60.720_27.925,7.59,0.8836225038582054
2026-07-09,NE,61.58852,23.9173,chant,6441032562,HUMAN_OBSERVATION,9.0,341:79,3.612874255703576,Kangasala_61.560_23.950,6.81,0.7316852172286402
2026-07-06,NE,56.713255,24.081203,chant,6441045561,HUMAN_OBSERVATION,638.0,314:80,1.867811057964525,Olaine_56.700_24.100,6.58,0.8435465356124335
2026-07-08,NE,60.241603,25.209545,chant,6441070842,HUMAN_OBSERVATION,4.0,334:84,3.2912575005350133,Helsinki_60.240_25.150,6.52,0.6420938200026373
2026-07-10,NE,60.982319,24.804823,chant,6441074733,HUMAN_OBSERVATION,,338:82,2.957799755519153,Janakkala_60.960_24.775,6.72,0.6775228621851459
2026-07-04,NE,62.226805,17.585281,chant,6441118532,HUMAN_OBSERVATION,15834.0,345:58,0.9254188757549906,Bjorkobodarna_62.220_17.575,6.54,0.7515561351384032
2026-07-13,NE,60.421851,25.074693,chant,6441123467,HUMAN_OBSERVATION,43.0,335:83,0.20651073471591158,Tuusula_60.420_25.075,6.93,0.7611174957969641
2026-07-08,NE,60.221818,24.9928,chant,6441143143,HUMAN_OBSERVATION,,334:83,2.060455981653195,Helsinki_60.240_25.000,6.52,0.6420938200026373
2026-07-12,NE,55.404141,8.450203,chant,6441208459,HUMAN_OBSERVATION,8.0,307:28,3.120771164822086,Nordby_55.380_8.425,8.02,0.9887308449012785
2026-07-13,NE,61.331757,26.292959,chant,6441259936,HUMAN_OBSERVATION,8.0,340:87,1.6208699451237842,Heinola_61.320_26.275,6.46,0.6361845737718141
2026-07-10,NE,57.842308,27.467359,chant,6441338749,HUMAN_OBSERVATION,39.0,321:91,0.519982490500029,Orava_57.840_27.475,6.93,0.7482415327585796
2026-07-13,NE,57.506952,22.756227,chant,6441360070,HUMAN_OBSERVATION,,319:76,3.019941378768315,Valdemarpils_57.480_22.750,8.22,1.0
2026-07-06,NE,63.489933,22.370189,chant,6441558842,HUMAN_OBSERVATION,,352:74,1.1300258726139465,Nykarleby_63.480_22.375,6.49,0.7558360088246374
2026-07-12,NE,60.430654,25.023845,chant,6441566453,HUMAN_OBSERVATION,1.0,335:83,1.7652168911361672,Tuusula_60.420_25.000,7.05,0.7694450924192504
2026-07-07,NE,55.307503,25.59502,chant,6441702476,HUMAN_OBSERVATION,,306:85,1.4248890527653992,Moletai_55.320_25.600,7.53,0.8987115831323883
2026-07-13,NE,60.590462,22.877276,chant,6441710013,HUMAN_OBSERVATION,,336:76,1.6321485487041498,Tarvasjoki_60.600_22.900,7.79,0.9715126044555286
2026-07-09,NE,62.325223,27.991423,chant,6441719774,HUMAN_OBSERVATION,2.0,345:93,1.7017608650898803,Varkaus_62.340_28.000,6.03,0.33500911939391226
2026-07-01,NE,62.854062,18.394706,chant,6441802102,HUMAN_OBSERVATION,3.0,348:61,2.8966457270866655,Nasanger_62.880_18.400,4.3,0.16978749346803665
2026-07-11,NE,60.204379,25.057328,chant,6441828113,HUMAN_OBSERVATION,,334:83,4.079335219676191,Helsinki_60.240_25.075,7.08,0.7462109496259173
2026-07-11,NE,56.90664,-5.060514,chant,6441831489,HUMAN_OBSERVATION,18248.0,315:-17,3.0901295963648745,Muirshearlich_56.880_-5.075,7.29,0.829877669529461
2026-07-08,NE,60.29677,25.891331,chant,6441856114,HUMAN_OBSERVATION,12.0,334:86,3.6721318380014076,Porvoo_60.300_25.825,7.43,0.8773619712742133
2026-07-07,NE,61.668587,25.111011,chant,6441879918,HUMAN_OBSERVATION,4.0,342:83,2.284805773830476,Kuhmoinen_61.680_25.075,6.5,0.5545462187017952
2026-07-11,NE,56.362149,-4.370409,chant,6441915504,HUMAN_OBSERVATION,32.0,312:-15,3.064270380913068,Killin_56.340_-4.400,8.26,0.9860555466827426
2026-07-02,NE,57.953533,-4.007643,chant,6442081479,HUMAN_OBSERVATION,4.0,321:-14,1.2512592481660065,Golspie_57.960_-4.025,6.48,0.8698748388457495
2026-07-12,NE,54.09632,24.264832,chant,6442105336,HUMAN_OBSERVATION,,300:81,2.8050085591599876,Radovka_54.120_24.250,7.24,0.8478664061672604
2026-07-07,NE,62.749247,22.20725,chant,6442107721,HUMAN_OBSERVATION,4.0,348:74,1.498696419173409,Jurva_62.760_22.225,6.65,0.6773776351624209
2026-07-07,NE,57.004668,-3.392128,chant,6442112071,HUMAN_OBSERVATION,5.0,316:-12,2.0572015989813406,Tomintoul_57.000_-3.425,6.54,0.5845576014773841
2026-07-19,NE,59.06397,17.21483,chant,6443516353,HUMAN_OBSERVATION,10.0,327:57,2.797001804618226,Harbro_59.040_17.200,5.71,0.5501899030615638
2026-07-18,NE,58.56568,16.13152,chant,6443844347,HUMAN_OBSERVATION,10.0,325:53,1.2440081706154615,Norrkoping_58.560_16.150,5.55,0.5926501676560838
2026-07-22,NE,56.93132,14.79541,chant,6443873390,HUMAN_OBSERVATION,1500.0,315:49,1.004538407265226,Vaxjo_56.940_14.800,5.64,0.44773068671516464
2026-07-18,NE,58.87121,15.67753,chant,6443876350,HUMAN_OBSERVATION,100.0,326:52,1.7951832706088726,Finspång_58.860_15.700,4.93,0.4823857854678054
2026-07-19,NE,62.00378,16.92439,chant,6443947373,HUMAN_OBSERVATION,10.0,344:56,2.934939558719856,Slatterna_61.980_16.900,5.74,0.561365051083793
2026-07-19,NE,57.6024,16.71228,chant,6444114325,HUMAN_OBSERVATION,400.0,319:55,9.641987990392588,Imbramala_57.540_16.600,6.43,0.6726923120210752
2026-07-19,NE,57.40653,16.46127,chant,6444421325,HUMAN_OBSERVATION,25.0,318:54,1.6428400267025876,Oskarshamn_57.420_16.450,6.43,0.6726923120210752
2026-07-22,NE,57.67958,11.95547,chant,6444571321,HUMAN_OBSERVATION,25.0,320:39,2.2013650415012966,Goteborg_57.660_11.950,5.44,0.446383967164908
2026-07-20,NE,63.29901,18.50746,chant,6444622377,HUMAN_OBSERVATION,250.0,351:61,1.6255281544586653,Ornskoldsvik_63.300_18.475,6.61,0.7342047085288743
2026-07-05,NE,58.209229,8.141117,chant,6444793334,HUMAN_OBSERVATION,100.0,323:27,1.3945381162509598,Tveit_58.200_8.125,4.37,0.27694681656555076
2026-07-23,NE,66.241569,14.081433,chant,6444817386,HUMAN_OBSERVATION,50.0,367:47,1.4189590616984895,Hauknes_66.240_14.050,7.18,0.9676436400526137
2026-07-17,NE,60.271985,5.302027,chant,6444818498,HUMAN_OBSERVATION,1214.0,334:17,3.4529723420739473,Flesland_60.300_5.275,8.57,0.9868624283203438
2026-07-24,NE,58.830685,5.829851,chant,6444833381,HUMAN_OBSERVATION,17.0,326:19,3.6843482206291474,Sviland_58.860_5.800,4.28,0.1078764134876358
2026-07-22,NE,60.219629,5.275554,chant,6444837541,HUMAN_OBSERVATION,1308.0,334:17,2.2653614796519115,Krokeide_60.240_5.275,5.63,0.44773068671516464
2026-07-19,NE,59.4914,10.860165,chant,6444852592,HUMAN_OBSERVATION,8.0,330:36,3.748426701604493,Holen_59.520_10.825,4.89,0.41285973146053573
2026-07-16,NE,59.981081,10.750471,chant,6444872497,HUMAN_OBSERVATION,5.0,332:35,2.103862791665467,Oslo_60.000_10.750,3.98,0.2902576465975777
2026-07-11,NE,60.449968,6.50524,chant,6444873577,HUMAN_OBSERVATION,10.0,335:21,3.7281684821462724,Alvik_60.480_6.475,6.93,0.7183220429914027
2026-07-19,NE,59.708869,9.961571,chant,6444878334,HUMAN_OBSERVATION,3.0,331:33,2.276137247396857,Kongsberg_59.700_9.925,5.23,0.4951729905641511
2026-07-02,NE,63.400005,10.801127,chant,6444901416,HUMAN_OBSERVATION,10.0,351:36,2.5209241920330334,Hommelvik_63.420_10.825,6.1,0.7264023101141479
2026-07-23,NE,63.86153,9.870967,chant,6444938314,HUMAN_OBSERVATION,100.0,354:32,2.6052073038651002,Lysøysund_63.840_9.850,7.34,0.9713234344459059
2026-07-18,NE,59.019506,11.098101,chant,6444945509,HUMAN_OBSERVATION,25.0,327:37,3.5733034551493197,Skjaerhollen_59.040_11.050,4.66,0.4722700971391469
2026-07-08,NE,61.135848,21.362984,chant,6445260362,HUMAN_OBSERVATION,1.0,339:71,6.030065855705765,Rauma_61.140_21.475,7.55,0.9012913427329033
2026-07-07,NE,61.223999,21.709182,chant,6445268443,HUMAN_OBSERVATION,1.0,339:72,2.7134883045056264,Eurajoki_61.200_21.700,7.57,0.9249715430610284
2026-07-05,NE,61.820171,29.645984,chant,6445274388,HUMAN_OBSERVATION,5000.0,343:99,2.252814476756977,Punkaharju_61.800_29.650,6.05,0.5740814220586477
2026-07-15,NE,62.588554,29.811968,chant,6445301444,HUMAN_OBSERVATION,1000.0,347:99,1.1314473975862418,Joensuu_62.580_29.800,7.68,0.8493632124712929
2026-07-09,NE,52.85,6.25,chant,6447616253,HUMAN_OBSERVATION,5000.0,293:20,1.1119508023357043,Boijl_52.860_6.250,6.71,0.6831945938362258
2026-07-22,NE,62.346663,17.350604,chant,6447680186,HUMAN_OBSERVATION,3.0,346:57,0.7415484000433575,Sundsvall_62.340_17.350,4.62,0.4099708896388154
2026-07-11,NE,65.863993,12.482354,chant,6447683096,HUMAN_OBSERVATION,3.0,365:41,1.8110157487845702,Tjøtta_65.880_12.475,5.31,0.3141421420869747
2026-07-07,NE,53.0,6.7,chant,6447693501,HUMAN_OBSERVATION,5000.0,294:22,2.223901604670146,Anloo_52.980_6.700,7.37,0.8874573145915425
2026-07-07,NE,52.85,6.8,chant,6447739322,HUMAN_OBSERVATION,5000.0,293:22,2.013475026429967,Borger_52.860_6.775,7.37,0.8874573145915425
2026-07-03,NE,52.4,6.05,chant,6447826394,HUMAN_OBSERVATION,5000.0,290:20,2.7971224719393892,Heerde_52.380_6.025,5.07,0.32994766823191973
2026-07-03,NE,52.9,6.55,chant,6447845400,HUMAN_OBSERVATION,,293:21,2.2239016046712994,Assen_52.920_6.550,6.43,0.7486936445381859
2026-07-20,NE,58.501876,11.481926,chant,6447936788,HUMAN_OBSERVATION,11.0,324:38,1.070577830615744,Stora Hedum_58.500_11.500,5.81,0.5717720978939606
2026-07-24,NE,58.74,14.58,chant,6447973476,HUMAN_OBSERVATION,1000.0,326:48,0.28850812310022467,Tivedstorp_58.740_14.575,5.92,0.4568852419553812
2026-07-11,NE,53.05,6.2,chant,6448008442,HUMAN_OBSERVATION,5000.0,294:20,2.0073455283318182,Hoornsterzwaag_53.040_6.175,7.11,0.762944293606626
2026-07-24,NE,61.780594,29.547354,chant,6448014894,HUMAN_OBSERVATION,5.0,342:98,2.6015189861011287,Punkaharju_61.800_29.575,5.78,0.3590063008900676
2026-07-04,NE,52.85,6.65,chant,6448015076,HUMAN_OBSERVATION,5000.0,293:22,2.0134750264298558,Borger_52.860_6.625,6.6,0.7941465119718198
2026-07-02,NE,52.65,6.4,chant,6448026482,HUMAN_OBSERVATION,,292:21,3.335852407006498,Alteveer_52.620_6.400,5.11,0.4067912202612055
2026-07-03,NE,52.35,5.8,chant,6448028067,HUMAN_OBSERVATION,5000.0,290:19,3.3358524070050106,Nunspeet_52.320_5.800,5.16,0.3446785394255106
2026-07-08,NE,52.9,6.7,chant,6448203228,HUMAN_OBSERVATION,5000.0,293:22,2.223901604671318,Borger_52.920_6.700,7.49,0.8923178284358946
2026-07-19,NE,59.996627,18.651913,chant,6448209577,HUMAN_OBSERVATION,13.0,332:62,1.542660857948061,Gribby_60.000_18.625,7.58,0.8882485197777087
2026-07-19,NE,52.85,6.3,chant,6448211436,HUMAN_OBSERVATION,5000.0,293:21,2.013475026429883,Dwingeloo_52.860_6.325,4.97,0.44832013491904843
2026-07-11,NE,52.9,6.3,chant,6448247923,HUMAN_OBSERVATION,5000.0,293:21,2.785003819050083,Elsloo_52.920_6.325,7.11,0.762944293606626
2026-07-12,NE,65.887935,12.402407,chant,6448412029,HUMAN_OBSERVATION,25.0,365:41,3.4140834500237847,Tjøtta_65.880_12.475,6.01,0.5397750716081448
2026-07-08,NE,61.225863,25.145608,chant,6448420631,HUMAN_OBSERVATION,14.0,339:83,2.8854383411519446,Auttoinen_61.200_25.150,6.5,0.6091909342469383
2026-07-07,NE,53.1,6.4,chant,6448423047,HUMAN_OBSERVATION,5000.0,294:21,0.0,Alteveer_53.100_6.400,7.12,0.864948777509851
2026-07-12,NE,56.977344,8.415854,chant,6448595480,HUMAN_OBSERVATION,,316:28,4.189329070578905,Thisted_56.940_8.425,5.59,0.4646338185778553
2026-07-11,NE,57.188744,-3.844563,chant,6448621972,HUMAN_OBSERVATION,17.0,317:-13,2.0759288282559,Aviemore_57.180_-3.875,7.57,0.8884443734619417
2026-07-10,NE,52.9,6.3,chant,6448707600,HUMAN_OBSERVATION,,293:21,2.785003819050083,Elsloo_52.920_6.325,7.43,0.881192633436633
2026-07-15,NE,59.569037,26.097283,chant,6448832271,HUMAN_OBSERVATION,5.0,330:87,1.9804184032924448,Vosu_59.580_26.125,8.52,0.9748938687452153
2026-07-22,NE,61.588701,16.365758,chant,6448881991,HUMAN_OBSERVATION,34.0,341:54,3.2286841894774434,Iste_61.560_16.375,6.58,0.743761737767095
2026-07-03,NE,52.9,6.7,chant,6448917278,HUMAN_OBSERVATION,5000.0,293:22,2.223901604671318,Borger_52.920_6.700,6.41,0.7425312941750016
2026-07-20,NE,59.165992,16.464817,chant,6448928225,HUMAN_OBSERVATION,5.0,328:54,1.0757253540567238,Hallefors_59.160_16.450,4.75,0.3398169336384439
2026-07-07,NE,52.9,6.3,chant,6449040524,HUMAN_OBSERVATION,5000.0,293:21,2.785003819050083,Elsloo_52.920_6.325,7.12,0.864948777509851
2026-07-03,NE,52.65,4.65,chant,6449194047,HUMAN_OBSERVATION,5000.0,292:15,3.7376797150654117,Bergen Aan Zee_52.680_4.675,4.04,0.19534481334649423
2026-07-06,NE,52.75,6.25,chant,6449195594,HUMAN_OBSERVATION,5000.0,292:20,1.1119508023358151,Havelte_52.740_6.250,6.67,0.8741569960360879
2026-07-21,NE,52.9,6.3,chant,6449276483,HUMAN_OBSERVATION,5000.0,293:21,2.785003819050083,Elsloo_52.920_6.325,3.99,0.10533588693059198
2026-07-08,NE,52.8,6.4,chant,6449291057,HUMAN_OBSERVATION,5000.0,293:21,0.0,Dwingeloo_52.800_6.400,6.95,0.8245552773751491
2026-07-08,NE,65.48932,13.27232,chant,6449378123,HUMAN_OBSERVATION,5.0,363:44,3.5016369774716183,Trofors_65.460_13.300,5.96,0.41384240347872087
2026-07-03,NE,53.0,6.4,chant,6449395025,HUMAN_OBSERVATION,5000.0,294:21,2.2239016046701123,Assen_52.980_6.400,6.43,0.7486936445381859
2026-07-24,NE,65.573647,12.275085,chant,6449421890,HUMAN_OBSERVATION,28.0,363:40,6.076001103171049,Brønnøysund_65.520_12.250,7.48,0.9485397220868168
2026-07-05,NE,53.1,6.4,chant,6449529561,HUMAN_OBSERVATION,5000.0,294:21,0.0,Alteveer_53.100_6.400,6.71,0.8080473210206672
2026-07-19,NE,52.95,6.75,chant,6449586729,HUMAN_OBSERVATION,5000.0,293:22,3.7324635067031138,Borger_52.980_6.775,4.59,0.3808346384569505
2026-07-26,NE,61.618867,29.474582,chant,6450584352,HUMAN_OBSERVATION,1000.0,341:98,1.3493345286902112,Parikkala_61.620_29.500,4.18,0.27209112134618363
2026-07-21,NE,62.85298,29.980425,chant,6450645452,HUMAN_OBSERVATION,1000.0,348:100,3.3775090787118374,Eno_62.880_29.950,7.7,0.9952120051395185
2026-07-05,NE,63.035936,21.594436,chant,6450796346,HUMAN_OBSERVATION,1.0,349:72,4.283098143625285,Malax_63.000_21.625,7.11,0.8859863284889883
2026-07-03,NE,57.436744,-4.580208,chant,6451521026,HUMAN_OBSERVATION,4.0,318:-16,2.5954779073210767,Beauly_57.420_-4.550,6.47,0.7572621653685923
2026-07-14,NE,55.437652,26.043025,chant,6451521876,HUMAN_OBSERVATION,,307:86,0.5116123891959063,Ignalina_55.440_26.050,7.84,0.8967550231110283
2026-07-17,NE,60.885292,21.278662,chant,6451533846,HUMAN_OBSERVATION,3.0,337:71,5.269902934597511,Uusikaupunki_60.840_21.250,8.65,0.9973724856640688
2026-07-14,NE,60.87775,26.740313,chant,6451584606,HUMAN_OBSERVATION,5.0,337:89,2.609089617820698,Kouvola_60.900_26.725,7.31,0.7001069081533209
2026-07-20,NE,60.429047,22.362547,chant,6451592807,HUMAN_OBSERVATION,17.0,335:74,1.2161850974560717,Kaarina_60.420_22.375,7.59,0.9560078346197103
2026-07-16,NE,55.413198,8.446586,chant,6451635333,HUMAN_OBSERVATION,10.0,307:28,3.935078614222769,Nordby_55.380_8.425,7.89,0.9295436325654061
2026-07-14,NE,61.303495,28.215877,chant,6451650025,HUMAN_OBSERVATION,9.0,340:94,1.8987825777500662,Kylanniemi_61.320_28.225,7.34,0.7126214508065296
2026-07-17,NE,55.439977,25.971963,chant,6451721524,HUMAN_OBSERVATION,,307:86,0.1915835438056368,Ignalina_55.440_25.975,8.11,0.9448221989454435
2026-07-18,NE,62.248727,25.698092,chant,6451748614,HUMAN_OBSERVATION,8.0,345:85,3.41092666333663,Jyvaskyla_62.220_25.675,7.35,0.8359561278016229
2026-07-20,NE,61.269525,23.975772,chant,6451844677,HUMAN_OBSERVATION,13.0,340:80,1.737788012172981,Valkeakoski_61.260_23.950,7.23,0.881559554745374
2026-07-16,NE,55.228093,26.010356,chant,6451904919,HUMAN_OBSERVATION,,306:86,3.845625323677964,Svencioneliai_55.200_25.975,7.74,0.9111637106259467
2026-07-20,NE,56.399983,27.324905,chant,6452074744,HUMAN_OBSERVATION,,313:91,0.006143804554503344,Rezekne_56.400_27.325,7.52,0.9289357328472244
2026-07-20,NE,61.276692,24.532154,chant,6452135942,HUMAN_OBSERVATION,9.0,340:81,2.086848210271031,Hauho_61.260_24.550,6.72,0.7443567466935564
2026-07-14,NE,60.108144,22.888084,chant,6452201379,HUMAN_OBSERVATION,4.0,333:76,3.735573347002102,Kimito_60.120_22.825,8.34,0.9780995503568849
2026-07-16,NE,54.176942,24.173067,chant,6452211323,HUMAN_OBSERVATION,,300:80,0.36255788617307416,Merkine_54.180_24.175,7.77,0.91422703094919
2026-07-05,NE,51.102775,-0.724672,chant,6452296852,HUMAN_OBSERVATION,334.0,283:-3,1.9154721189657322,Godalming_51.120_-0.725,1.05,0.023605347202920346
2026-07-14,NE,63.756581,27.779886,chant,6452446960,HUMAN_OBSERVATION,,353:92,2.615126581579595,Jyrkka_63.780_27.775,7.22,0.6719491871836009
2026-07-14,NE,57.646931,25.646792,chant,6452489861,HUMAN_OBSERVATION,5.0,319:85,2.219946249250842,Seda_57.660_25.675,8.12,0.9405559223972587
2026-07-31,NE,60.271985,5.302027,chant,6454353634,HUMAN_OBSERVATION,1214.0,334:17,3.4529723420739473,Flesland_60.300_5.275,8.18,1.0
2026-07-31,NE,59.70929,9.941098,chant,6454386341,HUMAN_OBSERVATION,3.0,331:33,1.3720356526817803,Kongsberg_59.700_9.925,5.16,0.2500000000000005
2026-07-13,NE,64.061262,11.377549,chant,6454391424,HUMAN_OBSERVATION,10.0,355:38,2.4769872679972686,Velde_64.080_11.350,6.9,0.7452911649389244
2026-07-31,NE,63.263143,10.405428,chant,6454393578,HUMAN_OBSERVATION,10.0,351:34,2.9901912527291232,Kvål_63.240_10.375,7.65,0.9602272727272729
2026-07-24,NE,59.932405,10.857308,chant,6454398603,HUMAN_OBSERVATION,5.0,332:36,1.9880079520105114,Oslo_59.940_10.825,5.53,0.30754602297688394
2026-07-30,NE,58.79569,5.766483,chant,6454438441,HUMAN_OBSERVATION,14.0,326:19,1.9893582381666417,Sviland_58.800_5.800,7.77,0.9342105263157894
2026-07-26,NE,63.370708,10.694722,chant,6454448387,HUMAN_OBSERVATION,10.0,351:35,1.5440950242590366,Hommelvik_63.360_10.675,7.14,0.878802887081355
2026-07-27,NE,60.431103,5.29273,chant,6454465479,HUMAN_OBSERVATION,25.0,335:17,1.57195235624192,Bergen_60.420_5.275,8.22,0.9929248514218797
2026-07-25,NE,63.528073,10.107385,chant,6454509310,HUMAN_OBSERVATION,75.0,352:33,2.0819384212858876,Selbekken_63.540_10.075,7.09,0.853061369496482
2026-07-24,NE,63.62712,9.682599,chant,6454528526,HUMAN_OBSERVATION,25.0,353:32,3.1358195152439445,Brekstad_63.600_9.700,7.4,0.9485397220868168
2026-07-26,NE,60.219629,5.275554,chant,6454531445,HUMAN_OBSERVATION,1308.0,334:17,2.2653614796519115,Krokeide_60.240_5.275,8.29,0.9970351167441557
2026-07-28,NE,67.439831,15.556144,chant,6454541399,HUMAN_OBSERVATION,6.0,374:51,0.26277720298356033,Røsvik_67.440_15.550,6.5,0.6321839080459771
2026-07-24,NE,61.34966,17.05549,chant,6454621311,HUMAN_OBSERVATION,10.0,340:56,3.311020777819984,Soderhamn_61.320_17.050,4.06,0.09109961665071874
2026-07-24,NE,57.40061,16.44092,chant,6454730301,HUMAN_OBSERVATION,200.0,318:54,2.2235976908676047,Oskarshamn_57.420_16.450,6.6,0.8635258504997988
2026-07-30,NE,59.92767,15.93066,chant,6454741455,HUMAN_OBSERVATION,25.0,332:53,1.4068258966259921,Fagersta_59.940_15.925,4.0,0.14035087719298228
2026-07-24,NE,59.18361,18.37548,chant,6454786404,HUMAN_OBSERVATION,100.0,328:61,2.9739804175567275,Vasterhaninge_59.160_18.400,6.72,0.9149861284129825
2026-07-22,NE,58.49706,13.70494,chant,6454802395,HUMAN_OBSERVATION,10.0,324:45,1.7700165746560172,Skovde_58.500_13.675,5.92,0.5451667546027605
2026-07-29,NE,59.16457,18.22078,chant,6454950365,HUMAN_OBSERVATION,1000.0,328:60,1.741322337058519,Vasterhaninge_59.160_18.250,4.0,0.081081081081081
2026-07-27,NE,57.63929,14.88331,chant,6454978435,HUMAN_OBSERVATION,25.0,319:49,2.355333080029252,Nässjö_57.660_14.875,6.44,0.7017952376999911
2026-07-22,NE,58.9522,17.13565,chant,6454995444,HUMAN_OBSERVATION,25.0,327:57,3.15093622076682,Marieberg_58.980_17.125,5.4,0.446383967164908
2026-07-26,NE,60.302,18.00972,chant,6455127326,HUMAN_OBSERVATION,10.0,334:60,0.8706695816766568,Stromsbro_60.300_18.025,3.84,0.24429383885544131
2026-07-25,NE,59.27363,16.75559,chant,6455193416,HUMAN_OBSERVATION,4.0,328:55,0.7762416069846778,Eskilstuna_59.280_16.750,4.01,0.2517190440771998
2026-07-26,NE,58.65745,13.52481,chant,6455366303,HUMAN_OBSERVATION,25.0,325:45,2.5074731248547693,Mariestad_58.680_13.525,6.64,0.7746568568182182
2026-07-26,NE,58.97365,16.70797,chant,6455494374,HUMAN_OBSERVATION,25.0,327:55,2.0170754985682016,Hogvalla_58.980_16.675,3.7,0.21130500673256827
2026-07-25,NE,56.802264,9.752558,chant,6467795308,HUMAN_OBSERVATION,7.0,315:32,2.399035180833639,Skørping_56.820_9.775,5.18,0.4507956967518816
2026-07-29,NE,55.680435,8.168977,chant,6467795331,HUMAN_OBSERVATION,4.0,309:27,1.9455274295845606,Oksbøl_55.680_8.200,6.65,0.7094594594594591
2026-07-29,NE,55.775174,12.497608,chant,6467798487,HUMAN_OBSERVATION,26.0,309:41,3.101357841647915,Stavnsholt_55.800_12.475,5.54,0.31081081081081047
2026-07-08,NE,56.780336,9.859844,chant,6467801411,HUMAN_OBSERVATION,6.0,315:32,2.339470308564196,Arden_56.760_9.850,6.71,0.7557583344314152
2026-07-09,NE,56.932025,12.735557,chant,6467802353,HUMAN_OBSERVATION,17.0,315:42,2.3322426479530174,Falkenberg_56.940_12.700,7.86,0.9224150025721369
2026-07-19,NE,56.035786,9.488903,chant,6467803351,HUMAN_OBSERVATION,5.0,310:31,0.9825613539799561,Virklund_56.040_9.475,6.24,0.6269155881540652
2026-07-14,NE,56.043526,12.071446,chant,6467803440,HUMAN_OBSERVATION,15.0,311:40,1.8163746202227073,Helsinge_56.040_12.100,6.0,0.47490802754457245
2026-07-03,NE,55.913379,12.384103,chant,6467807450,HUMAN_OBSERVATION,50.0,310:41,1.2342231442150873,Fredensborg_55.920_12.400,5.76,0.47890023798682324
2026-07-12,NE,56.009899,12.288465,chant,6467810438,HUMAN_OBSERVATION,75.0,310:41,4.026810845811817,Nødebo_55.980_12.325,5.65,0.470268396127216
2026-07-14,NE,56.024867,12.074661,chant,6467811301,HUMAN_OBSERVATION,5.0,310:40,2.304294630652666,Helsinge_56.040_12.100,6.0,0.47490802754457245
2026-07-19,NE,55.982778,12.385025,chant,6467817304,HUMAN_OBSERVATION,75.0,310:41,0.9814643780323598,Fredensborg_55.980_12.400,5.86,0.5753339861115793
2026-07-26,NE,55.944225,12.304409,chant,6467825408,HUMAN_OBSERVATION,25.0,310:41,2.9834629898716627,Hillerød_55.920_12.325,6.1,0.5730447954208021
2026-07-25,NE,55.872774,11.657115,chant,6467827457,HUMAN_OBSERVATION,14.0,310:38,1.4881638947078244,Asnæs_55.860_11.650,7.41,0.90673830387651
2026-07-03,NE,57.417237,10.472596,chant,6467828395,HUMAN_OBSERVATION,7.0,318:34,1.3874518539216618,Frederikshavn_57.420_10.450,6.69,0.8397788905572096
2026-07-26,NE,57.010533,14.696925,chant,6467834422,HUMAN_OBSERVATION,8.0,316:49,2.0644128170388667,Vaxjo_57.000_14.725,5.85,0.5078173637922263
2026-07-24,NE,55.547348,11.882377,chant,6467837390,HUMAN_OBSERVATION,25.0,308:39,1.481377133445559,Hvalso_55.560_11.875,5.74,0.3590063008900676
2026-07-03,NE,55.012182,10.643388,chant,6467837462,HUMAN_OBSERVATION,15.0,305:35,7.805301721304117,Thurø_55.080_10.675,6.51,0.7695868660949607
2026-07-27,NE,54.833583,12.136019,chant,6467840323,HUMAN_OBSERVATION,15.0,304:40,2.414432366702309,Stubbekøbing_54.840_12.100,7.05,0.8510723725198219
2026-07-16,NE,56.799373,9.760808,chant,6467850343,HUMAN_OBSERVATION,12.0,315:32,2.4509137006751245,Skørping_56.820_9.775,4.6,0.37551567355011495
2026-07-28,NE,55.799808,12.391428,chant,6467852444,HUMAN_OBSERVATION,9.0,309:41,0.5361842976455808,Farum_55.800_12.400,5.92,0.35057471264367784
2026-07-05,NE,56.473031,9.369533,chant,6467853386,HUMAN_OBSERVATION,14.0,313:31,2.3668616830190747,Viborg_56.460_9.400,6.91,0.8580767662052348
2026-07-08,NE,55.2267,10.296389,chant,6467854373,HUMAN_OBSERVATION,15.0,306:34,2.977733331156699,Faaborg_55.200_10.300,7.67,0.9252207141915935
2026-07-15,NE,55.757181,8.24926,chant,6467857449,HUMAN_OBSERVATION,6.0,309:27,2.498955637210675,Oksbøl_55.740_8.275,7.54,0.7879926694040419
2026-07-17,NE,55.001835,9.968559,chant,6467860325,HUMAN_OBSERVATION,10.0,305:33,5.066025254483812,Augustenborg_54.960_10.000,7.46,0.8344665968363303
2026-07-24,NE,56.039086,12.070649,chant,6467862408,HUMAN_OBSERVATION,25.0,311:40,1.8259932342190823,Helsinge_56.040_12.100,5.92,0.4568852419553812
2026-07-13,NE,55.787128,12.396072,chant,6467867442,HUMAN_OBSERVATION,21.0,309:41,1.4522122460085911,Farum_55.800_12.400,5.09,0.4466489704887932
2026-07-13,NE,55.902506,12.000556,chant,6467872331,HUMAN_OBSERVATION,75.0,310:40,3.702875058691148,Hundested_55.920_11.950,5.81,0.5580819654079273
2026-07-05,NE,56.818911,9.83424,chant,6467877369,HUMAN_OBSERVATION,5.0,315:32,0.9666849064659723,Skørping_56.820_9.850,6.96,0.8615654614907039
2026-07-05,NE,54.811386,12.125919,chant,6467881313,HUMAN_OBSERVATION,15.0,304:40,3.5888584157113868,Stubbekøbing_54.840_12.100,5.47,0.3378145389991604
2026-07-19,NE,56.793612,9.857928,chant,6467881354,HUMAN_OBSERVATION,5.0,315:32,2.9736414601706787,Skørping_56.820_9.850,5.78,0.5669526250949075
2026-07-30,NE,55.788712,12.403685,chant,6467884406,HUMAN_OBSERVATION,25.0,309:41,1.2761319119539276,Farum_55.800_12.400,5.49,0.28947368421052616
2026-07-05,NE,54.835042,9.420037,chant,6467887399,HUMAN_OBSERVATION,6.0,304:31,1.3965324975727398,Kruså_54.840_9.400,6.99,0.8650541567761731
2026-07-20,NE,50.45952,5.753409,chant,6469641869,HUMAN_OBSERVATION,,280:19,2.0117531511346427,Aywaille_50.460_5.725,2.6,0.20753985184035978
2026-07-26,NE,57.194763,25.314719,chant,6469643152,HUMAN_OBSERVATION,4.0,317:84,1.8658414517106066,Cesis_57.180_25.300,7.66,0.9510734184097622
2026-07-27,NE,60.88162,26.731597,chant,6469703683,HUMAN_OBSERVATION,11.0,337:89,2.0746864691236104,Kouvola_60.900_26.725,7.39,0.9147487097229031
2026-07-23,NE,61.401633,23.738725,chant,6469796500,HUMAN_OBSERVATION,18.0,340:79,2.514035845206373,Lempäälä_61.380_23.725,6.98,0.9676436400526137
2026-07-27,NE,54.743286,25.420937,chant,6469937592,HUMAN_OBSERVATION,7.0,303:84,3.1916001466605306,Vilnius_54.720_25.450,7.28,0.8864481154104226
2026-07-21,NE,61.560444,23.093447,chant,6469956178,HUMAN_OBSERVATION,73.0,341:77,1.6716172699068361,Toijala_61.560_23.125,7.0,0.932652912797886
2026-07-24,NE,61.528379,23.944846,chant,6470110041,HUMAN_OBSERVATION,627.0,341:79,3.167421016386832,Kangasala_61.500_23.950,6.12,0.6369962146515254
2026-07-21,NE,53.891933,24.154411,chant,6470117348,HUMAN_OBSERVATION,4.0,299:80,10.019794604755544,Druskininkai_53.940_24.025,7.18,0.9639324589687023
2026-07-24,NE,61.021789,25.773701,chant,6470162906,HUMAN_OBSERVATION,180.0,338:86,1.2922466251311333,Lahti_61.020_25.750,7.07,0.9149861284129825
2026-07-24,NE,62.140497,25.773302,chant,6470251851,HUMAN_OBSERVATION,51.0,344:86,2.4835715797682294,Muurame_62.160_25.750,6.6,0.8635258504997988
2026-07-22,NE,60.449019,22.423592,chant,6470272880,HUMAN_OBSERVATION,11.0,335:74,3.537136355128025,Kaarina_60.420_22.450,7.5,0.9211006945543689
2026-07-10,NE,56.332981,13.326348,chant,6470446455,HUMAN_OBSERVATION,181.0,312:44,1.8018223259946264,Vastra Tockarp_56.340_13.300,6.17,0.4189331824668377
2026-07-05,NE,57.528334,-5.530093,chant,6470504136,HUMAN_OBSERVATION,100.0,319:-19,1.3323462635454995,Annat_57.540_-5.525,6.61,0.7556424534601024
2026-07-25,NE,61.814922,27.062148,chant,6470537659,HUMAN_OBSERVATION,9.0,343:90,2.5615214882442623,Mikkeli_61.800_27.025,6.08,0.6100714294410947
2026-07-21,NE,60.25972,25.20818,chant,6470546665,HUMAN_OBSERVATION,10.0,334:84,3.887624174120404,Helsinki_60.240_25.150,7.12,0.932652912797886
2026-07-21,NE,60.397047,22.300307,chant,6470738601,HUMAN_OBSERVATION,11.0,335:74,2.5523163454519486,Turku_60.420_22.300,7.26,0.9952120051395185
2026-07-26,NE,64.346968,29.096927,chant,6470846332,HUMAN_OBSERVATION,1000.0,357:97,3.289424501801644,Koskenmaki_64.320_29.125,6.84,0.7894812730974398
2026-07-25,NE,64.49067,20.60948,chant,6473077333,HUMAN_OBSERVATION,10.0,357:68,1.9497832225967984,Brandberliden_64.500_20.575,6.1,0.6100714294410947
2026-07-28,NE,57.00454,14.58326,chant,6473333414,HUMAN_OBSERVATION,75.0,316:48,0.7106713937442779,Vaxjo_57.000_14.575,5.5,0.29885057471264337
2026-07-31,NE,59.19038,18.03665,chant,6473389323,HUMAN_OBSERVATION,20.0,328:60,3.359708103288403,Tumba_59.220_18.025,3.38,0.017045454545454575
2026-07-26,NE,58.39046,15.6319,chant,6473521363,HUMAN_OBSERVATION,10.0,324:52,1.230675963547162,Linkoping_58.380_15.625,6.15,0.5937989782117132
2026-08-01,NE,55.087039,15.000261,chant,6467879380,HUMAN_OBSERVATION,3.0,305:50,1.7583505206842187,Aakirkeby_55.080_15.025,7.63,0.9252873563218389
2026-08-06,NE,56.784108,9.839388,chant,6471791302,HUMAN_OBSERVATION,5.0,315:32,2.757572335713441,Arden_56.760_9.850,6.05,0.7321428571428571
2026-08-04,NE,55.996173,12.350294,chant,6471797302,HUMAN_OBSERVATION,25.0,310:41,2.389396718367218,Nødebo_55.980_12.325,5.38,0.32835820895522383
2026-08-07,NE,54.686004,11.530114,chant,6471809302,HUMAN_OBSERVATION,50.0,303:38,3.4799386979817633,Holeby_54.660_11.500,5.97,0.734375
2026-08-09,NE,55.79993,12.381576,chant,6471818303,HUMAN_OBSERVATION,75.0,309:41,1.1515440357103297,Farum_55.800_12.400,3.89,0.058823529411764705
2026-08-07,NE,56.807983,9.743915,chant,6471854310,HUMAN_OBSERVATION,6.0,315:32,2.316240784177927,Skørping_56.820_9.775,6.12,0.765625
2026-08-08,NE,56.834279,9.907106,chant,6471854312,HUMAN_OBSERVATION,5.0,315:33,1.925164113037272,Skørping_56.820_9.925,4.86,0.37037037037037035
2026-08-09,NE,56.792839,9.891091,chant,6471863310,HUMAN_OBSERVATION,6.0,315:33,3.6582120757517442,Skørping_56.820_9.925,4.74,0.29411764705882354
2026-08-06,NE,55.997385,12.561836,chant,6471865311,HUMAN_OBSERVATION,25.0,310:41,2.068556730682802,Humlebæk_55.980_12.550,5.8,0.5714285714285714
2026-08-03,NE,59.59493,18.40703,chant,6473028370,HUMAN_OBSERVATION,5.0,330:61,1.7066527114656946,Åkersberga_59.580_18.400,2.97,0.0076923076923076945
2026-08-05,NE,62.61092,17.68871,chant,6473082363,HUMAN_OBSERVATION,500.0,347:59,3.728071049170545,Harnosand_62.640_17.725,6.74,0.743421052631579
2026-08-03,NE,59.28393,18.00069,chant,6473249311,HUMAN_OBSERVATION,75.0,329:60,1.4483071733802297,Stockholm_59.280_18.025,3.04,0.02307692307692308
2026-08-02,NE,57.82607,16.5631,chant,6473428330,HUMAN_OBSERVATION,5.0,320:55,5.59806257103269,Västervik_57.780_16.525,3.98,0.1689189189189187
2026-08-01,NE,63.86259,20.7369,chant,6473571323,HUMAN_OBSERVATION,10.0,354:69,4.2003972707363815,Norum_63.900_20.725,7.79,0.9597701149425286
2026-06-10,SE,45.780867,2.9319,chant,6399006860,HUMAN_OBSERVATION,110.0,254:9,0.5437003607244089,Mazaye_45.780_2.925,2.85,0.015999621607742362
2026-06-04,SE,41.303672,-8.447633,chant,6399053044,HUMAN_OBSERVATION,43.0,229:-29,3.4865937494770773,Lamelas_41.280_-8.475,2.72,0.06950184282018959
2026-06-06,SE,42.63815,-7.14867,chant,6399071148,HUMAN_OBSERVATION,,236:-24,3.1065440815566947,Samos_42.660_-7.125,2.51,0.044386873663122314
2026-06-04,SE,40.848824,-4.018318,chant,6399506055,HUMAN_OBSERVATION,16781.0,226:-14,2.940158037675368,Segovia_40.860_-4.050,1.81,0.03692877743675193
2026-06-06,SE,41.823233,-1.790551,chant,6399598650,HUMAN_OBSERVATION,66.0,232:-6,0.8615773895803936,Litago_41.820_-1.800,0.23,0.002360791033789408
2026-06-14,SE,45.811482,14.360786,chant,6400171692,HUMAN_OBSERVATION,,254:47,1.26327155103423,Rakek_45.820_14.350,6.07,0.7321886896652734
2026-06-09,SE,43.318203,-8.214061,chant,6400267670,HUMAN_OBSERVATION,,240:-28,2.9142989772915766,Bergondo_43.320_-8.250,4.61,0.29799376368486175
2026-06-05,SE,46.913678,16.28515,chant,6400873321,HUMAN_OBSERVATION,13.0,260:54,1.8936336868128358,Szentgotthard_46.900_16.300,3.76,0.26814034995469865
2026-06-20,SE,45.121018,19.756419,chant,6413164614,HUMAN_OBSERVATION,4.0,250:65,2.3907682657327065,Vrdnik_45.100_19.750,4.91,0.097222796213318
2026-06-17,SE,45.063956,21.705556,chant,6413287753,HUMAN_OBSERVATION,1.0,250:72,2.6993083804561766,Oravita_45.040_21.700,5.35,0.36207261564517934
2026-06-16,SE,38.755903,22.336511,chant,6413493526,HUMAN_OBSERVATION,15.0,215:74,3.6266326567266365,Kostalexis_38.740_22.300,3.69,0.04004365225645829
2026-06-18,SE,45.059465,21.703906,chant,6413735609,HUMAN_OBSERVATION,1.0,250:72,2.1860551196515496,Oravita_45.040_21.700,5.34,0.342629468914911
2026-06-28,SE,45.967617,9.73425,chant,6422449897,HUMAN_OBSERVATION,,255:32,1.4830185396990594,Zogno_45.960_9.750,4.34,0.11350044355480729
2026-06-26,SE,43.890588,19.600418,chant,6422968476,HUMAN_OBSERVATION,61.0,243:65,1.0471039082143438,Omar_43.900_19.600,6.29,0.6343042286505044
2026-06-27,SE,43.315552,-8.217999,chant,6431287350,HUMAN_OBSERVATION,10.0,240:-28,2.6357369392599588,Bergondo_43.320_-8.250,4.79,0.1549110134782936
2026-06-25,SE,45.17536,19.852967,chant,6431509871,HUMAN_OBSERVATION,2.0,250:66,2.7792478373968206,Vrdnik_45.160_19.825,2.28,0.008215357106121243
2026-07-05,SE,46.292442,25.730245,chant,6441129062,HUMAN_OBSERVATION,6.0,256:85,1.7348834716383699,Ciba_46.300_25.750,6.54,0.7370112658447576
2026-07-06,SE,45.497897,25.214237,chant,6441309850,HUMAN_OBSERVATION,11.0,252:84,2.5969104254265267,Zarnesti_45.520_25.225,6.57,0.8217988269689525
2026-07-12,SE,46.259842,14.910081,chant,6441491873,HUMAN_OBSERVATION,774.0,256:49,3.4848691174817303,Mozirje_46.240_14.875,4.68,0.28920677095845376
2026-07-16,SE,46.435963,10.769122,chant,6452568746,HUMAN_OBSERVATION,26.0,257:35,2.40835197657526,Sasso_46.440_10.800,6.85,0.7164395264873329
2026-07-23,SE,46.80564,12.688088,chant,6470403465,HUMAN_OBSERVATION,,259:42,1.1771520154982476,Lienz_46.800_12.675,5.96,0.3261652862627494
