region,lat,lon,species_id,gbif_key,basis_of_record,coordinate_uncertainty_m,cell,distance_km,score,effort_percentile,Date,Location_Id,new_mushroom_score,new_black_chant_score,new_parasol_score,new_morel_score,new_st_george_score,new_chant_score,date,old_score,new_score,score_delta,old_percentile,new_percentile,percentile_delta
NE,58.952044,5.712737,mushroom,6363962586,HUMAN_OBSERVATION,10.0,327:19,4.753717682839317,5.02,0.4653365917462355,2026-06-09,Stavanger_58.980_5.650,5.186919689860273,4.307058341266362,4.705508301736086,4.562303010773684,5.745579673146017,6.048320975161601,2026-06-09,5.02,5.186919689860273,0.16691968986027383,0.4653365917462355,0.3421259977366871,-0.12321059400954837
NE,59.27176,11.135283,mushroom,6364035600,HUMAN_OBSERVATION,1.0,328:37,1.086634118535149,6.18,0.8292885150190824,2026-06-13,Ise_59.280_11.125,6.337748088463007,4.319827969483,5.157860263745019,4.675861539971908,5.617768802088335,6.45914721346182,2026-06-13,6.18,6.337748088463007,0.15774808846300736,0.8292885150190824,0.7841880710966742,-0.045100443922408195
NE,58.49666,16.56252,mushroom,6393979365,HUMAN_OBSERVATION,100.0,324:55,2.2091068218270986,4.24,0.1580218794216106,2026-06-11,Sodermem_58.500_16.600,5.9634992643500455,3.6707037285287663,5.460467770290629,3.5856988108349745,4.869172521186635,5.507030338290409,2026-06-11,4.24,5.9634992643500455,1.7234992643500453,0.1580218794216106,0.7056380138479744,0.5476161344263638
NE,62.29017,6.876163,mushroom,6395473482,HUMAN_OBSERVATION,25.0,345:22,1.7633507288524224,4.6,0.3182491796337471,2026-06-17,Stranda_62.280_6.850,4.688226843680134,4.230915626412488,4.422057061932028,5.06554606385728,5.673457122692736,5.133275926670086,2026-06-17,4.6,4.688226843680134,0.08822684368013434,0.3182491796337471,0.19771120755560317,-0.12053797207814393
NE,55.68501,13.18548,mushroom,6404283349,HUMAN_OBSERVATION,25.0,309:44,2.292922943973107,6.76,0.9783673846110252,2026-06-16,Lund_55.680_13.150,6.823238228616643,4.432816105282362,5.573291492207157,4.503849768284017,5.930820689827945,7.00830382160546,2026-06-16,6.76,6.823238228616643,0.06323822861664308,0.9783673846110252,0.9420931045977935,-0.03627428001323174
NE,58.16154,15.67639,mushroom,6404295415,HUMAN_OBSERVATION,100.0,322:52,2.766925665950134,6.03,0.493606967478924,2026-06-22,Opphem_58.140_15.700,6.4696152897867805,3.828428665755596,5.190546100115402,3.7620209098864628,4.383439024407613,6.160370786586459,2026-06-22,6.03,6.4696152897867805,0.4396152897867802,0.493606967478924,0.5958607430742177,0.10225377559529364
NE,57.78522,16.58764,mushroom,6404357311,HUMAN_OBSERVATION,25.0,320:55,3.758500319867214,6.54,0.7543344065598087,2026-06-22,Västervik_57.780_16.525,6.732798054486353,4.102364967713934,5.5858953214330676,3.771810311075156,4.6888630974059735,6.290208107653304,2026-06-22,6.54,6.732798054486353,0.192798054486353,0.7543344065598087,0.7560861206337456,0.0017517140739369275
NE,58.44446,11.42731,mushroom,6404481481,HUMAN_OBSERVATION,10.0,324:38,0.5138268825314817,6.25,0.8164101120825317,2026-06-15,Odstoft_58.440_11.425,6.592314864257794,4.378704593080035,5.230911429344567,4.270520139093279,5.68686508420522,6.447653841289967,2026-06-15,6.25,6.592314864257794,0.3423148642577942,0.8164101120825317,0.8235137844548686,0.007103672372336889
NE,57.93681,16.4652,mushroom,6404576397,HUMAN_OBSERVATION,500.0,321:54,2.7301563342235786,6.58,0.8104418646408115,2026-06-24,Trostad_57.960_16.450,6.898039410029764,4.043518558724565,5.672457460952446,3.5724974158447673,4.519610266372741,6.502810061330827,2026-06-24,6.58,6.898039410029764,0.31803941002976366,0.8104418646408115,0.8262252682554295,0.015783403614618052
NE,57.68039,11.91839,mushroom,6404589407,HUMAN_OBSERVATION,500.0,320:39,2.945144952725833,6.27,0.3994082840236682,2026-06-07,Goteborg_57.660_11.950,5.970717853787936,3.8982228191439914,5.067485198292747,4.331645650213008,5.848373473592138,6.02841086842029,2026-06-07,6.27,5.970717853787936,-0.2992821462120636,0.3994082840236682,0.8066560499725902,0.40724776594892204
NE,59.22088,18.19291,mushroom,6404594446,HUMAN_OBSERVATION,25.0,328:60,1.023811886472854,5.24,0.2992417045238615,2026-06-13,Vasterhaninge_59.220_18.175,6.224879997166398,4.196456511933649,5.585482568493163,4.727077342380853,5.824749347762682,5.994974151590915,2026-06-13,5.24,6.224879997166398,0.9848799971663977,0.2992417045238615,0.7475774273228158,0.44833572279895434
NE,57.77399,16.27376,mushroom,6404637367,HUMAN_OBSERVATION,10.0,320:54,1.6932517935299218,6.46,0.7428293004475334,2026-06-24,Kalkestad_57.780_16.300,6.768101543714285,3.9140627397479912,5.664976221101895,3.6992515803014694,4.3866985381702825,6.270356283768851,2026-06-24,6.46,6.768101543714285,0.3081015437142849,0.7428293004475334,0.7430565268671661,0.00022722641963268675
NE,59.77632,17.58491,mushroom,6404716472,HUMAN_OBSERVATION,10.0,331:58,1.89762596539098,6.37,0.6565609142878035,2026-06-23,Uppsala_59.760_17.575,6.485062630467709,4.149431062108305,5.734369719193136,3.8033192969626497,4.820643853423584,6.1735804296066,2026-06-23,6.37,6.485062630467709,0.11506263046770915,0.6565609142878035,0.5704948900946581,-0.08606602419314535
NE,56.86556,14.82667,mushroom,6404726444,HUMAN_OBSERVATION,5.0,315:49,2.281393120796844,6.2,0.7710901347337646,2026-06-16,Vaxjo_56.880_14.800,6.509019034112178,4.148585318283209,5.437546606649878,4.2211424497972025,5.527663036564653,6.177598695571627,2026-06-16,6.2,6.509019034112178,0.3090190341121781,0.7710901347337646,0.8088745742730298,0.037784439539265136
NE,63.65618,19.91436,mushroom,6404747419,HUMAN_OBSERVATION,10.0,353:66,0.8260958446140533,4.7,0.2187285745102446,2026-06-21,Haggnas_63.660_19.900,4.902462573605187,4.294005588533277,4.507899928545736,4.980327355603463,5.427069094506908,5.811471690320242,2026-06-21,4.7,4.902462573605187,0.20246257360518705,0.2187285745102446,0.20741066177972162,-0.011317912730522989
NE,59.5093,15.03395,mushroom,6404779320,HUMAN_OBSERVATION,25.0,330:50,1.2924777125661011,6.71,0.8508879253477734,2026-06-24,Nora_59.520_15.025,6.783289188350062,3.9884851529598326,5.74525722815057,3.606180244944981,4.56456084168766,6.476677407731346,2026-06-24,6.71,6.783289188350062,0.07328918835006171,0.8508879253477734,0.7430565268671661,-0.1078313984806073
NE,56.77076,16.36783,mushroom,6404973450,HUMAN_OBSERVATION,10.0,315:54,4.303400980795329,6.61,0.8322205127137909,2026-06-24,Kalmar_56.760_16.300,6.300975844545059,3.14591657452047,5.17715254105763,2.9337817103247885,3.859497581888727,5.935693048048755,2026-06-24,6.61,6.300975844545059,-0.30902415545494133,0.8322205127137909,0.4522696265307549,-0.379950886183036
NE,57.05543,14.73172,mushroom,6405219371,HUMAN_OBSERVATION,100.0,316:49,0.6506458713073702,6.47,0.7063400822918505,2026-06-20,Ernatorp_57.060_14.725,6.848597018585154,4.080545008636291,5.663816631776743,4.221561285983297,5.452816573671275,6.523544134675651,2026-06-20,6.47,6.848597018585154,0.37859701858515393,0.7063400822918505,0.8447316548547629,0.13839157256291235
NE,57.68952,16.6189,mushroom,6405258451,HUMAN_OBSERVATION,10.0,320:55,3.5703814137176275,6.87,0.9338173932646288,2026-06-21,Västervik_57.720_16.600,6.788918191369027,4.260920046443645,5.681563404869132,4.019082357575839,5.018817177008707,6.492865772737803,2026-06-21,6.87,6.788918191369027,-0.08108180863097303,0.9338173932646288,0.8522598600376473,-0.08155753322698145
NE,58.44729,16.20108,mushroom,6405307328,HUMAN_OBSERVATION,10.0,324:54,1.6107939226565242,6.35,0.6379198553346962,2026-06-21,Norrkoping_58.440_16.225,6.794678943993952,4.331330362901296,5.599746566507064,4.203116373832406,5.0470971274421625,6.443538510143637,2026-06-21,6.35,6.794678943993952,0.444678943993952,0.6379198553346962,0.8571700023514753,0.21925014701677914
NE,65.963027,12.554863,mushroom,6405570308,HUMAN_OBSERVATION,25.0,366:41,2.569953671834344,4.34,0.0826619039027706,2026-06-23,Sandnessjøen_65.940_12.550,4.353982622734349,3.9077000415062977,4.189266086197364,4.950800252963569,5.486914301546652,5.79942418871282,2026-06-23,4.34,4.353982622734349,0.013982622734348915,0.0826619039027706,0.055852843105393186,-0.026809060797377417
NE,63.413746,10.341127,mushroom,6405587626,HUMAN_OBSERVATION,25.0,351:34,1.82332193346218,4.57,0.1370718394279094,2026-06-13,Trondheim_63.420_10.375,4.836643822083939,4.267864898875496,4.786368855119551,4.846045441432781,5.279912681217716,5.2649251924945615,2026-06-13,4.57,4.836643822083939,0.2666438220839389,0.1370718394279094,0.10243898226037654,-0.034632857167532866
NE,52.695514,7.305085,mushroom,6410536509,HUMAN_OBSERVATION,,292:24,20.63550370238363,6.0,0.485200187621609,2026-06-22,Klazienaveen_52.680_7.000,6.396722884192193,3.8278114739148745,5.383164808189589,3.466192583694541,4.227989771188426,6.559281783744249,2026-06-22,6.0,6.396722884192193,0.3967228841921928,0.485200187621609,0.5361374270360445,0.05093723941443551
NE,52.05,4.2,mushroom,6410728004,HUMAN_OBSERVATION,5000.0,288:14,3.748658079322946,6.53,0.8814646738592007,2026-06-18,Poeldijk_52.020_4.225,6.398167137979087,4.041201727428618,6.187734633956816,4.093777639162664,5.171319209213637,6.83379422114922,2026-06-18,6.53,6.398167137979087,-0.1318328620209135,0.8814646738592007,0.732037137483736,-0.1494275363754647
NE,52.35,5.9,mushroom,6410741944,HUMAN_OBSERVATION,5000.0,290:19,3.74290361845828,6.1,0.6420033213457764,2026-06-18,Nunspeet_52.380_5.875,6.183868648175239,3.7831821757813633,5.6978075211600885,3.859241908177862,4.67166335977753,6.506016434085163,2026-06-18,6.1,6.183868648175239,0.08386864817523954,0.6420033213457764,0.5802189008764456,-0.06178442046933086
NE,52.05,5.2,mushroom,6410914511,HUMAN_OBSERVATION,5000.0,288:17,3.3358524070056235,6.23,0.5858918975261773,2026-06-22,Bunnik_52.080_5.200,6.427781527881112,3.5333824006821484,5.725478090785339,3.204633230838808,4.048088536018689,6.054969254861487,2026-06-22,6.23,6.427781527881112,0.19778152788111125,0.5858918975261773,0.5672542388585222,-0.0186376586676551
NE,53.1,6.1,mushroom,6410931828,HUMAN_OBSERVATION,5000.0,294:20,0.0,6.4,0.696841563100632,2026-06-21,Drachten_53.100_6.100,6.58968968686997,4.2455468742124,6.002416096087009,4.15770430999566,5.02261272375732,6.772626112721553,2026-06-21,6.4,6.58968968686997,0.18968968686996934,0.696841563100632,0.7672898125997046,0.07044824949907258
NE,52.1,4.3,mushroom,6411094370,HUMAN_OBSERVATION,5000.0,289:14,2.223901604671904,6.63,0.8446860175642916,2026-06-21,The Hague_52.080_4.300,6.572611722205154,3.989449686635977,5.9186408810599325,3.6574669989823603,4.5047682193115035,6.674436014728674,2026-06-21,6.63,6.572611722205154,-0.05738827779484623,0.8446860175642916,0.7583226565247889,-0.0863633610395027
NE,52.8,6.15,mushroom,6411244245,HUMAN_OBSERVATION,5000.0,293:20,1.6807111686970362,7.13,0.8550295857988155,2026-06-07,Steenwijk_52.800_6.175,5.907115386368251,3.7446509718610193,5.805269016791009,3.782599738437117,5.363784399989722,6.05621623636243,2026-06-07,7.13,5.907115386368251,-1.2228846136317486,0.8550295857988155,0.7515597185100721,-0.10346986728874341
NE,52.1,5.85,mushroom,6411264793,HUMAN_OBSERVATION,5000.0,289:19,2.804116775112711,5.83,0.4217114101732626,2026-06-22,Deelen_52.080_5.875,6.668915101730449,3.6810382725509574,5.527283534091184,3.2821560728746833,4.1689292756845555,6.306332952925217,2026-06-22,5.83,6.668915101730449,0.838915101730449,0.4217114101732626,0.6892111785416493,0.2674997683683867
NE,51.95,5.65,mushroom,6411513985,HUMAN_OBSERVATION,5000.0,288:18,1.111950802333889,6.55,0.8846734298942586,2026-06-18,Wageningen_51.960_5.650,6.543388052884674,4.1363118978297795,6.168700534707924,4.1210308805539535,5.224460854469234,6.778421589641474,2026-06-18,6.55,6.543388052884674,-0.006611947115326089,0.8846734298942586,0.8036364732145808,-0.08103695667967781
NE,51.45,5.4,mushroom,6411709169,HUMAN_OBSERVATION,5000.0,285:18,3.758615469268588,6.43,0.4763313609467446,2026-06-07,Best_51.480_5.425,5.271267598547688,3.2240415664088293,5.504684623970397,3.1526866700835496,4.465618879194342,5.277959826907141,2026-06-07,6.43,5.271267598547688,-1.158732401452312,0.4763313609467446,0.3688631129762995,-0.10746824797044513
NE,51.4,5.55,mushroom,6411845342,HUMAN_OBSERVATION,5000.0,285:18,2.8199732449867594,5.77,0.4181355971463006,2026-06-22,Geldrop_51.420_5.575,5.978144512872488,3.1981257218386205,5.472745338599447,2.9374129923941257,3.778801040745402,5.599953746518146,2026-06-22,5.77,5.978144512872488,0.20814451287248836,0.4181355971463006,0.3544571713147428,-0.0636784258315578
NE,53.0,6.7,mushroom,6411922309,HUMAN_OBSERVATION,5000.0,294:22,2.223901604670146,7.87,0.9364080237008432,2026-06-06,Anloo_52.980_6.700,5.885018599926084,3.7455002386061653,5.712860037437033,3.787580675663099,5.42632830727427,6.01216506178902,2026-06-06,7.87,5.885018599926084,-1.9849814000739165,0.9364080237008432,0.836348271055581,-0.10005975264526223
NE,52.6,4.7,mushroom,6411956636,HUMAN_OBSERVATION,5000.0,291:15,2.791994439844967,6.59,0.8266995481638069,2026-06-21,Heiloo_52.620_4.675,6.55259951521062,4.151786385057625,6.03677483361884,3.960322740283276,4.861472278434592,6.894840921629536,2026-06-21,6.59,6.55259951521062,-0.03740048478938007,0.8266995481638069,0.748502371897133,-0.07819717626667388
NE,52.9,6.25,mushroom,6411959987,HUMAN_OBSERVATION,5000.0,293:20,2.22390160467136,6.5,0.791949802995768,2026-06-19,Elsloo_52.920_6.250,6.445573273786833,4.050430192715626,5.928765500713992,4.148310154944682,5.204831257685149,6.854835770073709,2026-06-19,6.5,6.445573273786833,-0.05442672621316724,0.791949802995768,0.6571245028065192,-0.13482530018924876
NE,52.3,6.1,mushroom,6411980428,HUMAN_OBSERVATION,5000.0,290:20,2.2239016046719784,6.47,0.7063400822918505,2026-06-20,Olst_52.320_6.100,6.619190760704596,3.7127293377347605,5.194250655227165,3.4771908510834284,4.481755128270989,6.456049198167654,2026-06-20,6.47,6.619190760704596,0.14919076070459614,0.7063400822918505,0.7657372799948226,0.05939719770297203
NE,57.14384,-3.836755,mushroom,6412036372,HUMAN_OBSERVATION,5.0,317:-13,3.456424592544049,3.09,0.0369889360672711,2026-06-12,Aviemore_57.120_-3.800,3.6184583800344745,2.7886626834104367,3.0510000383269693,3.2829842417532102,4.3383335189140775,3.8153957736525728,2026-06-12,3.09,3.6184583800344745,0.5284583800344747,0.0369889360672711,0.010510286996391088,-0.02647864907088001
NE,52.9,7.1,mushroom,6412094524,HUMAN_OBSERVATION,5000.0,293:23,2.7850038190498028,5.84,0.461467675540809,2026-06-21,Jipsingboermussel_52.920_7.075,6.3767190330175625,4.134152232013272,5.461815362857843,3.842957201919798,4.659600420466576,6.777562971146548,2026-06-21,5.84,6.3767190330175625,0.5367190330175626,0.461467675540809,0.6365265417331363,0.1750588661923273
NE,52.85,6.3,mushroom,6412109678,HUMAN_OBSERVATION,5000.0,293:21,2.013475026429883,5.9,0.554282797941867,2026-06-16,Dwingeloo_52.860_6.325,6.04664915115621,4.116886691217021,5.800754641620201,4.199187717941075,5.299466981460697,6.630492952637852,2026-06-16,5.9,6.04664915115621,0.14664915115620936,0.554282797941867,0.5718328122451006,0.017550014303233663
NE,51.35,5.2,mushroom,6412143389,HUMAN_OBSERVATION,,284:17,1.111950802335259,5.8,0.459012604383895,2026-06-21,Bladel_51.360_5.200,5.961849304505305,3.2940697128343386,5.2427435712668355,3.000911348653016,3.8021183697568777,5.843432976895721,2026-06-21,5.8,5.961849304505305,0.16184930450530555,0.459012604383895,0.44438649194371793,-0.014626112440177086
NE,51.6,4.7,mushroom,6412376338,HUMAN_OBSERVATION,5000.0,286:15,1.726714423210515,6.85,0.7159763313609446,2026-06-07,Breda_51.600_4.675,5.3619899199111964,3.284219073166584,5.402922194648996,3.282426075930599,4.615959813131658,5.535391375212249,2026-06-07,6.85,5.3619899199111964,-1.4880100800888032,0.7159763313609446,0.4440862263430565,-0.27189010501788813
NE,52.9,6.3,mushroom,6412402733,HUMAN_OBSERVATION,5000.0,293:21,2.785003819050083,6.58,0.8165030159412077,2026-06-19,Elsloo_52.920_6.325,6.425167210375705,4.07212717971035,5.885397950144177,4.139624850721886,5.176980044768066,6.85432843841519,2026-06-19,6.58,6.425167210375705,-0.1548327896242947,0.8165030159412077,0.6294477954902323,-0.18705522045097533
NE,52.2,5.25,mushroom,6412661053,HUMAN_OBSERVATION,5000.0,289:17,1.7038062167274457,6.46,0.7857028142540741,2026-06-19,Baarn_52.200_5.275,6.438633988856143,3.6911690451772285,5.975736024649295,3.7394500896728964,4.696034333952365,6.506922566139626,2026-06-19,6.46,6.438633988856143,-0.021366011143856944,0.7857028142540741,0.6419417729736204,-0.14376104128045364
NE,51.350486,6.600411,mushroom,6413138600,HUMAN_OBSERVATION,,284:22,29.55952201290393,6.65,0.8545063021919476,2026-06-21,Venlo_51.360_6.175,6.773331358241113,3.803443095828175,5.32601474740043,3.896538532222725,4.532416314290875,6.2456220540584155,2026-06-21,6.65,6.773331358241113,0.12333135824111263,0.8545063021919476,0.8399845042530774,-0.014521797938870207
NE,50.733022,4.463387,mushroom,6413358948,HUMAN_OBSERVATION,,281:14,3.144215674406496,6.23,0.5513403561975725,2026-06-20,Hoeilaart_50.760_4.450,6.129505440278209,3.447478905314561,5.618425635395041,3.283859241172828,4.207542407934782,6.012645823798715,2026-06-20,6.23,6.129505440278209,-0.100494559721791,0.5513403561975725,0.46553641638475124,-0.08580393981282125
NE,57.6513,14.89055,mushroom,6418324321,HUMAN_OBSERVATION,25.0,319:49,1.3385116379750548,6.07,0.4842889267371,2026-06-26,Nässjö_57.660_14.875,6.283030993721957,3.1725042537920722,5.323499433059091,3.0048873729265173,3.7058276263133014,5.722270330493765,2026-06-26,6.07,6.283030993721957,0.213030993721957,0.4842889267371,0.49668015009181166,0.012391223354711656
NE,58.23756,11.46787,mushroom,6418366375,HUMAN_OBSERVATION,10.0,323:38,6.747003705115457,7.4,0.9728358881875564,2026-06-30,Bjallansas_58.260_11.575,7.226729082779619,4.15828044758783,5.622609851922798,3.6547362028777535,4.490952465833821,7.751026979664641,2026-06-30,7.4,7.226729082779619,-0.17327091722038102,0.9728358881875564,0.9541929666366096,-0.018642921550946823
NE,59.56437,17.69983,mushroom,6418412381,HUMAN_OBSERVATION,50.0,330:59,2.2427065982539536,6.58,0.8085226212951798,2026-06-28,Marsta_59.580_17.725,6.785128154958959,3.843840100277279,5.769047514579019,3.224215467594057,4.049231013320353,6.268615684985134,2026-06-28,6.58,6.785128154958959,0.20512815495895875,0.8085226212951798,0.8265741646384459,0.018051543343266085
NE,59.28359,17.99988,mushroom,6418414434,HUMAN_OBSERVATION,75.0,329:60,1.4816118897689956,6.78,0.8756840979914928,2026-06-28,Stockholm_59.280_18.025,6.775917931298,3.914945073362598,5.845136425644404,3.2782562971789773,4.12988753280335,6.210881369260081,2026-06-28,6.78,6.775917931298,-0.004082068702000008,0.8756840979914928,0.8265741646384459,-0.04910993335304692
NE,59.84109,17.61743,mushroom,6418438354,HUMAN_OBSERVATION,10.0,332:58,2.968535813491339,6.55,0.6614906553590061,2026-06-25,Uppsala_59.820_17.650,6.213067455356651,3.9341420457131893,5.64373018927428,3.663612887714669,4.466739487831976,6.038519004668197,2026-06-25,6.55,6.213067455356651,-0.3369325446433491,0.6614906553590061,0.47782752119605604,-0.18366313416295005
NE,59.36204,17.73962,mushroom,6418498433,HUMAN_OBSERVATION,4.0,329:59,2.5870675037618747,6.85,0.8812863020329144,2026-06-27,Tumba_59.340_17.725,7.124180708168321,4.1253586192970895,6.111029043869699,3.8611427753838963,4.496380311188331,6.629912305578002,2026-06-27,6.85,7.124180708168321,0.27418070816832163,0.8812863020329144,0.9033607305086014,0.02207442847568708
NE,56.58271,16.41568,mushroom,6418533436,HUMAN_OBSERVATION,25.0,314:54,2.1232815157964278,6.86,0.8286751204194056,2026-06-26,Kalmar_56.580_16.450,6.582996318243163,3.279419167462378,5.297879735341787,3.0624788410405666,3.9601876933417706,6.451338897932585,2026-06-26,6.86,6.582996318243163,-0.2770036817568373,0.8286751204194056,0.5898787822338133,-0.23879633818559232
NE,58.26314,15.76411,mushroom,6418664306,HUMAN_OBSERVATION,25.0,323:52,0.7264065103141064,6.16,0.5087520291667778,2026-06-26,Linkoping_58.260_15.775,6.673621649959651,3.563016567360059,5.462065941629426,3.222080480603314,3.8560895831953337,6.187281517363515,2026-06-26,6.16,6.673621649959651,0.5136216499596511,0.5087520291667778,0.6126054501423744,0.10385342097559669
NE,59.17133,18.35147,mushroom,6418898386,HUMAN_OBSERVATION,100.0,328:61,1.9654911162229187,7.24,0.919399094263394,2026-06-25,Vasterhaninge_59.160_18.325,7.3908962381319965,4.504501057080129,6.107710042393896,4.480763430252433,5.201240503294987,7.168409583216934,2026-06-25,7.24,7.3908962381319965,0.15089623813199626,0.919399094263394,0.9412465805496637,0.021847486286269757
NE,58.07545,16.34037,mushroom,6418913302,HUMAN_OBSERVATION,500.0,322:54,2.09803723250149,6.14,0.6591009662697231,2026-06-18,Ukna_58.080_16.375,6.559723998869776,4.467097822480526,5.471674355399249,4.6244412290999675,5.50055711283446,6.3848349779910265,2026-06-18,6.14,6.559723998869776,0.4197239988697765,0.6591009662697231,0.8164714973548121,0.15737053108508892
NE,58.27877,16.18241,mushroom,6418989308,HUMAN_OBSERVATION,166.0,323:54,2.8193030262533574,6.44,0.7420223955618463,2026-06-27,Drangsbo_58.260_16.150,6.744600249169758,3.5474529983650758,5.702778744262294,3.324972947857767,3.907090489204489,6.19019636413541,2026-06-27,6.44,6.744600249169758,0.3046002491697575,0.7420223955618463,0.766814822399287,0.02479242683744065
NE,56.8733,16.64497,mushroom,6419113360,HUMAN_OBSERVATION,10.0,315:55,1.9709089086355955,6.76,0.8608875645429109,2026-06-28,Kolstad_56.880_16.675,6.434888876017422,3.204483487781674,5.111353817061632,2.809305781753682,3.605255580424063,6.2527986004528655,2026-06-28,6.76,6.434888876017422,-0.3251111239825777,0.8608875645429109,0.7105447762891518,-0.15034278825375913
NE,57.91747,16.52649,mushroom,6419124353,HUMAN_OBSERVATION,50.0,321:55,4.729944471735209,6.77,0.7656212576842218,2026-06-26,Hjulbynas_57.960_16.525,7.05271036941061,3.9128600758908827,5.855003717322633,3.491032023136137,4.358414870918628,6.6590655118795405,2026-06-26,6.77,7.05271036941061,0.28271036941061034,0.7656212576842218,0.7878755621789926,0.022254304494770727
NE,57.78163,16.25559,mushroom,6419275412,HUMAN_OBSERVATION,25.0,320:54,1.8225543592535487,6.49,0.6245485735630615,2026-06-25,Bjarka_57.780_16.225,6.7999267206517935,3.800131414945727,5.739642416155507,3.546531654838031,4.237528066962719,6.296780964820161,2026-06-25,6.49,6.7999267206517935,0.3099267206517933,0.6245485735630615,0.6544489206966164,0.02990034713355494
NE,58.47478,12.40676,mushroom,6419291319,HUMAN_OBSERVATION,50.0,324:41,2.831728552349423,7.39,0.9643355797155412,2026-06-27,Vanersborg_58.500_12.400,7.009478816442934,3.6590343389115567,5.737225074744526,3.540169620413655,4.382831185749278,6.947456828981441,2026-06-27,7.39,7.009478816442934,-0.38052118355706543,0.9643355797155412,0.8828105220046176,-0.08152505771092355
NE,59.21453,17.81533,mushroom,6419326421,HUMAN_OBSERVATION,25.0,328:59,1.0634988688258855,6.68,0.838442983591785,2026-06-24,Tumba_59.220_17.800,6.861662259945295,4.198038536407901,5.886517832159273,3.9526743251984553,4.7850336253288654,6.413834860979149,2026-06-24,6.68,6.861662259945295,0.18166225994529572,0.838442983591785,0.8021700002081104,-0.036272983383674684
NE,62.253703,7.437745,mushroom,6419695541,HUMAN_OBSERVATION,25.0,345:24,2.9920681863639644,4.3,0.1304324090712643,2026-06-28,Tafjord_62.280_7.450,4.804968227443965,4.170167383771683,4.08159038947436,4.596110735531172,4.983471474671141,5.629680052729643,2026-06-28,4.3,4.804968227443965,0.5049682274439649,0.1304324090712643,0.15527056843254528,0.024838159361280976
NE,65.962997,12.555708,mushroom,6419789385,HUMAN_OBSERVATION,25.0,366:41,2.570200596350229,4.24,0.1642438938119,2026-06-27,Sandnessjøen_65.940_12.550,4.32790666738621,3.8929541461725203,4.0879645243733,4.848164265060373,5.391942850087904,6.068785203556147,2026-06-27,4.24,4.32790666738621,0.08790666738620967,0.1642438938119,0.11142303969022295,-0.052820854121677044
NE,59.249813,10.422604,mushroom,6419819377,HUMAN_OBSERVATION,8.0,328:34,3.7001241706993855,6.95,0.8982700685084523,2026-06-27,Barkåker_59.280_10.450,6.870993988570411,3.7694914451303374,5.5311600594763295,3.318305129335885,4.0189218250883405,6.62455205007068,2026-06-27,6.95,6.870993988570411,-0.0790060114295894,0.8982700685084523,0.8051972410454996,-0.09307282746295265
NE,50.821124,-1.517184,mushroom,6422496629,HUMAN_OBSERVATION,,282:-6,2.308631503639463,5.44,0.5552009643309281,2026-06-27,Hordle_50.820_-1.550,5.274430551420601,2.683263229331166,4.429464359130986,2.3132233632356805,2.80801306090936,5.37523002610859,2026-06-27,5.44,5.274430551420601,-0.16556944857939904,0.5552009643309281,0.4308786022786523,-0.12432236205227581
NE,52.85,6.25,mushroom,6423605677,HUMAN_OBSERVATION,5000.0,293:20,1.1119508023357043,6.19,0.7325969341749327,2026-06-30,Boijl_52.860_6.250,6.134442971534714,2.8941921427482695,5.383663426904053,2.4416601315911106,3.00800267858474,5.709864939733472,2026-06-30,6.19,6.134442971534714,-0.05555702846528643,0.7325969341749327,0.7012173128944998,-0.03137962128043281
NE,54.824925,9.346389,mushroom,6424218424,HUMAN_OBSERVATION,,304:31,2.164803976915179,6.46,0.7428293004475334,2026-06-24,Padborg_54.840_9.325,6.828276295463646,4.304747484250334,5.9239157979005785,3.753264257321022,4.583011686394851,6.972103789273593,2026-06-24,6.46,6.828276295463646,0.36827629546364626,0.7428293004475334,0.786613823013125,0.04378452256559162
NE,56.79879,16.57119,mushroom,6426663384,HUMAN_OBSERVATION,10.0,315:55,2.939000494421428,6.54,0.7938221386551507,2026-06-27,Greby_56.820_16.600,6.592572267416923,3.259959466635368,5.189208447539342,2.9763606969466,3.83088050532552,6.463089785417536,2026-06-27,6.54,6.592572267416923,0.05257226741692289,0.7938221386551507,0.7177330776677369,-0.07608906098741386
NE,59.85043,17.6359,mushroom,6427207371,HUMAN_OBSERVATION,5.0,332:58,3.380939338195477,4.87,0.1897110715649491,2026-06-24,Uppsala_59.880_17.650,5.241230217713501,3.855425598489783,5.209962649828369,3.8808989065304664,4.445634260404082,5.485611884478905,2026-06-24,4.87,5.241230217713501,0.3712302177135012,0.1897110715649491,0.2598274821522003,0.07011641058725121
NE,59.82773,15.68153,mushroom,6427636315,HUMAN_OBSERVATION,5.0,332:52,1.3433357106301556,6.48,0.7652180242476625,2026-06-28,Nedre Aspbo_59.820_15.700,6.613011771137678,3.5023899680683646,5.5048397523033685,2.9587931045331883,3.769104373552032,6.14402267452682,2026-06-28,6.48,6.613011771137678,0.13301177113767793,0.7652180242476625,0.7720046402656777,0.0067866160180152235
NE,51.022342,-0.927195,mushroom,6431558316,HUMAN_OBSERVATION,5.0,283:-4,2.9525082362449924,6.19,0.5732102349463309,2026-06-23,Waterlooville_51.000_-0.950,6.272456901695074,3.418515120329887,5.435619965799223,3.1084844949045434,3.875033317438418,6.524253789275172,2026-06-23,6.19,6.272456901695074,0.0824569016950738,0.5732102349463309,0.4925749004565315,-0.08063533448979943
NE,60.727619,8.930592,mushroom,6434948314,HUMAN_OBSERVATION,5.0,337:29,1.353323848467162,4.52,0.1003198592986908,2026-06-24,Gol_60.720_8.950,4.653446091709938,3.9128367144212373,4.614543793818003,4.321418580592415,4.7788399324465445,5.397617534022663,2026-06-24,4.52,4.653446091709938,0.13344609170993849,0.1003198592986908,0.08954414847201746,-0.010775710826673349
NE,58.60547,14.0401,mushroom,6435897427,HUMAN_OBSERVATION,5.0,325:46,1.7143758799901758,6.53,0.6650045240439633,2026-06-26,Mariestad_58.620_14.050,6.882783809359251,4.01495174139178,5.969588757861504,3.582798588223451,4.530921503422235,6.224261809166263,2026-06-26,6.53,6.882783809359251,0.35278380935925036,0.6650045240439633,0.6944407483300957,0.029436224286132462
NE,50.889097,-1.536232,mushroom,6441747458,HUMAN_OBSERVATION,99.0,282:-6,1.3985956515417814,6.16,0.5145635733422484,2026-06-20,Totton_50.880_-1.550,6.121846948236303,3.691988965093993,5.238698914574448,3.513016949958415,4.327017629531418,6.696857355027481,2026-06-20,6.16,6.121846948236303,-0.038153051763696766,0.5145635733422484,0.4630846308610629,-0.05147894248118556
NE,55.470713,12.081362,mushroom,6467790363,HUMAN_OBSERVATION,15.0,307:40,3.4618204228781684,6.62,0.9721900747931524,2026-06-13,Havdrup_55.500_12.100,6.789340982900817,4.440156841433033,5.274012102628188,4.35245563242748,5.708815298380654,6.845466905352033,2026-06-13,6.62,6.789340982900817,0.16934098290081678,0.9721900747931524,0.9462024769833993,-0.025987597809753127
NE,55.812327,12.49236,mushroom,6467794304,HUMAN_OBSERVATION,50.0,309:41,1.7480588435436677,6.82,0.91310447695081,2026-06-20,Stavnsholt_55.800_12.475,6.801046631600974,4.007254042125118,5.359584878625721,3.893883737679057,5.0613425381249995,6.844581000614786,2026-06-20,6.82,6.801046631600974,-0.018953368399026616,0.91310447695081,0.8292065310434932,-0.0838979459073168
NE,55.868583,11.659042,mushroom,6467798432,HUMAN_OBSERVATION,3.0,310:38,1.1086823702838795,5.38,0.1030378349081026,2026-06-05,Asnæs_55.860_11.650,4.56185336871192,3.0504257703350026,3.755389618273257,3.7700994963696774,4.551569703510528,4.722202439567519,2026-06-05,5.38,4.56185336871192,-0.8181466312880801,0.1030378349081026,0.16800269729299944,0.06496486238489683
NE,56.15729,10.08713,mushroom,6467800412,HUMAN_OBSERVATION,54.0,311:33,0.809329168571624,5.96,0.5436329107967264,2026-06-18,Framlev_56.160_10.075,6.217290238305378,4.0157531808961915,4.7018108534676415,3.9816184426551353,5.218973542910827,6.463076770497469,2026-06-18,5.96,6.217290238305378,0.25729023830537834,0.5436329107967264,0.5983704105490499,0.05473749975232356
NE,55.84407,12.345845,mushroom,6467800439,HUMAN_OBSERVATION,2.0,309:41,2.197833389849867,6.78,0.4706145967552641,2026-06-06,Lillerød_55.860_12.325,5.543396696272717,3.343761965654792,4.57067165352532,3.679505439516334,4.994858310846681,5.443755263878137,2026-06-06,6.78,5.543396696272717,-1.236603303727283,0.4706145967552641,0.6790915726100374,0.20847697585477326
NE,56.162516,9.519553,mushroom,6467802302,HUMAN_OBSERVATION,3.0,311:31,1.9059172619501743,6.2,0.6910710961352332,2026-06-27,Silkeborg_56.160_9.550,6.289690060306848,3.465502829490314,5.418814175843626,3.1284819931090495,3.8369969109614472,6.584775232803178,2026-06-27,6.2,6.289690060306848,0.08969006030684756,0.6910710961352332,0.6229633628714009,-0.06810773326383235
NE,55.758792,12.371056,mushroom,6467828365,HUMAN_OBSERVATION,25.0,309:41,2.7653970205540763,6.55,0.8133795215703605,2026-06-19,Værløse_55.740_12.400,6.651929388962514,4.028268737143923,5.239210693472156,3.909654329338531,5.135911980971125,6.70351823460588,2026-06-19,6.55,6.651929388962514,0.10192938896251391,0.8133795215703605,0.8124297373061947,-0.0009497842641658094
NE,55.856841,11.979339,mushroom,6467831382,HUMAN_OBSERVATION,25.0,310:40,1.864352128671083,7.2,0.9655255279886384,2026-06-23,Jægerspris_55.860_11.950,6.988206361976588,3.8417842466541563,5.367903355169565,3.532583212990261,4.58539853865968,6.7689861115580845,2026-06-23,7.2,6.988206361976588,-0.211793638023412,0.9655255279886384,0.8658827795371288,-0.09964274845150967
NE,55.781303,12.591652,mushroom,6467832381,HUMAN_OBSERVATION,15.0,309:42,3.332065691421956,6.85,0.8947489160162447,2026-06-24,Trørød_55.800_12.550,6.99021659448127,3.79372510231905,5.411118226926382,3.3178842365886387,4.258382855471579,6.613403034129003,2026-06-24,6.85,6.99021659448127,0.1402165944812701,0.8947489160162447,0.9031715387656988,0.008422622749454045
NE,55.808105,12.52388,mushroom,6467848440,HUMAN_OBSERVATION,3.0,309:41,1.8646193436191685,6.38,0.7716454495137187,2026-06-29,Trørød_55.800_12.550,6.473135213709133,3.084496126892252,5.192679475839682,2.5781022962070153,3.2990362796110615,5.883055346719101,2026-06-29,6.38,6.473135213709133,0.09313521370913325,0.7716454495137187,0.7510081442239267,-0.02063730528979202
NE,69.164905,29.217706,mushroom,6467857348,HUMAN_OBSERVATION,10.0,383:97,1.818616202848493,3.84,0.0419862417964735,2026-06-29,Mayatalo_69.180_29.200,4.147030903147811,0.0,0.0,5.048974735898255,4.985427230002107,5.854377895078085,2026-06-29,3.84,4.147030903147811,0.3070309031478109,0.0419862417964735,0.025065232861548218,-0.01692100893492528
NE,55.671377,9.379084,mushroom,6467862364,HUMAN_OBSERVATION,25.0,308:31,1.6245732064699416,7.63,0.7823675143738017,2026-06-04,Jelling_55.680_9.400,4.925913898122969,3.444997936916571,4.583177785781463,3.672991993607865,5.198107741875481,5.321623397184845,2026-06-04,7.63,4.925913898122969,-2.7040861018770306,0.7823675143738017,0.3311069820385352,-0.4512605323352665
NE,56.16555,9.555711,mushroom,6467868356,HUMAN_OBSERVATION,15.0,311:31,0.7112614199661255,5.83,0.4132655703334748,2026-06-24,Silkeborg_56.160_9.550,5.950239265506419,3.631591200496757,5.0751028272577985,3.324643747367018,4.071526325302635,6.3519706375820375,2026-06-24,5.83,5.950239265506419,0.12023926550641928,0.4132655703334748,0.3628784142644965,-0.050387156068978256
NE,58.49869,13.15337,mushroom,6418879334,HUMAN_OBSERVATION,67.0,324:43,0.2440397218992718,6.86,0.9270728096150496,2026-07-01,Lidkoping_58.500_13.150,6.806423209578373,3.6167893481517503,5.903104603303816,3.164874271990931,3.9008490153924855,6.334451539272959,2026-07-01,6.86,6.806423209578373,-0.05357679042162733,0.9270728096150496,0.8917087615398013,-0.03536404807524829
NE,56.95914,14.58371,mushroom,6419124398,HUMAN_OBSERVATION,10.0,316:48,2.192840052511899,4.22,0.1610999825814315,2026-07-01,Vaxjo_56.940_14.575,5.031824848752464,2.2874538939477675,4.4068840942842415,2.042934933398708,2.5278133941012992,4.4751995017058075,2026-07-01,4.22,5.031824848752464,0.8118248487524644,0.1610999825814315,0.20306131336004152,0.04196133077861003
NE,57.676594,12.048431,mushroom,6423855541,HUMAN_OBSERVATION,254.0,320:40,2.3122053121607298,7.4,0.9773328205683496,2026-07-02,Molnlycke_57.660_12.025,7.524469452640539,3.7961203379770145,5.831405108113928,3.1375755965540746,4.033245502702595,7.0669228572709955,2026-07-02,7.4,7.524469452640539,0.12446945264053877,0.9773328205683496,0.9700034411257299,-0.007329379442619688
NE,58.51262,16.36895,mushroom,6426902331,HUMAN_OBSERVATION,100.0,324:54,1.4466196371580091,6.42,0.7448786144895866,2026-07-05,Norrkoping_58.500_16.375,6.886950096282659,3.7069488424037904,5.932481105201291,2.9373746432836825,3.688385912795384,6.405870445228246,2026-07-05,6.42,6.886950096282659,0.46695009628265893,0.7448786144895866,0.7819921131632219,0.03711349867363534
NE,59.55522,18.16947,mushroom,6427128335,HUMAN_OBSERVATION,5.0,330:60,2.7729617461554565,6.51,0.7147133315291165,2026-07-04,Vallentuna_59.580_18.175,6.892452335508156,3.9544185918480963,5.9892740848916945,3.419845890440993,3.922202711082618,6.329145093242866,2026-07-04,6.51,6.892452335508156,0.38245233550815616,0.7147133315291165,0.7761488862871292,0.061435554758012656
NE,57.88839,16.14664,mushroom,6427350337,HUMAN_OBSERVATION,1000.0,321:53,1.3061571514306929,6.51,0.8077704338779976,2026-07-06,Odensvi_57.900_16.150,6.605680233777158,3.4244724284641306,5.779131801201099,2.8324797285060987,3.636073896655644,6.076267173335278,2026-07-06,6.51,6.605680233777158,0.09568023377715829,0.8077704338779976,0.726339838214984,-0.08143059566301358
NE,58.74581,16.54814,mushroom,6427686331,HUMAN_OBSERVATION,100.0,326:55,1.4831975428717958,6.76,0.852507936792639,2026-07-06,Alberga_58.740_16.525,6.993957498963893,3.8727337926091447,6.034136211464758,3.21037953480845,3.843179561730647,6.520756632262737,2026-07-06,6.76,6.993957498963893,0.2339574989638935,0.852507936792639,0.8145727584165875,-0.03793517837605154
NE,59.694475,8.029205,mushroom,6427861368,HUMAN_OBSERVATION,100.0,331:26,1.318581195877406,5.97,0.6226593104831686,2026-07-03,Åmot_59.700_8.050,6.276206747300316,3.938639496365591,6.09424390440274,3.767269862571306,4.641092183326702,6.4867528728946535,2026-07-03,5.97,6.276206747300316,0.3062067473003163,0.6226593104831686,0.6134157849383925,-0.009243525544776032
NE,65.963136,12.552429,mushroom,6427893512,HUMAN_OBSERVATION,25.0,366:41,2.5749627854455914,3.79,0.1191988404269341,2026-07-08,Sandnessjøen_65.940_12.550,5.0399713026604145,4.461510654794798,4.161296038872239,4.583874200167824,5.098853990798014,7.265025787360796,2026-07-08,3.79,5.0399713026604145,1.2499713026604145,0.1191988404269341,0.14105942811964742,0.021860587692713318
NE,59.61748,9.962676,mushroom,6427999400,HUMAN_OBSERVATION,3.0,330:33,3.2670677993995287,3.85,0.156581260201245,2026-07-06,Sande_59.640_10.000,6.0452270185907455,3.3113110777182,5.158662457217825,3.0799393198880853,3.429154022777901,5.8109878810807265,2026-07-06,3.85,6.0452270185907455,2.1952270185907454,0.156581260201245,0.6624374473122524,0.5058561871110074
NE,69.571715,19.155963,mushroom,6428052523,HUMAN_OBSERVATION,10.0,386:63,3.153644733305584,4.49,0.2374894624504515,2026-07-06,Tromsø_69.600_19.150,4.69824229390195,0.0,0.0,5.0368237153236475,5.048553430636652,6.978263194668843,2026-07-06,4.49,4.69824229390195,0.20824229390195015,0.2374894624504515,0.05598577655014091,-0.18150368590031057
NE,62.262862,25.808122,mushroom,6431649566,HUMAN_OBSERVATION,7.0,345:86,2.096201275652426,5.08,0.4639279500654676,2026-07-06,Jyvaskyla_62.280_25.825,5.40117426777012,3.772013905555327,5.08994206984532,3.621238787518434,3.9701565745858693,6.491483731305541,2026-07-06,5.08,5.40117426777012,0.3211742677701199,0.4639279500654676,0.21368132656538702,-0.2502466235000806
NE,58.26293,15.76409,mushroom,6435258337,HUMAN_OBSERVATION,25.0,323:52,0.71651919674578,6.41,0.6054235942817114,2026-07-10,Linkoping_58.260_15.775,6.719145812919037,3.8202536008020878,5.708128610047967,3.4444008354946787,4.025113149234229,6.596913565608471,2026-07-10,6.41,6.719145812919037,0.309145812919037,0.6054235942817114,0.6256385790402548,0.02021498475854333
NE,66.04243,22.02908,mushroom,6435276408,HUMAN_OBSERVATION,125.0,366:73,2.353668777328785,5.51,0.5504540752389994,2026-07-13,Forstraskhed_66.060_22.000,5.776460914497683,3.788175853845204,5.300842982529387,3.532839242090298,4.032258771338761,7.002403378574943,2026-07-13,5.51,5.776460914497683,0.2664609144976833,0.5504540752389994,0.33857142524799483,-0.21188264999100453
NE,65.46483,17.85799,mushroom,6435430352,HUMAN_OBSERVATION,75.0,363:59,0.9515478542113258,5.76,0.6492260054717017,2026-07-13,Aha_65.460_17.875,5.965542150792664,4.404631146738467,5.541549431560703,4.29085787321766,4.700320645593518,7.38662810850201,2026-07-13,5.76,5.965542150792664,0.20554215079266402,0.6492260054717017,0.43669467656784117,-0.21253132890386056
NE,57.49648,18.48674,mushroom,6435479419,HUMAN_OBSERVATION,24.0,319:61,1.9622249228369104,8.56,0.9877467187070268,2026-07-16,Visby_57.480_18.475,8.033038507424626,4.015507495479684,6.372309706580452,3.533827615230303,4.242503500671208,8.212295454800675,2026-07-16,8.56,8.033038507424626,-0.5269614925753743,0.9877467187070268,0.9409835394076994,-0.046763179299327384
NE,61.99369,17.29274,mushroom,6435683351,HUMAN_OBSERVATION,10.0,344:57,1.782033184371813,4.29,0.1619452368704115,2026-07-09,Djursta_61.980_17.275,5.507520764291246,3.613734109152521,5.1817784199599135,3.6996023015669435,4.4936858083860125,6.626111227545993,2026-07-09,4.29,5.507520764291246,1.2175207642912458,0.1619452368704115,0.19979072160127279,0.03784548473086127
NE,57.80916,16.15211,mushroom,6435885320,HUMAN_OBSERVATION,125.0,320:53,3.244858748811638,6.5,0.8456054816181322,2026-07-08,Gronhult_57.780_16.150,6.861976664636413,3.826024492326384,5.930741774194755,3.2696634166592284,4.003162376995776,6.522340612234096,2026-07-08,6.5,6.861976664636413,0.36197666463641287,0.8456054816181322,0.7887732244037432,-0.056832257214389004
NE,60.320205,25.011853,mushroom,6441759798,HUMAN_OBSERVATION,,334:83,2.339616818699215,5.38,0.527499058390464,2026-07-12,Vantaa_60.300_25.000,5.639620387656597,4.165200132946607,4.6343349846100566,3.5677177435637497,3.980472351649535,7.520598464494133,2026-07-12,5.38,5.639620387656597,0.25962038765659745,0.527499058390464,0.24387843603382833,-0.28362062235663565
NE,69.746371,19.177639,mushroom,6444797390,HUMAN_OBSERVATION,50.0,387:64,3.119591611449596,4.67,0.3283568322572157,2026-07-08,Movik_69.720_19.150,4.916500726400231,0.0,0.0,5.090787671251257,5.144981178831397,7.3780927114509485,2026-07-08,4.67,4.916500726400231,0.2465007264002308,0.3283568322572157,0.10619976281460049,-0.2221570694426152
NE,69.659911,18.929075,mushroom,6444876556,HUMAN_OBSERVATION,21.0,386:63,5.640069353122223,4.29,0.0404777383262129,2026-07-23,Tromsø_69.660_19.075,4.368621269049893,0.0,0.0,4.683995364813126,4.718422867837268,6.852753528758229,2026-07-23,4.29,4.368621269049893,0.07862126904989264,0.0404777383262129,0.03679794393292089,-0.00367979439329201
NE,63.361172,10.24004,mushroom,6444878508,HUMAN_OBSERVATION,5.0,351:34,0.7610894875189861,6.12,0.7545613190037301,2026-07-22,Melhus_63.360_10.225,6.307724955932682,4.643313968306682,5.3184994609644445,3.9702894184206867,4.730450641518482,7.593493044561288,2026-07-22,6.12,6.307724955932682,0.18772495593268168,0.7545613190037301,0.7006150624897195,-0.05394625651401064
NE,58.536171,8.903912,mushroom,6444929523,HUMAN_OBSERVATION,25.0,324:29,3.136020830121295,3.25,0.0804350299859283,2026-07-12,Tvedestrand_58.560_8.875,5.328803437585594,2.646368584381858,4.912880285993185,2.228925954920036,2.665602751619685,5.443894362279055,2026-07-12,3.25,5.328803437585594,2.078803437585594,0.0804350299859283,0.1734462166668194,0.09301118668089109
NE,63.494502,10.069998,mushroom,6444946321,HUMAN_OBSERVATION,150.0,352:33,5.065229788644349,6.1,0.7192282462823547,2026-07-24,Selbekken_63.540_10.075,6.132244821322468,4.614530879416747,5.261595206068407,4.023764033558127,4.802302760376662,7.604048572250587,2026-07-24,6.1,6.132244821322468,0.0322448213224682,0.7192282462823547,0.5055636799123764,-0.21366456636997833
NE,52.9,6.25,mushroom,6447541870,HUMAN_OBSERVATION,5000.0,293:20,2.22390160467136,4.44,0.2738592339991192,2026-07-15,Elsloo_52.920_6.250,7.04679772160746,3.023254041598478,5.836073194774998,2.5248348686668773,3.119139359749635,6.732238267314509,2026-07-15,4.44,7.04679772160746,2.6067977216074594,0.2738592339991192,0.7634084951400012,0.489549261140882
NE,52.25,5.1,mushroom,6447554927,HUMAN_OBSERVATION,5000.0,289:17,2.032783047848824,4.51,0.2573342137534201,2026-07-14,Kortenhoef_52.260_5.125,6.26412203999485,2.5450005647380607,5.668721005823536,2.1685922551181647,2.7777614621511226,5.609456606041405,2026-07-14,4.51,6.26412203999485,1.7541220399948498,0.2573342137534201,0.5111467471622188,0.25381253340879867
NE,61.737737,16.061653,mushroom,6447592502,HUMAN_OBSERVATION,7.0,342:53,0.7464126239364711,6.09,0.6201930635474657,2026-07-14,Yckelsbo_61.740_16.075,6.391293025337773,4.388382156680413,5.72805426645851,4.174867167255867,4.596706738460081,7.824100551013823,2026-07-14,6.09,6.391293025337773,0.301293025337773,0.6201930635474657,0.5518190107851475,-0.06837405276231823
NE,52.8,6.35,mushroom,6447663411,HUMAN_OBSERVATION,5000.0,293:21,1.6807111686969791,5.19,0.4803348388789188,2026-07-19,Ruinen_52.800_6.325,6.634163626088944,2.9134795406855516,5.80327599108779,2.2776035092384115,2.847064093480408,6.354030474898625,2026-07-19,5.19,6.634163626088944,1.4441636260889439,0.4803348388789188,0.7008370971972955,0.22050225831837666
NE,51.5,4.45,mushroom,6447700959,HUMAN_OBSERVATION,,285:14,2.2239016046706923,2.92,0.0763921642612333,2026-07-14,Essen_51.480_4.450,4.356062581160124,1.523139196424029,3.9740649348166963,1.341991119991709,1.7260419782492964,3.98924349018626,2026-07-14,2.92,4.356062581160124,1.4360625811601242,0.0763921642612333,0.03167940131434148,-0.04471276294689182
NE,52.05,5.95,mushroom,6447827351,HUMAN_OBSERVATION,5000.0,288:19,3.335852407005443,6.78,0.7841997819379689,2026-07-15,Deelen_52.080_5.950,6.568778029382823,2.5755462865920293,5.534583233779886,2.1051203260887394,2.658407087862861,5.8042487447600815,2026-07-15,6.78,6.568778029382823,-0.21122197061717696,0.7841997819379689,0.6443501055513038,-0.13984967638666512
NE,52.9,6.3,mushroom,6447924957,HUMAN_OBSERVATION,5000.0,293:21,2.785003819050083,5.51,0.5306158680561739,2026-07-17,Elsloo_52.920_6.325,7.047637123864341,3.1441865418509245,5.93700670764457,2.50658503213219,3.06519729125861,6.732220750700238,2026-07-17,5.51,7.047637123864341,1.5376371238643411,0.5306158680561739,0.7888224119871466,0.25820654393097275
NE,52.9,6.3,mushroom,6448632393,HUMAN_OBSERVATION,5000.0,293:21,2.785003819050083,4.22,0.2777160024154471,2026-07-25,Elsloo_52.920_6.325,5.858085110589687,3.078558515665892,5.7036500246840856,2.429638824902564,3.0226557917185,5.774202194519114,2026-07-25,4.22,5.858085110589687,1.638085110589687,0.2777160024154471,0.4286949475668592,0.15097894515141214
NE,52.75,6.25,mushroom,6448683503,HUMAN_OBSERVATION,5000.0,292:20,1.1119508023358151,6.1,0.6939655937649815,2026-07-17,Havelte_52.740_6.250,6.918618923283891,3.004344717190335,5.814632377171068,2.3798215972133967,2.9048637590993933,6.5770744882805925,2026-07-17,6.1,6.918618923283891,0.818618923283891,0.6939655937649815,0.7546647256200406,0.06069913185505915
NE,53.1,6.1,mushroom,6449403217,HUMAN_OBSERVATION,5000.0,294:20,0.0,5.08,0.4011838354728878,2026-07-12,Drachten_53.100_6.100,7.160357477839848,3.3532140925526597,6.1863808467585,3.0311829123183704,3.62442384903347,7.103382911376997,2026-07-12,5.08,7.160357477839848,2.080357477839848,0.4011838354728878,0.8144810556976971,0.41329722022480936
NE,52.5,6.45,mushroom,6449529504,HUMAN_OBSERVATION,,291:21,1.6922818900931471,1.43,0.1348176865598269,2026-07-25,Den Ham_52.500_6.475,5.264241882974046,2.4930513300982384,5.189199397130957,1.965700506566828,2.5268152152786407,5.035136423597524,2026-07-25,1.43,5.264241882974046,3.8342418829740463,0.1348176865598269,0.19546865451080112,0.060650967950974216
NE,52.15,5.85,mushroom,6449726635,HUMAN_OBSERVATION,5000.0,289:19,2.0363145522886192,6.59,0.7310002201050235,2026-07-14,Hoenderloo_52.140_5.875,6.455601366543089,2.5493551939712153,5.701336066922054,2.1442201263594347,2.7147403395148455,5.905034471097427,2026-07-14,6.59,6.455601366543089,-0.13439863345691094,0.7310002201050235,0.5643335534383563,-0.16666666666666718
NE,62.605941,25.793816,mushroom,6451721790,HUMAN_OBSERVATION,,347:86,3.2966676736206404,6.1,0.6865377750990374,2026-07-16,Suolahti_62.580_25.825,6.369341259529407,4.220975212422174,5.401179509640339,3.4185959441260816,3.918877091801437,7.915560974429128,2026-07-16,6.1,6.369341259529407,0.2693412595294076,0.6865377750990374,0.5727882359136987,-0.1137495391853387
NE,57.688645,11.949237,mushroom,6452243650,HUMAN_OBSERVATION,6.0,320:39,3.1855061492319674,7.1,0.9683291838160992,2026-07-02,Goteborg_57.660_11.950,7.588465863643206,3.8328238117495115,5.837937328887782,3.177768275428348,4.07647827101913,7.150079835676547,2026-07-02,7.1,7.588465863643206,0.48846586364320643,0.9683291838160992,0.9800022940838199,0.011673110267720666
NE,57.350634,-3.351123,mushroom,6452294670,HUMAN_OBSERVATION,9.0,318:-12,1.0436291961922106,6.36,0.7787767791378002,2026-07-07,Dufftown_57.360_-3.350,6.6221149050889245,4.257426889670522,5.563204782055187,3.8192935376550134,4.576748644413628,7.325895473150197,2026-07-07,6.36,6.6221149050889245,0.2621149050889242,0.7787767791378002,0.7657021627273635,-0.013074616410436724
NE,61.177517,26.860988,mushroom,6452314108,HUMAN_OBSERVATION,4.0,339:89,2.610326237684017,5.68,0.5711891340153586,2026-07-15,Kuisma_61.200_26.875,5.931208655979626,4.062282019192663,4.969802274659912,3.6630028606308325,3.6938139022455356,7.600078438100651,2026-07-15,5.68,5.931208655979626,0.25120865597962627,0.5711891340153586,0.4081297701069445,-0.16305936390841413
NE,54.878166,23.424883,mushroom,6452430385,HUMAN_OBSERVATION,,304:78,2.4278449129515303,7.9,0.9486357021218756,2026-07-19,Kulautuva_54.900_23.425,8.276807811514447,5.345804921700497,5.942584245895553,3.932159511556258,4.3036953463653775,7.89767717544726,2026-07-19,7.9,8.276807811514447,0.3768078115144462,0.9486357021218756,0.9522883167411648,0.0036526146192891185
NE,69.76554,19.264901,mushroom,6454373438,HUMAN_OBSERVATION,750.0,387:64,2.0990747360011675,4.71,0.1839080459770113,2026-07-28,Movik_69.780_19.300,5.413237136789186,0.0,0.0,4.792291429043625,4.90621220465457,7.258604228127573,2026-07-28,4.71,5.413237136789186,0.7032371367891859,0.1839080459770113,0.08045977011494244,-0.10344827586206885
NE,63.3549,10.468733,mushroom,6454435349,HUMAN_OBSERVATION,25.0,351:34,1.092743723895766,6.27,0.5747126436781609,2026-07-28,Tanem_63.360_10.450,6.738465143194472,5.273150278619855,5.7459241975432365,4.265843693445874,5.085097818824068,7.759631735149602,2026-07-28,6.27,6.738465143194472,0.4684651431944724,0.5747126436781609,0.666666666666667,0.09195402298850608
NE,63.528073,10.107385,mushroom,6454457368,HUMAN_OBSERVATION,75.0,352:33,2.081938421285888,6.0,0.6865954449943116,2026-07-25,Selbekken_63.540_10.075,6.220410446771444,4.75040867650508,5.3636349651161845,4.114702022109902,4.89633620947986,7.69967543849303,2026-07-25,6.0,6.220410446771444,0.22041044677144406,0.6865954449943116,0.5742387713561861,-0.11235667363812551
NE,63.095869,8.64076,mushroom,6454508441,HUMAN_OBSERVATION,25.0,350:28,2.7231949173113303,6.32,0.6491228070175438,2026-07-30,Fjaerlien_63.120_8.650,6.6007960190740915,5.312460489028922,5.547612074776434,4.130874772119874,4.850487575125541,7.5525562408601195,2026-07-30,6.32,6.6007960190740915,0.28079601907409124,0.6491228070175438,0.7061403508771928,0.05701754385964908
NE,63.726276,11.297554,mushroom,6454528342,HUMAN_OBSERVATION,100.0,353:37,1.3113744251165325,6.15,0.6908898930374062,2026-07-26,Levanger_63.720_11.275,6.421746413854028,5.047464255722828,5.691571835536829,4.303595343974062,4.825895070871397,7.468078289816006,2026-07-26,6.15,6.421746413854028,0.27174641385402776,0.6908898930374062,0.6056464954974785,-0.08524339753992771
NE,61.28866,17.1161,mushroom,6454714470,HUMAN_OBSERVATION,10.0,340:57,3.222149639741704,4.84,0.4051993916676475,2026-07-25,Soderhamn_61.260_17.125,5.329009598384729,3.590854460787381,5.206512421224266,3.1472498350725413,3.5089210869833365,6.047568067882431,2026-07-25,4.84,5.329009598384729,0.48900959838472957,0.4051993916676475,0.20780575669649806,-0.19739363497114945
NE,61.17605,13.98802,mushroom,6454762456,HUMAN_OBSERVATION,897.0,339:46,2.7530065605216185,5.76,0.5337837837837832,2026-07-29,Katilla_61.200_13.975,6.206868563619564,4.452277647750268,5.865276005638507,3.822009325269809,4.211356362706057,6.966154869095612,2026-07-29,5.76,6.206868563619564,0.4468685636195646,0.5337837837837832,0.5067567567567561,-0.027027027027027084
NE,55.98217,12.305975,mushroom,6467790469,HUMAN_OBSERVATION,75.0,310:41,1.207890157502207,6.18,0.7149857084524311,2026-07-17,Nødebo_55.980_12.325,6.7897943092235815,2.939545617657803,5.33677836918518,2.2687064645269515,2.784462972713363,6.073593532133541,2026-07-17,6.18,6.7897943092235815,0.6097943092235818,0.7149857084524311,0.7309283292204459,0.01594262076801478
NE,56.808008,9.74195,mushroom,6467791342,HUMAN_OBSERVATION,6.0,315:32,2.41337785919496,6.42,0.9092845913737054,2026-07-02,Skørping_56.820_9.775,6.661489059802114,3.4140165919101038,5.764060839077422,2.994205710780371,3.721871689871453,6.811950844987067,2026-07-02,6.42,6.661489059802114,0.241489059802114,0.9092845913737054,0.8519609471406353,-0.057323644233070126
NE,55.775689,12.497386,mushroom,6467801323,HUMAN_OBSERVATION,36.0,309:41,3.04408667755336,6.26,0.7567567567567565,2026-07-29,Stavnsholt_55.800_12.475,6.114641821021395,3.1937803345024363,5.6574337957731435,2.4537483613095152,3.073259103448624,5.858582446003261,2026-07-29,6.26,6.114641821021395,-0.14535817897860515,0.7567567567567565,0.4054054054054048,-0.35135135135135165
NE,55.808923,12.528422,mushroom,6467822378,HUMAN_OBSERVATION,50.0,309:41,1.6741784991215023,5.92,0.5763921642612347,2026-07-14,Trørød_55.800_12.550,6.605229349688722,3.007445484513896,5.472386852074215,2.486080131996656,3.065340981575277,6.246467059226968,2026-07-14,5.92,6.605229349688722,0.6852293496887221,0.5763921642612347,0.601877181397983,0.025485017136748223
NE,56.009035,12.299109,mushroom,6467824326,HUMAN_OBSERVATION,25.0,310:41,3.6077705770472575,6.32,0.8239667466459406,2026-07-18,Nødebo_55.980_12.325,6.749267800266934,2.9333261370599297,5.386856761656991,2.2118624430005633,2.7287410265262753,5.976584513370648,2026-07-18,6.32,6.749267800266934,0.4292678002669339,0.8239667466459406,0.790754696435479,-0.033212050210461586
NE,56.037312,12.070541,mushroom,6467829442,HUMAN_OBSERVATION,25.0,311:40,1.854162661071241,6.55,0.7247429487784192,2026-07-14,Helsinge_56.040_12.100,6.925001873830614,3.165889625932781,5.548773067243832,2.653690801602624,3.2626372244836097,6.751604412313172,2026-07-14,6.55,6.925001873830614,0.37500187383061423,0.7247429487784192,0.6854384806464817,-0.03930446813193744
NE,55.982778,12.385025,mushroom,6467850361,HUMAN_OBSERVATION,75.0,310:41,0.9814643780323598,6.42,0.801630733561719,2026-07-19,Fredensborg_55.980_12.400,6.824177928396958,3.0079856370097993,5.513991493268837,2.2647026843985882,2.8055992152969185,6.142511911777673,2026-07-19,6.42,6.824177928396958,0.4041779283969582,0.801630733561719,0.7678879853306702,-0.033742748231048836
NE,55.039382,10.539873,mushroom,6467853349,HUMAN_OBSERVATION,5.0,305:35,4.614770010578574,7.88,0.9665333120385824,2026-07-11,Svendborg_55.080_10.525,7.631354564867742,3.990898815215774,6.311089520143131,3.7407681595062363,4.545273387876712,8.227366884172511,2026-07-11,7.88,7.631354564867742,-0.248645435132258,0.9665333120385824,0.9537131597061324,-0.012820152332450041
NE,56.036392,9.488915,mushroom,6467872335,HUMAN_OBSERVATION,41.0,311:31,0.9529399510386108,6.42,0.801630733561719,2026-07-19,Virklund_56.040_9.475,6.736177241460097,3.255015122726501,5.661650291263176,2.4178038875836982,2.8877533625275422,6.531799344253271,2026-07-19,6.42,6.736177241460097,0.31617724146009696,0.801630733561719,0.7511252632973265,-0.05050547026439245
NE,56.031292,12.580525,mushroom,6467873347,HUMAN_OBSERVATION,15.0,310:42,2.1291900177997896,7.23,0.9160330280603342,2026-07-18,Hellebæk_56.040_12.550,7.472274458890165,3.377733922146845,5.784980280749821,2.573056093302138,3.148277090272162,6.826130621572713,2026-07-18,7.23,7.472274458890165,0.2422744588901642,0.9160330280603342,0.8769145273149876,-0.03911850074534651
NE,55.803036,12.467359,mushroom,6467887315,HUMAN_OBSERVATION,5.0,309:41,0.584825280082494,5.36,0.5665085252594938,2026-07-05,Stavnsholt_55.800_12.475,6.244783773011076,2.8871184573324737,5.365838534443599,2.5357729146612904,3.275977783634627,6.009899971706396,2026-07-05,5.36,6.244783773011076,0.8847837730110752,0.5665085252594938,0.6201011040080581,0.05359257874856427
NE,62.146498,25.77517,mushroom,6469787631,HUMAN_OBSERVATION,13.0,344:86,1.990776266250565,5.67,0.4685628742514957,2026-07-21,Muurame_62.160_25.750,6.406883854802063,4.157436150012197,5.405635508752621,3.1259450296573483,3.520859195518816,7.592233802459277,2026-07-21,5.67,6.406883854802063,0.7368838548020626,0.4685628742514957,0.6658161409973564,0.19725326674586074
NE,60.354564,25.48838,mushroom,6469851160,HUMAN_OBSERVATION,11.0,334:85,2.1027059943425965,6.05,0.6558812133508709,2026-07-23,Porvoo_60.360_25.525,6.30228959924251,4.05829952713866,5.272644449485575,3.1711180496269895,3.654349288856295,7.566955597021652,2026-07-23,6.05,6.30228959924251,0.25228959924251004,0.6558812133508709,0.6198450590101926,-0.036036154340678306
NE,60.353744,25.488907,mushroom,6470655958,HUMAN_OBSERVATION,162.0,334:85,2.1033577280764764,6.02,0.6420378294125791,2026-07-24,Porvoo_60.360_25.525,6.438487763823131,4.269147971139003,5.364037985402554,3.2941315052360687,3.8180430933091274,7.68792639116411,2026-07-24,6.02,6.438487763823131,0.4184877638231317,0.6420378294125791,0.5687591399014243,-0.0732786895111548
NE,54.475898,24.788571,mushroom,6470699696,HUMAN_OBSERVATION,7.0,302:82,0.9883183400721292,7.33,0.9149861284129824,2026-07-24,Rudiskes_54.480_24.775,8.304631176183314,5.7733839989938485,6.306011390932157,4.255032883544465,4.755288499294627,7.994561845998086,2026-07-24,7.33,8.304631176183314,0.9746311761833137,0.9149861284129824,1.0,0.08501387158701756
NE,57.00165,14.58329,mushroom,6473110372,HUMAN_OBSERVATION,75.0,316:48,0.5345158158915259,5.68,0.3965517241379306,2026-07-28,Vaxjo_57.000_14.575,6.201235797191397,3.735041120521199,5.357218813160796,3.1351552077970677,3.464677498521221,6.009835373913912,2026-07-28,5.68,6.201235797191397,0.5212357971913972,0.3965517241379306,0.3793103448275858,-0.017241379310344807
NE,63.44885,16.88741,mushroom,6473448422,HUMAN_OBSERVATION,150.0,352:56,3.268502299755566,5.8,0.5905775514993954,2026-07-24,Nasaker_63.420_16.900,5.994750863701306,4.2003513516732065,5.721583418281182,3.44341295097335,4.068553814174967,6.749981983202184,2026-07-24,5.8,5.994750863701306,0.194750863701306,0.5905775514993954,0.5055636799123764,-0.08501387158701901
NE,56.171074,9.534554,mushroom,6467793386,HUMAN_OBSERVATION,4.0,311:31,1.5591039720774518,4.47,0.2461538461538462,2026-08-03,Silkeborg_56.160_9.550,5.259133694965841,3.0809822037857026,5.457906608277768,2.275114424611162,2.8018232451137943,5.410690436653432,2026-08-03,4.47,5.259133694965841,0.789133694965841,0.2461538461538462,0.015384615384615389,-0.2307692307692308
NE,56.147852,9.535738,mushroom,6467812448,HUMAN_OBSERVATION,6.0,311:31,1.6139450000108448,4.18,0.1486486486486484,2026-08-02,Silkeborg_56.160_9.550,5.37073782406047,3.1478723319017816,5.458030491660563,2.306481032769559,2.833820411802728,5.495001940254642,2026-08-02,4.18,5.37073782406047,1.19073782406047,0.1486486486486484,0.04054054054054049,-0.10810810810810792
NE,56.787575,9.735926,mushroom,6467814383,HUMAN_OBSERVATION,18.0,315:32,3.767363745404478,5.63,0.3620689655172405,2026-08-01,Aars_56.760_9.700,5.469376413378788,3.1731478436369334,5.827023659253147,2.3692478385878304,2.9452894070834854,5.69293384211325,2026-08-01,5.63,5.469376413378788,-0.16062358662121223,0.3620689655172405,0.06321839080459757,-0.2988505747126429
NE,55.564928,11.890419,mushroom,6467882431,HUMAN_OBSERVATION,5.0,308:39,1.11370571732763,6.13,0.5057471264367808,2026-08-01,Hvalso_55.560_11.875,6.273147599645415,3.3665003505086153,5.980463662683366,2.684741345330126,3.3324079891698575,5.853831776421967,2026-08-01,6.13,6.273147599645415,0.143147599645415,0.5057471264367808,0.46551724137930944,-0.040229885057471326
NE,55.995261,12.349388,mushroom,6471784307,HUMAN_OBSERVATION,25.0,310:41,2.2761098269679088,6.22,0.5223880597014928,2026-08-04,Nødebo_55.980_12.325,5.872719292340418,2.9255741615459145,5.608415269885308,2.2555417563577613,2.8838539829838905,5.319720827350239,2026-08-04,6.22,5.872719292340418,-0.3472807076595821,0.5223880597014928,0.19402985074626866,-0.32835820895522416
NE,55.814015,11.724129,mushroom,6471785308,HUMAN_OBSERVATION,75.0,309:39,6.897172113616592,7.08,0.8571428571428571,2026-08-06,Asnæs_55.860_11.650,7.037995833057028,3.7848873689946627,6.545296433479709,3.2773425135040335,3.6332675575848596,6.6706834555430525,2026-08-06,7.08,7.037995833057028,-0.04200416694297182,0.8571428571428571,0.8392857142857143,-0.017857142857142794
NE,56.790376,9.885464,mushroom,6471844306,HUMAN_OBSERVATION,10.0,315:33,3.938513493098754,4.97,0.2352941176470588,2026-08-09,Skørping_56.820_9.850,6.07575560070856,3.8954060399557884,7.032506415693492,2.5737793938828832,3.276815358055764,6.1627091166448285,2026-08-09,4.97,6.07575560070856,1.1057556007085605,0.2352941176470588,0.35294117647058826,0.11764705882352947
NE,56.797676,9.893051,mushroom,6471859302,HUMAN_OBSERVATION,6.0,315:33,3.153434665185215,5.75,0.4539473684210526,2026-08-05,Skørping_56.820_9.925,5.621872461895917,3.432090663050599,6.135958458222102,2.3683639885916214,2.986302930357959,5.587737990667288,2026-08-05,5.75,5.621872461895917,-0.12812753810408317,0.4539473684210526,0.2565789473684211,-0.19736842105263153
NE,65.55656,22.13271,mushroom,6472794390,HUMAN_OBSERVATION,10.0,363:73,3.7199353850900647,6.79,0.7356321839080455,2026-08-01,Luleå_65.580_22.075,6.687291356848181,5.237784026276098,6.008010886759035,3.706988124371898,4.255933347705893,7.824926278696996,2026-08-01,6.79,6.687291356848181,-0.10270864315181871,0.7356321839080455,0.7068965517241375,-0.028735632183908066
SE,41.820737,-1.818578,mushroom,6398926910,HUMAN_OBSERVATION,,232:-7,1.5416811221928084,0.17,0.0031477213783858,2026-06-06,Litago_41.820_-1.800,3.202030043800165,1.945656628504331,3.551677731378341,2.2776018821953072,2.8466878971095007,2.777886150784715,2026-06-06,0.17,3.202030043800165,3.032030043800165,0.0031477213783858,0.012959453750315673,0.009811732371929872
SE,41.590521,-8.274232,mushroom,6398939916,HUMAN_OBSERVATION,9.0,230:-28,2.330324025685412,2.8,0.0122350047588618,2026-06-10,Povoa De Lanhoso_41.580_-8.250,4.984698778424968,2.528307826009899,4.666303140840461,2.2065185079607432,3.1731947490942227,5.058520187164148,2026-06-10,2.8,4.984698778424968,2.184698778424968,0.0122350047588618,0.2282048679667508,0.215969863207889
SE,46.999594,15.524327,mushroom,6399252854,HUMAN_OBSERVATION,7.0,260:51,2.179354311653374,6.72,0.4003917039120184,2026-06-04,Graz_46.980_15.525,5.726821877830215,3.47462914440009,5.361140593950037,3.372694229273212,4.577560045299085,5.14500362955568,2026-06-04,6.72,5.726821877830215,-0.9931781221697848,0.4003917039120184,0.7721318126004996,0.3717401086884812
SE,46.136916,18.116002,mushroom,6399336696,HUMAN_OBSERVATION,59.0,256:60,2.249169191431942,6.1,0.7604122696629873,2026-06-14,Pellerd_46.120_18.100,6.458734242393553,3.65913442489018,5.756518842794238,3.2669843040988127,4.457274529066347,5.619103744014513,2026-06-14,6.1,6.458734242393553,0.35873424239355334,0.7604122696629873,0.7940616511669444,0.03364938150395713
SE,41.82859,-1.7729,mushroom,6399440505,HUMAN_OBSERVATION,,232:-6,2.440258459322588,0.17,0.0031477213783858,2026-06-06,Litago_41.820_-1.800,3.202030043800165,1.945656628504331,3.551677731378341,2.2776018821953072,2.8466878971095007,2.777886150784715,2026-06-06,0.17,3.202030043800165,3.032030043800165,0.0031477213783858,0.012959453750315673,0.009811732371929872
SE,41.795478,-1.832602,mushroom,6399704415,HUMAN_OBSERVATION,4031.0,231:-7,3.8388410206544927,0.02,0.0039022052161532,2026-06-05,Litago_41.820_-1.800,3.2130861604669874,1.9138277140576614,3.5026256666995184,2.1681816799680647,2.7029475051642553,2.6908661922609425,2026-06-05,0.02,3.2130861604669874,3.1930861604669873,0.0039022052161532,0.025258447242150817,0.021356242025997618
SE,41.127818,-3.116972,mushroom,6399892486,HUMAN_OBSERVATION,,228:-11,4.150162807526013,0.63,0.0055085124121752,2026-06-06,La Nava De Jadraque_41.100_-3.150,3.3403348549458607,0.0,2.7446199048603233,1.6314948445848676,1.7639488814718163,2.3581363286451933,2026-06-06,0.63,3.3403348549458607,2.710334854945861,0.0055085124121752,0.023558116466841944,0.018049604054666744
SE,46.202594,18.603554,mushroom,6400004520,HUMAN_OBSERVATION,121.0,256:62,3.006164962970278,6.16,0.230242045008808,2026-06-06,Bataszek_46.180_18.625,4.793664066477028,3.1941752348499737,5.324948875202879,3.117686686845152,4.4146583515222035,4.228127437502914,2026-06-06,6.16,4.793664066477028,-1.3663359335229721,0.230242045008808,0.3458412290617918,0.11559918405298383
SE,45.290867,24.310211,mushroom,6400301843,HUMAN_OBSERVATION,52.0,251:81,1.672957176037304,8.17,0.9732941621547724,2026-06-06,Calimanesti_45.280_24.325,6.42841681309236,4.799166800695588,5.863978295309578,4.403197545937618,5.875572748933612,5.871757482549422,2026-06-06,8.17,6.42841681309236,-1.74158318690764,0.9732941621547724,0.9740312986283169,0.000737136473544564
SE,44.868177,22.408513,mushroom,6400732787,HUMAN_OBSERVATION,3128.0,249:74,2.793383420791365,7.6,0.8475993738693696,2026-06-06,Baile Herculane_44.860_22.375,6.368159713692722,3.792661668769512,6.006464443497269,3.8619401114295284,5.1119362324030435,5.709011887764259,2026-06-06,7.6,6.368159713692722,-1.2318402863072775,0.8475993738693696,0.9594979841888085,0.11189861031943893
SE,46.914275,16.283655,mushroom,6400767339,HUMAN_OBSERVATION,12.0,260:54,2.015268085161886,6.96,0.3428342537142681,2026-06-05,Szentgotthard_46.900_16.300,5.952390604083253,3.5510708696901863,5.486932939672346,3.415043413394834,4.644343093853356,5.34708188083871,2026-06-05,6.96,5.952390604083253,-1.007609395916747,0.3428342537142681,0.8163620101766765,0.4735277564624084
SE,41.286874,-7.739146,mushroom,6412348796,HUMAN_OBSERVATION,5.0,229:-26,1.4076194653287872,1.93,0.009021088411371,2026-06-17,Vila Real_41.280_-7.725,3.2920670992729675,1.635407290748293,3.2529692586497365,1.2036230702155721,1.5464531505119743,3.25332334115679,2026-06-17,1.93,3.2920670992729675,1.3620670992729675,0.009021088411371,0.0020817896333933223,-0.006939298777977677
SE,46.312126,13.936168,mushroom,6412561791,HUMAN_OBSERVATION,12.0,257:46,3.088128765903557,6.12,0.5259789331047928,2026-06-22,Studor V Bohinju_46.300_13.900,7.5302619845808465,4.782665887908939,6.0517362685107265,4.085313451622528,5.07932842603336,6.752782421749213,2026-06-22,6.12,7.5302619845808465,1.4102619845808464,0.5259789331047928,0.9974896923932178,0.471510759288425
SE,46.633713,14.895605,mushroom,6412606794,HUMAN_OBSERVATION,7.0,258:49,2.713611673069324,6.57,0.8061923192146446,2026-06-24,Dravograd_46.620_14.925,7.203925129838932,3.8761951642244536,5.686370262791572,3.129820436274489,4.0003599533804435,6.386677836936225,2026-06-24,6.57,7.203925129838932,0.6339251298389321,0.8061923192146446,0.9575045457383312,0.1513122265236866
SE,46.897586,23.307236,mushroom,6413094674,HUMAN_OBSERVATION,,260:77,2.463904579515781,6.27,0.678594371491859,2026-06-19,Aghiresu_46.900_23.275,6.763178663958365,4.861177109083159,6.14646471917036,4.178491602251748,5.153979100427763,6.337406501493306,2026-06-19,6.27,6.763178663958365,0.49317866395836507,0.678594371491859,0.871816280463034,0.19322190897117508
SE,45.919668,26.656124,mushroom,6413169127,HUMAN_OBSERVATION,574.0,254:89,2.3098978477349306,7.39,0.9983980573958264,2026-06-21,Tulnici_45.940_26.650,7.639227839369215,4.401199700303118,6.143615803541393,3.826738612833077,4.739198298871088,6.859364659602149,2026-06-21,7.39,7.639227839369215,0.24922783936921533,0.9983980573958264,0.9983980573958263,-1.1102230246251565e-16
SE,38.755887,22.337617,mushroom,6413339531,HUMAN_OBSERVATION,15.0,215:74,3.691988151147971,5.4,0.3774858079966342,2026-06-16,Moskhokhorion_38.740_22.375,5.911675137551967,3.0300367555481516,5.837160179024635,2.5242508185276447,3.2162152502369943,4.1660392501466985,2026-06-16,5.4,5.911675137551967,0.5116751375519666,0.3774858079966342,0.5129862303153468,0.13550042231871262
SE,45.754249,27.035815,mushroom,6413458990,HUMAN_OBSERVATION,704.0,253:90,1.0549518069962898,6.17,0.7829234442445006,2026-06-17,Brosteni_45.760_27.025,6.437114125290892,3.1830004831112904,5.804688716423785,3.0994054578448775,3.9711517973788473,5.399791561905509,2026-06-17,6.17,6.437114125290892,0.26711412529089174,0.7829234442445006,0.7865636357221006,0.0036401914776000854
SE,43.317926,-8.21614,mushroom,6413606418,HUMAN_OBSERVATION,85.0,240:-28,2.748948035815835,4.16,0.1787850316255416,2026-06-09,Bergondo_43.320_-8.250,6.500470057346501,3.796222235490121,5.135606536833006,3.419239316003874,4.6813637498765575,7.366861913855812,2026-06-09,4.16,6.500470057346501,2.3404700573465007,0.1787850316255416,0.9585162786001202,0.7797312469745786
SE,45.06705,22.054421,mushroom,6413678756,HUMAN_OBSERVATION,1953.0,250:73,3.4147110802952,6.12,0.4749277996286658,2026-06-20,Prigor_45.040_22.075,6.456544347861087,4.218221432125773,5.782622128549635,3.590859008491037,4.254160036348314,5.902202018975826,2026-06-20,6.12,6.456544347861087,0.33654434786108656,0.4749277996286658,0.6834681554257851,0.20854035579711927
SE,45.804025,14.358834,mushroom,6413723890,HUMAN_OBSERVATION,,254:47,1.9037252121893775,6.86,0.9257706099038217,2026-06-20,Rakek_45.820_14.350,7.3309104674160395,4.702513721643701,6.040391238023967,4.158222017151528,5.174258560728863,6.543172411848786,2026-06-20,6.86,7.3309104674160395,0.47091046741603915,0.9257706099038217,0.9895170335197193,0.06374642361589766
SE,46.210126,18.604703,mushroom,6413914873,HUMAN_OBSERVATION,61.0,256:62,3.670505966895652,5.32,0.351401377992858,2026-06-16,Bonyhad_46.240_18.625,5.357747209647951,3.5502354651702976,5.550544689218141,3.2447265775496055,4.088822054362192,4.7070875466377995,2026-06-16,5.32,5.357747209647951,0.037747209647950974,0.351401377992858,0.334847034903715,-0.016554343089142998
SE,46.393275,23.592672,mushroom,6413940076,HUMAN_OBSERVATION,,257:78,3.266016225665177,6.47,0.7777024395268337,2026-06-21,Rimetea_46.420_23.575,6.686266635792966,4.519059296338429,6.118047340215598,3.8296698589738285,4.724466268713318,6.161337900632834,2026-06-21,6.47,6.686266635792966,0.2162666357929659,0.7777024395268337,0.7900821098127107,0.012379670285876943
SE,41.7675,-1.821667,mushroom,6414108970,HUMAN_OBSERVATION,187.0,231:-7,1.9811444567036427,0.93,0.0041385857722857,2026-06-16,Litago_41.760_-1.800,3.0121673748538513,1.7293499075354992,3.219215661327379,1.814899811160989,2.2957215107742663,2.5833573720274208,2026-06-16,0.93,3.0121673748538513,2.082167374853851,0.0041385857722857,0.004138585772285712,1.214306433183765e-17
SE,46.220869,14.61554,mushroom,6422135718,HUMAN_OBSERVATION,,256:48,3.398728566077353,5.83,0.4736205201976382,2026-06-25,Kamnik_46.240_14.650,6.9903890804530855,3.80923290054161,5.847370612174748,3.1178337441270765,3.9515748169895977,5.890890403264622,2026-06-25,5.83,6.9903890804530855,1.1603890804530854,0.4736205201976382,0.7563736753111054,0.28275315511346727
SE,43.891818,19.555319,mushroom,6422293528,HUMAN_OBSERVATION,122.0,243:65,2.5941491006716846,7.13,0.942859452110883,2026-06-24,Omar_43.900_19.525,7.623774794131049,4.370202495060932,6.154234718589418,4.262382715439915,4.826176889025685,6.8114404498261045,2026-06-24,7.13,7.623774794131049,0.4937747941310491,0.942859452110883,0.9965850700384906,0.05372561792760766
SE,45.147376,19.759022,mushroom,6422345680,HUMAN_OBSERVATION,61.0,250:65,1.5719275447068015,5.83,0.3843503215358104,2026-06-20,Vrdnik_45.160_19.750,5.7002810388596705,2.743056662981806,5.16370082926565,2.689567616807584,3.459425879648388,4.831649289277816,2026-06-20,5.83,5.7002810388596705,-0.12971896114032955,0.3843503215358104,0.2918754030537183,-0.0924749184820921
SE,46.702994,15.44973,mushroom,6422390620,HUMAN_OBSERVATION,336.0,259:51,2.556902605809647,6.98,0.9786183081885996,2026-06-20,Leibnitz_46.680_15.450,7.389283978913948,4.557831335691793,6.185196867937578,3.9090765808703565,5.019488450276456,6.576090506490186,2026-06-20,6.98,7.389283978913948,0.4092839789139475,0.9786183081885996,0.9942820182834833,0.015663710094883654
SE,45.471867,25.283522,mushroom,6422737421,HUMAN_OBSERVATION,1311.0,252:84,1.8418818728954436,6.3,0.700364852262129,2026-06-28,Fundata_45.460_25.300,7.749109605888383,5.028046675669331,6.119252627838005,3.8103727594448356,4.06953668447388,7.123237696273944,2026-06-28,6.3,7.749109605888383,1.449109605888383,0.700364852262129,0.9851343174942566,0.28476946523212765
SE,46.244958,14.952789,mushroom,6422838404,HUMAN_OBSERVATION,,256:49,0.5915577998827387,6.8,0.9914095996129132,2026-06-16,Polzela_46.240_14.950,7.215614055626437,4.866175612158375,5.997010701789983,4.222326895885887,5.335869818578672,6.551750278955813,2026-06-16,6.8,7.215614055626437,0.4156140556264374,0.9914095996129132,0.9991722828455429,0.007762683232629741
SE,42.735794,-7.319239,mushroom,6422915522,HUMAN_OBSERVATION,,237:-25,3.065546535708032,2.89,0.0335344758762009,2026-06-26,Samos_42.720_-7.350,4.152002013524919,1.7159339902482835,3.639219614361768,1.4629103114700401,1.926826935973758,3.5319588534837405,2026-06-26,2.89,4.152002013524919,1.2620020135249193,0.0335344758762009,0.07551494265108985,0.04198046677488895
SE,45.147642,19.760653,mushroom,6423195821,HUMAN_OBSERVATION,61.0,250:66,1.6081388104470116,5.83,0.3843503215358104,2026-06-20,Vrdnik_45.160_19.750,5.7002810388596705,2.743056662981806,5.16370082926565,2.689567616807584,3.459425879648388,4.831649289277816,2026-06-20,5.83,5.7002810388596705,-0.12971896114032955,0.3843503215358104,0.2918754030537183,-0.0924749184820921
SE,46.196113,18.395417,mushroom,6423214981,HUMAN_OBSERVATION,181.0,256:61,1.8260903909714588,4.73,0.2030397583628285,2026-06-26,Pecsvarad_46.180_18.400,4.838065859965137,2.426419919642084,4.561040820034984,2.161351311935954,2.7781365422580557,3.9473782331856486,2026-06-26,4.73,4.838065859965137,0.10806585996513629,0.2030397583628285,0.1798407270404771,-0.023199031322351404
SE,43.892384,19.604107,mushroom,6430898491,HUMAN_OBSERVATION,15.0,243:65,0.9085533075109986,7.1,0.9124830348351386,2026-06-26,Omar_43.900_19.600,7.807634475122646,4.2792720339667225,6.2707163460273305,3.8283744607709833,4.437851004417689,6.87668848842449,2026-06-26,7.1,7.807634475122646,0.7076344751226467,0.9124830348351386,0.9940821513159646,0.08159911648082596
SE,44.442666,21.726951,mushroom,6431121417,HUMAN_OBSERVATION,10160.0,246:72,2.160070543268391,5.09,0.4093147293171511,2026-06-27,Vrelo_44.440_21.700,5.295121593607722,2.3030847596655364,4.93341541518819,2.0074439730692335,2.639540801943447,4.188601105079794,2026-06-27,5.09,5.295121593607722,0.2051215936077222,0.4093147293171511,0.4429369275448673,0.03362219822771617
SE,46.056814,25.774444,mushroom,6431161645,HUMAN_OBSERVATION,,255:86,1.9191061998569856,7.85,0.9988458476446104,2026-06-28,Malnas_46.060_25.750,8.376618618351932,4.858752171526714,6.445313978498003,3.9287635063526336,4.765548125323748,7.5882169759636815,2026-06-28,7.85,8.376618618351932,0.5266186183519324,0.9988458476446104,0.9988458476446103,-1.1102230246251565e-16
SE,45.531575,23.117573,mushroom,6431618809,HUMAN_OBSERVATION,,252:77,1.4111467341092585,6.19,0.562717935273756,2026-06-21,Pui_45.520_23.125,6.347389774956346,4.449027283982171,5.922657893489989,3.84853732161329,4.739850235991907,5.9419757543116996,2026-06-21,6.19,6.347389774956346,0.15738977495634554,0.562717935273756,0.6234502146464794,0.06073227937272341
SE,43.027459,23.369029,mushroom,6431691728,HUMAN_OBSERVATION,69.0,238:78,3.4229144486539336,8.11,0.9816085227410288,2026-06-08,Svoge_43.000_23.350,7.088419840019151,4.505338741598011,6.052806532707045,4.34249334286459,5.522838672312421,6.2613885394800795,2026-06-08,8.11,7.088419840019151,-1.0215801599808483,0.9816085227410288,0.9990320275126857,0.017423504771656884
SE,45.147822,19.759803,mushroom,6431732869,HUMAN_OBSERVATION,3.0,250:65,1.5571081209803546,2.41,0.0339749795219302,2026-06-27,Vrdnik_45.160_19.750,3.4442127344606512,1.3493391928329384,3.3374698323749326,1.3415637592359666,1.6994493644999735,2.6443952565441067,2026-06-27,2.41,3.4442127344606512,1.034212734460651,0.0339749795219302,0.04076997542631632,0.00679499590438612
SE,46.071247,16.904907,mushroom,6441223138,HUMAN_OBSERVATION,,255:56,1.306656252680017,6.16,0.8676022713356542,2026-06-09,Koprivnica_46.060_16.900,6.471805545335566,3.8884671670151185,5.729065461054643,3.627324277055653,4.9229179078036855,5.797770911058869,2026-06-09,6.16,6.471805545335566,0.3118055453355657,0.8676022713356542,0.9562617229451872,0.08865945160953304
SE,46.07542,16.950358,mushroom,6441665469,HUMAN_OBSERVATION,,255:56,2.560089809875974,5.6,0.3674316542131757,2026-06-24,Koprivnica_46.060_16.975,5.858632051156598,2.785808345047089,4.970792030045965,2.459906128189721,3.2700681184290388,4.909223187179679,2026-06-24,5.6,5.858632051156598,0.2586320511565985,0.3674316542131757,0.34815685253416845,-0.019274801679007247
SE,44.697777,21.729129,mushroom,6441753553,HUMAN_OBSERVATION,1.0,248:72,3.0347869692897604,5.86,0.5004756466412407,2026-06-15,Coronini_44.680_21.700,6.6653344456958505,3.8897132939337387,5.686285006551041,3.4806419755935654,4.624498125093341,5.822643237892692,2026-06-15,5.86,6.6653344456958505,0.8053344456958502,0.5004756466412407,0.8682360603044302,0.36776041366318957
SE,45.868274,15.961519,mushroom,6441897592,HUMAN_OBSERVATION,,254:53,3.113410943148164,6.14,0.7848718000741286,2026-06-14,Stenjevec_45.880_15.925,6.667668340425695,4.021057274086237,5.917724268962563,3.546744947350133,4.741491480074544,5.764451775129592,2026-06-14,6.14,6.667668340425695,0.527668340425695,0.7848718000741286,0.8889188084456117,0.10404700837148306
SE,42.736992,20.044183,mushroom,6431495076,HUMAN_OBSERVATION,5.0,237:66,2.6020958432004817,6.02,0.6081115717768616,2026-07-04,Dem Boge_42.760_20.050,6.8930579480457155,3.747548225528956,5.912875461927274,2.8390953644187804,2.9775583129445744,5.735028153572255,2026-07-04,6.02,6.8930579480457155,0.8730579480457159,0.6081115717768616,0.7809230896026368,0.1728115178257752
SE,46.310517,11.654147,mushroom,6431769400,HUMAN_OBSERVATION,4.0,257:38,2.474449251079814,7.13,0.9490862217816246,2026-07-04,Pozza_46.320_11.625,7.9079745331398055,5.126857885925428,7.315266641528741,3.8539618625172873,4.036247326432727,6.967033920013688,2026-07-04,7.13,7.9079745331398055,0.7779745331398056,0.9490862217816246,0.9916765986150412,0.0425903768334166
SE,42.915042,-3.951592,mushroom,6441832076,HUMAN_OBSERVATION,,238:-14,2.536179456753731,3.58,0.1076345908993207,2026-07-03,La Serna_42.900_-3.975,4.637931791591541,2.654279208920381,3.8410466017830913,2.1672036444809812,2.489442478239861,5.037564300942356,2026-07-03,3.58,4.637931791591541,1.0579317915915407,0.1076345908993207,0.086741369342546,-0.0208932215567747
SE,46.460862,11.198363,mushroom,6451574677,HUMAN_OBSERVATION,4.0,257:37,2.9299982705506813,6.82,0.8479330678131185,2026-07-13,Ronzone_46.440_11.175,7.295931127228365,3.862375049871787,6.400076864521938,3.1342004448035046,3.6417241366141915,6.2904928426778595,2026-07-13,6.82,7.295931127228365,0.47593112722836484,0.8479330678131185,0.8496107926522863,0.0016777248391678379
SE,41.96161,13.132605,mushroom,6452644648,HUMAN_OBSERVATION,,232:43,2.4838657588275312,3.08,0.061761754542691,2026-07-13,Subiaco_41.940_13.125,3.2605169489491037,1.3132359517120524,3.307784804858966,1.3050723034711733,1.5431796690640245,2.559967419737516,2026-07-13,3.08,3.2605169489491037,0.18051694894910364,0.061761754542691,0.02377856048339568,-0.03798319405929532
SE,45.860228,11.55252,mushroom,6470205837,HUMAN_OBSERVATION,,254:38,2.2577064396854114,8.16,0.9930259664290528,2026-07-25,Bertigo_45.840_11.550,8.405421775131723,4.836999245032201,6.673557407039471,3.388483441562797,3.7933511816450447,7.346865837754205,2026-07-25,8.16,8.405421775131723,0.2454217751317227,0.9930259664290528,0.9654180431346084,-0.027607923294444392
SE,45.329088,25.977112,mushroom,6470367861,HUMAN_OBSERVATION,540.0,251:86,1.2245399390432112,7.34,0.8858882559110048,2026-07-25,Maneciu_45.340_25.975,7.908145926353973,4.71731174330949,6.584391573770794,3.541291291966485,4.039433675644898,6.969389865448539,2026-07-25,7.34,7.908145926353973,0.5681459263539734,0.8858882559110048,0.9432452412022498,0.057356985291245
SE,46.208549,25.976668,mushroom,6470574645,HUMAN_OBSERVATION,50.0,256:86,3.177103490610454,7.85,0.9599829217725226,2026-07-25,Tusnad_46.180_25.975,8.623693034783424,5.383424838680494,6.918532275147836,3.942271354076442,4.450186157690607,7.7973898599170175,2026-07-25,7.85,8.623693034783424,0.7736930347834239,0.9599829217725226,0.9930259664290529,0.033043044656530296
NE,60.262473,25.289303,black_chant,6470650643,HUMAN_OBSERVATION,48.0,334:84,4.214274684383183,4.09,0.8338839841845858,2026-07-24,Sibbo_60.300_25.300,6.4944490490259845,4.329555911840024,5.348922031417989,3.287185839140874,3.8096342541960824,7.657538712344187,2026-07-24,4.09,4.329555911840024,0.23955591184002412,0.8338839841845858,0.8299722568259645,-0.00391172735862122
SE,43.890347,19.600681,black_chant,6431016038,HUMAN_OBSERVATION,61.0,243:65,1.0747522496628084,3.89,0.6182871171195147,2026-06-26,Omar_43.900_19.600,7.807634475122646,4.2792720339667225,6.2707163460273305,3.8283744607709833,4.437851004417689,6.87668848842449,2026-06-26,3.89,4.2792720339667225,0.3892720339667224,0.6182871171195147,0.822521090028475,0.20423397290896028
NE,56.04649,14.47881,parasol,6404238341,HUMAN_OBSERVATION,50.0,311:48,3.419158671582378,5.47,0.7745507115691398,2026-06-21,Kristianstad_56.040_14.425,7.170342868329547,4.1775661605836785,5.686970535159974,4.426724315229717,5.294668059092673,7.083358400015343,2026-06-21,5.47,5.686970535159974,0.216970535159974,0.7745507115691398,0.765687869995531,-0.008862841573608837
NE,58.44736,16.20042,parasol,6404581437,HUMAN_OBSERVATION,50.0,324:54,1.6479472722931798,5.28,0.6413323695456573,2026-06-21,Norrkoping_58.440_16.225,6.794678943993952,4.331330362901296,5.599746566507064,4.203116373832406,5.0470971274421625,6.443538510143637,2026-06-21,5.28,5.599746566507064,0.3197465665070638,0.6413323695456573,0.6987564492087265,0.05742407966306917
NE,52.05,5.95,parasol,6410534334,HUMAN_OBSERVATION,5000.0,288:19,3.335852407005443,5.38,0.7542626207837154,2026-06-18,Deelen_52.080_5.950,6.80403037240705,4.039165371536753,5.701376591400182,3.933613623662527,5.116821461089685,6.843016179261796,2026-06-18,5.38,5.701376591400182,0.32137659140018204,0.7542626207837154,0.7896060989584365,0.035343478174721055
NE,51.5,5.1,parasol,6410543116,HUMAN_OBSERVATION,5000.0,285:17,2.8181077877365164,6.22,0.5532544378698212,2026-06-07,Hilvarenbeek_51.480_5.125,5.3473814367546915,3.2896687253429553,5.422378633267912,3.2418135305787374,4.558009647275998,5.467717918802837,2026-06-07,6.22,5.422378633267912,-0.7976213667320877,0.5532544378698212,0.6235465732271432,0.07029213535732204
NE,52.5,4.6,parasol,6410550550,HUMAN_OBSERVATION,5000.0,291:15,0.0,5.73,0.929509393221302,2026-06-16,Beverwijk_52.500_4.600,5.977220900479521,4.044111911562523,5.999651346427834,4.315085433806379,5.378841124998371,6.6378193361262685,2026-06-16,5.73,5.999651346427834,0.2696513464278336,0.929509393221302,0.9478311399924482,0.018321746771146175
NE,51.3,5.85,parasol,6410780772,HUMAN_OBSERVATION,5000.0,284:19,1.7380976750191814,5.55,0.8825657003969434,2026-06-18,Berg_51.300_5.875,7.063072875774041,4.028517673080082,5.788775681871727,3.992207508242871,5.350999342129019,6.815585307866171,2026-06-18,5.55,5.788775681871727,0.23877568187172749,0.8825657003969434,0.8740404588295125,-0.008525241567430841
NE,52.3,4.55,parasol,6410790338,HUMAN_OBSERVATION,5000.0,290:15,2.798987472017707,5.9,0.9765320047950228,2026-06-18,Bennebroek_52.320_4.525,6.359041590223477,3.9073786668881847,6.097398564875256,4.205643484914511,5.030503177218751,6.722543303904438,2026-06-18,5.9,6.097398564875256,0.19739856487525564,0.9765320047950228,0.9723165458003924,-0.004215458994630383
NE,52.25,5.1,parasol,6410900518,HUMAN_OBSERVATION,5000.0,289:17,2.032783047848824,5.76,0.943090284481195,2026-06-15,Kortenhoef_52.260_5.125,6.09055902271538,4.113888402497477,6.132223179684421,4.145491579745707,5.348623950303938,6.291430068698242,2026-06-15,5.76,6.132223179684421,0.3722231796844211,0.943090284481195,0.9617080948309651,0.01861781034977006
NE,51.2,5.85,parasol,6411014266,HUMAN_OBSERVATION,5000.0,284:19,2.82510295859782,5.38,0.7638979244996211,2026-06-16,Maasbracht_51.180_5.875,6.776577441823363,4.124485090500919,5.674144918707387,4.138759702837239,5.613601533516173,6.677852375023131,2026-06-16,5.38,5.674144918707387,0.2941449187073868,0.7638979244996211,0.7847028227341389,0.02080489823451781
NE,51.65,5.1,parasol,6411149695,HUMAN_OBSERVATION,5000.0,286:17,2.052012863406547,5.6,0.959646213377557,2026-06-17,Waalwijk_51.660_5.125,6.119023010554874,3.8840876628712917,5.76341387877901,3.8588930527266,4.923215501754238,6.493980958082612,2026-06-17,5.6,5.76341387877901,0.1634138787790107,0.959646213377557,0.9153640779553774,-0.044282135422179514
NE,52.9,6.25,parasol,6411178300,HUMAN_OBSERVATION,5000.0,293:20,2.22390160467136,5.51,0.7849315603717075,2026-06-15,Elsloo_52.920_6.250,6.008083952693434,4.136970077320556,5.902341727658989,4.273143819934606,5.447569943792059,6.576644439244259,2026-06-15,5.51,5.902341727658989,0.3923417276589891,0.7849315603717075,0.8536457327820719,0.06871417241036437
NE,51.55,4.5,parasol,6411515194,HUMAN_OBSERVATION,5000.0,286:15,2.055529358914682,5.1,0.6666666666666686,2026-06-17,Rucphen_51.540_4.525,5.684758054118979,3.448571284028256,5.294352665442857,3.4763087386734157,4.425730752246343,6.105542951060622,2026-06-17,5.1,5.294352665442857,0.19435266544285756,0.6666666666666686,0.5569434153111528,-0.10972325135551586
NE,51.35,6.2,parasol,6411525807,HUMAN_OBSERVATION,5000.0,284:20,2.0615965185458096,7.87,0.851837003388224,2026-06-01,Venlo_51.360_6.175,5.854764836103411,3.4849434699146307,5.15041393420365,3.782218936648436,4.807547895601254,5.170669306514227,2026-06-01,7.87,5.15041393420365,-2.71958606579635,0.851837003388224,0.7244526116772032,-0.12738439171102078
NE,51.7,3.7,parasol,6411903820,HUMAN_OBSERVATION,5000.0,286:12,2.223901604670815,5.27,0.6853643849253023,2026-06-23,Haamstede_51.720_3.700,6.312785607755985,3.737654446088921,5.446848729595026,3.431688135676491,4.039854884898618,6.836330829582827,2026-06-23,5.27,5.446848729595026,0.17684872959502673,0.6853643849253023,0.6527802467052283,-0.032584138220074
NE,52.3,4.55,parasol,6411988962,HUMAN_OBSERVATION,5000.0,290:15,2.798987472017707,5.7,0.9234021442975864,2026-06-16,Bennebroek_52.320_4.525,6.0457761162317905,3.924600205691045,6.001218274121343,4.281197694754326,5.170421222372265,6.514802485650834,2026-06-16,5.7,6.001218274121343,0.30121827412134294,0.9234021442975864,0.9478311399924482,0.024428995694861788
NE,53.15,6.0,parasol,6412103514,HUMAN_OBSERVATION,5000.0,294:20,2.003793656468884,5.67,0.8575805517459248,2026-06-15,De Tike_53.160_6.025,6.074613038290221,4.248768409021194,6.030762352133366,4.614144062237563,5.644535978962098,6.602331973779826,2026-06-15,5.67,6.030762352133366,0.36076235213336627,0.8575805517459248,0.9223599051924356,0.06477935344651076
NE,51.4,6.15,parasol,6412132960,HUMAN_OBSERVATION,,285:20,2.8199732449864605,5.24,0.6531397267182864,2026-06-16,Venlo_51.420_6.175,6.807328033363524,4.195477311397965,5.5945148759365475,4.655659439027349,5.600289971228771,6.78301456712086,2026-06-16,5.24,5.5945148759365475,0.3545148759365473,0.6531397267182864,0.7430930262651035,0.08995329954681719
NE,52.15,5.15,parasol,6412594980,HUMAN_OBSERVATION,5000.0,289:17,2.036314552288928,5.86,0.9958364207332132,2026-06-17,De Bilt_52.140_5.125,6.242637552560819,3.9404503109030995,5.957242036340052,3.9074462474415212,5.015456307382752,6.461200746349842,2026-06-17,5.86,5.957242036340052,0.09724203634005146,0.9958364207332132,0.988320807310963,-0.007515613422250267
NE,51.95,6.65,parasol,6412823633,HUMAN_OBSERVATION,5000.0,288:22,2.042408119236625,5.09,0.4252162647693722,2026-06-20,Bredevoort_51.960_6.625,6.881329922509135,4.006455205284397,5.2547133746406045,3.757166503115146,4.807282403512812,6.758318217084499,2026-06-20,5.09,5.2547133746406045,0.16471337464060465,0.4252162647693722,0.38462749410303626,-0.04058877066633593
NE,52.3,4.55,parasol,6412824565,HUMAN_OBSERVATION,,290:15,2.798987472017707,5.45,0.7454962888257993,2026-06-14,Bennebroek_52.320_4.525,5.901679562878372,3.955667773237107,5.949625501486224,4.149984261160266,5.2473658777349295,6.4050282252581905,2026-06-14,5.45,5.949625501486224,0.4996255014862241,0.7454962888257993,0.8695847513025848,0.12408846247678551
NE,54.921817,23.654844,parasol,6412965656,HUMAN_OBSERVATION,2623.0,304:79,2.445622792761874,5.4,0.6469599916214168,2026-06-20,Ezerelis_54.900_23.650,7.059706211849203,4.903891998043098,5.721058021331464,4.811937003231595,6.126538991069301,6.938667872596746,2026-06-20,5.4,5.721058021331464,0.32105802133146355,0.6469599916214168,0.7888863794281141,0.1419263878066973
NE,57.793494,25.866283,parasol,6412983305,HUMAN_OBSERVATION,14.0,320:86,2.499139785095825,5.16,0.5579642647118883,2026-06-21,Valka_57.780_25.900,7.029409521897493,4.4473564312608485,5.479255687327585,4.056308108437892,5.054678403113206,6.696457807385125,2026-06-21,5.16,5.479255687327585,0.31925568732758514,0.5579642647118883,0.6308675853678749,0.07290332065598659
NE,52.342658,4.559405,parasol,6413089737,HUMAN_OBSERVATION,5.0,290:15,3.4370306187017388,5.83,0.992772543899886,2026-06-17,Bennebroek_52.320_4.525,6.200144011636734,3.946063760470846,6.034670577975421,4.2618689961040985,5.115781685819543,6.626526380184206,2026-06-17,5.83,6.034670577975421,0.20467057797542054,0.992772543899886,0.9927725438998859,-1.1102230246251565e-16
NE,52.330922,4.564113,parasol,6413129482,HUMAN_OBSERVATION,21.0,290:15,2.7245235267024315,5.74,0.9093709961967956,2026-06-21,Bennebroek_52.320_4.600,6.457944851174907,3.6565458775708475,5.859028625100659,3.507285193852596,4.321391315503323,6.378919744446979,2026-06-21,5.74,5.859028625100659,0.11902862510065848,0.9093709961967956,0.9030675402814079,-0.006303455915387723
NE,50.820271,-1.53422,parasol,6413136864,HUMAN_OBSERVATION,,282:-6,1.1089270733083836,5.08,0.4056019805798656,2026-06-20,Hordle_50.820_-1.550,6.107565922756148,3.6731022478337043,5.237778642792026,3.4972173528981343,4.312151614620755,6.683223027023028,2026-06-20,5.08,5.237778642792026,0.15777864279202625,0.4056019805798656,0.36991678096090624,-0.03568519961895933
NE,54.885766,23.609423,parasol,6413860948,HUMAN_OBSERVATION,1624.0,304:78,2.711254706176348,5.4,0.6469599916214168,2026-06-20,Ezerelis_54.900_23.575,7.055700817183864,4.9011463285451935,5.716898234432529,4.810375784615424,6.123669734712318,6.934395943118428,2026-06-20,5.4,5.716898234432529,0.3168982344325286,0.6469599916214168,0.7619167386675424,0.11495674704612557
NE,58.07545,16.34037,parasol,6418628304,HUMAN_OBSERVATION,500.0,322:54,2.09803723250149,5.17,0.6078551932869681,2026-06-18,Ukna_58.080_16.375,6.559723998869776,4.467097822480526,5.471674355399249,4.6244412290999675,5.50055711283446,6.3848349779910265,2026-06-18,5.17,5.471674355399249,0.3016743553992489,0.6078551932869681,0.6454007245371747,0.03754553125020654
NE,51.736914,-5.251375,parasol,6422823446,HUMAN_OBSERVATION,,287:-18,7.230877922338018,4.57,0.2414575397012135,2026-06-23,Pembroke_51.720_-5.150,6.100217086968113,4.343454627802497,5.088969287217253,3.795307231059184,4.4549802067816,7.061081970208568,2026-06-23,4.57,5.088969287217253,0.5189692872172529,0.2414575397012135,0.3791151160761416,0.13765757637492812
NE,56.73543,15.91687,parasol,6427333356,HUMAN_OBSERVATION,1.0,314:53,2.7766676784555515,5.37,0.6409738951172086,2026-06-22,Nybro_56.760_15.925,6.59470755776015,3.5581930894140608,5.519593306154337,3.3821208693692566,4.523815996716384,6.215725319836836,2026-06-22,5.37,5.519593306154337,0.14959330615433686,0.6409738951172086,0.5794264801260105,-0.06154741499119809
NE,52.0412,5.7796,parasol,6431749913,HUMAN_OBSERVATION,21.0,288:19,2.739475918502322,5.73,0.9760652999776532,2026-06-17,Wolfheze_52.020_5.800,6.5564991068548055,4.1442388925702796,5.785245346092063,4.068277788789538,5.255101313436927,6.744764135321634,2026-06-17,5.73,5.785245346092063,0.055245346092062775,0.9760652999776532,0.933747338955342,-0.042317961022311223
NE,51.472662,-0.305262,parasol,6441693807,HUMAN_OBSERVATION,4.0,285:-2,2.24907106841352,5.81,0.964798007192534,2026-06-18,Chiswick_51.480_-0.275,6.132632244150296,3.5892925669402684,6.029935701081681,3.5616822380236264,4.63721458058848,6.176078211964929,2026-06-18,5.81,6.029935701081681,0.21993570108168115,0.964798007192534,0.9637913042329616,-0.001006702959572392
NE,57.557755,9.914683,parasol,6467835369,HUMAN_OBSERVATION,5.0,319:33,2.068007760691532,5.13,0.4393811862933194,2026-06-20,Hirtshals_57.540_9.925,6.0791718512068105,4.272703642317407,5.339983415269976,4.221905091572615,5.140483550957244,6.87691458182221,2026-06-20,5.13,5.339983415269976,0.209983415269976,0.4393811862933194,0.44537634057706177,0.0059951542837423655
NE,55.540402,8.147944,parasol,6467855366,HUMAN_OBSERVATION,4.0,308:27,2.6137642220323967,5.02,0.514494335310697,2026-06-24,Oksbøl_55.560_8.125,6.027336687540941,3.7097333197180764,5.24029585617233,3.489882967777382,4.2787761723831625,6.6995132193792335,2026-06-24,5.02,5.24029585617233,0.2202958561723305,0.514494335310697,0.4788287409720467,-0.0356655943386503
NE,57.553475,10.337572,parasol,6467879383,HUMAN_OBSERVATION,5.0,319:34,2.689345477984804,4.74,0.2935042243919979,2026-06-20,Strandby_57.540_10.375,6.436244844850026,4.237277311962148,4.951443477509362,4.212409457653325,5.331729523446066,7.012551265513631,2026-06-20,4.74,4.951443477509362,0.21144347750936188,0.2935042243919979,0.26231539048584535,-0.03118883390615257
NE,62.905242,27.698009,parasol,6450626342,HUMAN_OBSERVATION,1.0,349:92,2.8085984523822995,5.72,0.8299722568259645,2026-07-24,Kuopio_62.880_27.700,6.635709515160463,4.608282569412043,5.995205281041274,3.7218768706667213,4.456763647931872,7.776235216856845,2026-07-24,5.72,5.995205281041274,0.2752052810412744,0.8299722568259645,0.7746002515541597,-0.05537200527180486
NE,56.400029,27.324457,parasol,6451639607,HUMAN_OBSERVATION,,313:91,0.0335684189613181,6.12,0.9802098281813596,2026-07-20,Rezekne_56.400_27.325,8.192219945200277,4.836991001821564,6.2887082219769805,3.814511494367739,4.028238697029415,7.725083859941392,2026-07-20,6.12,6.2887082219769805,0.16870822197698043,0.9802098281813596,0.9609335608734435,-0.019276267307916095
NE,54.847578,24.079899,parasol,6451678817,HUMAN_OBSERVATION,,304:80,1.5383175933572402,5.7,0.8435375386450782,2026-07-19,Kaunas_54.840_24.100,8.405798697163338,5.348986834656933,5.979345604938303,4.238293961768059,4.277953270344794,8.056305577307059,2026-07-19,5.7,5.979345604938303,0.2793456049383032,0.8435375386450782,0.8581479971222351,0.014610458477156918
NE,57.686648,-3.248417,parasol,6451727591,HUMAN_OBSERVATION,9.0,320:-11,3.3583607766236665,5.8,0.8697577534731871,2026-07-19,Elgin_57.660_-3.275,7.785811894264885,4.994572981908268,5.721357331359633,3.8631047805216174,4.341918463068635,8.424428616073584,2026-07-19,5.8,5.721357331359633,-0.07864266864036651,0.8697577534731871,0.712653768668895,-0.1571039848042921
NE,60.232828,20.220186,parasol,6451908767,HUMAN_OBSERVATION,,334:67,11.333763855084646,5.2,0.7598201379712519,2026-07-13,Lillposten_60.240_20.425,5.384287829511529,3.6225462497083756,5.011008072964088,3.7322379020507146,4.283424913694682,8.112478647791999,2026-07-13,5.2,5.011008072964088,-0.1889919270359126,0.7598201379712519,0.30943535079066703,-0.4503847871805849
NE,57.12695,23.23437,parasol,6452005908,HUMAN_OBSERVATION,4.0,317:77,2.213841138884088,6.08,0.9668597969514806,2026-07-13,Tukums_57.120_23.200,7.873802082726114,4.7552732550924475,6.484017650273489,4.228141222580557,4.884938669256101,8.509685916192034,2026-07-13,6.08,6.484017650273489,0.4040176502734889,0.9668597969514806,0.9866902564007122,0.019830459449231563
NE,55.837014,22.703189,parasol,6452061337,HUMAN_OBSERVATION,59.0,309:75,3.1030824245556867,5.76,0.851060072048018,2026-07-19,Uzventis_55.860_22.675,8.368923700788324,5.420301172091839,6.111600183273124,3.959585665891263,4.369340940688448,8.092284073175579,2026-07-19,5.76,6.111600183273124,0.35160018327312414,0.851060072048018,0.9125233861702783,0.06146331412226025
NE,61.32842,25.406825,parasol,6469594933,HUMAN_OBSERVATION,14.0,340:84,1.9391015570282768,5.06,0.5895098362600132,2026-07-19,Padasjoki_61.320_25.375,6.172761478299465,3.992629735399542,5.226026425969249,2.8783549128730517,3.2860016552230755,7.401272424452207,2026-07-19,5.06,5.226026425969249,0.16602642596924966,0.5895098362600132,0.4171538695291951,-0.1723559667308181
NE,53.894066,23.33403,parasol,6469928842,HUMAN_OBSERVATION,,299:77,16.022566246327546,5.54,0.8976651281852377,2026-07-20,Veisiejai_54.000_23.500,8.242152114513054,4.987006057373406,5.877499972168397,3.46761981877884,3.8950747296065082,7.889309098574983,2026-07-20,5.54,5.877499972168397,0.33749997216839667,0.8976651281852377,0.8677229182019152,-0.029942209983322532
NE,54.227925,24.57442,parasol,6470411721,HUMAN_OBSERVATION,,300:82,2.0788483578037744,5.59,0.7706817723362274,2026-07-19,Varena_54.240_24.550,8.198301968668904,5.153078281208039,5.989617542978458,3.7689200705679884,4.225043414281701,7.78623767235356,2026-07-19,5.59,5.989617542978458,0.39961754297845786,0.7706817723362274,0.865670530525175,0.09498875818894759
NE,59.18803,17.73167,parasol,6472934389,HUMAN_OBSERVATION,200.0,328:59,3.1398842608681914,3.72,0.1420454545454547,2026-07-31,Tumba_59.160_17.725,6.488846767392722,3.880517258104366,6.027792044529714,2.9561990015442814,3.546238332647395,5.891081512393163,2026-07-31,3.72,6.027792044529714,2.3077920445297138,0.1420454545454547,0.6647727272727281,0.5227272727272734
NE,54.61195,11.456547,parasol,6467827395,HUMAN_OBSERVATION,1.0,303:38,5.715657252095138,6.64,1.0,2026-08-03,Rødby_54.660_11.425,6.526029919639795,3.757937437030967,6.384826683247189,2.9870259125053273,3.6736045789163208,5.913572874626428,2026-08-03,6.64,6.384826683247189,-0.25517331675281074,1.0,0.7692307692307688,-0.23076923076923117
NE,55.006631,15.098328,parasol,6467851388,HUMAN_OBSERVATION,15.0,305:50,1.4903844144880831,6.02,0.5970149253731348,2026-08-04,Nexø_55.020_15.100,7.06339368106018,4.211014211890993,5.992082526754644,3.227184419424209,3.754653069650435,7.422080792697904,2026-08-04,6.02,5.992082526754644,-0.027917473245355318,0.5970149253731348,0.4925373134328361,-0.10447761194029875
NE,57.14507,14.17304,parasol,6472808363,HUMAN_OBSERVATION,10.0,317:47,3.227674952349837,4.25,0.2297297297297293,2026-08-02,Värnamo_57.120_14.200,5.686827465541856,3.3418607032160788,5.263808589602917,2.633959354375477,3.026282791560128,5.386595745452697,2026-08-02,4.25,5.263808589602917,1.0138085896029168,0.2297297297297293,0.1283783783783782,-0.1013513513513511
NE,59.21641,18.18834,parasol,6473256370,HUMAN_OBSERVATION,100.0,328:60,0.8576895000491922,4.08,0.2565789473684211,2026-08-05,Vasterhaninge_59.220_18.175,6.242995914857383,3.627815874952652,6.022133436266392,3.01091027008806,3.3547018729688016,5.529632404991063,2026-08-05,4.08,6.022133436266392,1.942133436266392,0.2565789473684211,0.6118421052631579,0.3552631578947368
NE,57.99978,16.56016,parasol,6473370342,HUMAN_OBSERVATION,10.0,321:55,3.05696807487642,4.8,0.3947368421052631,2026-08-05,Vraka_58.020_16.525,6.21588114404521,3.4148261770975714,5.998841351947294,2.5186028956398467,3.084396715042645,5.394086746120356,2026-08-05,4.8,5.998841351947294,1.1988413519472942,0.3947368421052631,0.5855263157894737,0.19078947368421056
NE,58.12113,16.58443,parasol,6473519377,HUMAN_OBSERVATION,5.0,322:55,2.288721428861239,4.83,0.3505747126436774,2026-08-01,Tryserum_58.140_16.600,6.4909556085823965,3.6393430144022303,6.0395898072179,2.8774101042692,3.2943421421251644,5.859315885574853,2026-08-01,4.83,6.0395898072179,1.2095898072178999,0.3505747126436774,0.6264367816091948,0.2758620689655174
NE,59.55292,18.19495,parasol,6473535351,HUMAN_OBSERVATION,10.0,330:60,3.213992555681539,3.43,0.1119402985074626,2026-08-04,Vallentuna_59.580_18.175,5.5408635153002725,3.278689501553397,5.476808716941083,2.6363759000633094,2.98256535462672,4.824122462026285,2026-08-04,3.43,5.476808716941083,2.0468087169410825,0.1119402985074626,0.19402985074626866,0.08208955223880607
NE,57.95484,15.82911,parasol,6473873400,HUMAN_OBSERVATION,500.0,321:52,1.3594133548318108,5.52,0.4864864864864861,2026-08-02,Gumhem_57.960_15.850,6.114713079875032,3.482010639479556,5.542909774385114,2.826532282981794,3.0219116064370244,5.6320603126738344,2026-08-02,5.52,5.542909774385114,0.022909774385114545,0.4864864864864861,0.2837837837837833,-0.2027027027027028
SE,46.605562,19.887072,parasol,6398623969,HUMAN_OBSERVATION,,258:66,1.165319788506746,7.29,0.446786804025934,2026-06-01,Palmonostora_46.600_19.900,3.9152301569866017,2.685705290231528,4.53537879897966,2.844547121333797,3.8802809710403725,3.282992431785144,2026-06-01,7.29,4.53537879897966,-2.75462120102034,0.446786804025934,0.2938269447963024,-0.15295985922963162
SE,46.605479,19.887121,parasol,6399177032,HUMAN_OBSERVATION,,258:66,1.157264228620868,7.37,0.4823093200520317,2026-06-04,Palmonostora_46.600_19.900,4.131891240949425,2.844087217505691,4.724162239535016,2.9242963906073425,3.8631553312541334,3.5419360478017357,2026-06-04,7.37,4.724162239535016,-2.6458377604649845,0.4823093200520317,0.3310099915022514,-0.1512993285497803
SE,46.93752,16.363663,parasol,6399686192,HUMAN_OBSERVATION,66.0,260:54,2.643652301610657,5.19,0.6081002271884878,2026-06-14,Szentgotthard_46.960_16.375,6.597223224522049,3.7611458755757647,5.537779416619912,3.3231044242753067,4.515798848787518,5.959380924891334,2026-06-14,5.19,5.537779416619912,0.34777941661991196,0.6081002271884878,0.553154708383704,-0.05494551880478382
SE,46.803572,15.981119,parasol,6400937737,HUMAN_OBSERVATION,,259:53,0.6121144568063556,5.66,0.8497109138182191,2026-06-15,Neuhaus Am Klausenbach_46.800_15.975,7.052761348973926,4.313554972744216,5.958059179052418,3.7626223155219924,5.0227189515869,6.3738837599215685,2026-06-15,5.66,5.958059179052418,0.29805917905241763,0.8497109138182191,0.8840680000234009,0.03435708620518185
SE,45.952312,10.130791,parasol,6412815454,HUMAN_OBSERVATION,8.0,255:33,0.9649890798737386,4.75,0.269892812471047,2026-06-22,Darfo_45.960_10.125,6.71025864422711,4.537432808973837,5.194326111358329,4.458869687390629,4.734205839409968,6.14421662065247,2026-06-22,4.75,5.194326111358329,0.444326111358329,0.269892812471047,0.39862208144167705,0.12872926897063003
SE,46.944393,9.004128,parasol,6412961883,HUMAN_OBSERVATION,4.0,260:30,2.7304323163638133,2.59,0.0674528002053722,2026-06-19,Glarus_46.920_9.000,5.256046354771376,3.7524472585792172,4.140369544792647,3.2799311694662943,3.6881937120408343,4.78168647910256,2026-06-19,2.59,4.140369544792647,1.5503695447926473,0.0674528002053722,0.10675400096237456,0.03930120075700236
SE,41.80603,15.9978,parasol,6413072694,HUMAN_OBSERVATION,5.0,232:53,2.446131404383686,0.96,0.0244617748796924,2026-06-09,Vieste_41.820_15.975,3.3720078102558366,1.699685158859961,3.451095957156709,1.7731390043042057,2.376232584589696,2.604539370973581,2026-06-09,0.96,3.451095957156709,2.491095957156709,0.0244617748796924,0.022207219224759413,-0.002254555654932988
SE,45.823697,25.897219,parasol,6413213078,HUMAN_OBSERVATION,11.0,254:86,0.4641494839871872,5.81,0.9420878925387648,2026-06-21,Reci_45.820_25.900,7.607555823058655,4.91553152309324,5.999340571696192,4.375614929949013,5.574621463434968,7.058790614962451,2026-06-21,5.81,5.999340571696192,0.18934057169619223,0.9420878925387648,0.960126519189903,0.0180386266511382
SE,37.751688,15.06165,parasol,6413832757,HUMAN_OBSERVATION,3.0,209:50,1.7512599728681792,2.49,0.0485633299224916,2026-06-17,Giarre_37.740_15.075,3.83091513670611,1.953433078673103,3.472317509330995,1.6477438123423174,1.9117916325397117,2.6786869881835114,2026-06-17,2.49,3.472317509330995,0.9823175093309948,0.0485633299224916,0.04162403114451394,-0.006939298777977658
SE,42.356267,10.896608,parasol,6414006531,HUMAN_OBSERVATION,8.0,235:36,1.8233494380077335,6.18,0.1677201564947187,2026-06-01,Campese_42.360_10.875,4.190697963617752,2.066306669412849,4.194246906681722,2.321430065108054,3.2964291321960455,3.333174796902297,2026-06-01,6.18,4.194246906681722,-1.9857530933182774,0.1677201564947187,0.18363482069873602,0.015914664204017326
SE,46.0723,23.530283,parasol,6422581064,HUMAN_OBSERVATION,,255:78,2.707227947552842,5.95,0.998744846196609,2026-06-22,Inuri_46.060_23.500,6.844725704576516,4.422240812688102,6.2752146609897625,3.6349397057865684,4.499512371423812,6.23699120497604,2026-06-22,5.95,6.2752146609897625,0.32521466098976237,0.998744846196609,1.0,0.0012551538033910292
SE,45.416017,17.250446,parasol,6441812904,HUMAN_OBSERVATION,3.0,252:57,2.616514001733911,5.28,0.5882125567497481,2026-06-22,Cernik_45.400_17.275,6.472527203195551,3.6263378817750858,5.513739505057851,3.0623326195344993,3.9678109504157946,5.704802334655718,2026-06-22,5.28,5.513739505057851,0.23373950505785057,0.5882125567497481,0.5781713263226194,-0.010041230427128789
SE,46.307537,11.662933,parasol,6470104679,HUMAN_OBSERVATION,72.0,257:38,3.166257682197084,6.35,0.912455661568892,2026-07-27,Pozza_46.320_11.700,7.86477286892734,6.323331816221283,6.767760119502156,4.5889209441041245,4.487439620490358,7.456714119461067,2026-07-27,6.35,6.767760119502156,0.4177601195021561,0.912455661568892,0.9870942289788082,0.07463856740991615
NE,62.643594,11.870904,morel,6356418604,HUMAN_OBSERVATION,1.0,347:39,0.4511285052543802,5.25,0.4607304053583732,2026-06-02,Borgos_62.640_11.875,3.360289335914888,3.0327916584086836,3.559337475235559,4.904795044039842,5.678713831079004,3.892395893855274,2026-06-02,5.25,4.904795044039842,-0.345204955960158,0.4607304053583732,0.6829279392631685,0.22219753390479535
NE,64.852568,13.383541,morel,6356431663,HUMAN_OBSERVATION,25.0,359:44,0.9196591040169032,5.03,0.5034315932388772,2026-06-06,Røyrvik_64.860_13.375,4.337980729299682,3.7467503747749222,4.104998486226593,5.105077149586921,5.411689680891032,4.845749536223119,2026-06-06,5.03,5.105077149586921,0.07507714958692091,0.5034315932388772,0.8584819084463857,0.3550503152075085
NE,66.832205,15.376948,morel,6356447673,HUMAN_OBSERVATION,200.0,370:51,1.329639107132193,5.53,0.6895352627065006,2026-06-04,Røkland_66.840_15.400,3.8032902518684994,2.337943679099708,2.0177490174064694,5.4509201008071555,5.844202826553046,4.279658620244936,2026-06-04,5.53,5.4509201008071555,-0.07907989919284475,0.6895352627065006,0.971685656133593,0.28215039342709247
NE,70.181916,22.331453,morel,6356449434,HUMAN_OBSERVATION,25.0,389:74,2.5954332264901883,5.5,0.7247944960892732,2026-06-05,Øksfjord_70.200_22.375,3.5044021220886483,0.0,0.0,5.529725755616277,5.73974461975432,4.266265123183158,2026-06-05,5.5,5.529725755616277,0.029725755616277105,0.7247944960892732,1.0,0.27520550391072685
NE,68.781159,16.508726,morel,6356493308,HUMAN_OBSERVATION,250.0,381:55,2.442318799902913,5.24,0.5946010341041402,2026-06-06,Hårstad_68.760_16.525,4.246103976534636,0.0,0.0,5.26332222049512,5.809086659549047,4.926356439163234,2026-06-06,5.24,5.26332222049512,0.023322220495120227,0.5946010341041402,0.9184580073882805,0.3238569732841403
NE,62.143532,9.331241,morel,6356575521,HUMAN_OBSERVATION,25.0,344:31,1.859633846955102,5.2,0.5288591734732732,2026-06-01,Dombås_62.160_9.325,3.306904449385828,2.9474809146605403,3.1196339727425872,4.592526110427909,5.342509577671246,3.479364998888939,2026-06-01,5.2,4.592526110427909,-0.6074738895720913,0.5288591734732732,0.774146548442854,0.24528737496958086
NE,70.368346,31.015772,morel,6364096323,HUMAN_OBSERVATION,50.0,390:103,3.629361994460483,4.68,0.8332627444336737,2026-06-11,Vardø_70.380_30.925,3.4184750026231807,0.0,0.0,5.0894181441461015,5.46829065795765,4.4653253983943175,2026-06-11,4.68,5.0894181441461015,0.4094181441461018,0.8332627444336737,0.8635657747367038,0.030303030303030165
NE,70.339325,25.412306,morel,6364120410,HUMAN_OBSERVATION,2.0,390:84,2.570611241935857,3.87,0.1522661358832978,2026-06-06,Hestnes_70.320_25.450,3.3636852215534194,0.0,0.0,4.219457175377446,4.919171979219105,4.023827171243564,2026-06-06,3.87,4.219457175377446,0.349457175377446,0.1522661358832978,0.5334196427098246,0.38115350682652677
NE,65.77309,22.69744,morel,6365468333,HUMAN_OBSERVATION,10.0,365:75,2.805921055259478,5.15,0.5665554135591578,2026-06-06,Bjornholmen_65.760_22.750,3.5283443693521064,3.201607551174631,3.2336842265433607,4.790052400269491,5.610526965110875,3.8670636377525582,2026-06-06,5.15,4.790052400269491,-0.3599475997305097,0.5665554135591578,0.7871202164433682,0.22056480288421032
NE,62.305438,11.720041,morel,6395337315,HUMAN_OBSERVATION,75.0,345:39,2.8401760313422915,4.55,0.8183326911880694,2026-06-10,Buvika_62.280_11.725,4.047365719142304,3.3718978731311213,4.182529860044765,4.978071901705465,5.402198662968069,4.791765537963822,2026-06-10,4.55,4.978071901705465,0.42807190170546505,0.8183326911880694,0.8496879504957054,0.03135525930763605
NE,70.030028,22.112606,morel,6395354608,HUMAN_OBSERVATION,5.0,388:73,1.805816020130261,4.77,0.8559977888336111,2026-06-17,Alteidet_70.020_22.150,4.464692514040495,0.0,0.0,5.1564489946442364,5.27954422374564,5.646556832396125,2026-06-17,4.77,5.1564489946442364,0.3864489946442369,0.8559977888336111,0.883572680333558,0.027574891499946852
NE,69.676622,18.973838,morel,6395361444,HUMAN_OBSERVATION,10.0,386:63,4.323408368335588,4.89,0.4490573209146072,2026-06-04,Tromsø_69.660_19.075,3.402683954090507,0.0,0.0,4.961063690358108,5.697900679387763,4.048108049472238,2026-06-04,4.89,4.961063690358108,0.07106369035810811,0.4490573209146072,0.8624698812382894,0.4134125603236822
NE,69.679106,19.061029,morel,6395377367,HUMAN_OBSERVATION,10.0,386:63,2.1919834879362448,4.89,0.4423650082282474,2026-06-05,Tromsø_69.660_19.075,3.6903173417992607,0.0,0.0,4.969713000014291,5.632213065968306,4.377777347578697,2026-06-05,4.89,4.969713000014291,0.0797130000142916,0.4423650082282474,0.9558109531590919,0.5134459449308445
NE,62.664846,11.77403,morel,6395463473,HUMAN_OBSERVATION,1.0,347:39,3.0647418727752944,3.26,0.0647589475788905,2026-06-17,Borgos_62.640_11.800,3.396890666328462,2.9551855138776886,3.4251550681043432,4.007168439928744,4.473382927165308,4.080444130068708,2026-06-17,3.26,4.007168439928744,0.7471684399287444,0.0647589475788905,0.14187925620126357,0.07712030862237307
NE,62.286114,11.736085,morel,6395490474,HUMAN_OBSERVATION,75.0,345:39,0.8892964590063844,4.47,0.8270207828012964,2026-06-09,Buvika_62.280_11.725,4.020355369496498,3.3576822269721975,4.158536649757143,4.9736362108501195,5.419390129103584,4.712693604419098,2026-06-09,4.47,4.9736362108501195,0.5036362108501198,0.8270207828012964,0.8845114387476516,0.05749065594635516
NE,69.644077,18.948595,morel,6395497467,HUMAN_OBSERVATION,39.0,386:63,5.19825065314098,5.1,0.378079272700013,2026-06-02,Tromsø_69.660_19.075,3.197079819916464,0.0,0.0,5.012239981850478,5.8783243393159985,3.7784650711053795,2026-06-02,5.1,5.012239981850478,-0.08776001814952128,0.378079272700013,0.7129242449390426,0.3348449722390296
NE,70.541663,30.597194,morel,6395507499,HUMAN_OBSERVATION,50.0,391:102,4.952207890828308,4.61,0.8531957645701922,2026-06-19,Hamningberg_70.500_30.550,3.1958550608997234,0.0,0.0,4.956810094419003,5.130484233584874,4.950007198141838,2026-06-19,4.61,4.956810094419003,0.3468100944190029,0.8531957645701922,0.9187891463579786,0.0655933817877864
NE,64.85655,16.78416,morel,6404433407,HUMAN_OBSERVATION,500.0,359:56,1.6587636543646151,4.79,0.96317393264629,2026-06-21,Nyluspen_64.860_16.750,4.929846931014573,4.408279700272423,4.86408853886633,4.9184302036722265,5.471220187011418,5.461986365676084,2026-06-21,4.79,4.9184302036722265,0.12843020367222646,0.96317393264629,0.9238927941356659,-0.03928113851062409
NE,67.87582,20.85179,morel,6404715484,HUMAN_OBSERVATION,100.0,376:69,2.0099370133857706,5.02,0.9785451218382286,2026-06-22,Paksuniemi_67.860_20.875,4.4638615737678276,0.0,0.0,5.47151121642786,5.413965667722753,5.760295229348791,2026-06-22,5.02,5.47151121642786,0.4515112164278605,0.9785451218382286,0.9785451218382286,0.0
NE,60.929058,9.217595,morel,6405677554,HUMAN_OBSERVATION,8.0,338:30,3.675344949974807,4.78,0.8901103382933804,2026-06-11,Leira_60.900_9.250,4.189066165744948,4.102966660548121,3.913409302362072,5.129531751807083,5.549748384684177,4.579878425763349,2026-06-11,4.78,5.129531751807083,0.34953175180708307,0.8901103382933804,0.8777776732016306,-0.012332665091749795
NE,70.541307,30.610857,morel,6405693568,HUMAN_OBSERVATION,5.0,391:102,5.117518749153867,4.71,0.8941110508430916,2026-06-18,Hamningberg_70.500_30.550,3.3183305090796935,0.0,0.0,5.017968174436987,5.158911378941182,4.975799332238578,2026-06-18,4.71,5.017968174436987,0.3079681744369873,0.8941110508430916,0.8941110508430916,0.0
NE,60.489596,10.756203,morel,6419667596,HUMAN_OBSERVATION,25.0,335:35,1.1198286364764405,4.67,0.8459797103172242,2026-06-18,Kolbu_60.480_10.750,4.732632763333736,4.47557875974657,4.456777321984442,4.977079554563927,5.389420117673088,5.353966390961251,2026-06-18,4.67,4.977079554563927,0.3070795545639271,0.8459797103172242,0.8523972223873398,0.00641751207011565
NE,62.65652,15.61665,morel,6435518369,HUMAN_OBSERVATION,10.0,347:52,1.885825740137596,4.64,0.8467406554073859,2026-06-10,Lombacken_62.640_15.625,4.966136403031014,4.251348508424728,5.290554470690068,5.217698972738801,5.788173857079249,5.121505177217306,2026-06-10,4.64,5.217698972738801,0.5776989727388013,0.8467406554073859,0.9233703277036948,0.0766296722963089
NE,65.59838,15.54648,morel,6473630362,HUMAN_OBSERVATION,25.0,364:51,2.0501569992504294,4.02,0.8135541250597085,2026-06-28,Rodingsfors_65.580_15.550,4.161458356537125,3.6895913928563964,3.861009350036219,4.284477987020723,4.912314954587008,5.000305803313624,2026-06-28,4.02,4.284477987020723,0.2644779870207232,0.8135541250597085,0.8317439665172979,0.018189841457589395
SE,41.835271,-1.795853,morel,6398654180,HUMAN_OBSERVATION,82.0,232:-6,1.732476806470363,0.3,0.0039022052161532,2026-06-05,Litago_41.820_-1.800,3.2130861604669874,1.9138277140576614,3.5026256666995184,2.1681816799680647,2.7029475051642553,2.6908661922609425,2026-06-05,0.3,2.1681816799680647,1.8681816799680646,0.0039022052161532,0.03601598325228358,0.03211377803613038
SE,41.834954,-1.796891,morel,6398739932,HUMAN_OBSERVATION,50.0,232:-7,1.682647118953404,0.31,0.0023607910337894,2026-06-06,Litago_41.820_-1.800,3.202030043800165,1.945656628504331,3.551677731378341,2.2776018821953072,2.8466878971095007,2.777886150784715,2026-06-06,0.31,2.2776018821953072,1.9676018821953072,0.0023607910337894,0.01573860689192939,0.01337781585813999
SE,41.826616,-1.815309,morel,6399226360,HUMAN_OBSERVATION,42.0,232:-7,1.466433704259414,0.3,0.0039022052161532,2026-06-05,Litago_41.820_-1.800,3.2130861604669874,1.9138277140576614,3.5026256666995184,2.1681816799680647,2.7029475051642553,2.6908661922609425,2026-06-05,0.3,2.1681816799680647,1.8681816799680646,0.0039022052161532,0.03601598325228358,0.03211377803613038
NE,57.69808,11.79836,st_george,6355124461,HUMAN_OBSERVATION,123.0,320:39,2.4393422712991604,6.58,0.5859331916283378,2026-06-02,Goteborg_57.720_11.800,4.930269780265078,3.2924657219046036,4.364338012150965,4.1093896735058495,5.567073008129556,4.965939563353512,2026-06-02,6.58,5.567073008129556,-1.0129269918704438,0.5859331916283378,0.541261317213941,-0.044671874414396795
NE,59.898326,10.671006,st_george,6356417482,HUMAN_OBSERVATION,5.0,332:35,4.639287142201813,6.22,0.4051442124932378,2026-06-02,Oslo_59.940_10.675,4.276965711984288,3.1734219639665766,4.115009972226237,4.026847514778095,4.946166557646559,4.342235168658681,2026-06-02,6.22,4.946166557646559,-1.2738334423534408,0.4051442124932378,0.24977914366637405,-0.15536506882686374
NE,60.688164,10.86277,st_george,6356464622,HUMAN_OBSERVATION,10.0,336:36,3.730763009874292,6.85,0.7098269021753668,2026-06-02,Skreia_60.660_10.900,4.214113297347804,3.717819383047467,4.2742714987763115,5.05244356854844,5.630542046190949,4.424563917144228,2026-06-02,6.85,5.630542046190949,-1.2194579538090506,0.7098269021753668,0.5753320876143744,-0.13449481456099244
NE,63.488547,10.923559,st_george,6356524463,HUMAN_OBSERVATION,25.0,352:36,1.506988735021672,6.23,0.6059866271652627,2026-06-06,Kvithammer_63.480_10.900,4.585326410895686,4.013703115934979,4.335744310324972,5.087813877144115,5.535340612744771,4.960767597065465,2026-06-06,6.23,5.535340612744771,-0.6946593872552294,0.6059866271652627,0.5432313750817543,-0.0627552520835084
NE,59.419698,10.627214,st_george,6356530608,HUMAN_OBSERVATION,25.0,329:35,3.4798471279968406,6.17,0.5382590740308593,2026-06-04,Fuglevik_59.400_10.675,5.16004681278681,3.351665484621787,4.419892246967891,3.847459944586141,5.186573943793306,5.087504576849151,2026-06-04,6.17,5.186573943793306,-0.9834260562066941,0.5382590740308593,0.44562080343612476,-0.0926382705947345
NE,59.41861,10.605376,st_george,6363976365,HUMAN_OBSERVATION,8.0,329:35,4.4502237671752125,6.25,0.5190189752965488,2026-06-01,Fuglevik_59.400_10.675,4.907817734415686,3.175588238041588,4.37319440936518,3.9201191759126117,5.375920482507292,4.819440215353631,2026-06-01,6.25,5.375920482507292,-0.8740795174927083,0.5190189752965488,0.5372423733784278,0.018223398081879005
NE,60.8811,11.555092,st_george,6364013461,HUMAN_OBSERVATION,25.0,337:38,2.361438986453959,6.25,0.3727810650887571,2026-06-07,Elverum_60.900_11.575,4.339461239305425,4.001099668294177,4.184717455446771,4.853215153304821,5.310723659416483,4.762536536579305,2026-06-07,6.25,5.310723659416483,-0.9392763405835174,0.3727810650887571,0.40786976292084337,0.03508869783208629
NE,59.9576,10.862931,st_george,6364031329,HUMAN_OBSERVATION,5.0,332:36,2.844403210281523,5.28,0.6441538700706446,2026-06-13,Oslo_59.940_10.900,5.575223377095293,4.200521308306927,4.655743242337083,4.605584528485994,5.537529225474215,5.690803702228661,2026-06-13,5.28,5.537529225474215,0.2575292254742152,0.6441538700706446,0.598794327466185,-0.045359542604459624
NE,59.937509,10.748747,st_george,6364108618,HUMAN_OBSERVATION,1.0,332:35,0.2856445038362953,6.48,0.5177514792899397,2026-06-07,Oslo_59.940_10.750,4.71908091460923,4.05198498521364,4.468203280368233,4.911444143623633,5.509620511439446,4.978539193170986,2026-06-07,6.48,5.509620511439446,-0.9703794885605541,0.5177514792899397,0.563695920355631,0.04594444106569129
NE,59.419606,10.626396,st_george,6364111634,HUMAN_OBSERVATION,8.0,329:35,3.509575141875881,6.81,0.6715976331360927,2026-06-07,Fuglevik_59.400_10.675,5.949466692888051,4.04397386331582,5.0376092531895145,4.3432060837062885,5.7772530362365435,5.989491485311778,2026-06-07,6.81,5.7772530362365435,-1.032746963763456,0.6715976331360927,0.7356618698942435,0.06406423675815087
NE,59.3883,10.659059,st_george,6364114364,HUMAN_OBSERVATION,25.0,329:35,1.5833489996724384,6.28,0.6373642532070171,2026-06-06,Fuglevik_59.400_10.675,5.774061891857381,4.00421975669328,4.895830331253522,4.2861651792033895,5.6625870992628045,5.809215144836603,2026-06-06,6.28,5.6625870992628045,-0.6174129007371958,0.6373642532070171,0.6012650450976841,-0.03609920810933298
NE,58.999788,9.734037,st_george,6364126588,HUMAN_OBSERVATION,25.0,327:32,6.622560784266632,6.66,0.6001430862587611,2026-06-08,Lunde_58.980_9.625,5.301452470776522,3.874569145690496,5.321316247708714,3.971912713878691,5.402049836880771,5.837888480905723,2026-06-08,6.66,5.402049836880771,-1.2579501631192294,0.6001430862587611,0.4251925351864217,-0.17495055107233942
NE,56.74627,16.69031,st_george,6364551386,HUMAN_OBSERVATION,5.0,314:55,1.7893999749322202,3.24,0.0515983324511852,2026-06-05,Ismantorp_56.760_16.675,2.77704820853021,1.8770596472254097,2.5158860415719455,2.226482418002567,2.883957257218371,2.714278580043198,2026-06-05,3.24,2.883957257218371,-0.35604274278162906,0.0515983324511852,0.03406488064420696,-0.01753345180697824
NE,59.27035,18.13345,st_george,6364634348,HUMAN_OBSERVATION,30.0,328:60,2.182356700772903,6.35,0.6957397302938146,2026-06-05,Stockholm_59.280_18.100,5.303916649426104,3.5288911293433816,5.10684463512159,4.272166685635704,5.7774374778266955,4.930872935449984,2026-06-05,6.35,5.7774374778266955,-0.5725625221733042,0.6957397302938146,0.8087429014043498,0.11300317111053515
NE,61.40398,17.10014,st_george,6364742389,HUMAN_OBSERVATION,25.0,340:57,2.976893249838757,6.47,0.7602829961909705,2026-06-05,Soderhamn_61.380_17.125,3.8694366570404015,3.1160132923433843,4.173948639861869,4.797109560348416,5.424043958276243,4.0863918874176175,2026-06-05,6.47,5.424043958276243,-1.0459560417237563,0.7602829961909705,0.5874290140434913,-0.17285398214747916
NE,58.57157,13.42854,st_george,6364746304,HUMAN_OBSERVATION,10.0,325:44,1.7899346385591974,7.0,0.7514792899408266,2026-06-07,Lidkoping_58.560_13.450,5.9819750232866005,4.207466064659674,5.480985178549649,4.541513546988768,6.102477719644322,5.567371438156377,2026-06-07,7.0,6.102477719644322,-0.8975222803556777,0.7514792899408266,0.879335225025632,0.12785593508480542
NE,56.33163,16.54372,st_george,6364746315,HUMAN_OBSERVATION,1000.0,312:55,1.4824351833210725,1.63,0.0257859303927369,2026-06-05,Torngard_56.340_16.525,2.8259592193627374,1.9087573186153406,2.5586970456882754,2.1685280226445114,2.768623831691044,2.740237336030091,2026-06-05,1.63,2.768623831691044,1.138623831691044,0.0257859303927369,0.029213595789726717,0.003427665396989816
NE,59.26005,18.75151,st_george,6365061364,HUMAN_OBSERVATION,50.0,328:62,2.588911223265111,7.15,0.9402081851764912,2026-06-06,Nore_59.280_18.775,5.217276757374076,3.7109933049626065,4.604310994266234,4.447576163333234,6.0698833173831686,5.149164745135638,2026-06-06,7.15,6.0698833173831686,-1.0801166826168318,0.9402081851764912,0.8955025371476494,-0.044705648028841805
NE,59.82579,17.6312,st_george,6394093414,HUMAN_OBSERVATION,10.0,332:58,1.232370209235472,3.26,0.0916386342907777,2026-06-10,Uppsala_59.820_17.650,4.728997080963236,3.4787392102447403,5.097260889292916,4.2134748971379885,4.848622248523892,4.641096254775899,2026-06-10,3.26,4.848622248523892,1.588622248523892,0.0916386342907777,0.15184768222331352,0.060209047932535814
NE,56.08083,12.66278,st_george,6394548350,HUMAN_OBSERVATION,20.0,311:42,3.142418725614022,4.72,0.1569588736540267,2026-06-08,Helsingborg_56.100_12.700,5.793322883801869,3.6419732572176513,4.623699432879955,3.902994894000752,5.184782129619762,5.952964196176259,2026-06-08,4.72,5.184782129619762,0.4647821296197625,0.1569588736540267,0.2762299465934291,0.1192710729394024
NE,60.67974,15.09406,st_george,6394606404,HUMAN_OBSERVATION,25.0,336:50,2.218707436886584,6.67,0.6030259616238272,2026-06-08,Nedre Heden_60.660_15.100,4.6331334820072705,3.7250634191337104,5.044144155029628,4.810096170763703,5.473924927221262,4.737109634027212,2026-06-08,6.67,5.473924927221262,-1.1960750727787381,0.6030259616238272,0.4972644193130708,-0.10576154231075635
NE,63.18456,14.62246,st_george,6394767403,HUMAN_OBSERVATION,198.0,350:48,1.4716806025819458,7.45,0.9528849795747526,2026-06-08,Ostersund_63.180_14.650,4.92553898692298,4.2372184369671135,4.80683772378434,5.37095063169443,6.141802279034007,5.174875334930538,2026-06-08,7.45,6.141802279034007,-1.3081977209659934,0.9528849795747526,0.9432473388953638,-0.00963764067938877
NE,56.50336,16.61546,st_george,6394932385,HUMAN_OBSERVATION,50.0,313:55,2.0792466533086165,1.63,0.0257859303927369,2026-06-05,Brunneby_56.520_16.600,2.822451942397432,1.9047063585659283,2.554374479021096,2.1636692327177793,2.762494525514238,2.737924433180921,2026-06-05,1.63,2.762494525514238,1.1324945255142382,0.0257859303927369,0.0267879533624866,0.001002022969749699
NE,50.787217,4.387105,st_george,6398712372,HUMAN_OBSERVATION,4.0,281:14,3.1438226564872926,4.57,0.1157464735263121,2026-06-05,Sint-Genesius-Rode_50.760_4.375,5.237593131976693,3.044689543326831,5.210592923672477,2.9768495045811805,4.180258564493527,5.088422677125084,2026-06-05,4.57,4.180258564493527,-0.38974143550647344,0.1157464735263121,0.11374242758681277,-0.0020040459394993215
NE,56.929325,24.124126,st_george,6399635361,HUMAN_OBSERVATION,7.0,315:80,1.8844888868877403,5.55,0.8832460489442486,2026-06-14,Riga_56.940_24.100,7.022233914742004,4.489422586705621,6.027587356268613,4.3099157744224454,5.764004873577239,6.40606136002333,2026-06-14,5.55,5.764004873577239,0.21400487357723907,0.8832460489442486,0.8143389042596723,-0.06890714468457637
NE,59.811463,17.642819,st_george,6399717083,HUMAN_OBSERVATION,500.0,331:58,1.0306767258125362,4.67,0.2761732851985544,2026-06-13,Uppsala_59.820_17.650,4.979079662947853,3.7247772357195545,5.353746561147894,4.341650297923025,4.962717542069884,4.929679971815478,2026-06-13,4.67,4.962717542069884,0.29271754206988376,0.2761732851985544,0.17863126802894885,-0.09754201716960553
NE,63.186978,14.58908,st_george,6400300560,HUMAN_OBSERVATION,8.0,350:48,1.0492485653159969,6.89,0.728410958757421,2026-06-02,Ostersund_63.180_14.575,3.9194935056949602,3.3764846310234433,4.012949048693386,5.164666647741123,6.2195009039762015,4.138211310649207,2026-06-02,6.89,6.2195009039762015,-0.6704990960237982,0.728410958757421,0.8606195756345933,0.13220861687717234
NE,59.874349,17.609033,st_george,6400365561,HUMAN_OBSERVATION,4.0,332:58,2.000423936119144,4.77,0.2587221036849078,2026-06-15,Uppsala_59.880_17.575,4.725452943044982,3.9748039425235393,5.180511125745989,4.527424993213576,5.015515241930108,4.92083583276199,2026-06-15,4.77,5.015515241930108,0.2455152419301081,0.2587221036849078,0.23012208646844237,-0.028600017216465407
NE,57.01684,23.986198,st_george,6400895398,HUMAN_OBSERVATION,5.0,316:80,2.88268765729007,5.54,0.8691665235707434,2026-06-14,Riga_57.000_23.950,7.029043495651009,4.485034994268528,6.024426905012422,4.301705824162076,5.7549448130050225,6.415752498550433,2026-06-14,5.54,5.7549448130050225,0.21494481300502244,0.8691665235707434,0.8110576116556447,-0.058108911915098704
NE,59.83265,17.62748,st_george,6404250430,HUMAN_OBSERVATION,10.0,332:58,1.8875139176776792,4.95,0.3502044473093408,2026-06-16,Uppsala_59.820_17.650,5.781846352871951,4.186609538232503,5.4963269654087155,4.189094798981459,5.191051563908801,5.617352732248456,2026-06-16,4.95,5.191051563908801,0.24105156390880111,0.3502044473093408,0.33659175930896645,-0.013612688000374351
NE,60.36715,18.31326,st_george,6404267377,HUMAN_OBSERVATION,25.0,335:61,7.494652992459558,6.08,0.5128747573740347,2026-06-06,Johannesvik_60.300_18.325,4.1514030641707516,3.177801197837264,4.529210040595369,4.601583507683125,5.397929098141959,4.281560780150465,2026-06-06,6.08,5.397929098141959,-0.6820709018580411,0.5128747573740347,0.48852971056259653,-0.02434504681143812
NE,60.32144,18.45328,st_george,6404430367,HUMAN_OBSERVATION,4.0,334:61,3.78075171542394,4.93,0.4948633959654619,2026-06-19,Soderbybyn_60.300_18.400,4.848243008757212,3.9017016907076973,5.004847110738362,4.539567246708997,5.19122405184258,5.434537200097125,2026-06-19,4.93,5.19122405184258,0.26122405184258035,0.4948633959654619,0.5077921154701861,0.012928719504724184
NE,58.4016,15.58103,st_george,6404503302,HUMAN_OBSERVATION,20.0,324:52,3.00651068917896,4.57,0.2115042761186726,2026-06-15,Linkoping_58.380_15.550,6.219072279881718,3.875538932858224,5.241214368305249,3.8799708881818957,4.957480582578479,5.85788351801462,2026-06-15,4.57,4.957480582578479,0.38748058257847884,0.2115042761186726,0.2036346381909664,-0.007869637927706202
NE,58.57903,15.81264,st_george,6404568323,HUMAN_OBSERVATION,100.0,325:52,3.028274366907645,4.98,0.3868479408516337,2026-06-16,Finspång_58.560_15.850,6.42426909421705,4.223505767891796,5.363933562537429,3.8499928936625674,5.140333234262117,6.12906720709407,2026-06-16,4.98,5.140333234262117,0.16033323426211687,0.3868479408516337,0.2724656456099539,-0.11438229524167981
NE,57.73545,11.61506,st_george,6404652364,HUMAN_OBSERVATION,200.0,320:38,6.749636511709057,5.5,0.8801331810595479,2026-06-15,Goteborg_57.720_11.725,6.762136514133689,4.423804896336244,5.3353705517648295,4.384306563406178,5.809189856669196,6.693537560317697,2026-06-15,5.5,5.809189856669196,0.30918985666919596,0.8801331810595479,0.9144902672647297,0.03435708620518185
NE,57.48009,13.54593,st_george,6405012379,HUMAN_OBSERVATION,100.0,319:45,1.25118793879608,5.39,0.8563192589410391,2026-06-19,Grimsas_57.480_13.525,6.845048808886884,4.4525984562510565,5.439635860845721,4.374547805229241,5.728596745207869,6.558146129656314,2026-06-19,5.39,5.728596745207869,0.33859674520786953,0.8563192589410391,0.9004829221542331,0.04416366321319398
NE,57.40601,15.05275,st_george,6405055477,HUMAN_OBSERVATION,25.0,318:50,2.276352390302655,5.01,0.3908648248121107,2026-06-17,Vetlanda_57.420_15.025,6.311483113460762,4.062343483070868,5.405236729988726,4.08210276058468,5.514229019227753,5.972533860308898,2026-06-17,5.01,5.514229019227753,0.5042290192277532,0.3908648248121107,0.5713454006562946,0.18048057584418387
NE,59.82904,17.65565,st_george,6405172319,HUMAN_OBSERVATION,10.0,332:58,1.0536403911510746,4.89,0.3050762734789418,2026-06-17,Uppsala_59.820_17.650,5.65398837533473,4.12099796127809,5.424551324227452,4.218452410156317,5.257565722137158,5.567005380175276,2026-06-17,4.89,5.257565722137158,0.367565722137158,0.3050762734789418,0.2900450466344409,-0.015031226844500867
NE,64.021351,11.371378,st_george,6405625331,HUMAN_OBSERVATION,10.0,355:37,6.266803370162213,4.87,0.4236664255945888,2026-06-18,Steinkjer_64.020_11.500,4.647711823668013,4.008439349758409,4.562134746807798,4.571854993208195,5.134363314071371,5.09896686111621,2026-06-18,4.87,5.134363314071371,0.26436331407137104,0.4236664255945888,0.3831007854656648,-0.040565640128923997
NE,59.94667,10.819687,st_george,6405665342,HUMAN_OBSERVATION,5.0,332:36,0.7985175904080667,4.85,0.2616493379154664,2026-06-16,Oslo_59.940_10.825,4.930550175246485,4.136651365034597,4.41467026774189,4.4954625532870764,5.2870342921692925,5.368406808087474,2026-06-16,4.85,5.2870342921692925,0.4370342921692929,0.2616493379154664,0.39931968285503555,0.13767034493956914
NE,50.480736,6.521482,st_george,6411600565,HUMAN_OBSERVATION,3.0,280:21,14.095507483021407,5.88,0.4583573769732635,2026-06-06,Bullingen_50.460_6.325,6.1531891323471575,4.420133463932809,5.345958189820266,4.456478464974271,5.818357062665574,6.006655880744878,2026-06-06,5.88,5.818357062665574,-0.06164293733442605,0.4583573769732635,0.7425988525329122,0.28424147555964874
NE,52.25,4.95,st_george,6412106509,HUMAN_OBSERVATION,5000.0,289:16,2.0327830478488376,5.13,0.1627218934911239,2026-06-07,Vreeland_52.260_4.975,5.331719279910341,3.248335632270841,5.479725061112862,3.2961803651430395,4.616592902597108,5.3131076682076825,2026-06-07,5.13,4.616592902597108,-0.5134070974028919,0.1627218934911239,0.16673204587425472,0.004010152383130822
NE,52.75,6.2,st_george,6412510361,HUMAN_OBSERVATION,,292:20,2.017020400886296,6.3,0.5304394082153501,2026-06-01,Meppel_52.740_6.175,5.54580947717236,3.4195262212074686,5.211396937412028,3.3330314791576923,4.978362636370857,5.315210677033869,2026-06-01,6.3,4.978362636370857,-1.3216373636291427,0.5304394082153501,0.3799115193340872,-0.1505278888812629
NE,57.87944,14.31778,st_george,6418682454,HUMAN_OBSERVATION,25.0,321:47,2.9754452843252444,4.51,0.1218199781235668,2026-06-17,Jonkoping_57.900_14.350,6.057095115952452,3.838899408711224,4.897869388979448,4.212107406076957,5.1439611908665865,5.8628268729963535,2026-06-17,4.51,5.1439611908665865,0.6339611908665868,0.1218199781235668,0.22431577337896866,0.10249579525540185
NE,59.81333,17.6625,st_george,6419227423,HUMAN_OBSERVATION,10.0,331:58,1.0190298510347533,4.31,0.4166545595945001,2026-06-25,Uppsala_59.820_17.650,6.213067455356651,3.9341420457131893,5.64373018927428,3.663612887714669,4.466739487831976,6.038519004668197,2026-06-25,4.31,4.466739487831976,0.15673948783197655,0.4166545595945001,0.36696512717634466,-0.04968943241815543
NE,50.48102,6.145775,st_george,6451622620,HUMAN_OBSERVATION,4.0,280:20,3.121072223516085,6.22,0.9969463755381424,2026-06-16,Butgenbach_50.460_6.175,6.299388923199532,4.797761395763249,5.073035049086676,4.878461819625299,6.354947013049062,6.327326472494015,2026-06-16,6.22,6.354947013049062,0.13494701304906265,0.9969463755381424,0.9969463755381424,0.0
NE,56.242177,10.214965,st_george,6467794316,HUMAN_OBSERVATION,17.0,312:34,2.5427772005570835,4.32,0.291311705586553,2026-06-10,Lystrup_56.220_10.225,6.028700640353228,3.828528291928441,4.821338787992094,3.9233830038146653,5.183886365943834,6.124768522267503,2026-06-10,4.32,5.183886365943834,0.8638863659438334,0.291311705586553,0.34644348510301076,0.05513177951645776
NE,56.157792,10.091422,st_george,6467794397,HUMAN_OBSERVATION,15.0,311:33,1.0461282766464952,4.71,0.1272189349112423,2026-06-07,Framlev_56.160_10.075,5.397230759558995,3.329354716761139,4.610116923213299,3.683839894938861,5.038818559456717,5.5239707608972015,2026-06-07,4.71,5.038818559456717,0.32881855945671745,0.1272189349112423,0.3180916312532651,0.1908726963420228
NE,57.544678,10.438021,st_george,6467797491,HUMAN_OBSERVATION,6.0,319:34,0.8840793964358753,5.0,0.7409336986744439,2026-06-20,Strandby_57.540_10.450,6.428884252638236,4.234501994128026,4.948248870686354,4.211961612614335,5.330510046435783,7.011735717893675,2026-06-20,5.0,5.330510046435783,0.33051004643578263,0.7409336986744439,0.8335557569564177,0.09262205828197378
NE,55.932322,9.143335,st_george,6467800348,HUMAN_OBSERVATION,5.0,310:30,2.4018206238938777,6.12,0.5352275813884556,2026-06-06,Brande_55.920_9.175,4.971035124912308,3.3604545416231693,4.607121686626466,3.570724067026206,4.997026342821579,5.438214183579603,2026-06-06,6.12,4.997026342821579,-1.122973657178421,0.5352275813884556,0.2997111019569134,-0.2355164794315422
NE,56.790754,9.892079,st_george,6467807366,HUMAN_OBSERVATION,21.0,315:33,3.8199738909727454,5.76,0.2899408284023665,2026-06-07,Skørping_56.820_9.925,5.133148370330572,3.470524679816949,4.90700557856798,3.7165709373310416,5.182917106836061,5.699439952849115,2026-06-07,5.76,5.182917106836061,-0.5770828931639391,0.2899408284023665,0.36502215021279955,0.07508132181043303
NE,56.174921,9.562393,st_george,6467808312,HUMAN_OBSERVATION,10.0,311:31,1.827955478072056,4.64,0.3742817924650846,2026-06-10,Silkeborg_56.160_9.550,5.570785890152004,3.8127292859292115,5.068481299402339,3.770100064864421,5.009451873571596,6.027538121526724,2026-06-10,4.64,5.009451873571596,0.36945187357159615,0.3742817924650846,0.23895388330570277,-0.1353279091593818
NE,56.969217,9.501393,st_george,6467813394,HUMAN_OBSERVATION,25.0,316:31,3.6215610666635234,5.0,0.409842288711738,2026-06-11,Nibe_56.940_9.475,5.618730597884772,4.126286058163017,5.092305710963203,4.1320579245709315,5.3175084942180515,6.3692874063484775,2026-06-11,5.0,5.3175084942180515,0.3175084942180515,0.409842288711738,0.3728913527029284,-0.03695093600880961
NE,56.029297,12.015717,st_george,6467813436,HUMAN_OBSERVATION,10.0,310:40,5.369527088021977,4.82,0.1420118343195263,2026-06-07,Helsinge_56.040_12.100,5.500453513045369,3.325158065418409,4.5607053762937,3.9706345918072694,4.989325833292028,5.523254289685215,2026-06-07,4.82,4.989325833292028,0.169325833292028,0.1420118343195263,0.2819209736962766,0.1399091393767503
NE,55.782712,12.512095,st_george,6467820308,HUMAN_OBSERVATION,22.0,309:41,3.012156665715538,4.64,0.1379875005292632,2026-06-04,Stavnsholt_55.800_12.475,4.541055280025963,2.671610142088779,3.8780481804588662,3.076722988401473,4.168379278866101,4.340424136517368,2026-06-04,4.64,4.168379278866101,-0.47162072113389897,0.1379875005292632,0.1541539028105595,0.016166402281296288
NE,56.785192,9.832595,st_george,6467821320,HUMAN_OBSERVATION,5.0,315:32,2.995251604192281,4.83,0.4082128495060627,2026-06-10,Arden_56.760_9.850,5.597743766676642,3.929134181894551,5.080721091204168,3.8537101303910695,5.066552205947642,6.12675455542606,2026-06-10,4.83,5.066552205947642,0.2365522059476417,0.4082128495060627,0.2837329664877389,-0.1244798830183238
NE,55.976974,10.142164,st_george,6467828408,HUMAN_OBSERVATION,25.0,310:33,0.5923529921193134,5.02,0.1538461538461535,2026-06-07,Odder_55.980_10.150,5.528006762825408,3.4537422476668618,4.640950129715838,4.002926361410485,5.281936258554401,5.667663836073036,2026-06-07,5.02,5.281936258554401,0.2619362585544014,0.1538461538461535,0.395812877068514,0.24196672322236049
NE,56.189288,10.708083,st_george,6467829468,HUMAN_OBSERVATION,5.0,311:35,4.287627554242753,4.22,0.1863515578185838,2026-06-11,Ebeltoft_56.220_10.750,5.895098698013601,3.706968222515296,4.737446258449628,3.858453361122682,5.078651371159422,6.153845454909204,2026-06-11,4.22,5.078651371159422,0.8586513711594224,0.1863515578185838,0.23081942732010075,0.04446786950151693
NE,55.690658,12.551047,st_george,6467830331,HUMAN_OBSERVATION,5.0,309:41,1.1869330761188597,5.3,0.7114127462480037,2026-06-10,Copenhagen_55.680_12.550,6.554833329495798,4.1210741690827435,5.328230066101567,4.176974193586622,5.544780808263217,6.439479492810806,2026-06-10,5.3,5.544780808263217,0.2447808082632168,0.7114127462480037,0.5522588114787467,-0.159153934769257
NE,56.843736,9.864435,st_george,6467836444,HUMAN_OBSERVATION,12.0,315:32,2.781579806146796,5.36,0.2052090028141605,2026-06-01,Skørping_56.820_9.850,4.067710338203666,2.7718176317142915,3.9050830169883812,3.2725136341283148,4.737520464613325,4.542651731284817,2026-06-01,5.36,4.737520464613325,-0.6224795353866757,0.2052090028141605,0.2781025951416767,0.07289359232751619
NE,56.016796,12.024343,st_george,6467838334,HUMAN_OBSERVATION,25.0,310:40,4.091738127140601,4.57,0.1181591505709817,2026-06-06,Frederiksværk_55.980_12.025,4.938905555469043,3.134450910402757,4.032095197916625,3.6210577897933107,4.658658923822833,5.126389687844127,2026-06-06,4.57,4.658658923822833,0.08865892382283302,0.1181591505709817,0.19188163360778912,0.07372248303680742
NE,55.813545,11.890372,st_george,6467843367,HUMAN_OBSERVATION,25.0,309:39,1.78639188488288,4.67,0.2761732851985544,2026-06-13,Skibby_55.800_11.875,6.344795417167185,4.023489163758526,5.067030040854942,4.069027733531358,5.352615018248462,6.5345789469128,2026-06-13,4.67,5.352615018248462,0.6826150182484625,0.2761732851985544,0.4453733612008341,0.1692000760022797
NE,56.117882,12.352962,st_george,6467844399,HUMAN_OBSERVATION,17.0,311:41,2.6381084445981173,4.39,0.0807854565752007,2026-06-05,Gilleleje_56.100_12.325,4.42300743387512,2.7334735746221646,3.594655825596392,3.0651158124884663,4.051868078340683,4.356839593869236,2026-06-05,4.39,4.051868078340683,-0.3381319216593166,0.0807854565752007,0.07588122838929781,-0.004904228185902887
NE,56.026258,12.075475,st_george,6467849436,HUMAN_OBSERVATION,75.0,310:40,2.157871163651924,5.07,0.4783267994833611,2026-06-12,Helsinge_56.040_12.100,6.376031675199729,3.957459433757059,5.166257678632718,4.292519631474633,5.295888677485797,6.462404569954287,2026-06-12,5.07,5.295888677485797,0.22588867748579666,0.4783267994833611,0.3893351640488366,-0.08899163543452449
NE,56.78593,9.859046,st_george,6467856307,HUMAN_OBSERVATION,10.0,315:32,2.935497553111881,4.74,0.3320937896521151,2026-06-09,Arden_56.760_9.850,5.503167234898086,3.877142156737443,5.0454208116617165,3.8408796709107915,5.105826183869794,6.041970255789808,2026-06-09,4.74,5.105826183869794,0.3658261838697934,0.3320937896521151,0.2646831914749407,-0.06741059817717443
NE,55.823912,12.494144,st_george,6467857382,HUMAN_OBSERVATION,10.0,309:41,2.915562804763401,5.19,0.5112166453477921,2026-06-09,Stavnsholt_55.800_12.475,6.454898420475443,3.9545388351718374,5.286381348986054,4.0127160143773875,5.406744007091985,6.238971790172296,2026-06-09,5.19,5.406744007091985,0.21674400709198505,0.5112166453477921,0.4361406605947332,-0.07507598475305888
NE,55.637747,12.520643,st_george,6467866382,HUMAN_OBSERVATION,25.0,308:41,2.700089940533953,6.75,0.7850049676878749,2026-06-04,Copenhagen_55.620_12.550,5.003307645837842,3.208346306025386,4.2148025656186014,3.729519461930808,4.941572644246204,4.906139156114707,2026-06-04,6.75,4.941572644246204,-1.8084273557537962,0.7850049676878749,0.3687609729775513,-0.4162439947103236
NE,57.230853,10.232646,st_george,6467870360,HUMAN_OBSERVATION,25.0,317:34,1.1163346055563566,5.58,0.8731031194019084,2026-06-11,Hjallerup_57.240_10.225,6.403667382781671,4.426129954519476,5.061464837066625,4.532585095245521,5.872290799454508,6.703801771954582,2026-06-11,5.58,5.872290799454508,0.2922907994545083,0.8731031194019084,0.8560488412439965,-0.01705427815791194
NE,56.814449,9.855847,st_george,6467889459,HUMAN_OBSERVATION,6.0,315:32,0.7124684578203405,6.16,0.5626705557072276,2026-06-06,Skørping_56.820_9.850,5.072755217837655,3.4662717461905057,4.810473868096178,3.7014073633310023,5.189609485186519,5.6199644448104005,2026-06-06,6.16,5.189609485186519,-0.9703905148134808,0.5626705557072276,0.38088452633186126,-0.1817860293753663
NE,56.001711,12.278037,st_george,6467838308,HUMAN_OBSERVATION,10.0,310:41,2.978049168810029,3.16,0.3357211287232182,2026-07-01,Helsinge_55.980_12.250,6.565886731554764,2.9661333681595736,5.082125069249765,2.531015849015398,3.25962175698924,6.063537606423132,2026-07-01,3.16,3.25962175698924,0.0996217569892397,0.3357211287232182,0.23431457934157776,-0.10140654938164043
SE,46.414712,11.61122,st_george,6400769730,HUMAN_OBSERVATION,2.0,257:38,3.0037053214266645,2.86,0.0386704782961669,2026-06-13,Pozza_46.440_11.625,4.762608415876875,4.088527096721156,4.267582970200026,4.0110008098987215,4.394380762033778,4.0755143206978826,2026-06-13,2.86,4.394380762033778,1.5343807620337784,0.0386704782961669,0.06293938818164523,0.024268909885478328
NE,58.052974,7.135758,chant,6363991304,HUMAN_OBSERVATION,25.0,322:23,3.119714874579061,4.21,0.609871485017193,2026-06-06,Svenevik_58.080_7.150,4.692321608828444,3.9640226168005976,4.403649692710528,4.14127001370511,5.53773279803922,5.58718312714291,2026-06-06,4.21,5.58718312714291,1.37718312714291,0.609871485017193,0.6627154169866678,0.05284393196947479
NE,66.000103,12.607595,chant,6364011467,HUMAN_OBSERVATION,25.0,366:42,0.7872596360529045,4.82,0.1715543696755912,2026-06-12,Sandnessjøen_66.000_12.625,4.0607606089896695,3.846815941282235,4.1690260982788505,5.256653208310009,5.6829921648268185,5.277517151621922,2026-06-12,4.82,5.277517151621922,0.4575171516219214,0.1715543696755912,0.11313899645573337,-0.05841537321985783
NE,59.139839,11.038597,chant,6364085446,HUMAN_OBSERVATION,10.0,328:36,2.3341905741267506,4.46,0.7729554702406319,2026-06-06,Hauge_59.160_11.050,5.829511074622232,3.9269126012808515,4.963998555310447,4.301814708201327,5.617545181931844,5.812107894221305,2026-06-06,4.46,5.812107894221305,1.3521078942213052,0.7729554702406319,0.7736926067141764,0.000737136473544453
NE,56.93678,14.89151,chant,6394130375,HUMAN_OBSERVATION,300.0,315:49,1.0635981442769094,3.73,0.106746607087353,2026-06-10,Vaxjo_56.940_14.875,5.794338303061744,3.4349422296947343,5.191259338789435,3.7503381877686848,4.874526502015509,5.429603411642084,2026-06-10,3.73,5.429603411642084,1.6996034116420842,0.106746607087353,0.30666734328644674,0.19992073619909373
NE,58.49666,16.56252,chant,6394942332,HUMAN_OBSERVATION,100.0,324:55,2.2091068218270986,3.97,0.0954895261759328,2026-06-11,Sodermem_58.500_16.600,5.9634992643500455,3.6707037285287663,5.460467770290629,3.5856988108349745,4.869172521186635,5.507030338290409,2026-06-11,3.97,5.507030338290409,1.5370303382904091,0.0954895261759328,0.31714808296235014,0.22165855678641733
NE,58.23649,11.88216,chant,6395031316,HUMAN_OBSERVATION,5.0,323:39,2.6475569718360266,6.41,0.986095037396576,2026-06-13,Uddevalla_58.260_11.875,6.569698489751551,4.407461493986322,5.24639634705468,4.421760232447979,5.845806432496984,6.649205844594437,2026-06-13,6.41,6.649205844594437,0.23920584459443717,0.986095037396576,0.9548995560775905,-0.03119548131898553
NE,56.09329,12.64587,chant,6395138302,HUMAN_OBSERVATION,25.0,311:42,3.43926194450711,6.31,0.9782241087759258,2026-06-11,Helsingborg_56.100_12.700,6.281599176617654,3.988944206809445,5.021479324085322,4.076437629578547,5.353654269826111,6.524956179820729,2026-06-11,6.31,6.524956179820729,0.2149561798207298,0.9782241087759258,0.9384778523405712,-0.039746256435354566
NE,58.803754,5.744466,chant,6395386515,HUMAN_OBSERVATION,250.0,326:19,1.1964034181758345,5.74,0.4783567635578272,2026-06-18,Sandnes_58.800_5.725,5.189391610476066,4.001660799505664,4.822675728909516,4.720514575508956,5.356755403523587,6.195021427299385,2026-06-18,5.74,6.195021427299385,0.45502142729938466,0.4783567635578272,0.5233736716268069,0.04501690806897973
NE,53.104341,-3.779641,chant,6399444629,HUMAN_OBSERVATION,162.0,294:-13,1.4423432975676438,4.19,0.1791163327281444,2026-06-10,Betws-Y-Coed_53.100_-3.800,4.262933580559679,3.340499454737657,4.070232226173759,3.7716215810543114,5.065048351929109,5.01603557576308,2026-06-10,4.19,5.01603557576308,0.82603557576308,0.1791163327281444,0.17748168920702248,-0.0016346435211219146
NE,60.683814,28.733431,chant,6399477361,HUMAN_OBSERVATION,83.0,336:95,29.25352521060867,5.07,0.2268429558670223,2026-06-12,Vainikkala_60.840_28.300,5.253963944419063,4.1663678169903795,5.277645542971682,4.7526179304790155,5.288088695675999,5.394440258604263,2026-06-12,5.07,5.394440258604263,0.3244402586042625,0.2268429558670223,0.13472453340407123,-0.09211842246295107
NE,57.67416,11.95325,chant,6404244311,HUMAN_OBSERVATION,100.0,320:39,1.5863412202678526,6.41,0.9617080948309652,2026-06-15,Goteborg_57.660_11.950,6.7704539865160855,4.446361320314675,5.360919924672106,4.390725502687365,5.80487121387953,6.723222417633885,2026-06-15,6.41,6.723222417633885,0.3132224176338845,0.9617080948309652,0.9548947413727539,-0.006813353458211324
NE,59.76881,17.56724,chant,6404265478,HUMAN_OBSERVATION,10.0,331:58,1.0716658686696927,5.86,0.4478799916612643,2026-06-22,Uppsala_59.760_17.575,6.426189275234492,4.169996409978582,5.6941128344506815,3.8675310478742637,4.931848918472126,6.103940743159201,2026-06-22,5.86,6.103940743159201,0.2439407431592011,0.4478799916612643,0.40314613638469593,-0.04473385527656837
NE,56.71686,12.72298,chant,6404331503,HUMAN_OBSERVATION,100.0,314:42,2.34135091830711,6.93,0.95737949343362,2026-06-23,Halmstad_56.700_12.700,7.250579532507334,4.288709375963878,5.53923446351446,3.8351336208743225,4.905421534994324,7.034358659789951,2026-06-23,6.93,7.034358659789951,0.10435865978995107,0.95737949343362,0.8949265618451447,-0.06245293158847531
NE,57.81713,11.98151,chant,6404356303,HUMAN_OBSERVATION,10.0,320:40,3.153955764192284,6.98,0.9831864402853704,2026-06-22,Kungalv_57.840_11.950,7.220011152372731,4.399652012100436,5.56289890933444,4.031155697692196,5.192499296379519,7.070686623828235,2026-06-22,6.98,7.070686623828235,0.09068662382823423,0.9831864402853704,0.9402766839618275,-0.04290975632354288
NE,59.83788,17.62381,chant,6404373303,HUMAN_OBSERVATION,25.0,332:58,2.468806099030921,4.39,0.0777036947472058,2026-06-13,Uppsala_59.820_17.650,4.979079662947853,3.7247772357195545,5.353746561147894,4.341650297923025,4.962717542069884,4.929679971815478,2026-06-13,4.39,4.929679971815478,0.5396799718154783,0.0777036947472058,0.06911025512583535,-0.00859343962137045
NE,58.65739,13.52486,chant,6404392336,HUMAN_OBSERVATION,10.0,325:45,2.5141337955396623,6.06,0.7246717494998232,2026-06-14,Mariestad_58.680_13.525,6.655554314361683,4.674167238378321,5.625021950315617,4.718469975565474,6.144460861927794,6.32478855063864,2026-06-14,6.06,6.32478855063864,0.2647885506386407,0.7246717494998232,0.5680061599701883,-0.15666558952963483
NE,58.25058,11.848,chant,6404406331,HUMAN_OBSERVATION,25.0,323:39,1.895336558488502,6.15,0.713265822189292,2026-06-17,Uddevalla_58.260_11.875,6.809868152962838,4.5747396513515,5.382832617122079,4.467194757192991,5.857930592669957,6.843424362832512,2026-06-17,6.15,6.843424362832512,0.6934243628325119,0.713265822189292,0.9236912364889508,0.21042541429965878
NE,58.38358,11.96558,chant,6404601503,HUMAN_OBSERVATION,100.0,324:39,0.9916411658999064,6.74,0.8817730533181114,2026-06-24,Uddevalla_58.380_11.950,7.306160696998854,4.287188424279535,5.810636393428917,3.794580415919496,4.881760710254993,6.950993484891748,2026-06-24,6.74,6.950993484891748,0.2109934848917474,0.8817730533181114,0.863105640684129,-0.018667412633982416
NE,58.44777,11.41142,chant,6404606499,HUMAN_OBSERVATION,10.0,324:38,1.1708818846214553,6.13,0.7856975259270756,2026-06-15,Odstoft_58.440_11.425,6.592314864257794,4.378704593080035,5.230911429344567,4.270520139093279,5.68686508420522,6.447653841289967,2026-06-15,6.13,6.447653841289967,0.31765384128996743,0.7856975259270756,0.6962529742279516,-0.08944455169912402
NE,58.34565,11.44212,chant,6404610353,HUMAN_OBSERVATION,10.0,323:38,3.022178668995393,6.14,0.7596473693542465,2026-06-16,Spjasvik_58.320_11.425,6.627836145234359,4.406796681390213,5.260608524510319,4.313279176386274,5.73222356529139,6.508850184829059,2026-06-16,6.14,6.508850184829059,0.36885018482905974,0.7596473693542465,0.7824209307401939,0.02277356138594744
NE,60.41415,17.19778,chant,6404626374,HUMAN_OBSERVATION,8.0,335:57,0.6618084438096522,4.67,0.071344738689112,2026-06-20,Hallby_60.420_17.200,4.573133287945958,3.6237055907801285,4.718623938289692,4.352824240552874,4.420434596593797,5.066308253763109,2026-06-20,4.67,5.066308253763109,0.39630825376310863,0.071344738689112,0.06562675697259564,-0.005717981716516357
NE,60.64425,17.59435,chant,6404717342,HUMAN_OBSERVATION,7.0,336:58,5.032323222865637,5.1,0.126912841548535,2026-06-20,Gardskar_60.600_17.575,4.849779159225158,4.008573257014439,5.111769920864538,4.529276882225248,5.13785121679098,5.411756075232823,2026-06-20,5.1,5.411756075232823,0.31175607523282345,0.126912841548535,0.13509116230500878,0.00817832075647379
NE,59.35162,16.52781,chant,6404787417,HUMAN_OBSERVATION,500.0,329:55,1.3018707935407343,5.93,0.3494709790697222,2026-06-20,Eskilstuna_59.340_16.525,6.56278990024896,4.336898249518622,5.524808705136062,4.03996141524022,5.1580704974407485,6.269889584341644,2026-06-20,5.93,6.269889584341644,0.33988958434164385,0.3494709790697222,0.3742660068738313,0.024795027804109138
NE,58.28464,16.72179,chant,6404790410,HUMAN_OBSERVATION,250.0,323:55,3.1981127966447445,6.24,0.5826953812656381,2026-06-22,Ekenaset_58.260_16.750,6.866192944121761,4.325299047775487,5.656426744075227,4.030189058726392,4.920157763297077,6.566223456254503,2026-06-22,6.24,6.566223456254503,0.3262234562545032,0.5826953812656381,0.5669473269711879,-0.015748054294450253
NE,58.48483,12.40802,chant,6404853337,HUMAN_OBSERVATION,25.0,324:41,1.7500292121346612,6.28,0.926830532188691,2026-06-13,Vanersborg_58.500_12.400,6.459682815172863,4.448321112138326,5.299501332227783,4.5219619563197835,5.989664831381744,6.468021137974015,2026-06-13,6.28,6.468021137974015,0.18802113797401443,0.926830532188691,0.7228939595460555,-0.20393657264263554
NE,58.29487,11.66699,chant,6404954389,HUMAN_OBSERVATION,100.0,323:38,2.96536318286537,6.82,0.94152309099658,2026-06-19,Uddevalla_58.320_11.650,6.724195632942274,4.37550846093757,5.351492465569519,4.290811537014173,5.613915945358009,6.858351137797273,2026-06-19,6.82,6.858351137797273,0.03835113779727273,0.94152309099658,0.8326355300382721,-0.10888756095830798
NE,56.91215,14.82796,chant,6404998487,HUMAN_OBSERVATION,50.0,315:49,3.5311042460375983,5.88,0.5700654085630974,2026-06-16,Vaxjo_56.940_14.800,6.509273096958647,4.1594533027974645,5.443373228194863,4.369099871005314,5.549098197794569,6.170567738896229,2026-06-16,5.88,6.170567738896229,0.2905677388962289,0.5700654085630974,0.5498309833270658,-0.020234425236031583
NE,58.06035,11.83013,chant,6405030473,HUMAN_OBSERVATION,25.0,322:39,2.813151589230468,6.92,0.960718861489376,2026-06-21,Stenungsund_58.080_11.800,7.222998581133964,4.589067936316159,5.5202595221354445,4.252709500548449,5.460380244450043,7.189739479806917,2026-06-21,6.92,7.189739479806917,0.26973947980691726,0.960718861489376,0.9901797153723441,0.02946085388296804
NE,57.17472,14.26762,chant,6405161451,HUMAN_OBSERVATION,5.0,317:47,0.7365820957214834,5.81,0.4593978708414061,2026-06-15,Värnamo_57.180_14.275,6.3316204960429285,4.050301681417597,5.308705643687681,4.3744995748191355,5.351505605557105,6.080839318947146,2026-06-15,5.81,6.080839318947146,0.2708393189471465,0.4593978708414061,0.41822743117801336,-0.04117043966339273
NE,57.57544,12.27722,chant,6405238334,HUMAN_OBSERVATION,25.0,319:41,3.1764942824347173,6.61,0.7760731066752203,2026-06-20,Molnlycke_57.600_12.250,7.157958575773496,4.440340309131738,5.509173885303166,4.217917627885378,5.551542408906585,6.883625195618786,2026-06-20,6.61,6.883625195618786,0.27362519561878607,0.7760731066752203,0.8365533340982889,0.06048022742306858
NE,59.69208,16.27003,chant,6405330387,HUMAN_OBSERVATION,10.0,331:54,1.898200764246222,5.58,0.4421391858673548,2026-06-17,Västerås_59.700_16.300,6.263809771078248,4.277180417929758,5.421495773971632,4.00145802625248,5.31518215482565,6.027908305601568,2026-06-17,5.58,6.027908305601568,0.447908305601568,0.4421391858673548,0.4697140773673019,0.02757489149994713
NE,57.68692,11.93357,chant,6405341378,HUMAN_OBSERVATION,10.0,320:39,3.1487599786334304,6.42,0.9770309517718078,2026-06-14,Goteborg_57.660_11.950,6.752654725698414,4.45550921052326,5.338518624721901,4.413420367978796,5.836195446070781,6.72580426664775,2026-06-14,6.42,6.72580426664775,0.3058042666477503,0.9770309517718078,0.9352106033831338,-0.04182034838867399
NE,57.30256,11.90074,chant,6405358477,HUMAN_OBSERVATION,1000.0,318:39,13.388739220714172,6.45,0.9511420086102764,2026-06-16,Kungsbacka_57.420_11.950,6.698340523923161,4.420690523267163,5.37831142446252,4.394568110629763,5.780771671086311,6.824793086394798,2026-06-16,6.45,6.824793086394798,0.37479308639479747,0.9511420086102764,0.9539383889161636,0.002796380305887136
NE,59.47232,14.9527,chant,6405365399,HUMAN_OBSERVATION,50.0,330:49,1.3783886560110847,6.15,0.5540888770499427,2026-06-22,Nya Pershyttan_59.460_14.950,6.746166219420637,4.1181050518084765,5.710126418985951,3.7819587001900166,4.963862225877248,6.458544844793408,2026-06-22,6.15,6.458544844793408,0.30854484479340805,0.5540888770499427,0.509734318539797,-0.04435455851014569
NE,59.526525,10.678597,chant,6405644365,HUMAN_OBSERVATION,5.0,330:35,0.753373572126248,6.76,0.8291474838331959,2026-06-26,Holen_59.520_10.675,7.12640361737313,4.038159624180646,5.650677629671364,3.4851004366495943,4.389227399152578,6.968464985160604,2026-06-26,6.76,6.968464985160604,0.20846498516060397,0.8291474838331959,0.8106022300875537,-0.0185452537456422
NE,59.942611,10.833332,chant,6405728440,HUMAN_OBSERVATION,5.0,332:36,0.5473972690087184,5.34,0.2428620280741575,2026-06-21,Oslo_59.940_10.825,5.722141136580179,4.248603850882203,4.987651198569409,4.15191015722678,4.881098875081735,6.075261219956087,2026-06-21,5.34,6.075261219956087,0.7352612199560875,0.2428620280741575,0.41621463716100376,0.17335260908684627
NE,52.1,6.0,chant,6410746701,HUMAN_OBSERVATION,,289:20,2.804116775112784,5.94,0.482572616510704,2026-06-22,Laag-Soeren_52.080_6.025,6.987948496344978,3.7362494206090364,5.309283711810423,3.3193394898017234,4.2985258472897305,6.430576937364322,2026-06-22,5.94,6.430576937364322,0.4905769373643212,0.482572616510704,0.5036481979060529,0.021075581395348875
NE,52.1,4.3,chant,6410869531,HUMAN_OBSERVATION,5000.0,289:14,2.223901604671904,6.37,0.7436922612118513,2026-06-23,The Hague_52.080_4.300,6.6608658732206365,3.8247107510780016,5.87236692077613,3.359045118306079,4.113123385421521,6.564733788559859,2026-06-23,6.37,6.564733788559859,0.19473378855985857,0.7436922612118513,0.654910892167033,-0.08878136904481826
NE,52.65,4.65,chant,6411037962,HUMAN_OBSERVATION,5000.0,292:15,3.737679715065412,5.72,0.49814116416077,2026-06-28,Bergen Aan Zee_52.680_4.675,6.2597064232505435,3.2234356960229236,5.601923846854735,2.788167230135874,3.4234910742210136,6.003795151664137,2026-06-28,5.72,6.003795151664137,0.2837951516641368,0.49814116416077,0.49454040898027757,-0.00360075518049241
NE,52.0,6.0,chant,6411152192,HUMAN_OBSERVATION,,288:20,2.8059821335371598,6.33,0.6842532638121415,2026-06-21,Rheden_52.020_6.025,7.0146560696455555,3.906923291109279,5.407790927935177,3.539673004851148,4.59081383902822,6.611900424150503,2026-06-21,6.33,6.611900424150503,0.28190042415050254,0.6842532638121415,0.66631895166231,-0.017934312149831433
NE,51.3,5.25,chant,6411221007,HUMAN_OBSERVATION,,284:17,1.738097675019123,5.83,0.4671063884276813,2026-06-19,Bergeyk_51.300_5.275,5.984591889996774,3.34226595703519,5.520801165461508,3.260074782945004,4.196304328684146,6.0348470279734965,2026-06-19,5.83,6.0348470279734965,0.2048470279734964,0.4671063884276813,0.4063754690960858,-0.06073091933159552
NE,52.25,6.15,chant,6411332844,HUMAN_OBSERVATION,5000.0,289:20,2.0327830478490214,7.02,0.6479289940828383,2026-06-07,Deventer_52.260_6.175,6.121011720718742,3.7755241210599992,5.324964202601269,3.999921716488839,5.225017861440949,5.985804842177513,2026-06-07,7.02,5.985804842177513,-1.0341951578224862,0.6479289940828383,0.7289849147431875,0.08105592066034917
NE,52.4,6.0,chant,6411497041,HUMAN_OBSERVATION,5000.0,290:20,2.7971224719393204,6.05,0.4175751821148127,2026-06-20,Heerde_52.380_6.025,6.219166529153292,3.6076025882284757,5.3790844314405115,3.3919421951544746,4.283036474788701,6.27126409803969,2026-06-20,6.05,6.27126409803969,0.22126409803968983,0.4175751821148127,0.3767177923975197,-0.040857389717293024
NE,52.8,6.4,chant,6411546145,HUMAN_OBSERVATION,5000.0,293:21,0.0,6.44,0.641224902872362,2026-06-20,Dwingeloo_52.800_6.400,6.2969385445717085,3.995107322955009,5.565508711511698,3.773538198562007,4.679049264918533,6.626377395265573,2026-06-20,6.44,6.626377395265573,0.1863773952655725,0.641224902872362,0.6150782262971993,-0.026146676575162675
NE,52.75,6.5,chant,6411570436,HUMAN_OBSERVATION,5000.0,292:21,2.0170204008864387,6.1,0.5397856249420949,2026-06-22,Hoogeveen_52.740_6.475,6.474359067959709,3.8482793184358446,5.563371745572735,3.503146073866052,4.29445415896604,6.573678146096346,2026-06-22,6.1,6.573678146096346,0.4736781460963462,0.5397856249420949,0.5848263921059976,0.045040767163902706
NE,53.05,6.65,chant,6411638056,HUMAN_OBSERVATION,5000.0,294:22,2.0073455283319386,6.37,0.6542116418048762,2026-06-22,Oudemolen_53.040_6.625,6.633076099260604,4.113731720374346,5.7364647516528136,3.78428057849645,4.634687441143927,6.804445904783013,2026-06-22,6.37,6.804445904783013,0.43444590478301315,0.6542116418048762,0.7257279023441134,0.07151626053923721
NE,52.9,6.7,chant,6412015755,HUMAN_OBSERVATION,5000.0,293:22,2.223901604671318,6.55,0.7270373962014537,2026-06-20,Borger_52.920_6.700,6.299773478726489,4.088328628520075,5.53416770695681,3.8776429773950465,4.790727679011259,6.670367668012702,2026-06-20,6.55,6.670367668012702,0.12036766801270193,0.7270373962014537,0.6690175078183426,-0.05801988838311112
NE,52.9,6.55,chant,6412068440,HUMAN_OBSERVATION,5000.0,293:21,2.2239016046712994,6.12,0.5597283970033514,2026-06-25,Assen_52.920_6.550,6.816575520326972,3.8515387503787433,5.781028265491662,3.331753138528547,4.040221695932143,6.765454169138621,2026-06-25,6.12,6.765454169138621,0.6454541691386213,0.5597283970033514,0.7756752718191979,0.2159468748158465
NE,52.1,6.75,chant,6412068812,HUMAN_OBSERVATION,5000.0,289:22,4.076158506037816,6.64,0.810398104006857,2026-06-20,Eibergen_52.080_6.700,6.99259772207458,4.115331163610172,5.298067607560163,3.8584256237009393,4.931508219685973,6.872487568417971,2026-06-20,6.64,6.872487568417971,0.23248756841797125,0.810398104006857,0.8242944064798473,0.01389630247299034
NE,52.4,6.1,chant,6412091023,HUMAN_OBSERVATION,5000.0,290:20,2.2239016046694933,5.97,0.5010803700976388,2026-06-21,Wijhe_52.380_6.100,6.321350753927236,3.6486775812405443,5.424515038970401,3.365877285127689,4.227602504160246,6.352984506956283,2026-06-21,5.97,6.352984506956283,0.3829845069562836,0.5010803700976388,0.5125025973294685,0.011422227231829618
NE,52.4,6.4,chant,6412136075,HUMAN_OBSERVATION,5000.0,290:21,2.2239016046694573,6.51,0.6829052567750636,2026-06-20,Marle_52.380_6.400,6.787593170632843,3.930630544298859,5.090697045714575,3.6224136557684172,4.6543667337809715,6.65402614508761,2026-06-20,6.51,6.65402614508761,0.14402614508761058,0.6829052567750636,0.6543067946762127,-0.028598462098850974
NE,52.9,7.05,chant,6412142312,HUMAN_OBSERVATION,5000.0,293:23,2.7850038190497024,6.03,0.5386552515027822,2026-06-21,Jipsingboermussel_52.920_7.075,6.3767190330175625,4.134152232013272,5.461815362857843,3.842957201919798,4.659600420466576,6.777562971146548,2026-06-21,6.03,6.777562971146548,0.7475629711465475,0.5386552515027822,0.7833092386414416,0.2446539871386595
NE,52.2,6.85,chant,6412177799,HUMAN_OBSERVATION,5000.0,289:22,0.0,6.07,0.536209811915133,2026-06-22,Enschede_52.200_6.850,7.032562393751706,3.945575053781528,5.218698419452456,3.5246827929829494,4.482452900730021,6.651614162721387,2026-06-22,6.07,6.651614162721387,0.5816141627213867,0.536209811915133,0.6409738951172086,0.10476408320207564
NE,52.2,5.9,chant,6412422682,HUMAN_OBSERVATION,5000.0,289:19,1.7038062167274128,6.06,0.6710922599603728,2026-06-16,Hoog Soeren_52.200_5.875,6.103251247170986,3.8895507991248444,5.619307027079627,3.8364917331449253,4.963675021714116,6.41234900093877,2026-06-16,6.06,6.41234900093877,0.3523490009387702,0.6710922599603728,0.7105321338085522,0.039439873848179374
NE,52.9,6.65,chant,6412513697,HUMAN_OBSERVATION,,293:22,2.7850038190494235,6.06,0.7157601091669078,2026-06-13,Assen_52.920_6.625,5.985322653667729,4.127862933585411,5.74942542545743,4.1610455918919795,5.37655406431325,6.488260366086829,2026-06-13,6.06,6.488260366086829,0.42826036608682916,0.7157601091669078,0.7682535021505151,0.052493392983607334
NE,52.9,6.65,chant,6412642482,HUMAN_OBSERVATION,5000.0,293:22,2.7850038190494235,5.93,0.5399165001433285,2026-06-15,Assen_52.920_6.625,5.906633303459794,4.106010978512456,5.721186681896686,4.1645953468883095,5.263742215095795,6.53263552050946,2026-06-15,5.93,6.53263552050946,0.6026355205094607,0.5399165001433285,0.754218974216252,0.21430247407292347
NE,52.1,5.8,chant,6412664653,HUMAN_OBSERVATION,5000.0,289:19,2.223901604671643,6.35,0.5750266937327777,2026-06-20,Otterlo_52.080_5.800,6.362511004172862,3.7274872755148336,5.713531809616307,3.525225816540037,4.432335465480821,6.40048757704945,2026-06-20,6.35,6.40048757704945,0.050487577049450394,0.5750266937327777,0.47724099886874133,-0.09778569486403638
NE,52.15,5.25,chant,6412699121,HUMAN_OBSERVATION,5000.0,289:17,2.036314552288656,5.77,0.3999496201241567,2026-06-22,Soest_52.140_5.275,6.425597470772763,3.569172434700492,5.740528258941255,3.2266823144656493,4.065923240579054,6.097254159431279,2026-06-22,5.77,6.097254159431279,0.32725415943127967,0.3999496201241567,0.39957032335773396,-0.000379296766422732
NE,56.210581,-4.3626,chant,6413011153,HUMAN_OBSERVATION,,311:-15,2.538658104200042,5.71,0.4719392514877115,2026-06-18,Aberfoyle_56.220_-4.400,5.297383659817245,4.459426402209799,4.3564246853125415,4.280871227205399,5.331464388278385,5.745168059382118,2026-06-18,5.71,5.745168059382118,0.03516805938211842,0.4719392514877115,0.37586521759231706,-0.09607403389539443
NE,59.252686,11.194881,chant,6413170817,HUMAN_OBSERVATION,,328:37,3.051081024647611,6.34,0.820907283911414,2026-06-17,Ise_59.280_11.200,6.504486370275314,4.405653709708082,5.201415808399658,4.208569710625066,5.482039454298349,6.654625184265307,2026-06-17,6.34,6.654625184265307,0.3146251842653074,0.820907283911414,0.8106159509779725,-0.010291332933441533
NE,56.210092,-4.358027,chant,6413278478,HUMAN_OBSERVATION,,311:-15,2.320389890944607,5.61,0.3826967695169487,2026-06-21,Aberfoyle_56.220_-4.325,5.965889881592499,4.808234882284825,4.864387366341159,4.3773119805355485,5.335792359425696,6.447538670298282,2026-06-21,5.61,6.447538670298282,0.8375386702982821,0.3826967695169487,0.5787895185661465,0.19609274904919777
NE,56.179466,-4.455804,chant,6413515343,HUMAN_OBSERVATION,,311:-15,2.469278815337403,5.09,0.286457782011927,2026-06-17,Aberfoyle_56.160_-4.475,4.971532169071428,4.2659034171012555,4.146772700355402,4.241527151582758,5.367062178283549,5.356097457661398,2026-06-17,5.09,5.356097457661398,0.2660974576613979,0.286457782011927,0.2597473624783889,-0.026710419533538088
NE,57.697567,26.004586,chant,6413632623,HUMAN_OBSERVATION,4.0,320:86,3.051395918428208,6.12,0.7474328715068156,2026-06-16,Valka_57.720_25.975,6.761511538416406,4.392131192972634,5.47278301382312,4.237219660400805,5.273746783104996,6.429432770423967,2026-06-16,6.12,6.429432770423967,0.30943277042396655,0.7474328715068156,0.7471756273508448,-0.00025724415597083716
NE,50.975611,-3.553878,chant,6413778654,HUMAN_OBSERVATION,6784.0,282:-12,3.088756124908004,6.42,0.8668654364113253,2026-06-17,Tiverton_51.000_-3.575,5.782894335120116,4.0758807782122055,5.343307912774571,4.297960069141176,5.34416352624037,6.641437410220505,2026-06-17,6.42,6.641437410220505,0.22143741022050545,0.8668654364113253,0.8014243204779902,-0.06544111593333513
NE,60.777428,28.877773,chant,6413837503,HUMAN_OBSERVATION,569.0,337:96,25.26299775864126,5.36,0.3309768621744203,2026-06-19,Nuijamaa_60.960_28.600,5.168314930186034,4.2245711560364505,5.1290487776567,4.595945606395569,5.078577078457344,5.7099973161655235,2026-06-19,5.36,5.7099973161655235,0.3499973161655232,0.3309768621744203,0.347898560092664,0.016921697918243717
NE,57.255653,-3.651288,chant,6413862844,HUMAN_OBSERVATION,7.0,317:-13,1.7422603614553993,5.0,0.1897573675589635,2026-06-18,Boat Of Garten_57.240_-3.650,5.218440259340617,3.561772006202231,4.575330332815983,3.7568414075827743,4.909366366309667,5.451782923313971,2026-06-18,5.0,5.451782923313971,0.45178292331397074,0.1897573675589635,0.2176294689149115,0.027872101355948004
NE,61.405983,26.918792,chant,6414021712,HUMAN_OBSERVATION,3.0,340:89,3.3328684017506225,5.19,0.1587860533564835,2026-06-20,Varpanen_61.380_26.950,4.929734236482746,3.841258908881085,4.856090097926789,4.43168221388775,4.6369347754101575,5.491321102890857,2026-06-20,5.19,5.491321102890857,0.30132110289085645,0.1587860533564835,0.16451258858926898,0.00572653523278549
NE,61.322899,28.568142,chant,6414156333,HUMAN_OBSERVATION,100.0,340:95,1.7302982135195637,5.32,0.2067744418880296,2026-06-25,Ruokolahti_61.320_28.600,4.786826429640751,3.541515608077432,4.52393415526101,4.077744043343567,4.041945927781222,5.554423687040639,2026-06-25,5.32,5.554423687040639,0.2344236870406391,0.2067744418880296,0.14065429525763154,-0.06612014663039806
NE,60.602145,27.111718,chant,6417546460,HUMAN_OBSERVATION,1.0,336:90,0.6826422496355173,5.56,0.3618165723802062,2026-06-24,Hamina_60.600_27.100,5.137977140628381,3.992822739080844,4.884674338103632,4.205161713475092,4.427224810103164,6.0181945321732595,2026-06-24,5.56,6.0181945321732595,0.4581945321732599,0.3618165723802062,0.43504421840645446,0.07322764602624826
NE,60.550722,27.229001,chant,6417598380,HUMAN_OBSERVATION,1.0,336:90,3.184305446483591,5.46,0.2590481098860381,2026-06-22,Hamina_60.540_27.175,5.142234563796414,3.977257037820462,4.89543487679477,4.271025463530258,4.492540649361069,5.739824421470099,2026-06-22,5.46,5.739824421470099,0.27982442147009934,0.2590481098860381,0.2894063281756704,0.03035821828963231
NE,56.8385,15.96112,chant,6418469391,HUMAN_OBSERVATION,1000.0,315:53,3.0100990961454364,5.8,0.4576411461300262,2026-06-25,Nybro_56.820_15.925,6.389505439058639,3.189306030474001,5.384029833535177,2.930536080556596,3.770804257826594,5.895445885305226,2026-06-25,5.8,5.895445885305226,0.09544588530522624,0.4576411461300262,0.3317203052325188,-0.12592084089750744
NE,61.31111,17.06216,chant,6418524423,HUMAN_OBSERVATION,10.0,340:56,1.1825336874932055,5.65,0.3688328083016789,2026-06-22,Soderhamn_61.320_17.050,5.217326587241494,4.059808001886739,5.171825286597073,4.743814248731627,5.103472911736603,5.833383434972175,2026-06-22,5.65,5.833383434972175,0.1833834349721748,0.3688328083016789,0.32554375521171247,-0.043289053089966445
NE,59.74455,18.25528,chant,6418582358,HUMAN_OBSERVATION,10.0,331:60,1.7432351217826971,6.16,0.5841139526838227,2026-06-26,Ubby_59.760_18.250,6.972674510021231,4.039255346161954,5.922014786169576,3.5383027984710993,4.558679706948935,6.446298182482607,2026-06-26,6.16,6.446298182482607,0.2862981824826072,0.5841139526838227,0.6135501769699552,0.029436224286132462
NE,57.40363,15.06414,chant,6418657432,HUMAN_OBSERVATION,25.0,318:50,2.8152586236559003,3.73,0.0612793547876967,2026-06-29,Vetlanda_57.420_15.100,5.627730073514153,2.7077768372630633,4.875433837311795,2.2491944935516623,2.9508015164420156,4.9810608486108015,2026-06-29,3.73,4.9810608486108015,1.2510608486108015,0.0612793547876967,0.16581007353522598,0.10453071874752928
NE,58.38216,19.19632,chant,6418706394,HUMAN_OBSERVATION,500.0,324:64,1.6890907150302965,5.37,0.3512954075017613,2026-06-28,Lauter_58.380_19.225,6.395484981469473,3.403562220683406,4.84122784356392,3.184732722549576,3.9256368971906554,6.534606496024111,2026-06-28,5.37,6.534606496024111,1.1646064960241107,0.3512954075017613,0.7996697222664507,0.4483743147646894
NE,58.40136,16.78294,chant,6418752340,HUMAN_OBSERVATION,15.0,324:56,3.4131948744705354,6.36,0.6853242453831887,2026-06-25,Algo_58.380_16.825,7.01814354618034,4.124146984411825,5.829669890493449,3.512389986305975,4.4953076974752255,6.654837459782886,2026-06-25,6.36,6.654837459782886,0.2948374597828858,0.6853242453831887,0.7387331900232534,0.05340894464006474
NE,56.65177,12.75552,chant,6418771441,HUMAN_OBSERVATION,133.0,314:42,5.493376521056126,7.11,0.9607691376870952,2026-06-27,Halmstad_56.700_12.775,7.777701641522636,4.232324566517775,5.901021393828507,3.6649997368550506,4.640226741785107,7.452464378026281,2026-06-27,7.11,7.452464378026281,0.34246437802628105,0.9607691376870952,0.967902021743987,0.007132884056891831
NE,56.54981,12.98678,chant,6418772360,HUMAN_OBSERVATION,315.0,313:43,3.412400346372994,7.0,0.8924375282752748,2026-06-26,Halmstad_56.520_13.000,7.634292615516967,4.223246838808361,5.711768124631513,3.7640915838248286,4.739211011476529,7.363930516112806,2026-06-26,7.0,7.363930516112806,0.3639305161128057,0.8924375282752748,0.9330009048087926,0.040563376533517825
NE,58.29487,11.66699,chant,6418816319,HUMAN_OBSERVATION,100.0,323:38,2.96536318286537,7.7,0.9969557997944176,2026-06-29,Uddevalla_58.320_11.650,7.339636657006791,4.169608506376404,5.67504700037134,3.6161270952786144,4.469755571564898,7.521037973322328,2026-06-29,7.7,7.521037973322328,-0.17896202667767191,0.9969557997944176,0.9519648928599669,-0.044990906934450736
NE,59.75846,17.63917,chant,6418899314,HUMAN_OBSERVATION,10.0,331:58,0.6302093137230578,6.12,0.7100970846675138,2026-06-27,Uppsala_59.760_17.650,6.961843255559619,4.010822965718909,5.920666315035743,3.418989489899696,4.327841502692675,6.508485000058768,2026-06-27,6.12,6.508485000058768,0.3884850000587683,0.7100970846675138,0.7758172611512416,0.06572017648372785
NE,60.5385,17.88792,chant,6419006374,HUMAN_OBSERVATION,131.0,335:59,0.7259982561143092,5.42,0.265368273771296,2026-06-24,Hallnas_60.540_17.875,5.006853835448658,3.7703117473310552,5.180001620064851,4.243037389508891,4.62884191840406,5.5977918826634605,2026-06-24,5.42,5.5977918826634605,0.17779188266346058,0.265368273771296,0.22742605945830624,-0.037942214312989775
NE,60.31843,18.47315,chant,6419023408,HUMAN_OBSERVATION,10.0,334:61,4.520137636994768,5.54,0.3338154534292323,2026-06-24,Soderbybyn_60.300_18.400,5.040670936662337,3.6061000310195794,5.1134674774821205,4.0204434223011525,4.598969046664047,5.728959241450086,2026-06-24,5.54,5.728959241450086,0.18895924145008625,0.3338154534292323,0.2678721201652685,-0.06594333326396379
NE,58.07545,16.34037,chant,6419036316,HUMAN_OBSERVATION,500.0,322:54,2.09803723250149,6.33,0.7355462266568329,2026-06-23,Ukna_58.080_16.375,6.9024003647008945,4.233614145825803,5.678489074348578,4.106075793679206,4.7647675895848565,6.590567504156148,2026-06-23,6.33,6.590567504156148,0.26056750415614793,0.7355462266568329,0.6793489958320886,-0.05619723082474426
NE,57.33381,12.60171,chant,6419153350,HUMAN_OBSERVATION,100.0,318:42,3.23006714659818,7.45,0.9923579801623084,2026-06-30,Kinna_57.360_12.625,7.616654627646518,4.058373600263923,5.821951347870536,3.4394440040282706,4.289120899001635,7.44269131233108,2026-06-30,7.45,7.44269131233108,-0.007308687668920122,0.9923579801623084,0.9719792605951307,-0.020378719567177628
NE,58.39039,11.93506,chant,6419216445,HUMAN_OBSERVATION,25.0,324:39,1.446761405204373,6.39,0.9083183047790804,2026-06-30,Uddevalla_58.380_11.950,7.155937198229406,3.615394462622061,5.8581782033293175,3.0327086588290144,3.912399156725103,6.662779760609065,2026-06-30,6.39,6.662779760609065,0.2727797606090654,0.9083183047790804,0.8718214607754735,-0.036496844003606865
NE,59.68507,18.77138,chant,6419220370,HUMAN_OBSERVATION,25.0,331:62,1.6725236691195218,6.46,0.7252940628575992,2026-06-26,Norrtalje_59.700_18.775,7.1021462534987325,3.9685019588196253,5.889546892759466,3.5640689965494206,4.618462053855294,6.66003739801215,2026-06-26,6.46,6.66003739801215,0.20003739801215037,0.7252940628575992,0.7470760039385795,0.021781941080980305
NE,56.73179,12.88854,chant,6419253322,HUMAN_OBSERVATION,750.0,314:43,3.844717314841347,7.2,0.9664162892764142,2026-06-25,Halmstad_56.760_12.925,7.661095621484729,4.333727448268977,5.872277951213035,3.8754748461327693,4.9302929812181935,7.442660622835167,2026-06-25,7.2,7.442660622835167,0.24266062283516643,0.9664162892764142,0.9775025286783853,0.011086239401971065
NE,58.92429,16.27825,chant,6419254313,HUMAN_OBSERVATION,100.0,327:54,1.3364641623488822,5.8,0.5672667361679974,2026-06-27,Katrineholm_58.920_16.300,6.5472834892004075,3.4765785224122685,5.6326154051972805,3.3380982001138273,3.8238413851534236,6.028118088216645,2026-06-27,5.8,6.028118088216645,0.22811808821664492,0.5672667361679974,0.5054434432943652,-0.061823292873632196
NE,59.76881,17.56724,chant,6419357380,HUMAN_OBSERVATION,10.0,331:58,1.0716658686696927,6.01,0.5046583411430463,2026-06-25,Uppsala_59.760_17.575,6.62354847612075,3.9882805918466904,5.786795692618199,3.5948767771404553,4.513679904783639,6.242792914261148,2026-06-25,6.01,6.242792914261148,0.23279291426114845,0.5046583411430463,0.5019861037379109,-0.002672237405135447
NE,58.30676,16.02251,chant,6419380369,HUMAN_OBSERVATION,100.0,323:53,1.9738365995950191,5.84,0.588665388338673,2026-06-27,Bjorsater_58.320_16.000,6.745190995159263,3.5523441059637064,5.700694602057005,3.106470635190471,3.905670879594329,6.193965427255772,2026-06-27,5.84,6.193965427255772,0.35396542725577174,0.588665388338673,0.6080218184526056,0.01935643011393262
NE,60.451009,5.161917,chant,6419689573,HUMAN_OBSERVATION,200.0,335:17,3.8061385204649696,6.12,0.7804617695896262,2026-06-29,Frekhaug_60.480_5.125,5.586092347128631,4.9126898547750635,4.474325773116182,4.936341082653143,5.190435439251779,7.023280662182021,2026-06-29,6.12,7.023280662182021,0.9032806621820209,0.7804617695896262,0.9184786905985609,0.1380169210089347
NE,59.934273,10.857362,chant,6419763477,HUMAN_OBSERVATION,10.0,332:36,1.911841000191456,5.59,0.3494990286611494,2026-06-26,Oslo_59.940_10.825,5.900944432110221,3.7619656572772486,5.218838341050589,3.443211813563532,4.035588796500916,6.146526084805258,2026-06-26,5.59,6.146526084805258,0.5565260848052578,0.3494990286611494,0.4756067541315169,0.12610772547036747
NE,59.065983,6.019242,chant,6419814461,HUMAN_OBSERVATION,10.0,327:20,2.907881985246733,6.58,0.8164371090991729,2026-06-24,Jørpeland_59.040_6.025,6.46569516527199,4.51257963987141,5.45611783206003,4.262547788120816,5.233975443491382,7.007595660888736,2026-06-24,6.58,7.007595660888736,0.4275956608887359,0.8164371090991729,0.8817730533181114,0.06533594421893851
NE,63.402499,10.242744,chant,6419827435,HUMAN_OBSERVATION,10.0,351:34,2.1370268826368504,6.06,0.7834986474301174,2026-06-30,Trolla_63.420_10.225,5.3860189956531075,4.662699200018008,4.560822583282079,4.669723805663534,5.181638104959702,6.658463480616782,2026-06-30,6.06,6.658463480616782,0.5984634806167826,0.7834986474301174,0.8692741208295763,0.0857754733994589
NE,60.411797,27.416545,chant,6422112781,HUMAN_OBSERVATION,3.0,335:91,8.233670696652027,6.24,0.7939948060168306,2026-06-27,Hamina_60.480_27.475,5.326599060979536,4.225071156054364,4.842487119780056,4.2487146881566815,4.646393502230494,6.497232630718761,2026-06-27,6.24,6.497232630718761,0.2572326307187609,0.7939948060168306,0.7651179350659041,-0.028876870950926503
NE,51.776889,-2.522271,chant,6422178405,HUMAN_OBSERVATION,4.0,287:-9,0.3935922844185149,6.98,0.9692183714284156,2026-06-20,Stonehouse_51.780_-2.525,6.547671673078432,4.314394463548316,5.852439869288965,4.0638689653414035,4.951145196848503,7.070297585090846,2026-06-20,6.98,7.070297585090846,0.09029758509084562,0.9692183714284156,0.9408885283805215,-0.0283298430478941
NE,56.539217,-4.785433,chant,6422428817,HUMAN_OBSERVATION,4.0,313:-16,2.230563370895203,6.72,0.8634378909537561,2026-06-28,Bridge Of Orchy_56.520_-4.775,6.787624408712657,4.954989745115065,5.3013741797353005,4.153756833543206,4.878276160375525,7.282709231680089,2026-06-28,6.72,7.282709231680089,0.5627092316800892,0.8634378909537561,0.9294106407660986,0.06597274981234247
NE,60.744373,28.704113,chant,6422452491,HUMAN_OBSERVATION,,337:95,24.3696307763635,5.85,0.5993647144240106,2026-06-27,Vainikkala_60.840_28.300,5.263590396650536,3.9665197630053965,5.138794538111438,3.983536163664283,4.495078694260958,5.958024414232824,2026-06-27,5.85,5.958024414232824,0.10802441423282438,0.5993647144240106,0.42069727827835457,-0.17866743614565606
NE,54.922119,-3.807518,chant,6422620919,HUMAN_OBSERVATION,15.0,304:-13,2.5060304120746664,5.33,0.2370882490111052,2026-06-13,Dalbeattie_54.900_-3.800,5.0015453680531134,4.155538942086209,4.447259284929455,4.3253700323164015,5.490475703704407,5.7898850517238944,2026-06-13,5.33,5.7898850517238944,0.4598850517238944,0.2370882490111052,0.2259167775033238,-0.011171471507781389
NE,59.993355,17.586357,chant,6422993983,HUMAN_OBSERVATION,10.0,332:58,0.9719739002272638,5.28,0.1752129835342347,2026-06-25,Uppsala_60.000_17.575,5.084962008969254,3.8020742888752954,5.2316206728346195,3.899252475860271,4.368175373430142,5.5143888474025475,2026-06-25,5.28,5.5143888474025475,0.23438884740254728,0.1752129835342347,0.137295924185273,-0.037917059348961696
NE,60.775939,28.883041,chant,6423060927,HUMAN_OBSERVATION,293.0,337:96,25.566317637309776,5.7,0.4018981025627381,2026-06-26,Nuijamaa_60.960_28.600,5.220073584634655,3.932364721088354,5.0490563334094904,4.011180963247569,4.487085795360434,5.901162182801848,2026-06-26,5.7,5.901162182801848,0.2011621828018475,0.4018981025627381,0.3302452297948216,-0.07165287276791649
NE,56.180143,-4.455983,chant,6423166825,HUMAN_OBSERVATION,,311:-15,2.5303464363042467,7.06,0.9544908218274456,2026-06-28,Aberfoyle_56.160_-4.475,7.225332509484061,5.045437253484244,5.807915995547382,4.026718835418103,4.7268251122197285,7.55499296677307,2026-06-28,7.06,7.55499296677307,0.49499296677307036,0.9544908218274456,0.9908705047426245,0.0363796829151789
NE,53.15,6.1,chant,6423803559,HUMAN_OBSERVATION,5000.0,294:20,1.1119508023345526,5.98,0.6449177717626176,2026-06-28,Rottevalle_53.160_6.100,6.526706404987045,3.2586055986553686,5.837805981411139,2.9753327376911356,3.6631697623782435,6.121421684751765,2026-06-28,5.98,6.121421684751765,0.14142168475176486,0.6449177717626176,0.5879016445647466,-0.05701612719787097
NE,52.65,4.65,chant,6423859402,HUMAN_OBSERVATION,5000.0,292:15,3.737679715065412,5.86,0.6028702459081207,2026-06-29,Bergen Aan Zee_52.680_4.675,6.381550158391665,3.3022634870152694,5.685500209930896,2.7737381684304854,3.3967558199160868,6.108580034172144,2026-06-29,5.86,6.108580034172144,0.2485800341721438,0.6028702459081207,0.5933818296829289,-0.00948841622519181
NE,52.85,6.35,chant,6424543447,HUMAN_OBSERVATION,5000.0,293:21,2.0134750264298678,5.29,0.3660947260219817,2026-06-29,Dwingeloo_52.860_6.325,6.211918834829868,3.0707691065357756,5.411214614782741,2.588386494056885,3.164639110258714,5.862900710909823,2026-06-29,5.29,5.862900710909823,0.5729007109098232,0.3660947260219817,0.46248122084288784,0.09638649482090617
NE,57.17998,14.11914,chant,6427167392,HUMAN_OBSERVATION,500.0,317:47,0.3531770518383164,6.41,0.7737144284178714,2026-06-24,Värnamo_57.180_14.125,6.924719412472701,3.813776986199539,5.685538732261089,3.5058552854276077,4.4896793949133365,6.490603650815388,2026-06-24,6.41,6.490603650815388,0.08060365081538823,0.7737144284178714,0.6837158271065891,-0.08999860131128234
NE,57.74441,12.10365,chant,6427549321,HUMAN_OBSERVATION,10.0,320:40,2.7229069787500286,6.81,0.9222191140250732,2026-06-24,Goteborg_57.720_12.100,7.350529476236918,4.2887027092160155,5.700395806769732,3.8172093746988414,4.908672908331378,7.028938213923102,2026-06-24,6.81,7.028938213923102,0.21893821392310198,0.9222191140250732,0.8942179950740996,-0.02800111895097357
NE,59.942881,5.426013,chant,6428005405,HUMAN_OBSERVATION,3.0,332:18,4.133208279338874,6.98,0.8887284775261464,2026-06-26,Fitjar_59.940_5.500,5.803928180272557,4.690394200719743,4.842587771984437,4.944647143240992,5.289416250601089,6.905911962700843,2026-06-26,6.98,6.905911962700843,-0.07408803729915725,0.8887284775261464,0.8031841285892968,-0.08554434893684959
NE,62.484788,6.531722,chant,6428017500,HUMAN_OBSERVATION,50.0,346:21,2.9119691312836378,6.18,0.7063776357391434,2026-06-28,Ikornnes_62.460_6.550,4.628548816446739,4.221683679362323,4.239272119163508,4.977961626373779,5.381994615465142,6.653275132646904,2026-06-28,6.18,6.653275132646904,0.47327513264690424,0.7063776357391434,0.817894138252621,0.11151650251347767
NE,53.199952,-4.085601,chant,6431326657,HUMAN_OBSERVATION,67.0,295:-14,2.426714292763283,7.09,0.8039223909817601,2026-06-08,Bangor_53.220_-4.100,5.0632186087309545,3.948728445617499,4.688250357903793,4.083910683982371,5.37327005118746,5.9117197387263385,2026-06-08,7.09,5.9117197387263385,-1.1782802612736614,0.8039223909817601,0.6731198165820943,-0.1308025743996658
NE,57.062557,24.148208,chant,6431569418,HUMAN_OBSERVATION,7.0,316:80,1.6446455492268608,7.35,0.9821686203787195,2026-06-30,Riga_57.060_24.175,7.509299260572053,4.305433532227822,5.874797928268486,3.8693120159317904,4.4192996388382815,6.987236460010741,2026-06-30,7.35,6.987236460010741,-0.3627635399892588,0.9821686203787195,0.9329350766456268,-0.049233543733092744
NE,57.150963,21.601313,chant,6431805656,HUMAN_OBSERVATION,8.0,317:72,3.530511512221356,7.39,0.9898106402164112,2026-06-30,Piltene_57.180_21.625,7.60236516814696,4.455351724323096,5.730332361698805,3.606546781842346,4.340360277844861,7.385060968306437,2026-06-30,7.39,7.385060968306437,-0.00493903169356269,0.9898106402164112,0.9643372407574392,-0.02547339945897198
NE,50.649236,4.519097,chant,6431897964,HUMAN_OBSERVATION,200.0,281:15,1.1081397223247522,6.23,0.4859480042108602,2026-06-20,Court-Saint-Etienne_50.640_4.525,6.307919743864584,3.7405856298396474,5.667313431055394,3.5438185888383313,4.465084383700746,6.2908092867097745,2026-06-20,6.23,6.2908092867097745,0.060809286709774035,0.4859480042108602,0.39878386211071465,-0.08716414210014556
NE,52.65,4.65,chant,6447566527,HUMAN_OBSERVATION,5000.0,292:15,3.737679715065412,6.6,0.7952838133936352,2026-06-23,Bergen Aan Zee_52.680_4.675,6.796782325157938,4.130546938562454,6.134340581752729,3.7059871720980793,4.52979721794674,6.828142075034728,2026-06-23,6.6,6.828142075034728,0.22814207503472872,0.7952838133936352,0.7789917442835982,-0.016292069110037
NE,53.05,6.65,chant,6447617222,HUMAN_OBSERVATION,5000.0,294:22,2.0073455283319386,6.26,0.8809191112976166,2026-06-14,Oudemolen_53.040_6.625,6.090552769719674,4.27638925746699,5.826857844195871,4.315814976561882,5.493015005985796,6.625032952753589,2026-06-14,6.26,6.625032952753589,0.36503295275358916,0.8809191112976166,0.8657673314730033,-0.015151779824613243
NE,52.9,6.65,chant,6447621726,HUMAN_OBSERVATION,5000.0,293:22,2.7850038190494235,6.13,0.7565937448923887,2026-06-16,Assen_52.920_6.625,6.001783200904869,4.163139813516951,5.709396719312658,4.189716387933099,5.27112417802377,6.626739004302143,2026-06-16,6.13,6.626739004302143,0.49673900430214335,0.7565937448923887,0.850115157213004,0.09352141232061528
NE,52.65,4.65,chant,6447648211,HUMAN_OBSERVATION,5000.0,292:15,3.737679715065412,6.25,0.313609467455621,2026-06-07,Bergen Aan Zee_52.680_4.675,5.402351558847195,3.6958324475405973,5.504762340269246,3.969666895346586,5.501994989157825,5.783720394865305,2026-06-07,6.25,5.783720394865305,-0.46627960513469535,0.313609467455621,0.5449620793522457,0.2313526118966247
NE,52.8,6.4,chant,6447746575,HUMAN_OBSERVATION,5000.0,293:21,0.0,6.26,0.7582418874892698,2026-06-17,Dwingeloo_52.800_6.400,6.109569108378032,4.10699055528721,5.693795838708596,4.1144611782688365,5.159070251719496,6.703213227830985,2026-06-17,6.26,6.703213227830985,0.44321322783098527,0.7582418874892698,0.8487703327334971,0.09052844524422732
NE,52.9,6.7,chant,6447771494,HUMAN_OBSERVATION,5000.0,293:22,2.223901604671318,6.02,0.5263798957182122,2026-06-21,Borger_52.920_6.700,6.37520504653119,4.05239353773118,5.584020790829557,3.8058739851784527,4.661818458179512,6.718797401428027,2026-06-21,6.02,6.718797401428027,0.6987974014280276,0.5263798957182122,0.7243875308755058,0.19800763515729358
NE,52.8,6.8,chant,6447870396,HUMAN_OBSERVATION,5000.0,293:22,1.6807111686969578,5.17,0.3538999098286752,2026-06-30,Sleen_52.800_6.775,5.985180849022609,2.8215148264757186,5.1780691502523934,2.365670571822208,2.898105888984042,5.648033860430089,2026-06-30,5.17,5.648033860430089,0.4780338604300889,0.3538999098286752,0.344567177637512,-0.009332732191163207
NE,52.25,6.15,chant,6447954086,HUMAN_OBSERVATION,5000.0,289:20,2.0327830478490214,6.0,0.783846401287435,2026-06-09,Deventer_52.260_6.175,6.193364067517442,3.804031150805874,5.343088348963697,4.060917512599444,5.293248391846227,6.236914700879186,2026-06-09,6.0,6.236914700879186,0.2369147008791863,0.783846401287435,0.7464773209459733,-0.03736908034146169
NE,53.05,6.25,chant,6448060725,HUMAN_OBSERVATION,5000.0,294:20,1.1119508023351372,5.77,0.5365699375345934,2026-06-29,Siegerswoude_53.040_6.250,6.453764776687928,3.275601048972491,5.701854170211979,2.7623411092619086,3.3901399201216584,6.023311224897127,2026-06-29,5.77,6.023311224897127,0.25331122489712765,0.5365699375345934,0.5355420257768642,-0.0010279117577292052
NE,52.35,6.0,chant,6448186836,HUMAN_OBSERVATION,,290:20,3.742903618458192,6.21,0.6888449881775608,2026-06-18,Heerde_52.380_6.025,6.283127794522402,3.8458428369506117,5.576789153363881,3.732833151145513,4.737971000287724,6.560622339107129,2026-06-18,6.21,6.560622339107129,0.3506223391071295,0.6888449881775608,0.7093871980819908,0.02054220990443001
NE,52.15,6.75,chant,6448223013,HUMAN_OBSERVATION,5000.0,289:22,2.0363145522887343,6.38,0.7161691888520234,2026-06-21,Haaksbergen_52.140_6.775,6.960233635494802,4.027530447902425,5.21410835204606,3.6664676987176614,4.677931936260441,6.728300102867328,2026-06-21,6.38,6.728300102867328,0.34830010286732804,0.7161691888520234,0.7317527443462477,0.0155835554942243
NE,52.05,6.0,chant,6448245504,HUMAN_OBSERVATION,,288:20,3.7481346130437614,6.1,0.7429869224347512,2026-06-14,Laag-Soeren_52.080_6.025,6.606260653153043,4.086390534889145,5.402973392824813,4.134180040728866,5.497073560194372,6.610415164069851,2026-06-14,6.1,6.610415164069851,0.5104151640698511,0.7429869224347512,0.8460795758488386,0.10309265341408747
NE,52.8,6.4,chant,6448442210,HUMAN_OBSERVATION,5000.0,293:21,0.0,6.03,0.6852962382514938,2026-06-14,Dwingeloo_52.800_6.400,5.927561530582299,4.036901127933312,5.664927444616365,4.053493192022296,5.178870069308301,6.467376375155247,2026-06-14,6.03,6.467376375155247,0.43737637515524685,0.6852962382514938,0.7030752839608677,0.017779045709373942
NE,53.05,6.3,chant,6448588658,HUMAN_OBSERVATION,5000.0,294:21,2.007345528331862,6.28,0.9015612218791766,2026-06-14,Siegerswoude_53.040_6.325,6.137893024387286,4.271727165651928,5.946281970383186,4.367273716470978,5.6140755972154475,6.603975733693847,2026-06-14,6.28,6.603975733693847,0.3239757336938469,0.9015612218791766,0.8329544054327289,-0.06860681644644773
NE,52.5,6.45,chant,6448674119,HUMAN_OBSERVATION,5000.0,291:21,1.6922818900931471,6.05,0.5509306072873522,2026-06-21,Den Ham_52.500_6.475,6.486969101490055,3.7894200211561455,5.29047354899478,3.4595917550334376,4.322736305202395,6.502702187666813,2026-06-21,6.05,6.502702187666813,0.45270218766681314,0.5509306072873522,0.6057953012922004,0.05486469400484817
NE,52.45,6.2,chant,6448862370,HUMAN_OBSERVATION,5000.0,291:20,2.0266770060548294,5.97,0.5010803700976388,2026-06-21,Lierderholthuis_52.440_6.175,6.260908525519245,3.696071580423952,5.52044169852642,3.4197009602156574,4.254587329844939,6.387191211142068,2026-06-21,5.97,6.387191211142068,0.41719121114206814,0.5010803700976388,0.5272330242709525,0.026152654173313694
NE,52.1,6.45,chant,6448868878,HUMAN_OBSERVATION,5000.0,289:21,2.804116775112848,6.11,0.749549507642806,2026-06-14,Borculo_52.080_6.475,6.580844456347639,4.235020341215477,5.329252727936372,4.21911922962448,5.543640441977428,6.738814538016695,2026-06-14,6.11,6.738814538016695,0.6288145380166945,0.749549507642806,0.9352106033831338,0.18566109574032774
NE,52.1,5.35,chant,6448960844,HUMAN_OBSERVATION,,289:17,2.223901604671969,5.98,0.5026823127018125,2026-06-21,Maarn_52.080_5.350,6.428318648874095,3.7095002131894956,5.841474819863834,3.4384515029503655,4.33715045597603,6.2676610962440265,2026-06-21,5.98,6.2676610962440265,0.287661096244026,0.5026823127018125,0.48805620026163543,-0.014626112440177086
NE,52.35,5.95,chant,6449064579,HUMAN_OBSERVATION,,290:19,3.335852407005432,5.69,0.388571129492054,2026-06-15,Emst_52.320_5.950,5.995368544025129,3.7809444209481766,5.425536331759419,3.786103663911893,4.927655126694427,6.317468271416222,2026-06-15,5.69,6.317468271416222,0.6274682714162214,0.388571129492054,0.5971165345762592,0.20854540508420522
NE,52.0,6.0,chant,6449069483,HUMAN_OBSERVATION,5000.0,288:20,2.8059821335371598,5.85,0.5109976150283732,2026-06-23,Rheden_52.020_6.025,7.0027478435339825,3.6283691304560457,5.363013532109005,3.1864649182421525,4.1144580944271105,6.365321650903752,2026-06-23,5.85,6.365321650903752,0.5153216509037524,0.5109976150283732,0.5653045120618296,0.05430689703345648
NE,52.15,6.75,chant,6449075432,HUMAN_OBSERVATION,5000.0,289:22,2.0363145522887343,6.37,0.893123143834981,2026-06-16,Haaksbergen_52.140_6.775,6.736488983016421,4.401360189659112,5.33767925952369,4.3014623792610935,5.59450353320465,6.947215025186812,2026-06-16,6.37,6.947215025186812,0.5772150251868116,0.893123143834981,0.9661528867635945,0.07302974292861342
NE,52.9,5.0,chant,6449205261,HUMAN_OBSERVATION,,293:16,2.7850038190499182,5.74,0.5627479711451763,2026-06-30,Den Oever_52.920_4.975,6.665365746885288,3.4018050044866963,6.099505521108382,2.918910270726886,3.580386920616639,6.084535537063434,2026-06-30,5.74,6.084535537063434,0.3445355370634342,0.5627479711451763,0.5500225428313801,-0.012725428313796194
NE,51.95,5.5,chant,6449500743,HUMAN_OBSERVATION,5000.0,288:18,1.1119508023337792,6.05,0.7115465790837133,2026-06-14,Lienden_51.960_5.500,6.067469134094164,4.131832272463806,5.960027839899801,4.221894043287027,5.385521509871524,6.418385465862586,2026-06-14,6.05,6.418385465862586,0.3683854658625858,0.7115465790837133,0.6472933096924011,-0.06425326939131226
NE,52.95,6.7,chant,6449519452,HUMAN_OBSERVATION,5000.0,293:22,3.335852407005696,5.73,0.5122163358899345,2026-06-29,Borger_52.920_6.700,6.332720564518831,3.189298962044636,5.391616941051563,2.674642533334885,3.2406675944941923,6.070876746240191,2026-06-29,5.73,6.070876746240191,0.34087674624019026,0.5122163358899345,0.5720724282438524,0.05985609235391787
NE,52.85,6.3,chant,6449540569,HUMAN_OBSERVATION,5000.0,293:21,2.013475026429883,6.11,0.844632263205615,2026-06-11,Dwingeloo_52.860_6.325,5.859347786738277,3.9232139244427846,5.809617873412799,3.996886207444376,5.326147400647334,6.3382416132981465,2026-06-11,6.11,6.3382416132981465,0.22824161329814618,0.844632263205615,0.7916372546251422,-0.05299500858047279
NE,52.85,6.25,chant,6449597814,HUMAN_OBSERVATION,5000.0,293:20,1.1119508023357043,5.51,0.4268935978358888,2026-06-30,Boijl_52.860_6.250,6.134442971534714,2.8941921427482695,5.383663426904053,2.4416601315911106,3.00800267858474,5.709864939733472,2026-06-30,5.51,5.709864939733472,0.1998649397334722,0.4268935978358888,0.37682596934175,-0.050067628494138816
NE,52.35,5.95,chant,6449623327,HUMAN_OBSERVATION,5000.0,290:19,3.335852407005432,5.83,0.5364755394826625,2026-06-16,Emst_52.320_5.950,6.116418738746622,3.821834070615603,5.4378813182283325,3.781821895051752,4.919545493429787,6.383313304262197,2026-06-16,5.83,6.383313304262197,0.5533133042621969,0.5364755394826625,0.6922103870374059,0.15573484755474343
NE,50.9,5.8,chant,6449650514,HUMAN_OBSERVATION,5000.0,282:19,2.22390160467008,6.16,0.8169467811307023,2026-06-13,Houthem_50.880_5.800,6.67446904617376,4.3600702246578935,5.58139263238821,4.444319702481453,5.909496000264835,6.6211099990027815,2026-06-13,6.16,6.6211099990027815,0.4611099990027814,0.8169467811307023,0.9339643825678396,0.11701760143713735
NE,57.277492,10.536767,chant,6467790338,HUMAN_OBSERVATION,4.0,317:35,2.6007441510595384,6.77,0.883405878099324,2026-06-20,Sæby_57.300_10.525,6.610177230140813,4.2579976675084925,5.035980497816267,4.169121028690585,5.309607723475779,7.038824792822506,2026-06-20,6.77,7.038824792822506,0.2688247928225067,0.883405878099324,0.9335331718094565,0.05012729371013247
NE,56.7965,9.756394,chant,6467793474,HUMAN_OBSERVATION,4.0,315:32,2.84798119826321,6.04,0.6140368964116583,2026-06-18,Skørping_56.820_9.775,5.512461024557914,3.9359201389041454,4.854048990933269,4.037479873983412,5.0398259929243645,6.2027566451910205,2026-06-18,6.04,6.2027566451910205,0.1627566451910205,0.6140368964116583,0.5233736716268069,-0.09066322478485134
NE,56.8536,9.4741,chant,6467793484,HUMAN_OBSERVATION,9.0,315:31,2.9360597047238395,6.14,0.8099683899607854,2026-06-13,Aars_56.880_9.475,5.611343590586204,4.098596755699261,5.020261125692503,4.0796476173781855,5.172135691428091,6.317694422316398,2026-06-13,6.14,6.317694422316398,0.17769442231639854,0.8099683899607854,0.5729103691292533,-0.23705802083153205
NE,56.049393,12.563871,chant,6467796472,HUMAN_OBSERVATION,25.0,311:41,1.3539051184715516,6.79,0.8902153015843609,2026-06-22,Hellebæk_56.040_12.550,6.917763693705205,4.0532532021853624,5.262604474674483,3.7264904908076986,4.745793062005256,7.014331333825098,2026-06-22,6.79,7.014331333825098,0.22433133382509762,0.8902153015843609,0.9045185536922085,0.014303252107847553
NE,56.147447,9.588413,chant,6467798319,HUMAN_OBSERVATION,51.0,311:32,2.661328177371244,5.77,0.6655960350205159,2026-06-09,Svejbæk_56.160_9.625,5.532140300503825,3.828973520214421,5.074407754709209,3.8086785021804475,5.086901915519414,5.996860253543109,2026-06-09,5.77,5.996860253543109,0.22686025354310946,0.6655960350205159,0.6149251789658372,-0.05067085605467869
NE,56.830221,9.903056,chant,6467801386,HUMAN_OBSERVATION,10.0,315:33,1.753406408068556,6.05,0.7282910813696354,2026-06-12,Skørping_56.820_9.925,5.696086616583071,3.9705277644029167,5.238177865755967,3.979309702801142,5.191627511289025,6.260992440864347,2026-06-12,6.05,6.260992440864347,0.21099244086434688,0.7282910813696354,0.5800009101681954,-0.14829017120143995
NE,57.035767,8.865345,chant,6467802409,HUMAN_OBSERVATION,4.0,316:29,2.7571421806263707,6.68,0.8174743396489049,2026-06-25,Thisted_57.060_8.875,6.118626290876526,3.8271526088485692,5.292513294043183,4.1418526607052675,4.452839525995478,7.062974800412063,2026-06-25,6.68,7.062974800412063,0.38297480041206367,0.8174743396489049,0.8834681386523451,0.06599379900344016
NE,56.90857,8.365301,chant,6467818351,HUMAN_OBSERVATION,10.0,315:27,3.309968483267522,6.32,0.6729018872786497,2026-06-25,Hurup_56.880_8.350,5.881604477369241,3.641778248929053,4.92652334450299,3.479074098655357,4.145211572838797,6.685207678620555,2026-06-25,6.32,6.685207678620555,0.36520767862055514,0.6729018872786497,0.7488083032403292,0.07590641596167946
NE,56.383102,9.333073,chant,6467819438,HUMAN_OBSERVATION,5.0,312:31,1.94356177783987,6.13,0.6090481614012991,2026-06-19,Viborg_56.400_9.325,5.662604551242698,3.8600755722481326,4.952692782196544,3.9585300073671834,4.907028085868423,6.329336745349599,2026-06-19,6.13,6.329336745349599,0.19933674534959867,0.6090481614012991,0.5589919512462533,-0.0500562101550458
NE,55.804805,12.522225,chant,6467820344,HUMAN_OBSERVATION,15.0,309:41,1.8162221237426253,5.19,0.1983081433491411,2026-06-08,Trørød_55.800_12.550,6.058653871208585,3.602789146750357,5.042780245072258,3.7548166071071045,5.129099774254596,5.830236101436484,2026-06-08,5.19,5.830236101436484,0.6402361014364839,0.1983081433491411,0.5923993063602474,0.3940911630111063
NE,57.577892,10.353703,chant,6467821416,HUMAN_OBSERVATION,4.0,319:34,2.7666472023433366,6.82,0.9103755188598958,2026-06-20,Strandby_57.600_10.375,6.171401355774773,4.0303043132692435,4.907161609892923,4.165600224174889,5.260203421073884,7.011888337793718,2026-06-20,6.82,7.011888337793718,0.19188833779371794,0.9103755188598958,0.9139188876199498,0.003543368760054011
NE,57.417261,10.498583,chant,6467824317,HUMAN_OBSERVATION,8.0,318:35,1.610856113886063,6.63,0.8509417542420177,2026-06-19,Frederikshavn_57.420_10.525,6.567185921055384,4.351716181731558,4.983919826743324,4.287714109977842,5.495778576737568,6.919150442412041,2026-06-19,6.63,6.919150442412041,0.28915044241204146,0.8509417542420177,0.8946706754338754,0.04372892119185767
NE,56.812864,9.824339,chant,6467832460,HUMAN_OBSERVATION,14.0,315:32,1.751739423242528,5.87,0.4908764225522297,2026-06-15,Skørping_56.820_9.850,5.6034937269903775,4.055020038234331,5.049189020590695,4.065008375265109,5.10627051388335,6.209826843916946,2026-06-15,5.87,6.209826843916946,0.3398268439169456,0.4908764225522297,0.4840630690940185,-0.006813353458211158
NE,56.017863,12.016361,chant,6467841491,HUMAN_OBSERVATION,25.0,310:40,4.244311017958269,6.3,0.9212489775033412,2026-06-14,Frederiksværk_55.980_12.025,6.2419799176828015,3.9103291984766,4.982373285275643,3.995912340834133,5.131333126731091,6.505831993862664,2026-06-14,6.3,6.505831993862664,0.20583199386266404,0.9212489775033412,0.7213904568957957,-0.1998585206075455
NE,57.417746,10.505185,chant,6467846333,HUMAN_OBSERVATION,9.0,318:35,1.212661850999007,6.97,0.9516005410279532,2026-06-30,Frederikshavn_57.420_10.525,7.293081155362205,3.8297893827340617,5.586873305714287,3.276338439971878,4.085780703417383,7.248359056948764,2026-06-30,6.97,7.248359056948764,0.27835905694876395,0.9516005410279532,0.9524571686203788,0.0008566275924255518
NE,55.787358,12.396067,chant,6467855352,HUMAN_OBSERVATION,5.0,309:41,1.4270658496456066,6.24,0.7145150364580234,2026-06-18,Farum_55.800_12.400,6.529393236607629,4.05283150401253,5.178261775415256,3.9778584830692374,5.252266792846808,6.640071793362746,2026-06-18,6.24,6.640071793362746,0.4000717933627458,0.7145150364580234,0.7691582126321768,0.054643176174153374
NE,57.130162,9.416648,chant,6467856315,HUMAN_OBSERVATION,9.0,317:31,1.5121192388927864,6.61,0.8413778178546373,2026-06-21,Brovst_57.120_9.400,6.17750830596318,4.189205008910746,5.340878417037132,4.024248393347464,4.926492394813374,6.808171874075175,2026-06-21,6.61,6.808171874075175,0.19817187407517434,0.8413778178546373,0.8299555906228077,-0.011422227231829618
NE,56.014872,8.448405,chant,6467863435,HUMAN_OBSERVATION,5.0,310:28,3.149916569796701,6.27,0.7056774332884317,2026-06-23,Skjern_56.040_8.425,5.781056668669967,3.735961752998567,4.902189074368144,3.466124853082535,4.161475124486356,6.432175368553515,2026-06-23,6.27,6.432175368553515,0.16217536855351522,0.7056774332884317,0.6033193399852493,-0.10235809330318235
NE,56.793487,9.898309,chant,6467866469,HUMAN_OBSERVATION,13.0,315:33,3.3662202209514955,5.99,0.636076849191082,2026-06-14,Skørping_56.820_9.925,5.675491775878996,4.092833215532281,5.061148606364099,4.042087213584973,5.1147271304730495,6.233618604114402,2026-06-14,5.99,6.233618604114402,0.24361860411440173,0.636076849191082,0.47750254974665707,-0.15857429944442492
NE,56.906897,9.401838,chant,6467868317,HUMAN_OBSERVATION,3.0,315:31,2.9928966032819235,6.11,0.6059246670304521,2026-06-19,Farsø_56.880_9.400,5.653834362587914,3.9501928718988673,4.954575073575465,4.137998245395353,4.979903169670445,6.459033972760224,2026-06-19,6.11,6.459033972760224,0.34903397276022385,0.6059246670304521,0.6482690619368081,0.042344394906356
NE,55.816998,12.500323,chant,6467872370,HUMAN_OBSERVATION,75.0,309:41,2.4650221056651653,6.27,0.9128737498488568,2026-06-13,Stavnsholt_55.800_12.475,6.690774221168803,4.147867553418021,5.333247377182579,4.037569144794226,5.381598991498948,6.539326028242525,2026-06-13,6.27,6.539326028242525,0.26932602824252516,0.9128737498488568,0.8362669061889993,-0.07660684365985748
NE,56.066308,9.194211,chant,6467873305,HUMAN_OBSERVATION,15.0,311:30,3.1591893081005984,5.8,0.6589614961082,2026-06-11,Ikast_56.040_9.175,5.4976024579730725,3.832349122532137,5.049778470774711,3.876092636324493,5.085379595215991,6.100817928293511,2026-06-11,5.8,6.100817928293511,0.30081792829351084,0.6589614961082,0.6362695178307574,-0.022691978277442626
NE,54.984705,12.522744,chant,6467874448,HUMAN_OBSERVATION,63.0,305:41,4.102631058369297,6.87,1.0,2026-06-18,Stege_54.960_12.475,6.603173664552396,4.104823511221347,5.308345019716227,4.2302829153056125,5.594206193485249,7.021025130090082,2026-06-18,6.87,7.021025130090082,0.15102513009008156,1.0,0.970114492724907,-0.029885507275092982
NE,55.820477,12.501849,chant,6467880342,HUMAN_OBSERVATION,75.0,309:41,2.828242864234268,5.65,0.4982191163210104,2026-06-30,Stavnsholt_55.800_12.475,6.273626567764321,2.801594606098866,5.071348309756796,2.3604875199011963,3.083004973383442,5.655816494728689,2026-06-30,5.65,5.655816494728689,0.005816494728688504,0.4982191163210104,0.3496618575293064,-0.148557258791704
NE,62.16326,14.95874,chant,6418424426,HUMAN_OBSERVATION,9.0,345:49,0.5808321778277493,6.38,0.8305117772174869,2026-07-02,Ostensjo_62.160_14.950,5.9557531926245195,4.139269152811521,5.72104583444828,4.205574108611125,4.812797553997457,6.74335767702554,2026-07-02,6.38,6.74335767702554,0.3633576770255402,0.8305117772174869,0.7717833598771418,-0.058728417340345174
NE,59.930182,10.524788,chant,6419689380,HUMAN_OBSERVATION,10.0,332:35,1.0917771731388204,5.46,0.4063020430573528,2026-07-03,Smestad_59.940_10.525,6.241935173407418,3.1080276659015706,5.153811466375755,2.52623760401679,3.250540707559272,5.780244341966092,2026-07-03,5.46,5.780244341966092,0.32024434196609164,0.4063020430573528,0.2844050452224077,-0.12189699783494506
NE,63.86278,11.20669,chant,6419718351,HUMAN_OBSERVATION,50.0,354:37,4.151617301079952,6.14,0.7019813621320322,2026-07-01,Straumen_63.900_11.200,5.428464081981206,4.642243664526205,4.595717281903651,4.51923023379182,4.890992315258979,6.7620717908218815,2026-07-01,6.14,6.7620717908218815,0.6220717908218818,0.7019813621320322,0.8138782442083258,0.11189688207629356
NE,62.48361,6.494936,chant,6419723546,HUMAN_OBSERVATION,1.0,346:21,2.818158338452946,6.52,0.8654284967775646,2026-07-01,Ikornnes_62.460_6.475,4.891125757796226,4.384572304988903,4.4588474962076505,4.936212476548525,5.305688037843679,7.2224594401575795,2026-07-01,6.52,7.2224594401575795,0.7024594401575799,0.8654284967775646,0.9239723044765719,0.058543807699007244
NE,60.196022,5.530541,chant,6419726513,HUMAN_OBSERVATION,42.0,334:18,3.035541590528556,7.49,0.9467620289582293,2026-07-04,Os_60.180_5.575,5.910662220607133,5.059614226162658,4.808717343420192,4.761115694386399,5.143765599581929,7.835481130815842,2026-07-04,7.49,7.835481130815842,0.3454811308158421,0.9467620289582293,0.9645080193054861,0.01774599034725688
NE,60.331903,9.959981,chant,6419756560,HUMAN_OBSERVATION,174.0,334:33,3.669408588732705,5.54,0.3610185298300399,2026-07-04,Sokna_60.360_9.925,5.226902386561709,3.58482122551449,5.190758681178401,3.2668904983612865,3.797788505958074,6.00278502024594,2026-07-04,5.54,6.00278502024594,0.46278502024594026,0.3610185298300399,0.24241835295465458,-0.11860017687538532
NE,69.734407,19.188149,chant,6419829502,HUMAN_OBSERVATION,25.0,387:64,2.140603739285221,5.91,0.6383096841036301,2026-07-02,Movik_69.720_19.225,4.385837490167247,0.0,0.0,5.1528430749024,5.285565043754242,6.505597370278157,2026-07-02,5.91,6.505597370278157,0.5955973702781572,0.6383096841036301,0.6597121631270854,0.021402479023455268
NE,60.252317,11.302306,chant,6419839376,HUMAN_OBSERVATION,5.0,334:37,2.0362536507045426,5.3,0.450135146712827,2026-07-02,Sesvoll_60.240_11.275,4.996181728175902,2.986896309387885,5.008221149191678,2.7638872832063264,3.284954919009615,5.451494859602119,2026-07-02,5.3,5.451494859602119,0.15149485960211884,0.450135146712827,0.21468250894673443,-0.23545263776609257
NE,56.720325,-4.98268,chant,6423514668,HUMAN_OBSERVATION,8.0,314:-17,2.4950335085779645,6.35,0.809155989093725,2026-07-02,Kinlochleven_56.700_-5.000,6.671505759233426,4.8459219614595685,5.042707698474019,4.072746467137823,4.765936979554315,7.223703665316167,2026-07-02,6.35,7.223703665316167,0.8737036653161674,0.809155989093725,0.9332631621132442,0.12410717301951923
NE,52.85,6.35,chant,6423583355,HUMAN_OBSERVATION,5000.0,293:21,2.0134750264298678,6.27,0.616686608499254,2026-07-04,Dwingeloo_52.860_6.325,6.7614886970800425,3.2789883124730403,6.052606497688398,2.9584711432334325,3.697078928871196,6.688286242697336,2026-07-04,6.27,6.688286242697336,0.41828624269733616,0.616686608499254,0.5408026261260032,-0.07588398237325089
NE,52.85,6.3,chant,6423866737,HUMAN_OBSERVATION,5000.0,293:21,2.013475026429883,5.65,0.5348792581040829,2026-07-02,Dwingeloo_52.860_6.325,6.535399639838889,3.127630362489061,5.728526645662531,2.670560931390605,3.3197869135830995,6.187225050287016,2026-07-02,5.65,6.187225050287016,0.5372250502870157,0.5348792581040829,0.5356049901075665,0.0007257320034835812
NE,52.95,6.7,chant,6424123330,HUMAN_OBSERVATION,5000.0,293:22,3.335852407005696,6.94,0.8580767662052348,2026-07-05,Borger_52.920_6.700,6.946154651503401,3.4732977626162547,6.060739866044633,3.1208126172146864,3.8327608071514385,7.062953310299128,2026-07-05,6.94,7.062953310299128,0.1229533102991276,0.8580767662052348,0.7416876723182256,-0.11638909388700913
NE,52.9,6.8,chant,6424266643,HUMAN_OBSERVATION,5000.0,293:22,2.7850038190498623,6.09,0.7210633630832074,2026-07-02,Borger_52.920_6.775,6.714719711672469,3.3105064369357193,5.64275542698661,2.791741537176578,3.39823849905571,6.442227055962794,2026-07-02,6.09,6.442227055962794,0.35222705596279447,0.7210633630832074,0.612340680952412,-0.10872268213079539
NE,57.702205,12.07052,chant,6424272572,HUMAN_OBSERVATION,35.0,320:40,2.642276071025609,6.43,0.8409510538233754,2026-07-01,Goteborg_57.720_12.100,7.318363739049626,3.7928897621308924,5.825158341668025,3.0837782527976234,3.923773642885844,6.779110506548256,2026-07-01,6.43,6.779110506548256,0.34911050654825626,0.8409510538233754,0.8243685769029783,-0.01658247692039716
NE,52.85,6.3,chant,6424307596,HUMAN_OBSERVATION,,293:21,2.013475026429883,6.44,0.7102149764704757,2026-07-05,Dwingeloo_52.860_6.325,6.8350821609621635,3.304938376947064,6.152589589644555,3.0103596223300375,3.764088020596555,6.823064308608906,2026-07-05,6.44,6.823064308608906,0.3830643086089056,0.7102149764704757,0.618321187860276,-0.0918937886101997
NE,58.435691,11.367736,chant,6424667306,HUMAN_OBSERVATION,4.0,324:37,1.1380512272119818,6.57,0.7728513235551115,2026-07-04,Tossene_58.440_11.350,7.545402044153183,4.00391164904694,5.9097017127021605,3.366506982037396,4.225052791549509,7.3183804416555445,2026-07-04,6.57,7.3183804416555445,0.7483804416555442,0.7728513235551115,0.8367368888052364,0.0638855652501249
NE,58.80706,15.90197,chant,6426644412,HUMAN_OBSERVATION,75.0,326:53,1.5413395219987291,5.75,0.472737887623639,2026-07-03,Finspång_58.800_15.925,6.631585685129621,3.2833991039515973,5.721236541812973,2.761203108573401,3.4084128190797602,6.003439884946002,2026-07-03,5.75,6.003439884946002,0.253439884946002,0.472737887623639,0.3970585175125766,-0.0756793701110624
NE,59.55671,18.17252,chant,6426696403,HUMAN_OBSERVATION,250.0,330:60,2.59349742241843,5.87,0.4403258926040264,2026-07-04,Vallentuna_59.580_18.175,6.892452335508156,3.9544185918480963,5.9892740848916945,3.419845890440993,3.922202711082618,6.329145093242866,2026-07-04,5.87,6.329145093242866,0.45914509324286623,0.4403258926040264,0.37618869201646765,-0.06413720058755873
NE,59.76969,17.65808,chant,6426727384,HUMAN_OBSERVATION,75.0,331:58,1.1686084432746815,6.18,0.5804149552490452,2026-07-06,Uppsala_59.760_17.650,7.167723088207083,4.081831672112487,6.091325597672728,3.268880127077206,4.025148658964486,6.714765673316693,2026-07-06,6.18,6.714765673316693,0.5347656733166932,0.5804149552490452,0.49126504403350524,-0.08914991121553995
NE,57.60916,18.4299,chant,6426734333,HUMAN_OBSERVATION,200.0,319:61,2.051904659716997,7.35,0.874370799841877,2026-07-08,Visby_57.600_18.400,7.244149869043084,3.94976061606746,6.221497479025721,3.818582802525729,4.526831262230028,7.731513640872029,2026-07-08,7.35,7.731513640872029,0.3815136408720292,0.874370799841877,0.8444590855185145,-0.029911714323362593
NE,58.96533,16.78788,chant,6426755365,HUMAN_OBSERVATION,50.0,327:56,2.6809212873025023,5.88,0.5217509927766097,2026-07-05,Rosenlund_58.980_16.825,6.754731273150311,3.602644817488541,5.623811764220985,2.787941092851948,3.462780149711661,6.311709203215452,2026-07-05,5.88,6.311709203215452,0.43170920321545214,0.5217509927766097,0.38665627299572913,-0.1350947197808806
NE,58.70154,16.76228,chant,6426803356,HUMAN_OBSERVATION,100.0,325:55,2.498040648726949,6.23,0.6354545943716036,2026-07-06,Nykoping_58.680_16.750,7.271965313812653,3.9746434413814544,6.162129835758171,3.184409565879647,3.979306983975777,6.893306216738584,2026-07-06,6.23,6.893306216738584,0.6633062167385839,0.6354545943716036,0.5830964253044681,-0.05235816906713542
NE,59.68004,15.6479,chant,6426846418,HUMAN_OBSERVATION,100.0,331:52,2.564653128924197,5.94,0.5391944692039558,2026-07-05,Finnhult_59.700_15.625,6.839086728635087,3.5967851752869033,5.797251718112445,3.0453786300803034,3.6544000538591304,6.356238237271,2026-07-05,5.94,6.356238237271,0.4162382372709992,0.5391944692039558,0.4064751717990725,-0.13271929740488325
NE,58.33472,11.94967,chant,6426871315,HUMAN_OBSERVATION,5.0,323:39,1.6369049742952884,6.84,0.9183721055369218,2026-07-06,Uddevalla_58.320_11.950,7.2765943318800455,3.9892741460787464,5.913193592617787,3.295475576508966,4.110499900044477,7.080728181520861,2026-07-06,6.84,7.080728181520861,0.24072818152086128,0.9183721055369218,0.7252255484009831,-0.19314655713593876
NE,59.03574,15.02809,chant,6427013390,HUMAN_OBSERVATION,25.0,327:50,0.5055990173593005,5.46,0.2349311934380169,2026-07-07,Kumla_59.040_15.025,6.81522907332824,3.7817507363139025,5.7783009022493195,3.2154677165846075,3.9923341385308553,6.510348151255853,2026-07-07,5.46,6.510348151255853,1.0503481512558528,0.2349311934380169,0.2966635797510191,0.06173238631300218
NE,56.51461,13.44936,chant,6427100305,HUMAN_OBSERVATION,10.0,313:44,0.6006260120739985,4.88,0.2495519831334836,2026-07-08,Sjoared_56.520_13.450,6.89010322340168,3.748354402632091,5.791961184548831,3.2486257549658752,4.047222273709472,6.886683701562958,2026-07-08,4.88,6.886683701562958,2.0066837015629577,0.2495519831334836,0.4965608117011484,0.24700882856766482
NE,59.83169,17.64477,chant,6427202328,HUMAN_OBSERVATION,5.0,332:58,1.3323307703340348,5.94,0.574416668616178,2026-07-03,Uppsala_59.820_17.650,6.013183227627268,3.4033975189268295,5.486472499089055,2.894737458737763,3.5002352640651813,5.851188990823329,2026-07-03,5.94,5.851188990823329,-0.08881100917667162,0.574416668616178,0.30837944196077466,-0.26603722665540336
NE,58.49469,13.70019,chant,6427346345,HUMAN_OBSERVATION,100.0,324:45,1.5782404118092834,5.35,0.3012122809329304,2026-07-08,Skovde_58.500_13.675,6.9270254638712405,4.3609776806927245,5.955336092550456,3.7678613445069438,4.599160177125896,6.808781598839731,2026-07-08,5.35,6.808781598839731,1.4587815988397317,0.3012122809329304,0.4427197259190952,0.1415074449861648
NE,57.64701,12.60425,chant,6427374410,HUMAN_OBSERVATION,1500.0,319:42,1.900087389089051,6.65,0.7603188599335703,2026-07-05,Kinna_57.660_12.625,7.248929708122592,4.056977980524867,5.828210365204226,3.6301814479635652,4.048117382452926,7.041245430445222,2026-07-05,6.65,7.041245430445222,0.3912454304452213,0.7603188599335703,0.7381989770327563,-0.022119882900814014
NE,57.45876,15.25739,chant,6427703352,HUMAN_OBSERVATION,25.0,318:50,2.4027660921962184,3.53,0.1082452962172441,2026-07-06,Vetlanda_57.480_15.250,5.610827705287498,2.9257874426518273,4.9546406738963675,2.5682372479052584,3.1954312575726376,5.246258755802766,2026-07-06,3.53,5.246258755802766,1.7162587558027664,0.1082452962172441,0.07815722920739707,-0.030088067009847036
NE,64.08727,11.572708,chant,6427885446,HUMAN_OBSERVATION,10.0,355:38,0.816026292996989,6.42,0.7388301974781628,2026-07-06,Klæbu_64.080_11.575,5.741114925251707,4.761127055232872,4.807155272344933,4.363196075614076,4.882504616007339,7.313105265197522,2026-07-06,6.42,7.313105265197522,0.893105265197522,0.7388301974781628,0.8877616451132675,0.14893144763510469
NE,60.189632,5.504598,chant,6427962362,HUMAN_OBSERVATION,4.0,334:18,4.036956915984381,7.17,0.9291329708233812,2026-07-03,Os_60.180_5.575,5.983570727338503,5.14009094358177,4.799357405722009,4.772413407184852,5.147568121464177,7.7224267836564895,2026-07-03,7.17,7.7224267836564895,0.5524267836564896,0.9291329708233812,0.9445388467313418,0.015405875907960609
NE,66.193015,12.538451,chant,6427990537,HUMAN_OBSERVATION,150.0,367:41,1.537285954925532,5.14,0.2034560164616759,2026-07-09,Sandnessjøen_66.180_12.550,4.956508090118274,4.368156178878387,4.091141526401137,4.527031705162094,5.050957055242012,7.275428376790485,2026-07-09,5.14,7.275428376790485,2.135428376790485,0.2034560164616759,0.6831945938362258,0.47973857737454995
NE,69.571747,19.153402,chant,6428015396,HUMAN_OBSERVATION,25.0,386:63,3.1443642765680697,6.55,0.8000511183254714,2026-07-06,Tromsø_69.600_19.150,4.69824229390195,0.0,0.0,5.0368237153236475,5.048553430636652,6.978263194668843,2026-07-06,6.55,6.978263194668843,0.4282631946688431,0.8000511183254714,0.6579219952289566,-0.14212912309651482
NE,60.19643,24.910222,chant,6431002604,HUMAN_OBSERVATION,4.0,334:83,2.0012708498257004,6.17,0.5716462211737263,2026-07-04,Helsinki_60.180_24.925,5.446362008035704,3.630728105020627,4.88537056092409,3.219621238619505,3.6486937470659866,6.394537086100057,2026-07-04,6.17,6.394537086100057,0.22453708610005751,0.5716462211737263,0.40348308899473967,-0.16816313217898665
NE,62.526322,21.115573,chant,6431067340,HUMAN_OBSERVATION,265.0,347:70,3.128853551053125,7.51,0.953860425097132,2026-07-04,Kaskinen_62.520_21.175,6.098433904136952,4.769331382268546,5.156690819496618,4.640034964450757,5.124490389774066,7.773967854335036,2026-07-04,7.51,7.773967854335036,0.26396785433503656,0.953860425097132,0.9325652366804238,-0.02129518841670819
NE,56.216726,-4.306859,chant,6431113524,HUMAN_OBSERVATION,,312:-15,1.1792193321786784,7.47,0.9361144347498752,2026-07-04,Aberfoyle_56.220_-4.325,7.000053570170379,4.983098690871382,5.587029522834844,4.270543790895974,4.966709358258158,7.822575326189678,2026-07-04,7.47,7.822575326189678,0.3525753261896787,0.9361144347498752,0.9503112270276807,0.014196792277805459
NE,60.216178,24.8862,chant,6431149093,HUMAN_OBSERVATION,2.0,334:83,3.3183679243531228,6.31,0.6946150879773287,2026-07-06,Kilo_60.240_24.850,5.471651531093103,3.841016355954293,4.825539566531463,3.334437006529864,3.753478558438799,6.65937429877757,2026-07-06,6.31,6.65937429877757,0.34937429877757076,0.6946150879773287,0.457253421340556,-0.23736166663677272
NE,60.154964,25.013011,chant,6431310654,HUMAN_OBSERVATION,7.0,333:83,5.608145871438689,5.89,0.624962316526279,2026-07-02,Helsinki_60.180_24.925,5.242519870193846,3.193637119116458,4.783621784510154,3.047537128250558,3.506801531459649,5.975573369861364,2026-07-02,5.89,5.975573369861364,0.08557336986136388,0.624962316526279,0.426156575973288,-0.198805740552991
NE,56.935518,23.925855,chant,6431361349,HUMAN_OBSERVATION,8.0,315:79,1.5471619196020732,6.48,0.7444577389995005,2026-07-04,Riga_56.940_23.950,7.573953727859726,4.151870805465742,6.313817201784907,3.471688157917058,4.295289977583511,6.861527073484272,2026-07-04,6.48,6.861527073484272,0.3815270734842713,0.7444577389995005,0.6366309740011886,-0.1078267649983119
NE,57.619186,25.919886,chant,6431426411,HUMAN_OBSERVATION,4.0,319:86,2.4401717456938097,6.33,0.6344325988465106,2026-07-04,Seda_57.600_25.900,7.322939167031083,3.7028933337183427,5.82300093860881,3.289030140842087,3.7856556734819815,6.636376078032361,2026-07-04,6.33,6.636376078032361,0.3063760780323612,0.6344325988465106,0.5230566357787465,-0.1113759630677641
NE,60.199108,25.110548,chant,6431604716,HUMAN_OBSERVATION,6.0,334:83,4.952722226693061,5.71,0.5508960991969036,2026-07-02,Helsinki_60.240_25.075,5.179220364460415,3.186108560155234,4.707184357855346,3.005735020672638,3.442990210290219,5.909988514379123,2026-07-02,5.71,5.909988514379123,0.19998851437912268,0.5508960991969036,0.3700976321484131,-0.1807984670484905
NE,62.580933,29.819884,chant,6432544351,HUMAN_OBSERVATION,1000.0,347:99,1.023444067640492,6.26,0.7754136909945999,2026-07-01,Joensuu_62.580_29.800,5.336685084733618,4.12591474322228,5.001747758144595,4.336416214660958,4.38767170124486,6.369185928172246,2026-07-01,6.26,6.369185928172246,0.10918592817224582,0.7754136909945999,0.5788016025082732,-0.19661208848632672
NE,65.433265,12.112326,chant,6434764415,HUMAN_OBSERVATION,25.0,363:40,4.699730922261288,5.98,0.5209795940714625,2026-07-12,Berg_65.400_12.175,5.45142109682464,4.710614561885635,4.364001021218232,4.520671237443816,5.084818777147523,7.741672685945716,2026-07-12,5.98,7.741672685945716,1.7616726859457152,0.5209795940714625,0.8591355612659819,0.33815596719451935
NE,60.604863,5.336765,chant,6434769608,HUMAN_OBSERVATION,5000.0,336:17,0.9023593050770538,8.33,0.9816200780605406,2026-07-16,Knarvik_60.600_5.350,6.670197775706614,4.4521776954173635,5.336862989649084,4.302356670699505,4.480893641705486,8.413449669668076,2026-07-16,8.33,8.413449669668076,0.08344966966807554,0.9816200780605406,0.9754934374140543,-0.006126640646486381
NE,60.249901,5.241553,chant,6434774527,HUMAN_OBSERVATION,944.0,334:17,2.149184321540244,8.52,0.9877467187070272,2026-07-16,Krokeide_60.240_5.275,6.4092175333725825,4.4138586847565096,5.270578352970618,3.9576154189770243,4.5690871110181135,8.507538449846765,2026-07-16,8.52,8.507538449846765,-0.012461550153235024,0.9877467187070272,0.9816200780605406,-0.006126640646486603
NE,63.237072,9.970312,chant,6434810301,HUMAN_OBSERVATION,7.0,350:33,1.5216751959631898,7.04,0.6218910165707654,2026-07-14,Eggkleiva_63.240_10.000,5.8868111176658555,4.513873231751631,4.758280935635211,4.316011310764233,5.044629830041653,7.787738339857147,2026-07-14,7.04,7.787738339857147,0.7477383398571469,0.6218910165707654,0.747036443102854,0.1251454265320886
NE,58.579409,9.01021,chant,6434830341,HUMAN_OBSERVATION,10.0,325:30,4.594131518926856,4.3,0.3291591814761272,2026-07-16,Tvedestrand_58.620_9.025,6.116414654436731,2.9236871581450976,5.264820178654295,2.2674505601106087,2.731625851579757,5.910700120939566,2026-07-16,4.3,5.910700120939566,1.6107001209395664,0.3291591814761272,0.3518224854148491,0.0226633039387219
NE,58.017859,7.521037,chant,6434837497,HUMAN_OBSERVATION,8.0,321:25,0.3333908205746413,4.08,0.2777826890745872,2026-07-13,Mandal_58.020_7.525,6.283625329396843,3.08994526498875,5.7693846927776065,2.7437344125655896,3.3769672347383413,6.475327869709074,2026-07-13,4.08,6.475327869709074,2.3953278697090736,0.2777826890745872,0.4409671170584334,0.1631844279838462
NE,60.24777,11.401265,chant,6434841497,HUMAN_OBSERVATION,25.0,334:38,1.5691469444155486,4.71,0.3182313777344756,2026-07-15,Vormsund_60.240_11.425,5.290597406971289,3.2230010006591594,4.931619028262011,2.679050879538661,3.211783426315873,6.3640609144289355,2026-07-15,4.71,6.3640609144289355,1.6540609144289355,0.3182313777344756,0.3632356693808441,0.045004291646368544
NE,59.42631,10.27387,chant,6434852575,HUMAN_OBSERVATION,5.0,329:34,3.2779020052122987,4.21,0.2465956805159261,2026-07-15,Nykirke_59.400_10.300,6.599824069920825,3.2150986289565937,5.292859541065587,2.587517990849541,3.0094323392685642,6.276891828058639,2026-07-15,4.21,6.276891828058639,2.0668918280586395,0.2465956805159261,0.34091910826547994,0.09432342774955385
NE,60.041468,5.576328,chant,6434868390,HUMAN_OBSERVATION,3.0,333:18,4.579517367490395,7.97,0.905154615259703,2026-07-15,Os_60.060_5.650,6.075147226806463,4.170454260554177,5.017395651435424,4.154683590732049,4.393655273412685,8.26268780428552,2026-07-15,7.97,8.26268780428552,0.2926878042855199,0.905154615259703,0.8939963347020208,-0.011158280557682199
NE,63.048512,9.238706,chant,6434881337,HUMAN_OBSERVATION,5.0,349:30,1.3984363009490797,6.81,0.6712856687076635,2026-07-11,Rindal_63.060_9.250,5.850893592882299,4.726861969222466,4.696099737617017,4.4465779918158495,4.904695175279838,7.686744039440158,2026-07-11,6.81,7.686744039440158,0.8767440394401582,0.6712856687076635,0.8103554348853008,0.13906976617763733
NE,59.781952,9.754339,chant,6434888332,HUMAN_OBSERVATION,3.0,331:32,2.701126558100593,4.32,0.2817813812141888,2026-07-15,Svene_59.760_9.775,5.962907544670606,3.1102402861843137,5.258324632644838,2.7006329677644185,2.876643317495862,5.7809458183500055,2026-07-15,4.32,5.7809458183500055,1.4609458183500053,0.2817813812141888,0.2782842693762042,-0.003497111837984568
NE,59.979468,10.820621,chant,6434915417,HUMAN_OBSERVATION,5.0,332:36,2.2960098836530625,3.54,0.1001014251634003,2026-07-07,Røtnes_60.000_10.825,4.950477494338319,3.2542558296144835,4.8339416184361355,3.0540005040035005,3.5982035020509255,5.95438296610147,2026-07-07,3.54,5.95438296610147,2.4143829661014697,0.1001014251634003,0.137394199417353,0.03729277425395271
NE,59.202016,6.059631,chant,6434937417,HUMAN_OBSERVATION,10.0,328:20,3.0460652508321493,7.94,0.9830962673519178,2026-07-12,Judaberg_59.220_6.100,7.740760351144339,4.507945036450191,5.931207250218484,4.0903615772017,4.885954761764588,8.146568283651389,2026-07-12,7.94,8.146568283651389,0.20656828365138846,0.9830962673519178,0.9267504918583106,-0.0563457754936072
NE,57.72436,16.33847,chant,6435177314,HUMAN_OBSERVATION,10.0,320:54,2.222703673912649,6.34,0.5116611921267973,2026-07-10,Västervik_57.720_16.375,7.0239913504789175,4.0192624700239685,6.049246391988621,3.8077525860226986,4.227206508410001,6.843966053546538,2026-07-10,6.34,6.843966053546538,0.503966053546538,0.5116611921267973,0.49731057951311963,-0.014350612613677649
NE,63.70961,20.3134,chant,6435272436,HUMAN_OBSERVATION,400.0,353:67,5.7022579566364096,5.14,0.3927726262652862,2026-07-12,Umeå_63.720_20.200,5.939707702816882,3.8177213991264276,5.294445995282313,3.630227222118548,4.363645525602601,7.2903855135126125,2026-07-12,5.14,7.2903855135126125,2.150385513512613,0.3927726262652862,0.6426670975586359,0.24989447129334974
NE,60.46965,18.4168,chant,6435399329,HUMAN_OBSERVATION,10.0,335:61,1.473771774605796,6.5,0.7626383333632273,2026-07-06,Askskar_60.480_18.400,5.738357463179869,3.8195636804058957,5.567334098474933,3.7166061266188612,4.36657777893374,6.95710165515108,2026-07-06,6.5,6.95710165515108,0.4571016551510798,0.7626383333632273,0.6205092102667124,-0.14212912309651493
NE,59.17609,18.36875,chant,6435409391,HUMAN_OBSERVATION,1.0,328:61,2.524422676360521,7.19,0.8253280959698175,2026-07-12,Vasterhaninge_59.160_18.400,7.447496123341576,4.11291747965359,6.3812471775982695,3.978601434715169,4.57046180292954,7.44644526049523,2026-07-12,7.19,7.44644526049523,0.2564452604952292,0.8253280959698175,0.7300030495737253,-0.09532504639609218
NE,58.689,16.5756,chant,6435411381,HUMAN_OBSERVATION,25.0,325:55,1.7291844469735278,6.31,0.5095753636066044,2026-07-09,Hallfallstorp_58.680_16.600,7.169912229114424,4.136499812797085,6.1180033758669,3.5094795848594997,4.39559067999385,6.939434619575153,2026-07-09,6.31,6.939434619575153,0.6294346195751537,0.5095753636066044,0.5377227236589824,0.028147360052378056
NE,57.81064,16.15492,chant,6435423356,HUMAN_OBSERVATION,100.0,320:53,3.277659665483787,6.08,0.4606667545131129,2026-07-08,Alhult_57.840_16.150,6.968667918595121,3.864638068606564,5.998840783371088,3.2264730830266757,4.049689538535978,6.602209640943925,2026-07-08,6.08,6.602209640943925,0.5222096409439247,0.4606667545131129,0.3510278033996588,-0.10963895111345412
NE,59.54865,18.1074,chant,6435520331,HUMAN_OBSERVATION,410.0,330:60,3.2129408624088884,6.17,0.4125941168217756,2026-07-09,Vallentuna_59.520_18.100,7.019979194601899,4.235125967487038,6.133054907535107,4.059202476511257,4.503617856218006,6.642637686501172,2026-07-09,6.17,6.642637686501172,0.4726376865011721,0.4125941168217756,0.3603972782116648,-0.05219683861011082
NE,60.27704,15.01353,chant,6435713446,HUMAN_OBSERVATION,10.0,334:50,2.63013332517259,6.21,0.6022055083037107,2026-07-13,Ludvika_60.300_15.025,5.415156140810691,3.5362500692541663,5.28338573142852,3.3540618741027526,3.976138632472082,6.572040611339452,2026-07-13,6.21,6.572040611339452,0.3620406113394523,0.6022055083037107,0.44962405315367326,-0.1525814551500374
NE,59.32878,14.53811,chant,6435736441,HUMAN_OBSERVATION,25.0,329:48,2.43587870844158,4.73,0.2983731237552748,2026-07-12,Karlskoga_59.340_14.575,6.690209307122454,3.6099933226414107,5.643495426995245,3.2639411752275342,3.861657559312531,6.368882949634885,2026-07-12,4.73,6.368882949634885,1.6388829496348842,0.2983731237552748,0.3064028752527153,0.008029751497440507
NE,58.61407,16.62844,chant,6435750442,HUMAN_OBSERVATION,50.0,325:55,1.7739353706243752,6.46,0.5796270438086993,2026-07-11,Stohagen_58.620_16.600,7.093995173784015,4.0498198397924785,6.001621232869356,3.392075106100753,4.23907476117941,6.839466642712139,2026-07-11,6.46,6.839466642712139,0.37946664271213937,0.5796270438086993,0.529427011866573,-0.0502000319421263
NE,59.03287,15.03893,chant,6435851349,HUMAN_OBSERVATION,5.0,327:50,1.1241220608567144,5.28,0.437849246660172,2026-07-12,Kumla_59.040_15.025,6.895379866499912,3.7474971181568137,5.826362956976505,3.2311014920285404,3.974811077916206,6.54002585384521,2026-07-12,5.28,6.54002585384521,1.2600258538452094,0.437849246660172,0.3505539517615206,-0.0872952948986514
NE,59.36029,18.03514,chant,6435986340,HUMAN_OBSERVATION,30.0,329:60,2.328217542332898,6.23,0.5123471825921562,2026-07-15,Stockholm_59.340_18.025,7.164414659558406,3.7886533325907443,6.234239961490985,3.251373188339308,3.8840189684113477,6.6492122111654455,2026-07-15,6.23,6.6492122111654455,0.41921221116544505,0.5123471825921562,0.44476535133505146,-0.06758183125710471
NE,58.76347,15.80811,chant,6436032443,HUMAN_OBSERVATION,100.0,326:52,3.233935286916657,6.22,0.4481539073095461,2026-07-09,Finspång_58.740_15.775,6.962903216501708,4.011267432939178,5.884972708376545,3.4311173837523246,4.187539827880429,6.717568471896359,2026-07-09,6.22,6.717568471896359,0.49756847189635955,0.4481539073095461,0.36686269466398674,-0.08129121264555933
NE,57.78435,16.26199,chant,6436245436,HUMAN_OBSERVATION,100.0,320:54,2.24557256298637,6.53,0.6266634180924389,2026-07-11,Bjarka_57.780_16.225,7.210600803623716,4.123292776253722,6.132563531910341,3.7154751867138254,4.279953834579149,7.041300251781473,2026-07-11,6.53,7.041300251781473,0.5113002517814724,0.6266634180924389,0.601938169116311,-0.024725248976127823
NE,58.22763,11.89075,chant,6436251352,HUMAN_OBSERVATION,25.0,323:39,3.2078304683484897,7.79,0.9292813294265674,2026-07-10,Uddevalla_58.200_11.875,7.485546832573249,4.234957834814361,5.961737185690464,3.558293123570941,4.277409439879946,7.682346519235329,2026-07-10,7.79,7.682346519235329,-0.10765348076467074,0.9292813294265674,0.8135095881851286,-0.11577174124143874
NE,59.0094,16.78615,chant,6436294328,HUMAN_OBSERVATION,50.0,327:56,3.869716456354494,6.14,0.4540442031039332,2026-07-11,Sannerby_58.980_16.750,6.779894656762713,3.8130701050062634,5.728493489733628,3.1529646779522023,3.906579828166113,6.508827514452844,2026-07-11,6.14,6.508827514452844,0.36882751445284434,0.4540442031039332,0.3998482186640977,-0.054195984439835476
NE,59.465475,25.642881,chant,6440934443,HUMAN_OBSERVATION,,330:85,1.914059800452886,7.69,0.9371853999209384,2026-07-08,Kolga_59.460_25.675,7.7874470324508,4.710595930607211,5.792472011327785,3.953716594992245,4.612599940644459,8.122655820709188,2026-07-08,7.69,8.122655820709188,0.4326558207091873,0.9371853999209384,0.943167742785611,0.005982342864672585
NE,60.74499,27.921856,chant,6441017947,HUMAN_OBSERVATION,520.0,337:93,2.7840163030077663,7.59,0.8836225038582054,2026-07-09,Parkko_60.720_27.925,5.9707930403963765,4.610585422105755,5.290888670022727,4.304501042150587,4.676440094159792,8.037728665491706,2026-07-09,7.59,8.037728665491706,0.44772866549170587,0.8836225038582054,0.8771570874058835,-0.006465416452321904
NE,61.58852,23.9173,chant,6441032562,HUMAN_OBSERVATION,9.0,341:79,3.612874255703576,6.81,0.7316852172286402,2026-07-09,Kangasala_61.560_23.950,5.522333208363776,4.226520203859008,4.768715266644652,4.1206478170507665,4.166874997824833,7.066731855811537,2026-07-09,6.81,7.066731855811537,0.25673185581153746,0.7316852172286402,0.6153077210868455,-0.11637749614179471
NE,56.713255,24.081203,chant,6441045561,HUMAN_OBSERVATION,638.0,314:80,1.867811057964525,6.58,0.8435465356124335,2026-07-06,Olaine_56.700_24.100,7.454415362622352,4.188850508917008,6.296627159120829,3.5280029984559613,4.3080198343657266,6.8196333641176,2026-07-06,6.58,6.8196333641176,0.2396333641175996,0.8435465356124335,0.5422824780729291,-0.30126405753950447
NE,60.241603,25.209545,chant,6441070842,HUMAN_OBSERVATION,4.0,334:84,3.2912575005350133,6.52,0.6420938200026373,2026-07-08,Helsinki_60.240_25.150,5.434466103701339,3.9754717391673684,4.661800153523928,3.489232665197839,3.9070226270326778,6.93175051324397,2026-07-08,6.52,6.93175051324397,0.4117505132439705,0.6420938200026373,0.5174990117275023,-0.12459480827513492
NE,60.982319,24.804823,chant,6441074733,HUMAN_OBSERVATION,,338:82,2.957799755519153,6.72,0.6775228621851459,2026-07-10,Janakkala_60.960_24.775,5.66502103572942,4.509028354645252,4.838600431962553,3.937843901731331,4.435022929845963,7.35813794302476,2026-07-10,6.72,7.35813794302476,0.63813794302476,0.6775228621851459,0.6835941128290025,0.006071250643856607
NE,62.226805,17.585281,chant,6441118532,HUMAN_OBSERVATION,15834.0,345:58,0.9254188757549906,6.54,0.7515561351384032,2026-07-04,Bjorkobodarna_62.220_17.575,5.980697089309419,3.973510048529885,5.501585898892965,3.8817586319814312,4.541745817489419,6.861774367163993,2026-07-04,6.54,6.861774367163993,0.321774367163993,0.7515561351384032,0.6401801720706397,-0.11137596306776354
NE,60.421851,25.074693,chant,6441123467,HUMAN_OBSERVATION,43.0,335:83,0.2065107347159115,6.93,0.7611174957969641,2026-07-13,Tuusula_60.420_25.075,5.679630145579718,4.18427013833286,4.614578581869226,3.5037293975188986,3.9132649146791563,7.497838101434418,2026-07-13,6.93,7.497838101434418,0.5678381014344183,0.7611174957969641,0.7801090928266118,0.0189915970296477
NE,60.221818,24.9928,chant,6441143143,HUMAN_OBSERVATION,,334:83,2.060455981653195,6.52,0.6420938200026373,2026-07-08,Helsinki_60.240_25.000,5.43446610370134,3.9754717391673684,4.661800153523928,3.489232665197839,3.9070226270326773,6.931750513243972,2026-07-08,6.52,6.931750513243972,0.41175051324397227,0.6420938200026373,0.523481354592175,-0.11861246541046222
NE,55.404141,8.450203,chant,6441208459,HUMAN_OBSERVATION,8.0,307:28,3.120771164822086,8.02,0.9887308449012784,2026-07-12,Nordby_55.380_8.425,7.064119451452622,3.583298514250536,6.091617895205657,3.3734808788352186,4.019461897280906,8.05661447649002,2026-07-12,8.02,8.05661447649002,0.03661447649002092,0.9887308449012784,0.9098467592102284,-0.07888408569104999
NE,61.331757,26.292959,chant,6441259936,HUMAN_OBSERVATION,8.0,340:87,1.6208699451237842,6.46,0.6361845737718141,2026-07-13,Heinola_61.320_26.275,5.404320536713745,3.9240354326710083,4.425850653741525,3.257925498009729,3.647051708630865,7.055325067603525,2026-07-13,6.46,7.055325067603525,0.5953250676035253,0.6361845737718141,0.6211971053333584,-0.014987468438455775
NE,57.842308,27.467359,chant,6441338749,HUMAN_OBSERVATION,39.0,321:91,0.519982490500029,6.93,0.7482415327585796,2026-07-10,Orava_57.840_27.475,7.456888909322088,4.553382802166828,5.41436618509775,3.6314027292876094,4.313699239926898,7.550280797999466,2026-07-10,6.93,7.550280797999466,0.6202807979994667,0.7482415327585796,0.7599702770483105,0.011728744289730919
NE,57.506952,22.756227,chant,6441360070,HUMAN_OBSERVATION,,319:76,3.019941378768315,8.22,1.0,2026-07-13,Valdemarpils_57.480_22.750,7.685605522465953,4.59543764156401,6.428796798230158,4.1658855961166115,4.790504115661308,8.726245773894128,2026-07-13,8.22,8.726245773894128,0.5062457738941273,1.0,1.0,0.0
NE,63.489933,22.370189,chant,6441558842,HUMAN_OBSERVATION,,352:74,1.1300258726139465,6.49,0.7558360088246374,2026-07-06,Nykarleby_63.480_22.375,6.02664079313085,4.1136797875526785,5.550001125880547,3.784594349442418,4.447021671383825,7.141945642021007,2026-07-06,6.49,7.141945642021007,0.6519456420210066,0.7558360088246374,0.7422313597474577,-0.013604649077179731
NE,60.430654,25.023845,chant,6441566453,HUMAN_OBSERVATION,1.0,335:83,1.7652168911361672,7.05,0.7694450924192504,2026-07-12,Tuusula_60.420_25.000,5.603134793215632,4.26612909581522,4.622492449345543,3.6020049598144817,4.028894025531278,7.397078438362308,2026-07-12,7.05,7.397078438362308,0.347078438362308,0.7694450924192504,0.6990128730522417,-0.07043221936700872
NE,55.307503,25.59502,chant,6441702476,HUMAN_OBSERVATION,,306:85,1.4248890527653992,7.53,0.8987115831323883,2026-07-07,Moletai_55.320_25.600,7.957362749887571,4.800353749578595,6.310400239830151,4.404506981016527,4.893048560660973,7.806060109695249,2026-07-07,7.53,7.806060109695249,0.27606010969524863,0.8987115831323883,0.883705891744594,-0.015005691387794284
NE,60.590462,22.877276,chant,6441710013,HUMAN_OBSERVATION,,336:76,1.6321485487041498,7.79,0.9715126044555286,2026-07-13,Tarvasjoki_60.600_22.900,6.159832020613595,4.477424914894843,5.180723757437958,3.8829318556726333,4.387361174163067,8.12892115412117,2026-07-13,7.79,8.12892115412117,0.3389211541211692,0.9715126044555286,0.9565251360170728,-0.014987468438455775
NE,62.325223,27.991423,chant,6441719774,HUMAN_OBSERVATION,2.0,345:93,1.7017608650898803,6.03,0.3350091193939122,2026-07-09,Varkaus_62.340_28.000,5.153264514544391,3.8103880154500684,4.405667238256276,3.81946080659526,3.8471489365306697,6.620539549417036,2026-07-09,6.03,6.620539549417036,0.590539549417036,0.3350091193939122,0.334535612402377,-0.0004735069915351997
NE,62.854062,18.394706,chant,6441802102,HUMAN_OBSERVATION,3.0,348:61,2.896645727086665,4.3,0.1697874934680366,2026-07-01,Nasanger_62.880_18.400,5.346947781012039,3.6820898640273714,5.24214978237622,3.7584078810253208,4.429278089674217,6.143190644204412,2026-07-01,4.3,6.143190644204412,1.8431906442044124,0.1697874934680366,0.46690472043197967,0.29711722696394305
NE,60.204379,25.057328,chant,6441828113,HUMAN_OBSERVATION,,334:83,4.079335219676191,7.08,0.7462109496259173,2026-07-11,Helsinki_60.240_25.075,5.642660261855463,4.234557029472858,4.627675770302495,3.655463330138183,4.075227751213823,7.47609670810396,2026-07-11,7.08,7.47609670810396,0.39609670810396036,0.7462109496259173,0.7410079352939501,-0.005203014331967126
NE,56.90664,-5.060514,chant,6441831489,HUMAN_OBSERVATION,18248.0,315:-17,3.0901295963648745,7.29,0.829877669529461,2026-07-11,Muirshearlich_56.880_-5.075,7.277372639256256,5.289929989792176,5.085208459814659,4.022408379707282,4.4312863605543145,8.202778963010521,2026-07-11,7.29,8.202778963010521,0.9127789630105214,0.829877669529461,0.9470110773944223,0.11713340786496129
NE,60.29677,25.891331,chant,6441856114,HUMAN_OBSERVATION,12.0,334:86,3.672131838001408,7.43,0.8773619712742133,2026-07-08,Porvoo_60.300_25.825,5.8125884823438705,4.2698758377071275,4.926290452647627,3.9071025021019343,4.2977704769122616,7.911712820198369,2026-07-08,7.43,7.911712820198369,0.4817128201983696,0.8773619712742133,0.9012913427329033,0.023929371458690007
NE,61.668587,25.111011,chant,6441879918,HUMAN_OBSERVATION,4.0,342:83,2.284805773830476,6.5,0.5545462187017952,2026-07-07,Kuhmoinen_61.680_25.075,5.6255889505048415,4.136690712068109,4.992646679641755,4.067008079748699,4.118252455971032,6.973412641396679,2026-07-07,6.5,6.973412641396679,0.4734126413966786,0.5545462187017952,0.5132805673853603,-0.04126565131643489
NE,56.362149,-4.370409,chant,6441915504,HUMAN_OBSERVATION,32.0,312:-15,3.064270380913068,8.26,0.9860555466827426,2026-07-11,Killin_56.340_-4.400,7.923638775120743,5.422321139339174,5.709601149260671,4.234553415955253,4.735404498351577,8.583966510670347,2026-07-11,8.26,8.583966510670347,0.3239665106703473,0.9860555466827426,0.9916333280096455,0.0055777813269028975
NE,57.953533,-4.007643,chant,6442081479,HUMAN_OBSERVATION,4.0,321:-14,1.2512592481660063,6.48,0.8698748388457495,2026-07-02,Golspie_57.960_-4.025,6.384190994879687,3.8214248997872873,5.197023908314861,3.374967589237986,4.067247659316871,6.923749261579967,2026-07-02,6.48,6.923749261579967,0.44374926157996697,0.8698748388457495,0.87521378587669,0.005338947030940511
NE,54.09632,24.264832,chant,6442105336,HUMAN_OBSERVATION,,300:81,2.805008559159988,7.24,0.8478664061672604,2026-07-12,Radovka_54.120_24.250,7.7022866089281985,5.034528486611428,6.091018672548023,4.203538432756774,4.97941014808417,7.8653347140403165,2026-07-12,7.24,7.8653347140403165,0.6253347140403163,0.8478664061672604,0.8957603153368265,0.04789390916956615
NE,62.749247,22.20725,chant,6442107721,HUMAN_OBSERVATION,4.0,348:74,1.498696419173409,6.65,0.6773776351624209,2026-07-07,Jurva_62.760_22.225,6.041013827980091,4.231478182570697,5.4972745693002025,3.823732092738004,4.454532959619603,7.278634519142439,2026-07-07,6.65,7.278634519142439,0.6286345191424383,0.6773776351624209,0.7561575149483419,0.07877987978592105
NE,57.004668,-3.392128,chant,6442112071,HUMAN_OBSERVATION,5.0,316:-12,2.0572015989813406,6.54,0.5845576014773841,2026-07-07,Tomintoul_57.000_-3.425,6.19697100474653,4.28404571851273,5.058556705960107,3.9300934071565563,4.683604754282806,7.074893342277285,2026-07-07,6.54,7.074893342277285,0.534893342277285,0.5845576014773841,0.5733033329365382,-0.01125426854084588
NE,59.06397,17.21483,chant,6443516353,HUMAN_OBSERVATION,10.0,327:57,2.797001804618226,5.71,0.5501899030615638,2026-07-19,Harbro_59.040_17.200,6.773104481777429,3.4118320820213044,5.83464682067777,2.9396485100832765,3.1736137530168467,5.978787376434709,2026-07-19,5.71,5.978787376434709,0.26878737643470885,0.5501899030615638,0.44101490568047014,-0.10917499738109365
NE,58.56568,16.13152,chant,6443844347,HUMAN_OBSERVATION,10.0,325:53,1.2440081706154615,5.55,0.5926501676560838,2026-07-18,Norrkoping_58.560_16.150,6.660342055263492,3.2148561274785403,5.665653817863497,2.761550627090189,3.0892101548289865,5.862538657252465,2026-07-18,5.55,5.862538657252465,0.3125386572524649,0.5926501676560838,0.45389551627935093,-0.13875465137673287
NE,56.93132,14.79541,chant,6443873390,HUMAN_OBSERVATION,1500.0,315:49,1.004538407265226,5.64,0.4477306867151646,2026-07-22,Vaxjo_56.940_14.800,6.447813757909945,3.4960214010575896,5.507591588046389,2.9446178808602474,3.3106385707786172,6.055380790584128,2026-07-22,5.64,6.055380790584128,0.4153807905841287,0.4477306867151646,0.37625125121323594,-0.07147943550192865
NE,58.87121,15.67753,chant,6443876350,HUMAN_OBSERVATION,100.0,326:52,1.7951832706088726,4.93,0.4823857854678054,2026-07-18,Finspång_58.860_15.700,6.159090096971305,2.8515627646427886,5.375979737394667,2.286724254886471,2.798703600685743,5.3748150943926145,2026-07-18,4.93,5.3748150943926145,0.4448150943926148,0.4823857854678054,0.38662280948787126,-0.09576297597993416
NE,62.00378,16.92439,chant,6443947373,HUMAN_OBSERVATION,10.0,344:56,2.934939558719856,5.74,0.561365051083793,2026-07-19,Slatterna_61.980_16.900,5.919293433337936,3.449919220826145,5.500740579793506,2.84788294682564,3.4838811397897995,6.572896314213173,2026-07-19,5.74,6.572896314213173,0.8328963142131727,0.561365051083793,0.54094971443116,-0.020415336652632954
NE,57.6024,16.71228,chant,6444114325,HUMAN_OBSERVATION,400.0,319:55,9.641987990392588,6.43,0.6726923120210752,2026-07-19,Imbramala_57.540_16.600,7.526326395017917,3.8640873174665686,6.237728510240677,2.926288965559164,3.532691784921355,6.884326724006153,2026-07-19,6.43,6.884326724006153,0.4543267240061537,0.6726923120210752,0.6185342271373934,-0.05415808488368179
NE,57.40653,16.46127,chant,6444421325,HUMAN_OBSERVATION,25.0,318:54,1.6428400267025876,6.43,0.6726923120210752,2026-07-19,Oskarshamn_57.420_16.450,7.526326395017916,3.8640873174665678,6.237728510240677,2.9262889655591637,3.532691784921355,6.884326724006152,2026-07-19,6.43,6.884326724006152,0.4543267240061519,0.6726923120210752,0.6129466531262788,-0.05974565889479633
NE,57.67958,11.95547,chant,6444571321,HUMAN_OBSERVATION,25.0,320:39,2.2013650415012966,5.44,0.446383967164908,2026-07-22,Goteborg_57.660_11.950,6.527997427684894,3.4199025117580555,5.62326415226313,2.6597619503857515,3.2080529564460796,6.159911491009496,2026-07-22,5.44,6.159911491009496,0.7199114910094959,0.446383967164908,0.437617377670949,-0.008766589493959032
NE,63.29901,18.50746,chant,6444622377,HUMAN_OBSERVATION,250.0,351:61,1.6255281544586653,6.61,0.7342047085288743,2026-07-20,Ornskoldsvik_63.300_18.475,6.042483602971801,3.6781168782062155,5.6928682058206155,3.0909968792547655,3.7771264248273697,6.970768398122932,2026-07-20,6.61,6.970768398122932,0.36076839812293127,0.7342047085288743,0.602228212388007,-0.13197649614086737
NE,58.209229,8.141117,chant,6444793334,HUMAN_OBSERVATION,100.0,323:27,1.3945381162509598,4.37,0.2769468165655507,2026-07-05,Tveit_58.200_8.125,5.609122737606671,2.8991852900181394,5.390368495687604,2.510902364794473,3.096501677201759,5.920000847078539,2026-07-05,4.37,5.920000847078539,1.5500008470785387,0.2769468165655507,0.20398196868480561,-0.07296484788074509
NE,66.241569,14.081433,chant,6444817386,HUMAN_OBSERVATION,50.0,367:47,1.4189590616984895,7.18,0.9676436400526136,2026-07-23,Hauknes_66.240_14.050,6.386618641015029,5.008098089922261,5.235369317794517,4.238288552197426,4.988027712174737,7.615288508758625,2026-07-23,7.18,7.615288508758625,0.43528850875862535,0.9676436400526136,0.9602840512660294,-0.007359588786584159
NE,60.271985,5.302027,chant,6444818498,HUMAN_OBSERVATION,1214.0,334:17,3.4529723420739478,8.57,0.9868624283203438,2026-07-17,Flesland_60.300_5.275,6.4923188134236325,4.459448591891321,5.351673331414753,3.8925610403360524,4.489992375075011,8.489069747467656,2026-07-17,8.57,8.489069747467656,-0.08093025253234387,0.9868624283203438,0.9816073996484812,-0.0052550286718625605
NE,58.830685,5.829851,chant,6444833381,HUMAN_OBSERVATION,17.0,326:19,3.6843482206291474,4.28,0.1078764134876358,2026-07-24,Sviland_58.860_5.800,6.070351489749995,3.9439584472140585,5.250651680030568,3.385246061511006,3.749512186365105,7.097050582236211,2026-07-24,4.28,7.097050582236211,2.8170505822362104,0.1078764134876358,0.8853442620977695,0.7774678486101337
NE,60.219629,5.275554,chant,6444837541,HUMAN_OBSERVATION,1308.0,334:17,2.2653614796519115,5.63,0.4477306867151646,2026-07-22,Krokeide_60.240_5.275,6.293395692790392,4.397749295429754,5.278516637178955,3.735313945030181,4.305234675470422,7.950527929369968,2026-07-22,5.63,7.950527929369968,2.320527929369968,0.4477306867151646,0.9332469953412605,0.48551630862609596
NE,59.4914,10.860165,chant,6444852592,HUMAN_OBSERVATION,8.0,330:36,3.748426701604493,4.89,0.4128597314605357,2026-07-19,Holen_59.520_10.825,6.362102514003815,3.0128821298973896,5.338878481704864,2.330070147568086,2.8863580386747603,5.9011997499907585,2026-07-19,4.89,5.9011997499907585,1.0111997499907588,0.4128597314605357,0.41307703562489734,0.00021730416436166466
NE,59.981081,10.750471,chant,6444872497,HUMAN_OBSERVATION,5.0,332:35,2.103862791665467,3.98,0.2902576465975777,2026-07-16,Oslo_60.000_10.750,5.257219749360789,2.9347196397812283,4.768125409234362,2.3608893564134332,2.8107666031867797,5.8605381648296095,2026-07-16,3.98,5.8605381648296095,1.8805381648296096,0.2902576465975777,0.3487591650916059,0.05850151849402824
NE,60.449968,6.50524,chant,6444873577,HUMAN_OBSERVATION,10.0,335:21,3.728168482146272,6.93,0.7183220429914027,2026-07-11,Alvik_60.480_6.475,5.7815811494758735,4.29008218686,5.01936794908539,4.121135283582899,4.861624598191022,7.182756699973839,2026-07-11,6.93,7.182756699973839,0.25275669997383954,0.7183220429914027,0.6545523247269543,-0.06376971826444833
NE,59.708869,9.961571,chant,6444878334,HUMAN_OBSERVATION,3.0,331:33,2.276137247396857,5.23,0.4951729905641511,2026-07-19,Kongsberg_59.700_9.925,6.021031413738088,3.1678207895671635,5.359169512756272,2.6397245672710357,2.81396378133765,5.700554319967066,2026-07-19,5.23,5.700554319967066,0.4705543199670652,0.4951729905641511,0.3748228451608273,-0.12035014540332378
NE,63.400005,10.801127,chant,6444901416,HUMAN_OBSERVATION,10.0,351:36,2.5209241920330334,6.1,0.7264023101141479,2026-07-02,Hommelvik_63.420_10.825,5.607117496357816,4.665312995486809,4.74240454598158,4.569827625917173,4.975872415579749,6.92496090100425,2026-07-02,6.1,6.92496090100425,0.8249609010042507,0.7264023101141479,0.87521378587669,0.14881147576254206
NE,63.86153,9.870967,chant,6444938314,HUMAN_OBSERVATION,100.0,354:32,2.6052073038651,7.34,0.971323434445906,2026-07-23,Lysøysund_63.840_9.850,6.191299291586917,4.768332417711133,5.165788517653107,4.137980196947614,4.847546649096787,7.859165175709238,2026-07-23,7.34,7.859165175709238,0.5191651757092384,0.971323434445906,0.9676436400526137,-0.003679794393292246
NE,59.019506,11.098101,chant,6444945509,HUMAN_OBSERVATION,25.0,327:37,3.57330345514932,4.66,0.4722700971391469,2026-07-18,Skjaerhollen_59.040_11.050,6.431955678505714,2.803441215467144,5.291011203566918,2.1749322186487374,2.7164787196627875,5.710812025782983,2026-07-18,4.66,5.710812025782983,1.0508120257829825,0.4722700971391469,0.4412509058685277,-0.031019191270619195
NE,61.135848,21.362984,chant,6445260362,HUMAN_OBSERVATION,1.0,339:71,6.030065855705765,7.55,0.9012913427329032,2026-07-08,Rauma_61.140_21.475,6.097261358185344,4.533973620753972,5.1412879184523534,4.245958372927959,4.740669582726864,8.017251436395323,2026-07-08,7.55,8.017251436395323,0.4672514363953235,0.9012913427329032,0.931203057056266,0.029911714323362815
NE,61.223999,21.709182,chant,6445268443,HUMAN_OBSERVATION,1.0,339:72,2.7134883045056264,7.57,0.9249715430610284,2026-07-07,Eurajoki_61.200_21.700,6.1483630609839715,4.440532948340814,5.222987603685252,4.133975048562216,4.671134261903183,7.884713803721344,2026-07-07,7.57,7.884713803721344,0.31471380372134394,0.9249715430610284,0.8949601602854397,-0.03001138277558868
NE,61.820171,29.645984,chant,6445274388,HUMAN_OBSERVATION,5000.0,343:99,2.252814476756977,6.05,0.5740814220586477,2026-07-05,Punkaharju_61.800_29.650,5.361077349705269,3.8382854487909217,4.888023442917369,3.7276675431360897,3.847318348927035,6.545780704640915,2026-07-05,6.05,6.545780704640915,0.4957807046409153,0.5740814220586477,0.49035273520738704,-0.08372868685126061
NE,62.588554,29.811968,chant,6445301444,HUMAN_OBSERVATION,1000.0,347:99,1.1314473975862418,7.68,0.8493632124712929,2026-07-15,Joensuu_62.580_29.800,6.410297239447784,4.308626904008279,5.283894777058491,3.960466086037193,4.0800941705759985,8.032385756426352,2026-07-15,7.68,8.032385756426352,0.3523857564263526,0.8493632124712929,0.8465736423318724,-0.002789570139420494
NE,52.85,6.25,chant,6447616253,HUMAN_OBSERVATION,5000.0,293:20,1.1119508023357043,6.71,0.6831945938362258,2026-07-09,Boijl_52.860_6.250,6.814539815090554,3.208764374408997,6.216288232264954,2.9533520480641777,3.6712982458902665,7.111881005673423,2026-07-09,6.71,7.111881005673423,0.401881005673423,0.6831945938362258,0.6411693868961331,-0.04202520694009271
NE,62.346663,17.350604,chant,6447680186,HUMAN_OBSERVATION,3.0,346:57,0.7415484000433575,4.62,0.4099708896388154,2026-07-22,Sundsvall_62.340_17.350,5.509476793583197,3.254558520487101,5.202564936017276,2.781577806599474,3.4549883198743454,6.09662698612826,2026-07-22,4.62,6.09662698612826,1.4766269861282595,0.4099708896388154,0.37625125121323594,-0.03371963842557946
NE,65.863993,12.482354,chant,6447683096,HUMAN_OBSERVATION,3.0,365:41,1.8110157487845704,5.31,0.3141421420869747,2026-07-11,Tjøtta_65.880_12.475,5.151353264794921,4.50138994863598,4.208430218244286,4.505498967716758,5.042490417208256,7.555366765746445,2026-07-11,5.31,7.555366765746445,2.2453667657464456,0.3141421420869747,0.7605301699381103,0.44638802785113557
NE,53.0,6.7,chant,6447693501,HUMAN_OBSERVATION,5000.0,294:22,2.223901604670146,7.37,0.8874573145915425,2026-07-07,Anloo_52.980_6.700,7.0515976499932,3.580198712226391,6.060402713444473,3.176241638378342,3.859233056419474,7.297641996164794,2026-07-07,7.37,7.297641996164794,-0.0723580038352063,0.8874573145915425,0.7599089377952907,-0.12754837679625186
NE,52.85,6.8,chant,6447739322,HUMAN_OBSERVATION,5000.0,293:22,2.013475026429967,7.37,0.8874573145915425,2026-07-07,Borger_52.860_6.775,7.008790195877142,3.561947186075301,6.028249496895456,3.143051856089513,3.8199595704157066,7.2743173996303065,2026-07-07,7.37,7.2743173996303065,-0.09568260036969356,0.8874573145915425,0.7524060921013933,-0.13505122249014923
NE,52.4,6.05,chant,6447826394,HUMAN_OBSERVATION,5000.0,290:20,2.797122471939389,5.07,0.3299476682319197,2026-07-03,Heerde_52.380_6.025,5.941817926807714,2.7407367734457124,5.34099339755477,2.3611059332789885,2.975818085183282,5.60165021097592,2026-07-03,5.07,5.60165021097592,0.5316502109759194,0.3299476682319197,0.2142130207601592,-0.11573464747176049
NE,52.9,6.55,chant,6447845400,HUMAN_OBSERVATION,,293:21,2.2239016046712994,6.43,0.7486936445381859,2026-07-03,Assen_52.920_6.550,6.851159752441524,3.3734182988454964,5.919939257904277,2.9677413107263755,3.6428350926825632,6.775252368880807,2026-07-03,6.43,6.775252368880807,0.3452523688808071,0.7486936445381859,0.7178818927222647,-0.030811751815921218
NE,58.501876,11.481926,chant,6447936788,HUMAN_OBSERVATION,11.0,324:38,1.070577830615744,5.81,0.5717720978939606,2026-07-20,Stora Hedum_58.500_11.500,6.6463666260739815,3.4322682244681215,5.330106994925736,2.6159370616553512,3.121595921112221,6.124806055103368,2026-07-20,5.81,6.124806055103368,0.314806055103368,0.5717720978939606,0.4233894426560138,-0.14838265523794675
NE,58.74,14.58,chant,6447973476,HUMAN_OBSERVATION,1000.0,326:48,0.2885081231002246,5.92,0.4568852419553812,2026-07-24,Tivedstorp_58.740_14.575,6.6569964197348614,4.580477134863087,5.875238234916293,3.7462168653314176,3.888466144914453,6.525569747431169,2026-07-24,5.92,6.525569747431169,0.6055697474311694,0.4568852419553812,0.5855359367383414,0.12865069478296015
NE,53.05,6.2,chant,6448008442,HUMAN_OBSERVATION,5000.0,294:20,2.0073455283318182,7.11,0.762944293606626,2026-07-11,Hoornsterzwaag_53.040_6.175,7.280085069927746,3.4483185169415504,6.414922898253169,3.0713933905340953,3.7945079628894103,7.33115317838311,2026-07-11,7.11,7.33115317838311,0.22115317838310933,0.762944293606626,0.6935967940152753,-0.06934749959135067
NE,61.780594,29.547354,chant,6448014894,HUMAN_OBSERVATION,5.0,342:98,2.6015189861011287,5.78,0.3590063008900676,2026-07-24,Punkaharju_61.800_29.575,5.814001839394424,3.8429848237863817,5.138071930175635,3.4600753612354476,3.7722697168035006,6.937402694760425,2026-07-24,5.78,6.937402694760425,1.1574026947604246,0.3590063008900676,0.8338839841845858,0.4748776832945182
NE,52.85,6.65,chant,6448015076,HUMAN_OBSERVATION,5000.0,293:22,2.013475026429856,6.6,0.7941465119718198,2026-07-04,Borger_52.860_6.625,6.802967393568605,3.4685710115690522,5.980576057812485,3.0614711568116886,3.73628398015487,6.901169430338596,2026-07-04,6.6,6.901169430338596,0.30116943033859656,0.7941465119718198,0.6827705489040548,-0.1113759630677651
NE,52.65,6.4,chant,6448026482,HUMAN_OBSERVATION,,292:21,3.335852407006498,5.11,0.4067912202612055,2026-07-02,Alteveer_52.620_6.400,6.1078157953301275,2.883396374341166,5.381232130044118,2.4228744173538375,2.997007843508483,5.762369126415436,2026-07-02,5.11,5.762369126415436,0.6523691264154357,0.4067912202612055,0.3320926527277321,-0.07469856753347343
NE,52.35,5.8,chant,6448028067,HUMAN_OBSERVATION,5000.0,290:19,3.33585240700501,5.16,0.3446785394255106,2026-07-03,Nunspeet_52.320_5.800,6.030014513733145,2.71606773148637,5.50914542170436,2.5319253737469265,3.0469722612821446,5.697818496291974,2026-07-03,5.16,5.697818496291974,0.5378184962919734,0.3446785394255106,0.2511871229392645,-0.09349141648624609
NE,52.9,6.7,chant,6448203228,HUMAN_OBSERVATION,5000.0,293:22,2.223901604671318,7.49,0.8923178284358946,2026-07-08,Borger_52.920_6.700,6.983081898381643,3.528921096522563,6.112391619398205,3.172334239253884,3.8436115565746527,7.403395678984298,2026-07-08,7.49,7.403395678984298,-0.08660432101570237,0.8923178284358946,0.7726709711424442,-0.11964685729345037
NE,59.996627,18.651913,chant,6448209577,HUMAN_OBSERVATION,13.0,332:62,1.542660857948061,7.58,0.8882485197777087,2026-07-19,Gribby_60.000_18.625,6.307855258952254,4.099202842150971,5.733569703636066,3.596447476371401,4.228245026753343,8.047142586776992,2026-07-19,7.58,8.047142586776992,0.4671425867769923,0.8882485197777087,0.9030762824192271,0.014827762641518416
NE,52.85,6.3,chant,6448211436,HUMAN_OBSERVATION,5000.0,293:21,2.013475026429883,4.97,0.4483201349190484,2026-07-19,Dwingeloo_52.860_6.325,6.686321188979457,3.0250311899067985,5.8302478026943305,2.3812491461259477,2.94971269407837,6.433200736438502,2026-07-19,4.97,6.433200736438502,1.4632007364385027,0.4483201349190484,0.526980779403374,0.07866064448432558
NE,52.9,6.3,chant,6448247923,HUMAN_OBSERVATION,5000.0,293:21,2.785003819050083,7.11,0.762944293606626,2026-07-11,Elsloo_52.920_6.325,7.250659008727523,3.430779098848097,6.275544436517922,3.018226978354732,3.7035922776339714,7.385984721269519,2026-07-11,7.11,7.385984721269519,0.275984721269519,0.762944293606626,0.7019634660056298,-0.06098082760099621
NE,65.887935,12.402407,chant,6448412029,HUMAN_OBSERVATION,25.0,365:41,3.4140834500237847,6.01,0.5397750716081448,2026-07-12,Tjøtta_65.880_12.475,5.268650661685544,4.573846271387984,4.247269607449748,4.489067734653037,5.030029150958607,7.697038902994723,2026-07-12,6.01,7.697038902994723,1.6870389029947228,0.5397750716081448,0.8314254454622184,0.29165037385407366
NE,61.225863,25.145608,chant,6448420631,HUMAN_OBSERVATION,14.0,339:83,2.8854383411519446,6.5,0.6091909342469383,2026-07-08,Auttoinen_61.200_25.150,5.5173184151195835,4.209426382056746,4.8476853781412155,3.684396096041715,4.158771932578584,6.971568836741784,2026-07-08,6.5,6.971568836741784,0.47156883674178385,0.6091909342469383,0.5533930689155379,-0.05579786533140041
NE,53.1,6.4,chant,6448423047,HUMAN_OBSERVATION,5000.0,294:21,0.0,7.12,0.864948777509851,2026-07-07,Alteveer_53.100_6.400,7.078968578228372,3.5919910169855336,6.360521785268271,3.287057348047611,4.025827433853939,7.19948654708152,2026-07-07,7.12,7.19948654708152,0.07948654708151981,0.864948777509851,0.7121059782736372,-0.1528427992362138
NE,56.977344,8.415854,chant,6448595480,HUMAN_OBSERVATION,,316:28,4.189329070578905,5.59,0.4646338185778553,2026-07-12,Thisted_56.940_8.425,6.057692025354802,3.0825137647187377,4.993780525502714,3.095900859945384,3.6218255563172157,7.383741293952638,2026-07-12,5.59,7.383741293952638,1.793741293952638,0.4646338185778553,0.6905610067282009,0.22592718815034557
NE,57.188744,-3.844563,chant,6448621972,HUMAN_OBSERVATION,17.0,317:-13,2.0759288282559,7.57,0.8884443734619417,2026-07-11,Aviemore_57.180_-3.875,7.260203088089048,4.633590527700482,5.277574246097806,3.716187844711925,4.100317995074816,7.863939637755459,2026-07-11,7.57,7.863939637755459,0.29393963775545906,0.8884443734619417,0.8744999201446844,-0.013944453317257355
NE,52.9,6.3,chant,6448707600,HUMAN_OBSERVATION,,293:21,2.785003819050083,7.43,0.881192633436633,2026-07-10,Elsloo_52.920_6.325,7.322544933929326,3.437806788647014,6.459177285373879,3.1464031031371174,3.8750279408881627,7.549576952542129,2026-07-10,7.43,7.549576952542129,0.11957695254212908,0.881192633436633,0.7571415302253732,-0.12405110321125978
NE,59.569037,26.097283,chant,6448832271,HUMAN_OBSERVATION,5.0,330:87,1.9804184032924448,8.52,0.9748938687452152,2026-07-15,Vosu_59.580_26.125,8.445109372589066,5.1226265625164755,5.931958156890731,3.9836706069270957,4.4629508112487315,8.87051555783932,2026-07-15,8.52,8.87051555783932,0.3505155578393211,0.9748938687452152,0.9860521493028972,0.011158280557681977
NE,61.588701,16.365758,chant,6448881991,HUMAN_OBSERVATION,34.0,341:54,3.2286841894774434,6.58,0.743761737767095,2026-07-22,Iste_61.560_16.375,6.157506322741165,4.075674069935263,5.622453397157693,3.696502275342582,3.918417733303987,6.970752483837904,2026-07-22,6.58,6.970752483837904,0.39075248383790395,0.743761737767095,0.7231919835824541,-0.02056975418464091
NE,52.9,6.7,chant,6448917278,HUMAN_OBSERVATION,5000.0,293:22,2.223901604671318,6.41,0.7425312941750016,2026-07-03,Borger_52.920_6.700,6.832262750285756,3.358274804985813,5.892050752247051,2.9499707091149943,3.6207512002826845,6.763835989265453,2026-07-03,6.41,6.763835989265453,0.3538359892654528,0.7425312941750016,0.7117195423590804,-0.030811751815921218
NE,59.165992,16.464817,chant,6448928225,HUMAN_OBSERVATION,5.0,328:54,1.0757253540567238,4.75,0.3398169336384439,2026-07-20,Hallefors_59.160_16.450,6.212548749720164,3.1695418346701554,5.396769667697349,2.669620970624697,3.0310304819441614,5.425373514376298,2026-07-20,4.75,5.425373514376298,0.6753735143762976,0.3398169336384439,0.25573052011014996,-0.08408641352829394
NE,52.9,6.3,chant,6449040524,HUMAN_OBSERVATION,5000.0,293:21,2.785003819050083,7.12,0.864948777509851,2026-07-07,Elsloo_52.920_6.325,6.925505238005746,3.3923566770730105,6.201859973421418,3.0861196563486417,3.8254174501327856,7.062595263469876,2026-07-07,7.12,7.062595263469876,-0.05740473653012401,0.864948777509851,0.5620490643956925,-0.30289971311415853
NE,52.65,4.65,chant,6449194047,HUMAN_OBSERVATION,5000.0,292:15,3.737679715065412,4.04,0.1953448133464942,2026-07-03,Bergen Aan Zee_52.680_4.675,6.539384807564703,3.334468372107947,5.827571601590328,2.92717866898907,3.575808255464112,6.360168539097456,2026-07-03,4.04,6.360168539097456,2.3201685390974562,0.1953448133464942,0.544279921514627,0.3489351081681328
NE,52.75,6.25,chant,6449195594,HUMAN_OBSERVATION,5000.0,292:20,1.1119508023358151,6.67,0.8741569960360879,2026-07-06,Havelte_52.740_6.250,6.720647984903671,3.2692802672917924,5.993563031748091,2.9244473407396674,3.6275578609590093,6.769773830296078,2026-07-06,6.67,6.769773830296078,0.099773830296078,0.8741569960360879,0.5252766667264545,-0.3488803293096334
NE,52.9,6.3,chant,6449276483,HUMAN_OBSERVATION,5000.0,293:21,2.785003819050083,3.99,0.1053358869305919,2026-07-21,Elsloo_52.920_6.325,6.355954950596281,3.06828335825925,5.807450592752676,2.492707386440446,3.0822615082324005,6.242163371962155,2026-07-21,3.99,6.242163371962155,2.2521633719621548,0.1053358869305919,0.2687580304977082,0.1634221435671163
NE,52.8,6.4,chant,6449291057,HUMAN_OBSERVATION,5000.0,293:21,0.0,6.95,0.8245552773751491,2026-07-08,Dwingeloo_52.800_6.400,6.7860020549516475,3.2843033691586987,6.150202815898629,3.0046855526192404,3.7057885409466014,7.1357429780473955,2026-07-08,6.95,7.1357429780473955,0.18574297804739537,0.8245552773751491,0.6450849914349734,-0.17947028594017567
NE,65.48932,13.27232,chant,6449378123,HUMAN_OBSERVATION,5.0,363:44,3.5016369774716183,5.96,0.4138424034787208,2026-07-08,Trofors_65.460_13.300,5.022898480464223,4.551717603139995,3.974696001033972,4.392918856766994,4.810997963337572,6.598298625021239,2026-07-08,5.96,6.598298625021239,0.638298625021239,0.4138424034787208,0.34803663196732254,-0.06580577151139827
NE,53.0,6.4,chant,6449395025,HUMAN_OBSERVATION,5000.0,294:21,2.2239016046701123,6.43,0.7486936445381859,2026-07-03,Assen_52.980_6.400,6.960521460019642,3.365017896728443,6.044018889277465,3.0065575342219732,3.7290987471648567,6.807782397703359,2026-07-03,6.43,6.807782397703359,0.377782397703359,0.7486936445381859,0.7240442430854489,-0.024649401452736974
NE,65.573647,12.275085,chant,6449421890,HUMAN_OBSERVATION,28.0,363:40,6.076001103171049,7.48,0.9485397220868168,2026-07-24,Brønnøysund_65.520_12.250,5.9676075046396395,4.993514883307529,5.004687157379515,4.407717273227617,5.070448368419039,7.9957810021022935,2026-07-24,7.48,7.9957810021022935,0.515781002102293,0.9485397220868168,0.9485397220868168,0.0
NE,53.1,6.4,chant,6449529561,HUMAN_OBSERVATION,5000.0,294:21,0.0,6.71,0.8080473210206672,2026-07-05,Alteveer_53.100_6.400,7.101850528215307,3.5264886720882545,6.407165606677802,3.2434018379434337,4.0456795401571295,7.026636380376112,2026-07-05,6.71,7.026636380376112,0.31663638037611186,0.8080473210206672,0.7347102817472871,-0.07333703927338009
NE,52.95,6.75,chant,6449586729,HUMAN_OBSERVATION,5000.0,293:22,3.7324635067031138,4.59,0.3808346384569505,2026-07-19,Borger_52.980_6.775,6.917050442159398,3.267606031614891,5.749110549299286,2.5363388097611854,3.065262459000575,6.828719136797687,2026-07-19,4.59,6.828719136797687,2.2387191367976875,0.3808346384569505,0.58672643829817,0.20589179984121947
NE,61.618867,29.474582,chant,6450584352,HUMAN_OBSERVATION,1000.0,341:98,1.3493345286902112,4.18,0.2720911213461836,2026-07-26,Parikkala_61.620_29.500,6.125211775536043,4.310234169515538,5.495718074678434,3.464527749849722,4.143965908828183,7.091674034667711,2026-07-26,4.18,7.091674034667711,2.911674034667711,0.2720911213461836,0.7657622070506851,0.4936710857045015
NE,62.85298,29.980425,chant,6450645452,HUMAN_OBSERVATION,1000.0,348:100,3.3775090787118374,7.7,0.9952120051395184,2026-07-21,Eno_62.880_29.950,6.772753537450223,4.468196270425424,6.016738221435247,3.941729797699235,4.240147009959924,8.212101462722957,2026-07-21,7.7,8.212101462722957,0.5121014627229572,0.9952120051395184,0.9952120051395185,1.1102230246251565e-16
NE,63.035936,21.594436,chant,6450796346,HUMAN_OBSERVATION,1.0,349:72,4.283098143625285,7.11,0.8859863284889883,2026-07-05,Malax_63.000_21.625,6.268748272377378,4.620952938910815,5.330327287355153,4.3845012599756465,4.969502480192953,7.642952717339029,2026-07-05,7.11,7.642952717339029,0.5329527173390289,0.8859863284889883,0.9162713131487393,0.030284984659751046
NE,57.436744,-4.580208,chant,6451521026,HUMAN_OBSERVATION,4.0,318:-16,2.5954779073210767,6.47,0.7572621653685923,2026-07-03,Beauly_57.420_-4.550,6.701499315252779,4.147661611972375,5.355102923465879,3.625184078209033,4.340815154043926,7.158194717629041,2026-07-03,6.47,7.158194717629041,0.6881947176290408,0.7572621653685923,0.852103591283578,0.09484142591498579
NE,55.437652,26.043025,chant,6451521876,HUMAN_OBSERVATION,,307:86,0.5116123891959063,7.84,0.8967550231110283,2026-07-14,Ignalina_55.440_26.050,8.176476083843628,5.6817224793763135,5.930898444647845,4.667012691639672,5.229837743985818,8.537691198596796,2026-07-14,7.84,8.537691198596796,0.6976911985967966,0.8967550231110283,0.9561991007137696,0.059444077602741285
NE,60.885292,21.278662,chant,6451533846,HUMAN_OBSERVATION,3.0,337:71,5.269902934597511,8.65,0.9973724856640688,2026-07-17,Uusikaupunki_60.840_21.250,6.573907227304674,4.385046290255738,5.390651992030415,3.7811233775765385,4.232314940263444,8.820547880259364,2026-07-17,8.65,8.820547880259364,0.17054788025936318,0.9973724856640688,0.9973724856640688,0.0
NE,60.87775,26.740313,chant,6451584606,HUMAN_OBSERVATION,5.0,337:89,2.609089617820698,7.31,0.7001069081533209,2026-07-14,Kouvola_60.900_26.725,5.9041560004865365,4.266442674400173,4.977094238290716,3.48836393741606,3.9276247860617888,7.651134644925491,2026-07-14,7.31,7.651134644925491,0.34113464492549106,0.7001069081533209,0.7001069081533209,0.0
NE,60.429047,22.362547,chant,6451592807,HUMAN_OBSERVATION,17.0,335:74,1.2161850974560715,7.59,0.9560078346197104,2026-07-20,Kaarina_60.420_22.375,6.659040008798016,4.230273217978116,5.6796330763861915,3.252801234140827,3.646016019032974,8.029756318384386,2026-07-20,7.59,8.029756318384386,0.43975631838438645,0.9560078346197104,0.9560078346197103,-1.1102230246251565e-16
NE,55.413198,8.446586,chant,6451635333,HUMAN_OBSERVATION,10.0,307:28,3.935078614222769,7.89,0.929543632565406,2026-07-16,Nordby_55.380_8.425,7.4082144136320505,3.6889968100427963,5.841911535222254,2.953683898155596,3.4569365693591014,7.61203420036053,2026-07-16,7.89,7.61203420036053,-0.2779657996394693,0.929543632565406,0.7422744056222302,-0.18726922694317572
NE,61.303495,28.215877,chant,6451650025,HUMAN_OBSERVATION,9.0,340:94,1.8987825777500664,7.34,0.7126214508065296,2026-07-14,Kylanniemi_61.320_28.225,5.564493749866774,3.7408294600896888,4.693945290667471,3.639360784720401,3.6728254407132037,7.703999096963641,2026-07-14,7.34,7.703999096963641,0.3639990969636413,0.7126214508065296,0.7251359934597386,0.012514542653208949
NE,55.439977,25.971963,chant,6451721524,HUMAN_OBSERVATION,,307:86,0.1915835438056368,8.11,0.9448221989454436,2026-07-17,Ignalina_55.440_25.975,8.48530587633753,5.668057422404162,5.9869707108901515,4.3045653376829875,4.748374349909325,8.435348607478657,2026-07-17,8.11,8.435348607478657,0.32534860747865757,0.9448221989454436,0.950077227617306,0.0052550286718623385
NE,62.248727,25.698092,chant,6451748614,HUMAN_OBSERVATION,8.0,345:85,3.41092666333663,7.35,0.8359561278016229,2026-07-18,Jyvaskyla_62.220_25.675,6.295842816410954,3.9440165190206877,5.395271534514822,3.082692115222156,3.5434700689452723,7.57380547682713,2026-07-18,7.35,7.57380547682713,0.22380547682713026,0.8359561278016229,0.7892508608097824,-0.04670526699184052
NE,61.269525,23.975772,chant,6451844677,HUMAN_OBSERVATION,13.0,340:80,1.737788012172981,7.23,0.881559554745374,2026-07-20,Valkeakoski_61.260_23.950,6.412054559372042,4.215871842391916,5.364314269541664,3.202739675271671,3.452713979882571,7.67632028549597,2026-07-20,7.23,7.67632028549597,0.44632028549596914,0.881559554745374,0.8555152619943364,-0.02604429275103759
NE,55.228093,26.010356,chant,6451904919,HUMAN_OBSERVATION,,306:86,3.845625323677964,7.74,0.9111637106259468,2026-07-16,Svencioneliai_55.200_25.975,8.158387535053281,5.422170526738974,5.882115132941004,4.239251749751022,4.779353698738148,8.166100238376517,2026-07-16,7.74,8.166100238376517,0.42610023837651667,0.9111637106259468,0.9111637106259467,-1.1102230246251565e-16
NE,56.399983,27.324905,chant,6452074744,HUMAN_OBSERVATION,,313:91,0.0061438045545033,7.52,0.9289357328472244,2026-07-20,Rezekne_56.400_27.325,8.192219945200277,4.836991001821564,6.2887082219769805,3.814511494367739,4.028238697029415,7.725083859941392,2026-07-20,7.52,7.725083859941392,0.205083859941392,0.9289357328472244,0.8786894465345374,-0.050246286312687016
NE,61.276692,24.532154,chant,6452135942,HUMAN_OBSERVATION,9.0,340:81,2.086848210271031,6.72,0.7443567466935564,2026-07-20,Hauho_61.260_24.550,6.183108784755188,3.995193397179716,5.106774625412996,2.8847014690221187,3.2613297898640194,7.473259130054508,2026-07-20,6.72,7.473259130054508,0.7532591300545084,0.7443567466935564,0.8013710584493644,0.057014311755807956
NE,60.108144,22.888084,chant,6452201379,HUMAN_OBSERVATION,4.0,333:76,3.735573347002102,8.34,0.9780995503568848,2026-07-14,Kimito_60.120_22.825,6.248064123352856,4.432922069656291,5.307433683568727,3.843303893667954,4.333873817531375,8.409350556572052,2026-07-14,8.34,8.409350556572052,0.06935055657205247,0.9780995503568848,0.92804137974405,-0.050058170612834796
NE,54.176942,24.173067,chant,6452211323,HUMAN_OBSERVATION,,300:80,0.3625578861730741,7.77,0.91422703094919,2026-07-16,Merkine_54.180_24.175,8.24329046199089,5.252636104391532,5.999156192148061,4.044299634089969,4.613434054290749,8.1086074767662,2026-07-16,7.77,8.1086074767662,0.3386074767662013,0.91422703094919,0.9019737496562171,-0.012253281292972873
NE,51.102775,-0.724672,chant,6452296852,HUMAN_OBSERVATION,334.0,283:-3,1.915472118965732,1.05,0.0236053472029203,2026-07-05,Godalming_51.120_-0.725,4.598048645696434,2.096717231606688,4.47280365118647,1.8678443211687188,2.3701543876956017,4.564785032408049,2026-07-05,1.05,4.564785032408049,3.5147850324080494,0.0236053472029203,0.052110415714889446,0.028505068511969146
NE,63.756581,27.779886,chant,6452446960,HUMAN_OBSERVATION,,353:92,2.615126581579595,7.22,0.6719491871836009,2026-07-14,Jyrkka_63.780_27.775,5.986721541657,3.9555913494472223,5.183777533936215,3.649714097030016,4.030697773322171,7.391089844849514,2026-07-14,7.22,7.391089844849514,0.17108984484951417,0.6719491871836009,0.6004464987579804,-0.07150268842562046
NE,57.646931,25.646792,chant,6452489861,HUMAN_OBSERVATION,5.0,319:85,2.219946249250842,8.12,0.9405559223972588,2026-07-14,Seda_57.660_25.675,8.486582680886572,5.109217485525725,6.0256030714706545,4.090010794846142,4.6237684878643215,8.422094820827978,2026-07-14,8.12,8.422094820827978,0.30209482082797834,0.9405559223972588,0.9342986510706544,-0.006257271326604474
NE,60.271985,5.302027,chant,6454353634,HUMAN_OBSERVATION,1214.0,334:17,3.4529723420739478,8.18,1.0,2026-07-31,Flesland_60.300_5.275,6.935073020383463,5.538873402979642,5.759574361649441,4.402164954925807,5.049094873931496,8.509766686636613,2026-07-31,8.18,8.509766686636613,0.32976668663661357,1.0,1.0,0.0
NE,59.70929,9.941098,chant,6454386341,HUMAN_OBSERVATION,3.0,331:33,1.3720356526817803,5.16,0.2500000000000005,2026-07-31,Kongsberg_59.700_9.925,5.4902034714097745,3.768940310029334,5.526178074459762,2.9289250768919985,3.136961968484026,5.556427815482647,2026-07-31,5.16,5.556427815482647,0.39642781548264683,0.2500000000000005,0.06818181818181829,-0.1818181818181822
NE,64.061262,11.377549,chant,6454391424,HUMAN_OBSERVATION,10.0,355:38,2.4769872679972686,6.9,0.7452911649389244,2026-07-13,Velde_64.080_11.350,5.804360902354473,4.618813469180319,4.62867426624617,4.213515458567486,4.86342714020168,7.632393779313175,2026-07-13,6.9,7.632393779313175,0.732393779313175,0.7452911649389244,0.8497449486019866,0.10445378366306213
NE,63.263143,10.405428,chant,6454393578,HUMAN_OBSERVATION,10.0,351:34,2.9901912527291232,7.65,0.9602272727272728,2026-07-31,Kvål_63.240_10.375,6.993873376178558,5.605611548786401,5.7647413965990335,4.395388192713588,5.07444194760961,7.907078294602164,2026-07-31,7.65,7.907078294602164,0.2570782946021639,0.9602272727272728,0.9715909090909092,0.011363636363636354
NE,59.932405,10.857308,chant,6454398603,HUMAN_OBSERVATION,5.0,332:36,1.9880079520105116,5.53,0.3075460229768839,2026-07-24,Oslo_59.940_10.825,5.673776712607817,3.611220806446734,5.342722763403189,2.8000585681707393,3.2931181415880175,6.1271655722117115,2026-07-24,5.53,6.1271655722117115,0.5971655722117113,0.3075460229768839,0.20853719450913788,-0.099008828467746
NE,58.79569,5.766483,chant,6454438441,HUMAN_OBSERVATION,14.0,326:19,1.9893582381666417,7.77,0.9342105263157894,2026-07-30,Sviland_58.800_5.800,7.1838435081168734,5.546923195550078,6.527559443103356,4.403444490439784,4.700791119358678,8.467527457102237,2026-07-30,7.77,8.467527457102237,0.6975274571022378,0.9342105263157894,0.9868421052631579,0.052631578947368474
NE,63.370708,10.694722,chant,6454448387,HUMAN_OBSERVATION,10.0,351:35,1.5440950242590366,7.14,0.878802887081355,2026-07-26,Hommelvik_63.360_10.675,6.436300650016765,4.985435161340896,5.6474631377579225,4.290141080473437,4.8228502059545875,7.504786533483797,2026-07-26,7.14,7.504786533483797,0.3647865334837972,0.878802887081355,0.8450758380789242,-0.03372704900243084
NE,60.431103,5.29273,chant,6454465479,HUMAN_OBSERVATION,25.0,335:17,1.57195235624192,8.22,0.9929248514218796,2026-07-27,Bergen_60.420_5.275,6.984104120422878,5.270753332379625,5.918906788346894,4.392497944268896,5.020303202277957,8.470592296615564,2026-07-27,8.22,8.470592296615564,0.25059229661556337,0.9929248514218796,1.0,0.007075148578120416
NE,63.528073,10.107385,chant,6454509310,HUMAN_OBSERVATION,75.0,352:33,2.081938421285888,7.09,0.853061369496482,2026-07-25,Selbekken_63.540_10.075,6.220410446771444,4.75040867650508,5.3636349651161845,4.114702022109902,4.89633620947986,7.69967543849303,2026-07-25,7.09,7.69967543849303,0.6096754384930305,0.853061369496482,0.8736952592199797,0.020633889723497667
NE,63.62712,9.682599,chant,6454528526,HUMAN_OBSERVATION,25.0,353:32,3.1358195152439445,7.4,0.9485397220868168,2026-07-24,Brekstad_63.600_9.700,6.092110979907715,4.667411932287396,5.202916732173881,4.479629323713508,4.8311140430754325,7.749558073254905,2026-07-24,7.4,7.749558073254905,0.3495580732549044,0.9485397220868168,0.9446279947281956,-0.00391172735862122
NE,60.219629,5.275554,chant,6454531445,HUMAN_OBSERVATION,1308.0,334:17,2.2653614796519115,8.29,0.9970351167441556,2026-07-26,Krokeide_60.240_5.275,6.838369778937447,5.125346132163427,5.810527937119991,4.294474057433839,4.96841902950525,8.609575779061165,2026-07-26,8.29,8.609575779061165,0.3195757790611662,0.9970351167441556,0.9970351167441557,1.1102230246251565e-16
NE,67.439831,15.556144,chant,6454541399,HUMAN_OBSERVATION,6.0,374:51,0.2627772029835603,6.5,0.6321839080459771,2026-07-28,Røsvik_67.440_15.550,5.321727429464731,0.0,0.0,4.832371600322413,4.877242950897903,7.231771785414414,2026-07-28,6.5,7.231771785414414,0.7317717854144137,0.6321839080459771,0.8735632183908053,0.24137931034482818
NE,61.34966,17.05549,chant,6454621311,HUMAN_OBSERVATION,10.0,340:56,3.311020777819984,4.06,0.0910996166507187,2026-07-24,Soderhamn_61.320_17.050,5.36799441935561,3.495286567385467,5.323730056672923,3.059054886863119,3.6073505761483227,6.098326740093345,2026-07-24,4.06,6.098326740093345,2.0383267400933454,0.0910996166507187,0.1917603976722209,0.1006607810215022
NE,57.40061,16.44092,chant,6454730301,HUMAN_OBSERVATION,200.0,318:54,2.2235976908676047,6.6,0.8635258504997988,2026-07-24,Oskarshamn_57.420_16.450,7.314459927687736,4.460590700865415,6.268006107558965,3.4193069517733097,4.02994314556677,7.115058998737441,2026-07-24,6.6,7.115058998737441,0.515058998737441,0.8635258504997988,0.8853442620977695,0.02181841159797071
NE,59.92767,15.93066,chant,6454741455,HUMAN_OBSERVATION,25.0,332:53,1.406825896625992,4.0,0.1403508771929822,2026-07-30,Fagersta_59.940_15.925,5.798623441224378,3.53099638051775,5.018048671125388,2.6821099923310134,3.134421246854047,5.5076925750097,2026-07-30,4.0,5.5076925750097,1.5076925750096999,0.1403508771929822,0.08333333333333326,-0.05701754385964894
NE,59.18361,18.37548,chant,6454786404,HUMAN_OBSERVATION,100.0,328:61,2.9739804175567275,6.72,0.9149861284129824,2026-07-24,Vasterhaninge_59.160_18.400,7.36679121277056,4.263567518407005,6.630628733960379,3.738982143936639,4.279567815176145,7.0715233247369005,2026-07-24,6.72,7.0715233247369005,0.35152332473690073,0.9149861284129824,0.8853442620977695,-0.029641866315212928
NE,58.49706,13.70494,chant,6454802395,HUMAN_OBSERVATION,10.0,324:45,1.7700165746560172,5.92,0.5451667546027605,2026-07-22,Skovde_58.500_13.675,6.785261813986894,4.094619052577558,5.8998317523932,3.176971918868922,3.744344917846383,6.328847142985542,2026-07-22,5.92,6.328847142985542,0.40884714298554226,0.5451667546027605,0.48852705898823673,-0.05663969561452381
NE,59.16457,18.22078,chant,6454950365,HUMAN_OBSERVATION,1000.0,328:60,1.741322337058519,4.0,0.081081081081081,2026-07-29,Vasterhaninge_59.160_18.250,6.88774619662937,3.9846071630044513,6.296642767104841,3.6546057016836944,3.998013178956113,6.4669075543414545,2026-07-29,4.0,6.4669075543414545,2.4669075543414545,0.081081081081081,0.3175675675675672,0.2364864864864862
NE,57.63929,14.88331,chant,6454978435,HUMAN_OBSERVATION,25.0,319:49,2.355333080029252,6.44,0.7017952376999911,2026-07-27,Nässjö_57.660_14.875,6.894543964373623,4.470204283550457,5.9410562818735055,3.69816943621623,4.10465600078262,6.744560475410839,2026-07-27,6.44,6.744560475410839,0.3045604754108382,0.7017952376999911,0.6310437519187898,-0.07075148578120127
NE,58.9522,17.13565,chant,6454995444,HUMAN_OBSERVATION,25.0,327:57,3.15093622076682,5.4,0.446383967164908,2026-07-22,Marieberg_58.980_17.125,6.402729836361393,3.322007485087648,5.610985039722111,2.9479098147261484,3.2314802615370963,5.762150833974296,2026-07-22,5.4,5.762150833974296,0.3621508339742956,0.446383967164908,0.3499514827313587,-0.09643248443354935
NE,60.302,18.00972,chant,6455127326,HUMAN_OBSERVATION,10.0,334:60,0.8706695816766568,3.84,0.2442938388554413,2026-07-26,Stromsbro_60.300_18.025,5.218509714977774,3.445846390800263,5.060616001382474,2.936165634152836,3.4001534098407014,5.944497721768039,2026-07-26,3.84,5.944497721768039,2.1044977217680394,0.2442938388554413,0.28989243661886194,0.04559859776342065
NE,59.27363,16.75559,chant,6455193416,HUMAN_OBSERVATION,4.0,328:55,0.7762416069846778,4.01,0.2517190440771998,2026-07-25,Eskilstuna_59.280_16.750,6.581009539626508,4.013568887678974,5.914037671575292,3.5151735983504975,3.7650382084293743,6.148820195589272,2026-07-25,4.01,6.148820195589272,2.138820195589272,0.2517190440771998,0.3878594846038798,0.13614044052668
NE,58.65745,13.52481,chant,6455366303,HUMAN_OBSERVATION,25.0,325:45,2.5074731248547693,6.64,0.7746568568182182,2026-07-26,Mariestad_58.680_13.525,6.521060551660582,4.18351025895507,5.746168773104134,3.5638736654232743,3.8271666680011305,6.587190315834212,2026-07-26,6.64,6.587190315834212,-0.05280968416578791,0.7746568568182182,0.5552554958857359,-0.2194013609324823
NE,58.97365,16.70797,chant,6455494374,HUMAN_OBSERVATION,25.0,327:55,2.0170754985682016,3.7,0.2113050067325682,2026-07-26,Hogvalla_58.980_16.675,6.422945947167606,3.731548947446385,5.496119802969548,2.9340057720859805,3.4550740258152572,5.940741815032239,2026-07-26,3.7,5.940741815032239,2.240741815032239,0.2113050067325682,0.28396267010717324,0.07265766337460505
NE,56.802264,9.752558,chant,6467795308,HUMAN_OBSERVATION,7.0,315:32,2.399035180833639,5.18,0.4507956967518816,2026-07-25,Skørping_56.820_9.775,5.7519380869895524,2.944563021140323,5.862579285553191,2.432974071073626,3.0310740401387446,6.017294170565132,2026-07-25,5.18,6.017294170565132,0.8372941705651327,0.4507956967518816,0.36450803419934,-0.08628766255254156
NE,55.680435,8.168977,chant,6467795331,HUMAN_OBSERVATION,4.0,309:27,1.9455274295845608,6.65,0.7094594594594591,2026-07-29,Oksbøl_55.680_8.200,6.1810772634602005,3.8937582389287,5.983523283197251,3.0540319453985343,3.587252488798197,7.259478176358171,2026-07-29,6.65,7.259478176358171,0.6094781763581709,0.7094594594594591,0.8513513513513512,0.1418918918918921
NE,55.775174,12.497608,chant,6467798487,HUMAN_OBSERVATION,26.0,309:41,3.101357841647915,5.54,0.3108108108108104,2026-07-29,Stavnsholt_55.800_12.475,6.114641821021395,3.1937803345024363,5.6574337957731435,2.4537483613095152,3.073259103448624,5.858582446003261,2026-07-29,5.54,5.858582446003261,0.31858244600326113,0.3108108108108104,0.12162162162162152,-0.1891891891891889
NE,56.780336,9.859844,chant,6467801411,HUMAN_OBSERVATION,6.0,315:32,2.339470308564196,6.71,0.7557583344314152,2026-07-08,Arden_56.760_9.850,6.1936067489678654,3.218309217739359,5.848019047978957,3.204293549474769,3.931849231805469,7.125034180038595,2026-07-08,6.71,7.125034180038595,0.41503418003859505,0.7557583344314152,0.6450849914349734,-0.11067334299644171
NE,56.932025,12.735557,chant,6467802353,HUMAN_OBSERVATION,17.0,315:42,2.3322426479530174,7.86,0.9224150025721368,2026-07-09,Falkenberg_56.940_12.700,7.387154621966526,4.057941003214506,6.295769767191213,3.7107213255674223,4.498560486033553,8.21141938768673,2026-07-09,7.86,8.21141938768673,0.35141938768672976,0.9224150025721368,0.9224150025721369,1.1102230246251565e-16
NE,56.035786,9.488903,chant,6467803351,HUMAN_OBSERVATION,5.0,310:31,0.982561353979956,6.24,0.6269155881540652,2026-07-19,Virklund_56.040_9.475,6.736177241460097,3.255015122726501,5.661650291263176,2.4178038875836982,2.8877533625275422,6.531799344253271,2026-07-19,6.24,6.531799344253271,0.2917993442532705,0.6269155881540652,0.54094971443116,-0.0859658737229052
NE,56.043526,12.071446,chant,6467803440,HUMAN_OBSERVATION,15.0,311:40,1.8163746202227076,6.0,0.4749080275445724,2026-07-14,Helsinge_56.040_12.100,6.925001873830614,3.165889625932781,5.548773067243832,2.653690801602624,3.2626372244836097,6.751604412313172,2026-07-14,6.0,6.751604412313172,0.7516044123131724,0.4749080275445724,0.4020375436279606,-0.07287048391661177
NE,55.913379,12.384103,chant,6467807450,HUMAN_OBSERVATION,50.0,310:41,1.2342231442150873,5.76,0.4789002379868232,2026-07-03,Fredensborg_55.920_12.400,6.703773657489331,3.1298166898406383,5.214070478802066,2.661326004459957,3.390760415921602,6.317850712570432,2026-07-03,5.76,6.317850712570432,0.5578507125704322,0.4789002379868232,0.5319552207882586,0.053054982801435446
NE,56.009899,12.288465,chant,6467810438,HUMAN_OBSERVATION,75.0,310:41,4.026810845811817,5.65,0.470268396127216,2026-07-12,Nødebo_55.980_12.325,6.81202454471609,3.190536504971875,5.684380236834294,2.8972629940865455,3.58070176324064,7.018436438763127,2026-07-12,5.65,7.018436438763127,1.3684364387631263,0.470268396127216,0.5172774185271415,0.04700902239992549
NE,56.024867,12.074661,chant,6467811301,HUMAN_OBSERVATION,5.0,310:40,2.304294630652666,6.0,0.4749080275445724,2026-07-14,Helsinge_56.040_12.100,6.925001873830614,3.165889625932781,5.548773067243832,2.653690801602624,3.2626372244836097,6.751604412313172,2026-07-14,6.0,6.751604412313172,0.7516044123131724,0.4749080275445724,0.4020375436279606,-0.07287048391661177
NE,55.982778,12.385025,chant,6467817304,HUMAN_OBSERVATION,75.0,310:41,0.9814643780323598,5.86,0.5753339861115793,2026-07-19,Fredensborg_55.980_12.400,6.824177928396958,3.0079856370097993,5.513991493268837,2.2647026843985882,2.8055992152969185,6.142511911777673,2026-07-19,5.86,6.142511911777673,0.28251191177767243,0.5753339861115793,0.4904442441667685,-0.08488974194481075
NE,55.944225,12.304409,chant,6467825408,HUMAN_OBSERVATION,25.0,310:41,2.9834629898716627,6.1,0.5730447954208021,2026-07-26,Hillerød_55.920_12.325,6.418241813009061,3.158118364804492,5.867101273918989,2.5570667513486494,3.2062797592413697,6.314237133584308,2026-07-26,6.1,6.314237133584308,0.21423713358430874,0.5730447954208021,0.42627706638770096,-0.14676772903310115
NE,55.872774,11.657115,chant,6467827457,HUMAN_OBSERVATION,14.0,310:38,1.4881638947078244,7.41,0.90673830387651,2026-07-25,Asnæs_55.860_11.650,7.080329697976022,3.7084178678990454,6.379618092400834,3.5403758736061457,3.8302870867737995,7.634245746374374,2026-07-25,7.41,7.634245746374374,0.22424574637437367,0.90673830387651,0.8572457896390503,-0.049492514237459706
NE,57.417237,10.472596,chant,6467828395,HUMAN_OBSERVATION,7.0,318:34,1.3874518539216618,6.69,0.8397788905572096,2026-07-03,Frederikshavn_57.420_10.450,7.399584988635366,3.8710772004334797,5.687102282493762,3.3436799646881328,4.173608239049603,7.4239500880287945,2026-07-03,6.69,7.4239500880287945,0.7339500880287941,0.8397788905572096,0.9137270949154206,0.07394820435821103
NE,57.010533,14.696925,chant,6467834422,HUMAN_OBSERVATION,8.0,316:49,2.0644128170388667,5.85,0.5078173637922263,2026-07-26,Vaxjo_57.000_14.725,6.462755613545784,3.869017174567347,5.501530704584785,3.316865030462206,3.6362159877042823,6.277030390264336,2026-07-26,5.85,6.277030390264336,0.42703039026433665,0.5078173637922263,0.4025580003409463,-0.10525936345128001
NE,55.547348,11.882377,chant,6467837390,HUMAN_OBSERVATION,25.0,308:39,1.481377133445559,5.74,0.3590063008900676,2026-07-24,Hvalso_55.560_11.875,6.417512613511036,3.382436121901073,5.915225374356881,2.7371218334031515,3.3798147318434597,6.3086365070419586,2026-07-24,5.74,6.3086365070419586,0.5686365070419583,0.3590063008900676,0.3925598945639016,0.03355359367383404
NE,55.012182,10.643388,chant,6467837462,HUMAN_OBSERVATION,15.0,305:35,7.805301721304117,6.51,0.7695868660949607,2026-07-03,Thurø_55.080_10.675,7.105766136145206,3.74250954593415,5.652528952974661,3.2692095389081675,4.080145336647632,6.869883253080538,2026-07-03,6.51,6.869883253080538,0.3598832530805378,0.7695868660949607,0.7856677467172913,0.016080880622330596
NE,54.833583,12.136019,chant,6467840323,HUMAN_OBSERVATION,15.0,304:40,2.414432366702309,7.05,0.8510723725198219,2026-07-27,Stubbekøbing_54.840_12.100,6.937758118059484,3.6735023286923787,6.301529634177557,2.94229956916901,3.6552386107648607,6.799328198836228,2026-07-27,7.05,6.799328198836228,-0.2506718011637714,0.8510723725198219,0.6561562792818644,-0.19491609323795756
NE,56.799373,9.760808,chant,6467850343,HUMAN_OBSERVATION,12.0,315:32,2.4509137006751245,4.6,0.3755156735501149,2026-07-16,Skørping_56.820_9.775,6.2207264907626225,2.727221704426367,5.373103596010863,2.205232114486249,2.7404298471392865,5.852776397128271,2026-07-16,4.6,5.852776397128271,1.2527763971282715,0.3755156735501149,0.34569584476836274,-0.029819828781752156
NE,55.799808,12.391428,chant,6467852444,HUMAN_OBSERVATION,9.0,309:41,0.5361842976455808,5.92,0.3505747126436778,2026-07-28,Farum_55.800_12.400,6.298231068657984,3.2858686454039043,5.716327240995154,2.522349155179312,3.149781045282054,6.074300754488004,2026-07-28,5.92,6.074300754488004,0.15430075448800373,0.3505747126436778,0.1609195402298849,-0.1896551724137929
NE,56.473031,9.369533,chant,6467853386,HUMAN_OBSERVATION,14.0,313:31,2.3668616830190747,6.91,0.8580767662052348,2026-07-05,Viborg_56.460_9.400,6.659915063323421,3.591476302963009,5.909674580402363,3.231917421328233,3.949341662217005,7.212167877534262,2026-07-05,6.91,7.212167877534262,0.302167877534262,0.8580767662052348,0.804484187456671,-0.05359257874856371
NE,55.2267,10.296389,chant,6467854373,HUMAN_OBSERVATION,15.0,306:34,2.977733331156699,7.67,0.9252207141915936,2026-07-08,Faaborg_55.200_10.300,7.252671405907673,4.028249046799172,6.0991923096196246,3.7379224790542502,4.543234315242506,7.963019476359395,2026-07-08,7.67,7.963019476359395,0.29301947635939474,0.9252207141915936,0.919238371326921,-0.005982342864672585
NE,55.757181,8.24926,chant,6467857449,HUMAN_OBSERVATION,6.0,309:27,2.498955637210675,7.54,0.7879926694040419,2026-07-15,Oksbøl_55.740_8.275,7.10061792862541,3.5568460735803287,5.488298381989439,3.0161176966032883,3.490075297160252,7.738002775695023,2026-07-15,7.54,7.738002775695023,0.19800277569502267,0.7879926694040419,0.7644118124666536,-0.023580856937388317
NE,55.001835,9.968559,chant,6467860325,HUMAN_OBSERVATION,10.0,305:33,5.066025254483812,7.46,0.8344665968363303,2026-07-17,Augustenborg_54.960_10.000,7.921249662233028,4.006885939426535,6.392887931638557,3.072041720217468,3.6374099182312185,7.688249520304236,2026-07-17,7.46,7.688249520304236,0.22824952030423606,0.8344665968363303,0.800131375716796,-0.03433522111953424
NE,56.039086,12.070649,chant,6467862408,HUMAN_OBSERVATION,25.0,311:40,1.8259932342190823,5.92,0.4568852419553812,2026-07-24,Helsinge_56.040_12.100,6.564664333267134,3.3048263580506703,5.917696585000482,2.6653706031599302,3.2741867178561486,6.5059729787868905,2026-07-24,5.92,6.5059729787868905,0.5859729787868906,0.4568852419553812,0.5726708672600456,0.11578562530466435
NE,55.787128,12.396072,chant,6467867442,HUMAN_OBSERVATION,21.0,309:41,1.4522122460085911,5.09,0.4466489704887932,2026-07-13,Farum_55.800_12.400,6.517480156821415,3.002196438037856,5.446544331107654,2.5860310036590626,3.1953374511593884,6.3673804646956915,2026-07-13,5.09,6.3673804646956915,1.2773804646956917,0.4466489704887932,0.400657519247114,-0.04599145124167919
NE,55.902506,12.000556,chant,6467872331,HUMAN_OBSERVATION,75.0,310:40,3.702875058691148,5.81,0.5580819654079273,2026-07-13,Hundested_55.920_11.950,6.833022833334962,3.065703885498445,5.585782905264241,2.731833489045945,3.412714482562982,6.819592026861396,2026-07-13,5.81,6.819592026861396,1.0095920268613963,0.5580819654079273,0.519259908929048,-0.03882205647887926
NE,56.818911,9.83424,chant,6467877369,HUMAN_OBSERVATION,5.0,315:32,0.9666849064659724,6.96,0.8615654614907039,2026-07-05,Skørping_56.820_9.850,6.650973058175733,3.598443841429109,5.947589934987428,3.224306074741811,3.9533466860678335,7.184754843087579,2026-07-05,6.96,7.184754843087579,0.2247548430875792,0.8615654614907039,0.804484187456671,-0.05708127403403285
NE,54.811386,12.125919,chant,6467881313,HUMAN_OBSERVATION,15.0,304:40,3.5888584157113868,5.47,0.3378145389991604,2026-07-05,Stubbekøbing_54.840_12.100,6.19622626286744,3.001952089951334,5.221477282067614,2.713533144100769,3.433276733837944,6.2566983566869245,2026-07-05,5.47,6.2566983566869245,0.7866983566869248,0.3378145389991604,0.3459052024795706,0.008090663480410154
NE,56.793612,9.857928,chant,6467881354,HUMAN_OBSERVATION,5.0,315:32,2.9736414601706787,5.78,0.5669526250949075,2026-07-19,Skørping_56.820_9.850,6.582786101183643,3.0490100052065836,5.959371793037354,2.351530944479858,2.902088505597036,6.2252113863091045,2026-07-19,5.78,6.2252113863091045,0.4452113863091043,0.5669526250949075,0.4923792035585939,-0.07457342153631363
NE,55.788712,12.403685,chant,6467884406,HUMAN_OBSERVATION,25.0,309:41,1.2761319119539276,5.49,0.2894736842105261,2026-07-30,Farum_55.800_12.400,5.9270283113198365,3.095795263787133,5.453559811190339,2.3469598049290807,2.9382198534686053,5.594555554086178,2026-07-30,5.49,5.594555554086178,0.10455555408617823,0.2894736842105261,0.09649122807017535,-0.19298245614035076
NE,54.835042,9.420037,chant,6467887399,HUMAN_OBSERVATION,6.0,304:31,1.3965324975727398,6.99,0.8650541567761731,2026-07-05,Kruså_54.840_9.400,6.975069755020671,3.7285629756287406,6.241845131873486,3.324354385457561,4.077231438409175,7.247264384589138,2026-07-05,6.99,7.247264384589138,0.2572643845891376,0.8650541567761731,0.8184389685985478,-0.04661518817762533
NE,50.45952,5.753409,chant,6469641869,HUMAN_OBSERVATION,,280:19,2.0117531511346427,2.6,0.2075398518403597,2026-07-20,Aywaille_50.460_5.725,4.820830756876742,2.1346457538628,4.338242834752726,1.6921364397221363,2.115878129224102,4.1456080498323695,2026-07-20,2.6,4.1456080498323695,1.5456080498323694,0.2075398518403597,0.1601636737385098,-0.04737617810184991
NE,57.194763,25.314719,chant,6469643152,HUMAN_OBSERVATION,4.0,317:84,1.8658414517106063,7.66,0.9510734184097622,2026-07-26,Cesis_57.180_25.300,8.644151220081557,5.77199715217958,6.66396796849335,4.142619814584183,4.754432778053906,8.148058397463693,2026-07-26,7.66,8.148058397463693,0.48805839746369273,0.9510734184097622,0.9533000847860487,0.0022266663762864347
NE,60.88162,26.731597,chant,6469703683,HUMAN_OBSERVATION,11.0,337:89,2.0746864691236104,7.39,0.9147487097229032,2026-07-27,Kouvola_60.900_26.725,6.610185234303554,4.470175143729717,5.775495907821567,3.462034314805102,4.149602760058346,7.533286296564163,2026-07-27,7.39,7.533286296564163,0.14328629656416325,0.9147487097229032,0.8722978182541824,-0.04245089146872083
NE,61.401633,23.738725,chant,6469796500,HUMAN_OBSERVATION,18.0,340:79,2.514035845206373,6.98,0.9676436400526136,2026-07-23,Lempäälä_61.380_23.725,6.553125615509219,4.509810398583568,5.7075079401936515,3.4640632262532622,3.9137436952042446,7.642259781585599,2026-07-23,6.98,7.642259781585599,0.6622597815855986,0.9676436400526136,0.9602840512660294,-0.007359588786584159
NE,54.743286,25.420937,chant,6469937592,HUMAN_OBSERVATION,7.0,303:84,3.1916001466605306,7.28,0.8864481154104226,2026-07-27,Vilnius_54.720_25.450,8.58607330779732,6.094006092154972,6.620636096032951,4.460981571098811,4.931630440064792,8.12914511720775,2026-07-27,7.28,8.12914511720775,0.8491451172077502,0.8864481154104226,0.9501244526135039,0.0636763372030813
NE,61.560444,23.093447,chant,6469956178,HUMAN_OBSERVATION,73.0,341:77,1.671617269906836,7.0,0.932652912797886,2026-07-21,Toijala_61.560_23.125,6.407798733414807,4.235589347480788,5.462918907275382,3.365919521627829,3.500524225622388,7.591022391945369,2026-07-21,7.0,7.591022391945369,0.5910223919453692,0.932652912797886,0.9856360154185555,0.05298310262066952
NE,61.528379,23.944846,chant,6470110041,HUMAN_OBSERVATION,627.0,341:79,3.167421016386832,6.12,0.6369962146515254,2026-07-24,Kangasala_61.500_23.950,5.893701805583683,3.9539935795753536,4.992230875175509,3.3216583735592193,3.423749608442925,6.94008478509385,2026-07-24,6.12,6.94008478509385,0.82008478509385,0.6369962146515254,0.8338839841845858,0.1968877695330603
NE,53.891933,24.154411,chant,6470117348,HUMAN_OBSERVATION,4.0,299:80,10.019794604755544,7.18,0.9639324589687024,2026-07-21,Druskininkai_53.940_24.025,8.158796878515536,4.772197903662523,6.078304127985352,3.3566253344782164,3.840845233936097,7.560435998272215,2026-07-21,7.18,7.560435998272215,0.3804359982722154,0.9639324589687024,0.980848020558074,0.016915561589371575
NE,61.021789,25.773701,chant,6470162906,HUMAN_OBSERVATION,180.0,338:86,1.2922466251311333,7.07,0.9149861284129824,2026-07-24,Lahti_61.020_25.750,6.489739524150694,4.5156718399255045,5.509084730537778,3.4357226517724553,4.017887035746981,7.59463077016635,2026-07-24,7.07,7.59463077016635,0.5246307701663495,0.9149861284129824,0.9188978557716038,0.003911727358621331
NE,62.140497,25.773302,chant,6470251851,HUMAN_OBSERVATION,51.0,344:86,2.4835715797682294,6.6,0.8635258504997988,2026-07-24,Muurame_62.160_25.750,6.287751961609952,4.289320689224281,5.468095220453342,3.366057992053399,3.893447061805022,7.3275347268407085,2026-07-24,6.6,7.3275347268407085,0.7275347268407089,0.8635258504997988,0.9149861284129825,0.05146027791318375
NE,60.449019,22.423592,chant,6470272880,HUMAN_OBSERVATION,11.0,335:74,3.537136355128025,7.5,0.9211006945543688,2026-07-22,Kaarina_60.420_22.450,6.715516471925545,4.391019103860148,5.908778586379187,3.3213155717980527,3.8514921635187793,8.015272344765922,2026-07-22,7.5,8.015272344765922,0.515272344765922,0.9211006945543688,0.9534736134296917,0.0323729188753229
NE,56.332981,13.326348,chant,6470446455,HUMAN_OBSERVATION,181.0,312:44,1.8018223259946264,6.17,0.4189331824668377,2026-07-10,Vastra Tockarp_56.340_13.300,7.260929681416702,4.06008535020255,6.008477158136224,3.492559909639491,4.270862927981206,7.472373182947298,2026-07-10,6.17,7.472373182947298,1.3023731829472984,0.4189331824668377,0.7345115556418748,0.31557837317503706
NE,57.528334,-5.530093,chant,6470504136,HUMAN_OBSERVATION,100.0,319:-19,1.3323462635454997,6.61,0.7556424534601024,2026-07-05,Annat_57.540_-5.525,6.494547399455177,4.773925157330739,5.006567487838764,4.438569283789408,5.006580235113449,7.3457469914698965,2026-07-05,6.61,7.3457469914698965,0.7357469914698962,0.7556424534601024,0.8626787344001756,0.10703628094007323
NE,61.814922,27.062148,chant,6470537659,HUMAN_OBSERVATION,9.0,343:90,2.5615214882442623,6.08,0.6100714294410947,2026-07-25,Mikkeli_61.800_27.025,5.6968186856557805,3.788400295603862,4.914965998825235,2.9845443230435955,3.520092454870605,6.6882707180187495,2026-07-25,6.08,6.6882707180187495,0.6082707180187494,0.6100714294410947,0.6539847168217963,0.04391328738070155
NE,60.25972,25.20818,chant,6470546665,HUMAN_OBSERVATION,10.0,334:84,3.887624174120404,7.12,0.932652912797886,2026-07-21,Helsinki_60.240_25.150,6.167468045652425,3.8574589644206108,5.049663401976211,2.777866910878133,3.140514475547796,7.3389770338452145,2026-07-21,7.12,7.3389770338452145,0.21897703384521439,0.932652912797886,0.9495684743872577,0.016915561589371686
NE,60.397047,22.300307,chant,6470738601,HUMAN_OBSERVATION,11.0,335:74,2.5523163454519486,7.26,0.9952120051395184,2026-07-21,Turku_60.420_22.300,6.537767957978166,4.128485533307581,5.571798515099165,3.298456028597943,3.536526530914061,7.8391816531222105,2026-07-21,7.26,7.8391816531222105,0.5791816531222107,0.9952120051395184,0.9904240102790369,-0.004787994860481426
NE,64.346968,29.096927,chant,6470846332,HUMAN_OBSERVATION,1000.0,357:97,3.289424501801644,6.84,0.7894812730974398,2026-07-26,Koskenmaki_64.320_29.125,6.5130996169850945,4.726555049801807,5.895780479390067,4.253517345112215,4.67142413359913,7.243247212993132,2026-07-26,6.84,7.243247212993132,0.40324721299313193,0.7894812730974398,0.783551506585751,-0.00592976651168875
NE,64.49067,20.60948,chant,6473077333,HUMAN_OBSERVATION,10.0,357:68,1.9497832225967984,6.1,0.6100714294410947,2026-07-25,Brandberliden_64.500_20.575,5.399977354942314,3.742431774855668,5.086015407747627,3.1235777386075267,3.832821207408663,6.266937392717914,2026-07-25,6.1,6.266937392717914,0.16693739271791408,0.6100714294410947,0.415323302403652,-0.1947481270374427
NE,57.00454,14.58326,chant,6473333414,HUMAN_OBSERVATION,75.0,316:48,0.7106713937442779,5.5,0.2988505747126433,2026-07-28,Vaxjo_57.000_14.575,6.201235797191397,3.735041120521199,5.357218813160796,3.1351552077970677,3.464677498521221,6.009835373913912,2026-07-28,5.5,6.009835373913912,0.5098353739139121,0.2988505747126433,0.14942528735632168,-0.14942528735632163
NE,59.19038,18.03665,chant,6473389323,HUMAN_OBSERVATION,20.0,328:60,3.359708103288403,3.38,0.0170454545454545,2026-07-31,Tumba_59.220_18.025,6.345101683128719,3.6654211736703464,5.907710800207117,2.846727121101731,3.4665485853947158,5.668257494423689,2026-07-31,3.38,5.668257494423689,2.2882574944236893,0.0170454545454545,0.09659090909090924,0.07954545454545474
NE,58.39046,15.6319,chant,6473521363,HUMAN_OBSERVATION,10.0,324:52,1.230675963547162,6.15,0.5937989782117132,2026-07-26,Linkoping_58.380_15.625,6.827752945365365,4.131300215674105,5.665528700134459,3.4080497822477938,3.694866625016534,6.518317730715427,2026-07-26,6.15,6.518317730715427,0.36831773071542706,0.5937989782117132,0.5285715465831367,-0.06522743162857658
NE,55.087039,15.000261,chant,6467879380,HUMAN_OBSERVATION,3.0,305:50,1.7583505206842187,7.63,0.9252873563218388,2026-08-01,Aakirkeby_55.080_15.025,7.158071131633857,4.385238954129562,6.20055583282031,3.49679212545064,4.001614019197552,7.95631538280577,2026-08-01,7.63,7.95631538280577,0.3263153828057703,0.9252873563218388,0.9137931034482756,-0.011494252873563204
NE,56.784108,9.839388,chant,6471791302,HUMAN_OBSERVATION,5.0,315:32,2.757572335713441,6.05,0.7321428571428571,2026-08-06,Arden_56.760_9.850,6.2881499856106355,3.9089186890208563,6.920755140782896,2.6345586411548902,3.34003421012905,6.314359274667894,2026-08-06,6.05,6.314359274667894,0.26435927466789444,0.7321428571428571,0.7142857142857143,-0.017857142857142794
NE,55.996173,12.350294,chant,6471797302,HUMAN_OBSERVATION,25.0,310:41,2.389396718367218,5.38,0.3283582089552238,2026-08-04,Nødebo_55.980_12.325,5.872719292340418,2.9255741615459145,5.608415269885308,2.2555417563577613,2.8838539829838905,5.319720827350239,2026-08-04,5.38,5.319720827350239,-0.06027917264976068,0.3283582089552238,0.1044776119402985,-0.22388059701492527
NE,54.686004,11.530114,chant,6471809302,HUMAN_OBSERVATION,50.0,303:38,3.4799386979817637,5.97,0.734375,2026-08-07,Holeby_54.660_11.500,7.118475630987016,4.308446966365856,7.0316551629436175,3.14541362566231,3.8739226961141426,6.34495823623781,2026-08-07,5.97,6.34495823623781,0.3749582362378101,0.734375,0.765625,0.03125
NE,55.79993,12.381576,chant,6471818303,HUMAN_OBSERVATION,75.0,309:41,1.1515440357103297,3.89,0.0588235294117647,2026-08-09,Farum_55.800_12.400,5.058623299509423,2.587437799683369,5.214328798121962,1.8744982447372585,2.4216469080438086,4.431001174230324,2026-08-09,3.89,4.431001174230324,0.5410011742303236,0.0588235294117647,0.058823529411764705,6.938893903907228e-18
NE,56.807983,9.743915,chant,6471854310,HUMAN_OBSERVATION,6.0,315:32,2.316240784177927,6.12,0.765625,2026-08-07,Skørping_56.820_9.775,6.518784666338153,4.141610951796595,7.259248696963087,2.762495481317454,3.479852150517387,6.565184843092027,2026-08-07,6.12,6.565184843092027,0.44518484309202666,0.765625,0.828125,0.0625
NE,56.834279,9.907106,chant,6471854312,HUMAN_OBSERVATION,5.0,315:33,1.925164113037272,4.86,0.3703703703703703,2026-08-08,Skørping_56.820_9.925,6.102872058277728,3.8887947883551726,6.959108856299071,2.5978804145242846,3.2979092205991853,6.196501384402421,2026-08-08,4.86,6.196501384402421,1.3365013844024203,0.3703703703703703,0.5740740740740741,0.20370370370370378
NE,56.792839,9.891091,chant,6471863310,HUMAN_OBSERVATION,6.0,315:33,3.658212075751744,4.74,0.2941176470588235,2026-08-09,Skørping_56.820_9.925,6.07575560070856,3.8954060399557893,7.032506415693493,2.5737793938828832,3.2768153580557646,6.162709116644829,2026-08-09,4.74,6.162709116644829,1.4227091166448291,0.2941176470588235,0.47058823529411764,0.17647058823529416
NE,55.997385,12.561836,chant,6471865311,HUMAN_OBSERVATION,25.0,310:41,2.068556730682802,5.8,0.5714285714285714,2026-08-06,Humlebæk_55.980_12.550,6.6829356890844895,3.4064999938207032,6.282530194431502,2.575243078519906,3.2720893201769505,6.020446296558319,2026-08-06,5.8,6.020446296558319,0.22044629655831915,0.5714285714285714,0.4642857142857143,-0.1071428571428571
NE,59.59493,18.40703,chant,6473028370,HUMAN_OBSERVATION,5.0,330:61,1.7066527114656946,2.97,0.0076923076923076,2026-08-03,Åkersberga_59.580_18.400,5.572687592770967,3.176856828677285,5.340261127097795,2.3690342277207113,2.917270391019076,4.870207927271737,2026-08-03,2.97,4.870207927271737,1.9002079272717372,0.0076923076923076,0.030769230769230778,0.02307692307692318
NE,62.61092,17.68871,chant,6473082363,HUMAN_OBSERVATION,500.0,347:59,3.728071049170545,6.74,0.743421052631579,2026-08-05,Harnosand_62.640_17.725,7.150589457910856,4.678051163965225,6.647017118503481,3.4141387912724834,4.220144048703215,7.2517146923769,2026-08-05,6.74,7.2517146923769,0.5117146923768994,0.743421052631579,0.7697368421052632,0.02631578947368418
NE,59.28393,18.00069,chant,6473249311,HUMAN_OBSERVATION,75.0,329:60,1.4483071733802295,3.04,0.023076923076923,2026-08-03,Stockholm_59.280_18.025,5.944703163056395,3.4013017645269046,5.696730563614962,2.5447575082609832,3.1307586931362428,5.172970412761779,2026-08-03,3.04,5.172970412761779,2.132970412761779,0.023076923076923,0.10000000000000003,0.07692307692307704
NE,57.82607,16.5631,chant,6473428330,HUMAN_OBSERVATION,5.0,320:55,5.59806257103269,3.98,0.1689189189189187,2026-08-02,Västervik_57.780_16.525,5.945496027076511,3.2784317674856087,5.608942850135816,2.491252827227909,2.940897254061163,5.247614286330897,2026-08-02,3.98,5.247614286330897,1.2676142863308972,0.1689189189189187,0.1148648648648647,-0.05405405405405399
NE,63.86259,20.7369,chant,6473571323,HUMAN_OBSERVATION,10.0,354:69,4.2003972707363815,7.79,0.9597701149425286,2026-08-01,Norum_63.900_20.725,7.039663784531966,5.007163654817754,6.3341892368271955,3.7128924638173575,4.3393232382274345,8.114945433864204,2026-08-01,7.79,8.114945433864204,0.3249454338642037,0.9597701149425286,0.9712643678160918,0.011494252873563204
SE,45.780867,2.9319,chant,6399006860,HUMAN_OBSERVATION,110.0,254:9,0.5437003607244089,2.85,0.0159996216077423,2026-06-10,Mazaye_45.780_2.925,5.4178030962104184,3.3298050273084328,5.023945258488487,3.453990005287536,4.683841469347328,4.885845315723304,2026-06-10,2.85,4.885845315723304,2.035845315723304,0.0159996216077423,0.10580545287513289,0.08980583126739058
SE,41.303672,-8.447633,chant,6399053044,HUMAN_OBSERVATION,43.0,229:-29,3.4865937494770773,2.72,0.0695018428201895,2026-06-04,Lamelas_41.280_-8.475,4.79943715602021,2.1752002178417396,4.401141248303009,1.963453775291166,2.930631748982178,4.755128967484517,2026-06-04,2.72,4.755128967484517,2.035128967484517,0.0695018428201895,0.3682297405478548,0.2987278977276653
SE,42.63815,-7.14867,chant,6399071148,HUMAN_OBSERVATION,,236:-24,3.1065440815566947,2.51,0.0443868736631223,2026-06-06,Samos_42.660_-7.125,5.085676331486044,2.553805449971663,4.954496015610744,2.549300122545693,3.606077239279972,4.8180809263005635,2026-06-06,2.51,4.8180809263005635,2.3080809263005637,0.0443868736631223,0.3403825105206688,0.2959956368575465
SE,40.848824,-4.018318,chant,6399506055,HUMAN_OBSERVATION,16781.0,226:-14,2.940158037675368,1.81,0.0369287774367519,2026-06-04,Segovia_40.860_-4.050,4.421905945317362,0.0,3.096472216296509,1.9068675528597696,2.2343865048784983,2.8983487431749557,2026-06-04,1.81,2.8983487431749557,1.0883487431749557,0.0369287774367519,0.017907800894676206,-0.019020976542075695
SE,41.823233,-1.790551,chant,6399598650,HUMAN_OBSERVATION,66.0,232:-6,0.8615773895803936,0.23,0.0023607910337894,2026-06-06,Litago_41.820_-1.800,3.202030043800165,1.945656628504331,3.551677731378341,2.2776018821953072,2.8466878971095007,2.777886150784715,2026-06-06,0.23,2.777886150784715,2.547886150784715,0.0023607910337894,0.009443164135157632,0.007082373101368232
SE,45.811482,14.360786,chant,6400171692,HUMAN_OBSERVATION,,254:47,1.26327155103423,6.07,0.7321886896652734,2026-06-14,Rakek_45.820_14.350,7.031747220856427,4.881675378495375,5.9423882811671085,4.456504005199208,5.690382321798017,6.341995943920758,2026-06-14,6.07,6.341995943920758,0.271995943920758,0.7321886896652734,0.5807131026544567,-0.15147558701081665
SE,43.318203,-8.214061,chant,6400267670,HUMAN_OBSERVATION,,240:-28,2.9142989772915766,4.61,0.2979937636848617,2026-06-09,Bergondo_43.320_-8.250,6.500470057346501,3.796222235490121,5.135606536833006,3.419239316003874,4.6813637498765575,7.366861913855812,2026-06-09,4.61,7.366861913855812,2.7568619138558113,0.2979937636848617,0.9943636108626676,0.6963698471778059
SE,46.913678,16.28515,chant,6400873321,HUMAN_OBSERVATION,13.0,260:54,1.893633686812836,3.76,0.2681403499546986,2026-06-05,Szentgotthard_46.900_16.300,5.952390604083253,3.5510708696901863,5.486932939672346,3.415043413394834,4.644343093853356,5.34708188083871,2026-06-05,3.76,5.34708188083871,1.58708188083871,0.2681403499546986,0.42630811921018213,0.15816776925548354
SE,45.121018,19.756419,chant,6413164614,HUMAN_OBSERVATION,4.0,250:65,2.3907682657327065,4.91,0.097222796213318,2026-06-20,Vrdnik_45.100_19.750,5.979626303512435,2.7873851322323135,5.329236880159253,2.6822313885329363,3.5931331577084364,5.014394677335285,2026-06-20,4.91,5.014394677335285,0.10439467733528485,0.097222796213318,0.06031598059064907,-0.03690681562266893
SE,45.063956,21.705556,chant,6413287753,HUMAN_OBSERVATION,1.0,250:72,2.6993083804561766,5.35,0.3620726156451793,2026-06-17,Oravita_45.040_21.700,6.2672287061092025,4.199880673611394,5.693665767883954,3.6318428170602894,4.518644931334248,5.674715066509761,2026-06-17,5.35,5.674715066509761,0.32471506650976156,0.3620726156451793,0.3548451595450653,-0.007227456100113994
SE,38.755903,22.336511,chant,6413493526,HUMAN_OBSERVATION,15.0,215:74,3.626632656726637,3.69,0.0400436522564582,2026-06-16,Kostalexis_38.740_22.300,5.9017794833102135,3.0219427413067965,5.750572702981849,2.5113162771063458,3.158654530894042,4.15665381585583,2026-06-16,3.69,4.15665381585583,0.46665381585583043,0.0400436522564582,0.030938763557429735,-0.009104888699028466
SE,45.059465,21.703906,chant,6413735609,HUMAN_OBSERVATION,1.0,250:72,2.1860551196515496,5.34,0.342629468914911,2026-06-18,Oravita_45.040_21.700,6.446571897915164,4.21570417295847,5.875583471468164,3.6885212677439543,4.597589216887124,5.874814275080452,2026-06-18,5.34,5.874814275080452,0.5348142750804525,0.342629468914911,0.38975410648120595,0.04712463756629498
SE,45.967617,9.73425,chant,6422449897,HUMAN_OBSERVATION,,255:32,1.4830185396990594,4.34,0.1135004435548072,2026-06-28,Zogno_45.960_9.750,6.275780887144414,3.1031854088175868,5.289917166784497,2.4585012408442832,2.9066335834323445,4.9799602070042415,2026-06-28,4.34,4.9799602070042415,0.6399602070042416,0.1135004435548072,0.16114505379523664,0.04764461024042943
SE,43.890588,19.600418,chant,6422968476,HUMAN_OBSERVATION,61.0,243:65,1.0471039082143438,6.29,0.6343042286505044,2026-06-26,Omar_43.900_19.600,7.807634475122646,4.2792720339667225,6.2707163460273305,3.8283744607709833,4.437851004417689,6.87668848842449,2026-06-26,6.29,6.87668848842449,0.5866884884244898,0.6343042286505044,0.801211512361285,0.16690728371078056
SE,43.315552,-8.217999,chant,6431287350,HUMAN_OBSERVATION,10.0,240:-28,2.6357369392599588,4.79,0.1549110134782936,2026-06-27,Bergondo_43.320_-8.250,6.573188930554136,3.5895695554967078,4.591637573565932,2.575587052891735,3.1170508000883075,6.972443193027572,2026-06-27,4.79,6.972443193027572,2.182443193027572,0.1549110134782936,0.8862117432422375,0.7313007297639439
SE,45.17536,19.852967,chant,6431509871,HUMAN_OBSERVATION,2.0,250:66,2.779247837396821,2.28,0.0082153571061212,2026-06-25,Vrdnik_45.160_19.825,3.6833162077755075,1.6716322261535668,3.6427698451035395,1.559653587037142,2.002439538315408,3.0043252026501537,2026-06-25,2.28,3.0043252026501537,0.7243252026501539,0.0082153571061212,0.00586811221865803,-0.00234724488746317
SE,46.292442,25.730245,chant,6441129062,HUMAN_OBSERVATION,6.0,256:85,1.73488347163837,6.54,0.7370112658447576,2026-07-05,Ciba_46.300_25.750,7.544248865775544,4.8122994590210775,6.0030347819286645,3.477746084283531,3.7000564680854655,7.345741022228685,2026-07-05,6.54,7.345741022228685,0.8057410222286849,0.7370112658447576,0.8614910232121769,0.12447975736741923
SE,45.497897,25.214237,chant,6441309850,HUMAN_OBSERVATION,11.0,252:84,2.5969104254265267,6.57,0.8217988269689525,2026-07-06,Zarnesti_45.520_25.225,7.3007489582877625,5.040469649286837,6.204124963060845,3.7074203674329422,4.030835985881249,7.2455291988373824,2026-07-06,6.57,7.2455291988373824,0.6755291988373822,0.8217988269689525,0.8272604164798308,0.005461589510878384
SE,46.259842,14.910081,chant,6441491873,HUMAN_OBSERVATION,774.0,256:49,3.4848691174817303,4.68,0.2892067709584537,2026-07-12,Mozirje_46.240_14.875,7.296012682341274,3.405702512245484,6.078245752036876,2.6326397547412306,3.133002232806909,6.154594575840758,2026-07-12,4.68,6.154594575840758,1.474594575840758,0.2892067709584537,0.25825725155340956,-0.030949519405044146
SE,46.435963,10.769122,chant,6452568746,HUMAN_OBSERVATION,26.0,257:35,2.40835197657526,6.85,0.7164395264873329,2026-07-16,Sasso_46.440_10.800,7.593140859934207,4.707583510167339,6.349655047147128,3.896528063096683,4.396877470436493,6.967361366995443,2026-07-16,6.85,6.967361366995443,0.11736136699544364,0.7164395264873329,0.604533245949218,-0.11190628053811491
SE,46.80564,12.688088,chant,6470403465,HUMAN_OBSERVATION,,259:42,1.1771520154982476,5.96,0.3261652862627494,2026-07-23,Lienz_46.800_12.675,6.926303591233681,4.607376472180377,5.5009077480782675,3.4093434509973077,3.3972831561589785,6.558824587062661,2026-07-23,5.96,6.558824587062661,0.5988245870626612,0.3261652862627494,0.44746934767346686,0.12130406141071748
