{"type": "FeatureCollection", "features": [{"type": "Feature", "properties": {}, "geometry": {"type": "Polygon", "coordinates": [[[-70.7489, 42.0035], [-70.7345, 42.0066], [-70.713, 42.0036], [-70.7148, 42.0027], [-70.6549, 41.9571], [-70.6285, 41.9545], [-70.645, 41.9434], [-70.7359, 41.9447], [-70.7428, 41.9623], [-70.7376, 41.9891], [-70.7489, 42.0035]]]}}, {"type": "Feature", "properties": {}, "geometry": {"type": "Polygon", "coordinates": [[[-73.9167, 40.8633], [-73.9388, 40.8282], [-73.9401, 40.8139], [-73.9334, 40.7972], [-73.9722, 40.7407], [-73.9758, 40.714], [-74.0169, 40.6993], [-74.012, 40.73], [-74.0032, 40.7559], [-73.9392, 40.8542], [-73.928, 40.8775], [-73.918, 40.8751], [-73.9167, 40.8633]]]}}, {"type": "Feature", "properties": {}, "geometry": {"type": "Polygon", "coordinates": [[[-119.5382, 49.4991], [-119.559, 49.4714], [-119.5738, 49.4658], [-119.5983, 49.4646], [-119.6244, 49.469], [-119.643, 49.4826], [-119.649, 49.5], [-119.5364, 49.5], [-119.5382, 49.4991]]]}}, {"type": "Feature", "properties": {}, "geometry": {"type": "Polygon", "coordinates": [[[-117.7638, 49.1076], [-117.7629, 49.1365], [-117.7338, 49.1376], [-117.7101, 49.1333], [-117.6942, 49.1181], [-117.6936, 49.0899], [-117.7242, 49.0872], [-117.7477, 49.0915], [-117.7638, 49.1076]]]}}, {"type": "Feature", "properties": {}, "geometry": {"type": "Polygon", "coordinates": [[[-118.4765, 49.0654], [-118.4609, 49.0765], [-118.438, 49.0798], [-118.4377, 49.0592], [-118.4423, 49.0445], [-118.4545, 49.0342], [-118.4749, 49.0335], [-118.4826, 49.0494], [-118.4765, 49.0654]]]}}, {"type": "Feature", "properties": {}, "geometry": {"type": "Polygon", "coordinates": [[[-117.8754, 48.4122], [-117.8726, 48.4145], [-117.8543, 48.4113], [-117.8375, 48.4045], [-117.827, 48.3902], [-117.8274, 48.3669], [-117.8479, 48.3697], [-117.8627, 48.3789], [-117.8716, 48.3931], [-117.8754, 48.4122]]]}}, {"type": "Feature", "properties": {}, "geometry": {"type": "Polygon", "coordinates": [[[-101.3202, 48.2537], [-101.3078, 48.2605], [-101.2974, 48.2588], [-101.2913, 48.2481], [-101.2717, 48.2445], [-101.2643, 48.2389], [-101.2629, 48.2229], [-101.3036, 48.2218], [-101.321, 48.226], [-101.3333, 48.2348], [-101.3302, 48.244], [-101.3202, 48.2537]]]}}, {"type": "Feature", "properties": {}, "geometry": {"type": "Polygon", "coordinates": [[[-114.3426, 48.1906], [-114.3412, 48.2168], [-114.3306, 48.2364], [-114.3178, 48.239], [-114.2969, 48.2375], [-114.2903, 48.2405], [-114.2859, 48.2476], [-114.2781, 48.2447], [-114.2719, 48.2312], [-114.2721, 48.2226], [-114.2823, 48.211], [-114.2877, 48.1914], [-114.301, 48.1854], [-114.3078, 48.1772], [-114.3155, 48.1782], [-114.3233, 48.1874], [-114.3426, 48.1906]]]}}, {"type": "Feature", "properties": {}, "geometry": {"type": "Polygon", "coordinates": [[[-117.5309, 47.6344], [-117.5249, 47.695], [-117.5305, 47.7584], [-117.4542, 47.7956], [-117.4214, 47.8024], [-117.4144, 47.8087], [-117.3973, 47.836], [-117.3885, 47.8382], [-117.3617, 47.8367], [-117.3514, 47.8175], [-117.3493, 47.7417], [-117.3443, 47.7333], [-117.3252, 47.7259], [-117.3057, 47.7366], [-117.2538, 47.714], [-117.2277, 47.7156], [-117.2187, 47.7255], [-117.195, 47.7367], [-117.1766, 47.7274], [-117.1624, 47.7133], [-117.1516, 47.6946], [-117.1493, 47.6805], [-117.1552, 47.6565], [-117.1617, 47.6482], [-117.1884, 47.6348], [-117.2491, 47.6178], [-117.2747, 47.6222], [-117.286, 47.6391], [-117.2953, 47.6432], [-117.3048, 47.6386], [-117.3177, 47.6257], [-117.344, 47.6125], [-117.3837, 47.5996], [-117.4038, 47.6011], [-117.4432, 47.622], [-117.4625, 47.6217], [-117.4704, 47.6322], [-117.4835, 47.6329], [-117.515, 47.6269], [-117.5309, 47.6344]]]}}, {"type": "Feature", "properties": {}, "geometry": {"type": "Polygon", "coordinates": [[[-116.8579, 47.7171], [-116.8526, 47.7253], [-116.8313, 47.7384], [-116.8301, 47.7512], [-116.8346, 47.7592], [-116.8345, 47.7673], [-116.7967, 47.7977], [-116.7823, 47.8033], [-116.7621, 47.8035], [-116.7612, 47.7648], [-116.7328, 47.7225], [-116.7272, 47.6898], [-116.7636, 47.6808], [-116.8621, 47.6883], [-116.8644, 47.6907], [-116.8579, 47.7171]]]}}, {"type": "Feature", "properties": {}, "geometry": {"type": "Polygon", "coordinates": [[[-116.9754, 47.7133], [-116.9694, 47.7296], [-116.9393, 47.7377], [-116.9295, 47.7479], [-116.9198, 47.7414], [-116.9186, 47.73], [-116.9222, 47.7191], [-116.9276, 47.7112], [-116.9401, 47.7022], [-116.9529, 47.7008], [-116.9754, 47.7133]]]}}, {"type": "Feature", "properties": {}, "geometry": {"type": "Polygon", "coordinates": [[[-111.365, 47.5138], [-111.3342, 47.5297], [-111.2168, 47.5463], [-111.2168, 47.5237], [-111.2271, 47.5092], [-111.2281, 47.4897], [-111.2439, 47.4838], [-111.324, 47.4729], [-111.3434, 47.4741], [-111.3589, 47.486], [-111.365, 47.5138]]]}}, {"type": "Feature", "properties": {}, "geometry": {"type": "Polygon", "coordinates": [[[-120.3971, 47.4566], [-120.3922, 47.4702], [-120.3637, 47.4812], [-120.3597, 47.4983], [-120.3534, 47.5056], [-120.3514, 47.5146], [-120.3055, 47.5146], [-120.3029, 47.5068], [-120.3032, 47.4821], [-120.2824, 47.4694], [-120.2819, 47.4557], [-120.2711, 47.4467], [-120.2661, 47.4317], [-120.2659, 47.4129], [-120.2745, 47.3976], [-120.2955, 47.3885], [-120.3197, 47.4], [-120.3495, 47.4059], [-120.3617, 47.4115], [-120.3743, 47.4222], [-120.3793, 47.4309], [-120.3856, 47.4337], [-120.3881, 47.4512], [-120.3971, 47.4566]]]}}, {"type": "Feature", "properties": {}, "geometry": {"type": "Polygon", "coordinates": [[[-119.352, 47.1777], [-119.3482, 47.1918], [-119.3389, 47.2003], [-119.328, 47.2], [-119.3085, 47.1822], [-119.293, 47.1808], [-119.2856, 47.1835], [-119.2749, 47.2037], [-119.2606, 47.203], [-119.2557, 47.1499], [-119.259, 47.1325], [-119.2717, 47.1114], [-119.2965, 47.1111], [-119.3302, 47.1252], [-119.3406, 47.133], [-119.3408, 47.1394], [-119.3349, 47.1478], [-119.3334, 47.1563], [-119.3445, 47.1738], [-119.352, 47.1777]]]}}, {"type": "Feature", "properties": {}, "geometry": {"type": "Polygon", "coordinates": [[[-120.5761, 46.9997], [-120.572, 47.0073], [-120.5548, 47.0228], [-120.5472, 47.0264], [-120.5396, 47.0259], [-120.5292, 47.0107], [-120.5266, 46.9897], [-120.5348, 46.9846], [-120.5384, 46.9779], [-120.5482, 46.9775], [-120.5733, 46.9883], [-120.5761, 46.9997]]]}}, {"type": "Feature", "properties": {}, "geometry": {"type": "Polygon", "coordinates": [[[-114.1089, 46.8586], [-114.106, 46.8648], [-114.0865, 46.8788], [-114.0771, 46.8898], [-114.0647, 46.9247], [-114.0544, 46.9273], [-114.04, 46.9161], [-114.0214, 46.9157], [-114.0086, 46.9083], [-113.963, 46.9148], [-113.9395, 46.9113], [-113.9004, 46.8982], [-113.8947, 46.8912], [-113.896, 46.8774], [-113.911, 46.8787], [-113.9346, 46.8887], [-113.9419, 46.8876], [-113.949, 46.8786], [-113.9508, 46.8554], [-113.9606, 46.8503], [-113.9924, 46.8452], [-114.0084, 46.8254], [-114.0177, 46.822], [-114.0321, 46.824], [-114.0651, 46.8447], [-114.108, 46.8554], [-114.1089, 46.8586]]]}}, {"type": "Feature", "properties": {}, "geometry": {"type": "Polygon", "coordinates": [[[-100.9225, 46.8239], [-100.9215, 46.8382], [-100.9045, 46.8499], [-100.8921, 46.8713], [-100.8754, 46.8652], [-100.8633, 46.8507], [-100.8629, 46.8342], [-100.8718, 46.8288], [-100.9195, 46.822], [-100.9225, 46.8239]]]}}, {"type": "Feature", "properties": {}, "geometry": {"type": "Polygon", "coordinates": [[[-100.8548, 46.8258], [-100.8432, 46.8481], [-100.8254, 46.8403], [-100.8021, 46.8483], [-100.7874, 46.8482], [-100.7767, 46.8434], [-100.764, 46.8309], [-100.7517, 46.824], [-100.7585, 46.8091], [-100.7776, 46.793], [-100.7874, 46.7775], [-100.8101, 46.7887], [-100.8215, 46.7987], [-100.8442, 46.8005], [-100.8478, 46.8167], [-100.8553, 46.8227], [-100.8548, 46.8258]]]}}, {"type": "Feature", "properties": {}, "geometry": {"type": "Polygon", "coordinates": [[[-120.6327, 46.6164], [-120.6305, 46.6463], [-120.6142, 46.6573], [-120.5817, 46.6491], [-120.5662, 46.6492], [-120.5605, 46.6549], [-120.5519, 46.6742], [-120.5238, 46.6859], [-120.4885, 46.6875], [-120.4613, 46.6814], [-120.4544, 46.6747], [-120.4378, 46.6359], [-120.4376, 46.6152], [-120.4313, 46.6063], [-120.4374, 46.5983], [-120.4378, 46.5788], [-120.4498, 46.5749], [-120.4625, 46.5553], [-120.6072, 46.5667], [-120.6088, 46.5778], [-120.6269, 46.5984], [-120.6327, 46.6164]]]}}, {"type": "Feature", "properties": {}, "geometry": {"type": "Polygon", "coordinates": [[[-112.0869, 46.6004], [-112.0717, 46.6189], [-112.0386, 46.6198], [-112.0064, 46.6065], [-111.9944, 46.5795], [-112.0216, 46.5656], [-112.0461, 46.5709], [-112.0869, 46.6004]]]}}, {"type": "Feature", "properties": {}, "geometry": {"type": "Polygon", "coordinates": [[[-117.0975, 46.4121], [-117.0803, 46.442], [-117.0735, 46.4482], [-117.0582, 46.4494], [-117.0314, 46.4377], [-116.9777, 46.4506], [-116.9492, 46.446], [-116.9502, 46.4318], [-116.9559, 46.423], [-116.9962, 46.3927], [-117.0064, 46.3886], [-117.0224, 46.3882], [-117.0529, 46.4], [-117.0863, 46.4052], [-117.0975, 46.4121]]]}}, {"type": "Feature", "properties": {}, "geometry": {"type": "Polygon", "coordinates": [[[-119.3321, 46.3272], [-119.3186, 46.359], [-119.2806, 46.3593], [-119.2709, 46.3492], [-119.2608, 46.3261], [-119.2346, 46.2857], [-119.1575, 46.2764], [-119.1456, 46.281], [-119.1408, 46.2924], [-119.1267, 46.2929], [-119.1165, 46.3036], [-119.0785, 46.2882], [-119.0793, 46.275], [-119.0755, 46.2689], [-119.0491, 46.258], [-119.051, 46.2442], [-119.0552, 46.2336], [-119.0629, 46.2252], [-119.0818, 46.2184], [-119.1012, 46.1974], [-119.1174, 46.1886], [-119.1723, 46.1857], [-119.1857, 46.1893], [-119.1929, 46.1987], [-119.2365, 46.1975], [-119.2512, 46.1998], [-119.2631, 46.2187], [-119.2746, 46.2226], [-119.279, 46.2337], [-119.3139, 46.2455], [-119.3308, 46.2966], [-119.3321, 46.3272]]]}}, {"type": "Feature", "properties": {}, "geometry": {"type": "Polygon", "coordinates": [[[-118.3687, 46.0774], [-118.3496, 46.0843], [-118.3047, 46.0912], [-118.3079, 46.0675], [-118.3247, 46.0569], [-118.3742, 46.0556], [-118.3687, 46.0774]]]}}, {"type": "Feature", "properties": {}, "geometry": {"type": "Polygon", "coordinates": [[[-112.5651, 46.002], [-112.5417, 46.037], [-112.5226, 46.0468], [-112.5071, 46.0396], [-112.4969, 46.0178], [-112.4944, 45.9794], [-112.5195, 45.9782], [-112.5651, 46.002]]]}}, {"type": "Feature", "properties": {}, "geometry": {"type": "Polygon", "coordinates": [[[-119.3304, 45.8819], [-119.3183, 45.9036], [-119.2981, 45.9001], [-119.2844, 45.8916], [-119.2751, 45.8774], [-119.2712, 45.8568], [-119.2817, 45.8508], [-119.2945, 45.8333], [-119.3126, 45.8395], [-119.3268, 45.8583], [-119.3304, 45.8819]]]}}, {"type": "Feature", "properties": {}, "geometry": {"type": "Polygon", "coordinates": [[[-108.6154, 45.8006], [-108.6085, 45.8148], [-108.576, 45.805], [-108.5698, 45.8106], [-108.5689, 45.8191], [-108.5641, 45.826], [-108.5208, 45.8265], [-108.495, 45.8586], [-108.4851, 45.8592], [-108.4809, 45.8507], [-108.4743, 45.8478], [-108.4209, 45.8454], [-108.4068, 45.8367], [-108.405, 45.8295], [-108.4164, 45.8183], [-108.4178, 45.8004], [-108.439, 45.7995], [-108.47, 45.7788], [-108.4737, 45.7668], [-108.4908, 45.7645], [-108.4973, 45.7553], [-108.5345, 45.7559], [-108.5521, 45.7443], [-108.6029, 45.747], [-108.6207, 45.7561], [-108.6172, 45.7683], [-108.6154, 45.8006]]]}}, {"type": "Feature", "properties": {}, "geometry": {"type": "Polygon", "coordinates": [[[-111.0874, 45.6913], [-111.0403, 45.7024], [-111.0223, 45.6943], [-111.017, 45.6677], [-111.038, 45.6568], [-111.0637, 45.656], [-111.0832, 45.6662], [-111.0874, 45.6913]]]}}, {"type": "Feature", "properties": {}, "geometry": {"type": "Polygon", "coordinates": [[[-103.7778, 44.3565], [-103.7661, 44.381], [-103.7655, 44.4037], [-103.7295, 44.4033], [-103.7319, 44.3815], [-103.7539, 44.3613], [-103.7634, 44.3448], [-103.7778, 44.3565]]]}}, {"type": "Feature", "properties": {}, "geometry": {"type": "Polygon", "coordinates": [[[-121.1971, 44.2694], [-121.1964, 44.3146], [-121.1857, 44.3165], [-121.1638, 44.3048], [-121.1489, 44.3033], [-121.1576, 44.2852], [-121.1696, 44.2716], [-121.1829, 44.2642], [-121.1971, 44.2694]]]}}, {"type": "Feature", "properties": {}, "geometry": {"type": "Polygon", "coordinates": [[[-123.2185, 44.0889], [-123.2157, 44.1024], [-123.2098, 44.108], [-123.1787, 44.1162], [-123.1584, 44.1371], [-123.1429, 44.1349], [-123.1327, 44.1247], [-123.1153, 44.1169], [-123.1085, 44.1187], [-123.103, 44.1259], [-123.0877, 44.1271], [-123.0507, 44.1123], [-123.0225, 44.0919], [-122.9832, 44.0771], [-122.9637, 44.062], [-122.9563, 44.0347], [-123.1555, 44.0159], [-123.2154, 44.0339], [-123.2185, 44.0889]]]}}, {"type": "Feature", "properties": {}, "geometry": {"type": "Polygon", "coordinates": [[[-103.3553, 44.0909], [-103.347, 44.1072], [-103.3434, 44.1259], [-103.3195, 44.133], [-103.2812, 44.1206], [-103.2743, 44.1255], [-103.2646, 44.1486], [-103.2443, 44.149], [-103.2317, 44.1436], [-103.2095, 44.1273], [-103.183, 44.1194], [-103.1735, 44.1133], [-103.199, 44.0605], [-103.2157, 44.047], [-103.261, 44.0436], [-103.2758, 44.0542], [-103.2838, 44.0557], [-103.2908, 44.0531], [-103.2985, 44.0446], [-103.3215, 44.0581], [-103.3401, 44.0828], [-103.3553, 44.0909]]]}}, {"type": "Feature", "properties": {}, "geometry": {"type": "Polygon", "coordinates": [[[-121.3699, 44.0526], [-121.3638, 44.0712], [-121.3637, 44.1023], [-121.3544, 44.1106], [-121.3024, 44.1345], [-121.2873, 44.1367], [-121.2718, 44.1296], [-121.26, 44.1142], [-121.2522, 44.0837], [-121.2643, 44.0542], [-121.2987, 44.0355], [-121.3614, 44.0333], [-121.3699, 44.0433], [-121.3699, 44.0526]]]}}, {"type": "Feature", "properties": {}, "geometry": {"type": "Polygon", "coordinates": [[[-117.0083, 44.059], [-116.9843, 44.0714], [-116.9737, 44.0709], [-116.9581, 44.0498], [-116.9331, 44.0565], [-116.9271, 44.046], [-116.9402, 44.0234], [-116.9725, 44.0196], [-117.0028, 44.0319], [-117.0083, 44.059]]]}}, {"type": "Feature", "properties": {}, "geometry": {"type": "Polygon", "coordinates": [[[-104.2549, 43.8921], [-104.1861, 43.8708], [-104.1848, 43.8679], [-104.1993, 43.8487], [-104.2247, 43.8493], [-104.2474, 43.8655], [-104.2549, 43.8921]]]}}, {"type": "Feature", "properties": {}, "geometry": {"type": "Polygon", "coordinates": [[[-116.4533, 43.6136], [-116.446, 43.6301], [-116.4299, 43.6366], [-116.3876, 43.6375], [-116.3806, 43.6406], [-116.3757, 43.6801], [-116.3653, 43.6892], [-116.3642, 43.703], [-116.3475, 43.7074], [-116.3405, 43.7152], [-116.3267, 43.716], [-116.3057, 43.6936], [-116.2612, 43.6926], [-116.2485, 43.6711], [-116.2062, 43.6707], [-116.1962, 43.6636], [-116.1845, 43.6708], [-116.1617, 43.6596], [-116.162, 43.6515], [-116.1704, 43.6363], [-116.1276, 43.5749], [-116.116, 43.5466], [-116.1847, 43.5446], [-116.1942, 43.5549], [-116.2079, 43.5559], [-116.2237, 43.5673], [-116.3331, 43.5773], [-116.4533, 43.6136]]]}}, {"type": "Feature", "properties": {}, "geometry": {"type": "Polygon", "coordinates": [[[-116.7311, 43.6802], [-116.7163, 43.7033], [-116.687, 43.7073], [-116.6628, 43.6891], [-116.6606, 43.6459], [-116.7102, 43.6516], [-116.7196, 43.6566], [-116.7311, 43.6802]]]}}, {"type": "Feature", "properties": {}, "geometry": {"type": "Polygon", "coordinates": [[[-116.6185, 43.6264], [-116.5889, 43.6279], [-116.5643, 43.6245], [-116.5434, 43.6161], [-116.5278, 43.6036], [-116.5458, 43.5607], [-116.5812, 43.5518], [-116.6112, 43.5731], [-116.6185, 43.6264]]]}}, {"type": "Feature", "properties": {}, "geometry": {"type": "Polygon", "coordinates": [[[-112.0761, 43.5141], [-112.0485, 43.5254], [-112.0173, 43.5226], [-111.9926, 43.5073], [-111.9835, 43.4792], [-112.0085, 43.4714], [-112.0387, 43.4736], [-112.066, 43.4872], [-112.0761, 43.5141]]]}}, {"type": "Feature", "properties": {}, "geometry": {"type": "Polygon", "coordinates": [[[-123.4107, 43.233], [-123.4031, 43.2594], [-123.3709, 43.2589], [-123.346, 43.2481], [-123.3457, 43.2145], [-123.3564, 43.1899], [-123.3853, 43.1982], [-123.4031, 43.2125], [-123.4107, 43.233]]]}}, {"type": "Feature", "properties": {}, "geometry": {"type": "Polygon", "coordinates": [[[-115.7308, 43.148], [-115.7235, 43.1638], [-115.7064, 43.1705], [-115.6875, 43.1683], [-115.6717, 43.1579], [-115.6793, 43.1407], [-115.696, 43.134], [-115.7154, 43.1361], [-115.73, 43.1448], [-115.7308, 43.148]]]}}, {"type": "Feature", "properties": {}, "geometry": {"type": "Polygon", "coordinates": [[[-112.5537, 42.9477], [-112.5287, 42.9373], [-112.5181, 42.9182], [-112.5118, 42.9155], [-112.4897, 42.9251], [-112.4854, 42.9375], [-112.4481, 42.9175], [-112.4096, 42.9309], [-112.3959, 42.9265], [-112.3901, 42.9174], [-112.3835, 42.9144], [-112.3794, 42.9039], [-112.3651, 42.8993], [-112.361, 42.8905], [-112.3612, 42.8682], [-112.3791, 42.8693], [-112.4081, 42.8807], [-112.4145, 42.8763], [-112.417, 42.8677], [-112.4307, 42.85], [-112.4425, 42.8422], [-112.4524, 42.8447], [-112.4592, 42.8561], [-112.4796, 42.8598], [-112.4879, 42.8645], [-112.5091, 42.8933], [-112.5532, 42.8897], [-112.5537, 42.9477]]]}}, {"type": "Feature", "properties": {}, "geometry": {"type": "Polygon", "coordinates": [[[-106.3643, 42.871], [-106.3371, 42.8725], [-106.2987, 42.862], [-106.2753, 42.86], [-106.2733, 42.8568], [-106.2808, 42.8358], [-106.3236, 42.8252], [-106.3426, 42.8116], [-106.3533, 42.8226], [-106.3659, 42.8681], [-106.3643, 42.871]]]}}, {"type": "Feature", "properties": {}, "geometry": {"type": "Polygon", "coordinates": [[[-114.52, 42.6146], [-114.5046, 42.6355], [-114.4965, 42.6377], [-114.4877, 42.6272], [-114.4515, 42.6266], [-114.4359, 42.6185], [-114.4266, 42.6013], [-114.427, 42.5788], [-114.4394, 42.5452], [-114.4843, 42.5423], [-114.497, 42.545], [-114.5059, 42.5593], [-114.5043, 42.5995], [-114.5083, 42.6082], [-114.5195, 42.6118], [-114.52, 42.6146]]]}}, {"type": "Feature", "properties": {}, "geometry": {"type": "Polygon", "coordinates": [[[-113.8314, 42.5475], [-113.8221, 42.5651], [-113.8018, 42.5714], [-113.7782, 42.5687], [-113.7608, 42.5579], [-113.7848, 42.5225], [-113.8008, 42.5231], [-113.8314, 42.5475]]]}}, {"type": "Feature", "properties": {}, "geometry": {"type": "Polygon", "coordinates": [[[-123.382, 42.4305], [-123.3819, 42.4589], [-123.3566, 42.4698], [-123.3332, 42.4642], [-123.3146, 42.4436], [-123.3117, 42.4133], [-123.3421, 42.4101], [-123.3651, 42.4143], [-123.382, 42.4305]]]}}, {"type": "Feature", "properties": {}, "geometry": {"type": "Polygon", "coordinates": [[[-122.9616, 42.3586], [-122.96, 42.3808], [-122.9534, 42.3865], [-122.9268, 42.3925], [-122.9069, 42.4028], [-122.9039, 42.4107], [-122.907, 42.4379], [-122.9047, 42.4466], [-122.889, 42.456], [-122.8656, 42.4541], [-122.8477, 42.4595], [-122.8452, 42.4577], [-122.848, 42.4368], [-122.8701, 42.4168], [-122.8759, 42.4067], [-122.8757, 42.3975], [-122.8699, 42.388], [-122.8581, 42.3851], [-122.8371, 42.3909], [-122.8119, 42.3913], [-122.8118, 42.3574], [-122.8337, 42.3438], [-122.8471, 42.2668], [-122.8694, 42.2776], [-122.8828, 42.2885], [-122.9154, 42.2913], [-122.9271, 42.2957], [-122.9379, 42.3124], [-122.9392, 42.3343], [-122.9538, 42.3448], [-122.9616, 42.3586]]]}}, {"type": "Feature", "properties": {}, "geometry": {"type": "Polygon", "coordinates": [[[-121.8182, 42.2445], [-121.8097, 42.2563], [-121.8151, 42.2762], [-121.8015, 42.2845], [-121.7042, 42.2808], [-121.7044, 42.2248], [-121.7143, 42.2096], [-121.7384, 42.2006], [-121.7846, 42.1965], [-121.794, 42.2041], [-121.8077, 42.2233], [-121.8182, 42.2445]]]}}, {"type": "Feature", "properties": {}, "geometry": {"type": "Polygon", "coordinates": [[[-103.6997, 41.8692], [-103.6749, 41.8815], [-103.6598, 41.8833], [-103.6403, 41.8807], [-103.6485, 41.8541], [-103.6705, 41.8389], [-103.6924, 41.8418], [-103.6997, 41.8692]]]}}, {"type": "Feature", "properties": {}, "geometry": {"type": "Polygon", "coordinates": [[[-111.8649, 41.7238], [-111.8663, 41.7439], [-111.8561, 41.7634], [-111.8529, 41.782], [-111.8199, 41.776], [-111.7679, 41.7804], [-111.7392, 41.77], [-111.7379, 41.7501], [-111.7472, 41.7428], [-111.7695, 41.7349], [-111.7743, 41.7226], [-111.7869, 41.7204], [-111.8282, 41.7225], [-111.8529, 41.7168], [-111.8649, 41.7238]]]}}, {"type": "Feature", "properties": {}, "geometry": {"type": "Polygon", "coordinates": [[[-112.092, 41.1782], [-112.0901, 41.1907], [-112.0688, 41.2224], [-112.0464, 41.2769], [-112.0013, 41.2902], [-111.9484, 41.2919], [-111.94, 41.282], [-111.929, 41.2431], [-111.9311, 41.2371], [-111.9558, 41.2142], [-111.9596, 41.204], [-111.9622, 41.1741], [-111.9715, 41.1496], [-111.9611, 41.1299], [-111.9687, 41.1122], [-111.9611, 41.103], [-111.9403, 41.0614], [-111.9281, 41.0482], [-111.9284, 41.0234], [-112.0171, 41.071], [-112.0353, 41.0836], [-112.0487, 41.0983], [-112.0878, 41.1653], [-112.092, 41.1782]], [[-112.0194, 41.1383], [-112.0083, 41.127], [-111.9926, 41.1273], [-111.9874, 41.1322], [-111.986, 41.1475], [-111.9971, 41.1637], [-112.0119, 41.1685], [-112.0175, 41.1652], [-112.0212, 41.1573], [-112.0194, 41.1383]]]}}, {"type": "Feature", "properties": {}, "geometry": {"type": "Polygon", "coordinates": [[[-104.877, 41.1742], [-104.8675, 41.1831], [-104.8176, 41.2057], [-104.8082, 41.2045], [-104.803, 41.1935], [-104.8024, 41.1754], [-104.7743, 41.1649], [-104.7648, 41.1579], [-104.7624, 41.1462], [-104.7673, 41.1306], [-104.7775, 41.119], [-104.7917, 41.1136], [-104.8094, 41.1117], [-104.8456, 41.1189], [-104.8549, 41.1239], [-104.8575, 41.1436], [-104.8756, 41.15], [-104.877, 41.1742]]]}}, {"type": "Feature", "properties": {}, "geometry": {"type": "Polygon", "coordinates": [[[-100.8773, 41.1485], [-100.8519, 41.1695], [-100.7766, 41.1583], [-100.7309, 41.16], [-100.7285, 41.1388], [-100.734, 41.1248], [-100.758, 41.1102], [-100.7654, 41.1007], [-100.7994, 41.1121], [-100.8114, 41.133], [-100.8208, 41.1355], [-100.8546, 41.1341], [-100.8771, 41.1454], [-100.8773, 41.1485]]]}}, {"type": "Feature", "properties": {}, "geometry": {"type": "Polygon", "coordinates": [[[-111.9192, 41.1267], [-111.8837, 41.1259], [-111.8788, 41.1076], [-111.8785, 41.0687], [-111.8734, 41.034], [-111.9052, 41.0411], [-111.9133, 41.0635], [-111.9192, 41.1267]]]}}, {"type": "Feature", "properties": {}, "geometry": {"type": "Polygon", "coordinates": [[[-116.3863, 41.0148], [-116.3718, 41.0172], [-116.3377, 41.0134], [-116.3213, 41.023], [-116.2938, 41.0029], [-116.3142, 40.9774], [-116.3467, 40.9695], [-116.3753, 40.9807], [-116.3863, 41.0148]]]}}, {"type": "Feature", "properties": {}, "geometry": {"type": "Polygon", "coordinates": [[[-112.1201, 40.7263], [-112.0784, 40.7159], [-112.067, 40.7157], [-112.06, 40.7188], [-112.0526, 40.7379], [-112.039, 40.7432], [-112.0138, 40.7444], [-112.0067, 40.7478], [-112.0042, 40.7552], [-112.0094, 40.7633], [-112.0226, 40.7675], [-112.0427, 40.7683], [-112.0425, 40.8259], [-112.0067, 40.8266], [-111.9883, 40.8161], [-111.9765, 40.8202], [-111.9591, 40.8363], [-111.9436, 40.8705], [-111.9427, 40.8893], [-111.954, 40.9028], [-111.9425, 40.9261], [-111.9348, 40.9253], [-111.9196, 40.9167], [-111.879, 40.9426], [-111.8714, 40.944], [-111.8654, 40.9414], [-111.8283, 40.9041], [-111.8367, 40.8904], [-111.9031, 40.8371], [-111.9104, 40.8234], [-111.9099, 40.8129], [-111.9054, 40.8068], [-111.8923, 40.801], [-111.8508, 40.7972], [-111.8331, 40.7921], [-111.8192, 40.7799], [-111.8193, 40.7585], [-111.8079, 40.7404], [-111.8057, 40.7264], [-111.7786, 40.7076], [-111.7891, 40.6813], [-111.7836, 40.6556], [-111.7894, 40.6415], [-111.7841, 40.6022], [-111.8239, 40.5933], [-111.8365, 40.5757], [-111.8586, 40.5648], [-111.878, 40.5483], [-111.9192, 40.4896], [-111.96, 40.5205], [-111.9651, 40.5362], [-111.9591, 40.5403], [-111.9558, 40.548], [-111.9617, 40.5619], [-111.9679, 40.567], [-111.9857, 40.5673], [-112.0029, 40.5875], [-112.0091, 40.5902], [-112.0111, 40.6153], [-112.0504, 40.6743], [-112.0564, 40.6785], [-112.0738, 40.6782], [-112.0811, 40.6892], [-112.1051, 40.6931], [-112.1174, 40.7015], [-112.1201, 40.7263]]]}}, {"type": "Feature", "properties": {}, "geometry": {"type": "Polygon", "coordinates": [[[-124.199, 40.7537], [-124.2011, 40.7619], [-124.1982, 40.769], [-124.1916, 40.7728], [-124.1889, 40.7906], [-124.1827, 40.7999], [-124.1503, 40.8089], [-124.1445, 40.8041], [-124.1425, 40.7928], [-124.1351, 40.7822], [-124.1354, 40.7614], [-124.1536, 40.7517], [-124.199, 40.7537]]]}}, {"type": "Feature", "properties": {}, "geometry": {"type": "Polygon", "coordinates": [[[-124.2126, 40.7706], [-124.2241, 40.7775], [-124.2067, 40.8018], [-124.1928, 40.8043], [-124.1997, 40.7849], [-124.2126, 40.7706]]]}}, {"type": "Feature", "properties": {}, "geometry": {"type": "Polygon", "coordinates": [[[-114.1203, 40.7477], [-114.1149, 40.7616], [-114.0979, 40.7763], [-114.0754, 40.7879], [-114.0521, 40.7935], [-114.041, 40.7733], [-114.0368, 40.7566], [-114.0402, 40.7429], [-114.0504, 40.7344], [-114.0834, 40.7214], [-114.0975, 40.7234], [-114.1203, 40.7477]]]}}, {"type": "Feature", "properties": {}, "geometry": {"type": "Polygon", "coordinates": [[[-111.5984, 40.7587], [-111.5817, 40.7555], [-111.5716, 40.7328], [-111.5617, 40.7262], [-111.5554, 40.717], [-111.5547, 40.7078], [-111.5627, 40.6896], [-111.6003, 40.7189], [-111.6079, 40.7375], [-111.5984, 40.7587]]]}}, {"type": "Feature", "properties": {}, "geometry": {"type": "Polygon", "coordinates": [[[-111.5269, 40.7046], [-111.5197, 40.7155], [-111.4998, 40.7149], [-111.4944, 40.7009], [-111.493, 40.6674], [-111.4717, 40.6379], [-111.4733, 40.6232], [-111.4841, 40.6214], [-111.498, 40.6337], [-111.5245, 40.6405], [-111.5316, 40.6461], [-111.5217, 40.6781], [-111.5269, 40.7046]]]}}, {"type": "Feature", "properties": {}, "geometry": {"type": "Polygon", "coordinates": [[[-105.1769, 40.5373], [-105.1715, 40.5512], [-105.1708, 40.5869], [-105.1658, 40.6039], [-105.1431, 40.6056], [-105.1269, 40.6251], [-105.105, 40.6344], [-105.0904, 40.6509], [-105.0754, 40.6602], [-105.0513, 40.6481], [-105.032, 40.6232], [-105.0247, 40.6075], [-104.9956, 40.5809], [-105.0, 40.5706], [-105.0283, 40.5359], [-105.0408, 40.5121], [-105.0616, 40.512], [-105.0793, 40.4993], [-105.0877, 40.501], [-105.0956, 40.5108], [-105.1097, 40.5121], [-105.1166, 40.5224], [-105.1593, 40.5247], [-105.1762, 40.5341], [-105.1769, 40.5373]]]}}, {"type": "Feature", "properties": {}, "geometry": {"type": "Polygon", "coordinates": [[[-122.4402, 40.5854], [-122.4278, 40.6028], [-122.4335, 40.6267], [-122.4247, 40.6376], [-122.4064, 40.6283], [-122.3724, 40.629], [-122.3575, 40.6263], [-122.3504, 40.6151], [-122.3485, 40.5881], [-122.3431, 40.5828], [-122.3341, 40.5803], [-122.3468, 40.5544], [-122.3753, 40.544], [-122.4093, 40.5459], [-122.4485, 40.5564], [-122.4473, 40.574], [-122.4402, 40.5854]]]}}, {"type": "Feature", "properties": {}, "geometry": {"type": "Polygon", "coordinates": [[[-106.8747, 40.4855], [-106.8542, 40.4996], [-106.8285, 40.494], [-106.7972, 40.5046], [-106.7842, 40.4922], [-106.7843, 40.4686], [-106.8112, 40.4743], [-106.8753, 40.4673], [-106.8778, 40.4783], [-106.8747, 40.4855]]]}}, {"type": "Feature", "properties": {}, "geometry": {"type": "Polygon", "coordinates": [[[-120.561, 40.4486], [-120.5476, 40.4566], [-120.4877, 40.469], [-120.4726, 40.4682], [-120.4599, 40.4585], [-120.4639, 40.4378], [-120.4828, 40.4142], [-120.5084, 40.3975], [-120.5285, 40.4006], [-120.5343, 40.4091], [-120.5524, 40.4127], [-120.5559, 40.4287], [-120.5636, 40.4352], [-120.561, 40.4486]]]}}, {"type": "Feature", "properties": {}, "geometry": {"type": "Polygon", "coordinates": [[[-105.1439, 40.4032], [-105.1425, 40.4165], [-105.1365, 40.4261], [-105.0708, 40.4727], [-105.0625, 40.4703], [-105.0524, 40.4389], [-105.0333, 40.4216], [-105.0365, 40.4127], [-105.0503, 40.4022], [-105.0567, 40.3914], [-105.0747, 40.3879], [-105.0862, 40.3729], [-105.0982, 40.3659], [-105.1206, 40.3676], [-105.1237, 40.38], [-105.1408, 40.3928], [-105.1439, 40.4032]]]}}, {"type": "Feature", "properties": {}, "geometry": {"type": "Polygon", "coordinates": [[[-104.7771, 40.4149], [-104.7531, 40.4535], [-104.7047, 40.4501], [-104.6658, 40.4167], [-104.6735, 40.3686], [-104.7063, 40.3742], [-104.7762, 40.4118], [-104.7771, 40.4149]]]}}, {"type": "Feature", "properties": {}, "geometry": {"type": "Polygon", "coordinates": [[[-111.8749, 40.4041], [-111.8645, 40.4246], [-111.8545, 40.422], [-111.838, 40.4056], [-111.8002, 40.4096], [-111.7704, 40.3993], [-111.7434, 40.3966], [-111.7002, 40.3699], [-111.691, 40.3546], [-111.6592, 40.3423], [-111.6531, 40.3358], [-111.6586, 40.33], [-111.6599, 40.3217], [-111.6459, 40.3031], [-111.6483, 40.2783], [-111.6252, 40.249], [-111.6163, 40.2157], [-111.6092, 40.2008], [-111.6086, 40.1931], [-111.613, 40.1816], [-111.6556, 40.1521], [-111.6846, 40.1795], [-111.6898, 40.1897], [-111.6847, 40.2075], [-111.6783, 40.2105], [-111.6731, 40.2181], [-111.6744, 40.2307], [-111.6822, 40.2355], [-111.7011, 40.2383], [-111.7275, 40.2366], [-111.7352, 40.2683], [-111.7285, 40.2879], [-111.7535, 40.3126], [-111.7585, 40.3417], [-111.764, 40.3522], [-111.7803, 40.3625], [-111.8481, 40.3785], [-111.8578, 40.3916], [-111.8743, 40.4009], [-111.8749, 40.4041]]]}}, {"type": "Feature", "properties": {}, "geometry": {"type": "Polygon", "coordinates": [[[-103.8441, 40.2582], [-103.8323, 40.2784], [-103.8174, 40.2792], [-103.7734, 40.269], [-103.7727, 40.26], [-103.7759, 40.253], [-103.8008, 40.2365], [-103.8146, 40.2376], [-103.8441, 40.2582]]]}}, {"type": "Feature", "properties": {}, "geometry": {"type": "Polygon", "coordinates": [[[-105.1668, 40.182], [-105.1587, 40.2081], [-105.1329, 40.2477], [-105.1244, 40.2501], [-105.1145, 40.2356], [-105.0882, 40.2221], [-105.0729, 40.2095], [-105.0511, 40.1695], [-105.0562, 40.158], [-105.0644, 40.1518], [-105.1219, 40.134], [-105.143, 40.1347], [-105.1658, 40.146], [-105.1668, 40.182]]]}}, {"type": "Feature", "properties": {}, "geometry": {"type": "Polygon", "coordinates": [[[-107.9212, 40.2036], [-107.9137, 40.2198], [-107.8967, 40.2265], [-107.8778, 40.2243], [-107.8618, 40.2141], [-107.8694, 40.1968], [-107.8873, 40.19], [-107.9054, 40.1922], [-107.9212, 40.2036]]]}}, {"type": "Feature", "properties": {}, "geometry": {"type": "Polygon", "coordinates": [[[-104.8661, 39.9814], [-104.8592, 39.9976], [-104.8308, 40.038], [-104.822, 40.0304], [-104.808, 40.0057], [-104.7981, 39.9976], [-104.7956, 39.9916], [-104.7956, 39.9691], [-104.8523, 39.9711], [-104.8661, 39.9814]]]}}, {"type": "Feature", "properties": {}, "geometry": {"type": "Polygon", "coordinates": [[[-104.7327, 39.8702], [-104.7231, 39.8781], [-104.7215, 39.8927], [-104.7092, 39.8954], [-104.6975, 39.9101], [-104.6856, 39.9182], [-104.674, 39.9153], [-104.6732, 39.8997], [-104.6694, 39.8939], [-104.6444, 39.8911], [-104.6401, 39.8808], [-104.6401, 39.8657], [-104.6496, 39.8565], [-104.6732, 39.8459], [-104.7079, 39.8235], [-104.7206, 39.8231], [-104.7254, 39.8304], [-104.7355, 39.8584], [-104.7327, 39.8702]]]}}, {"type": "Feature", "properties": {}, "geometry": {"type": "Polygon", "coordinates": [[[-121.9176, 39.7732], [-121.893, 39.804], [-121.8711, 39.8046], [-121.8567, 39.7783], [-121.8474, 39.7715], [-121.8148, 39.7591], [-121.7904, 39.7594], [-121.7907, 39.7405], [-121.8064, 39.718], [-121.812, 39.7019], [-121.8182, 39.6939], [-121.8315, 39.6893], [-121.8587, 39.6893], [-121.8748, 39.6979], [-121.9155, 39.7454], [-121.9222, 39.7615], [-121.9176, 39.7732]]]}}, {"type": "Feature", "properties": {}, "geometry": {"type": "Polygon", "coordinates": [[[-106.5548, 39.6372], [-106.55, 39.6439], [-106.5352, 39.6531], [-106.5352, 39.6615], [-106.5429, 39.6785], [-106.5424, 39.6936], [-106.5058, 39.6701], [-106.4953, 39.6587], [-106.4974, 39.6377], [-106.5106, 39.626], [-106.5296, 39.6225], [-106.5533, 39.6231], [-106.5548, 39.6372]]]}}, {"type": "Feature", "properties": {}, "geometry": {"type": "Polygon", "coordinates": [[[-119.9194, 39.6472], [-119.9121, 39.6657], [-119.8745, 39.6721], [-119.8617, 39.6825], [-119.8481, 39.6745], [-119.8527, 39.6584], [-119.8716, 39.6347], [-119.8825, 39.627], [-119.8936, 39.6284], [-119.9194, 39.6472]]]}}, {"type": "Feature", "properties": {}, "geometry": {"type": "Polygon", "coordinates": [[[-106.0973, 39.6715], [-106.0735, 39.6701], [-106.0552, 39.6612], [-106.0442, 39.6456], [-106.0404, 39.6237], [-106.0671, 39.6222], [-106.0875, 39.6282], [-106.0993, 39.6442], [-106.0973, 39.6715]]]}}, {"type": "Feature", "properties": {}, "geometry": {"type": "Polygon", "coordinates": [[[-119.9073, 39.5313], [-119.8967, 39.5486], [-119.8736, 39.5622], [-119.8605, 39.5919], [-119.8502, 39.6035], [-119.8158, 39.6031], [-119.8073, 39.6157], [-119.7935, 39.6165], [-119.7846, 39.627], [-119.7756, 39.6244], [-119.7534, 39.6097], [-119.7377, 39.6049], [-119.7217, 39.6056], [-119.6965, 39.6146], [-119.6832, 39.6156], [-119.6771, 39.602], [-119.6494, 39.5931], [-119.6463, 39.5652], [-119.6377, 39.558], [-119.6408, 39.5458], [-119.665, 39.5378], [-119.6722, 39.5232], [-119.7038, 39.5016], [-119.7053, 39.4889], [-119.7017, 39.4579], [-119.7051, 39.4456], [-119.7234, 39.4348], [-119.741, 39.4367], [-119.7518, 39.4171], [-119.7617, 39.412], [-119.7828, 39.4126], [-119.8075, 39.4553], [-119.8293, 39.4565], [-119.8421, 39.4685], [-119.8701, 39.4842], [-119.9044, 39.5175], [-119.9073, 39.5313]]]}}, {"type": "Feature", "properties": {}, "geometry": {"type": "Polygon", "coordinates": [[[-107.3991, 39.5579], [-107.3955, 39.568], [-107.3738, 39.584], [-107.3632, 39.5825], [-107.3538, 39.5759], [-107.3247, 39.5846], [-107.3072, 39.5823], [-107.3055, 39.5686], [-107.2956, 39.5595], [-107.2951, 39.5533], [-107.3058, 39.5418], [-107.3073, 39.5332], [-107.3239, 39.5212], [-107.331, 39.512], [-107.3402, 39.5188], [-107.3543, 39.545], [-107.366, 39.5489], [-107.3893, 39.55], [-107.3991, 39.5579]]]}}, {"type": "Feature", "properties": {}, "geometry": {"type": "Polygon", "coordinates": [[[-121.616, 39.5029], [-121.6045, 39.5221], [-121.5811, 39.5264], [-121.5609, 39.5161], [-121.5565, 39.4909], [-121.5761, 39.4882], [-121.5919, 39.4902], [-121.6049, 39.4947], [-121.616, 39.5029]]]}}, {"type": "Feature", "properties": {}, "geometry": {"type": "Polygon", "coordinates": [[[-118.8082, 39.4684], [-118.8054, 39.4898], [-118.7862, 39.514], [-118.7852, 39.5379], [-118.7713, 39.5331], [-118.7554, 39.5166], [-118.7382, 39.515], [-118.7437, 39.491], [-118.759, 39.4771], [-118.7808, 39.4701], [-118.8082, 39.4684]]]}}, {"type": "Feature", "properties": {}, "geometry": {"type": "Polygon", "coordinates": [[[-104.872, 39.3772], [-104.8749, 39.3915], [-104.8663, 39.4253], [-104.8634, 39.4268], [-104.8466, 39.4187], [-104.8404, 39.4024], [-104.8425, 39.3839], [-104.8527, 39.3675], [-104.872, 39.3772]]]}}, {"type": "Feature", "properties": {}, "geometry": {"type": "Polygon", "coordinates": [[[-114.9193, 39.2934], [-114.8954, 39.288], [-114.8809, 39.272], [-114.8763, 39.2521], [-114.8838, 39.2345], [-114.9005, 39.2432], [-114.9101, 39.2559], [-114.9193, 39.2934]]]}}, {"type": "Feature", "properties": {}, "geometry": {"type": "Polygon", "coordinates": [[[-120.3082, 39.2257], [-120.2962, 39.2379], [-120.2777, 39.2466], [-120.2529, 39.2438], [-120.2297, 39.2263], [-120.2155, 39.1914], [-120.2397, 39.178], [-120.25, 39.1676], [-120.2735, 39.1726], [-120.2939, 39.1896], [-120.3057, 39.2083], [-120.3082, 39.2257]]]}}, {"type": "Feature", "properties": {}, "geometry": {"type": "Polygon", "coordinates": [[[-119.807, 39.1786], [-119.8113, 39.197], [-119.8073, 39.2158], [-119.7993, 39.2222], [-119.7528, 39.2277], [-119.7397, 39.2382], [-119.7205, 39.2384], [-119.7128, 39.228], [-119.7056, 39.2075], [-119.6932, 39.2029], [-119.6965, 39.191], [-119.7121, 39.1691], [-119.7186, 39.149], [-119.7361, 39.1363], [-119.7502, 39.1121], [-119.7614, 39.1162], [-119.7745, 39.127], [-119.7966, 39.1567], [-119.807, 39.1786]]]}}, {"type": "Feature", "properties": {}, "geometry": {"type": "Polygon", "coordinates": [[[-106.8659, 39.2253], [-106.8627, 39.2268], [-106.8205, 39.2115], [-106.8067, 39.2017], [-106.8186, 39.1839], [-106.8401, 39.1853], [-106.8592, 39.201], [-106.8659, 39.2253]]]}}, {"type": "Feature", "properties": {}, "geometry": {"type": "Polygon", "coordinates": [[[-123.2477, 39.1724], [-123.2364, 39.1933], [-123.2152, 39.185], [-123.2071, 39.1646], [-123.2072, 39.1427], [-123.2128, 39.1231], [-123.2392, 39.1279], [-123.2489, 39.1475], [-123.2477, 39.1724]]]}}, {"type": "Feature", "properties": {}, "geometry": {"type": "Polygon", "coordinates": [[[-121.5148, 39.1933], [-121.469, 39.1934], [-121.472, 39.1667], [-121.493, 39.1556], [-121.5132, 39.1622], [-121.5148, 39.1933]]]}}, {"type": "Feature", "properties": {}, "geometry": {"type": "Polygon", "coordinates": [[[-108.6767, 39.1025], [-108.6556, 39.1233], [-108.6263, 39.1306], [-108.5369, 39.1201], [-108.4898, 39.1028], [-108.4629, 39.1047], [-108.4598, 39.0838], [-108.473, 39.0747], [-108.5062, 39.0679], [-108.5224, 39.0602], [-108.5275, 39.0539], [-108.529, 39.0459], [-108.5467, 39.0432], [-108.5529, 39.0342], [-108.5936, 39.0508], [-108.6284, 39.0766], [-108.6423, 39.0788], [-108.6474, 39.0902], [-108.6767, 39.1025]]]}}, {"type": "Feature", "properties": {}, "geometry": {"type": "Polygon", "coordinates": [[[-104.9131, 38.9328], [-104.8988, 38.9473], [-104.8972, 38.9852], [-104.887, 39.0014], [-104.8812, 39.0052], [-104.8666, 39.0083], [-104.8508, 39.0071], [-104.8211, 38.9986], [-104.7862, 38.9728], [-104.7742, 38.977], [-104.7608, 39.003], [-104.7403, 39.0039], [-104.7321, 38.989], [-104.7289, 38.9701], [-104.7391, 38.9484], [-104.7392, 38.9365], [-104.7337, 38.9312], [-104.7184, 38.9264], [-104.7159, 38.9096], [-104.7067, 38.903], [-104.7053, 38.8818], [-104.6879, 38.8681], [-104.6843, 38.8576], [-104.6842, 38.8368], [-104.6943, 38.8275], [-104.6955, 38.8025], [-104.7222, 38.7854], [-104.7269, 38.7781], [-104.7196, 38.7533], [-104.7072, 38.7427], [-104.7073, 38.7348], [-104.7141, 38.7317], [-104.7185, 38.7236], [-104.7755, 38.7342], [-104.7817, 38.7425], [-104.8135, 38.753], [-104.8354, 38.7698], [-104.8529, 38.7934], [-104.866, 38.8199], [-104.89, 38.8402], [-104.9028, 38.8683], [-104.9131, 38.9328]]]}}, {"type": "Feature", "properties": {}, "geometry": {"type": "Polygon", "coordinates": [[[-121.1493, 38.9365], [-121.1341, 38.9576], [-121.1104, 38.9604], [-121.087, 38.9513], [-121.0694, 38.9382], [-121.0598, 38.9216], [-121.0651, 38.9104], [-121.0923, 38.8784], [-121.1104, 38.8909], [-121.1293, 38.9223], [-121.1493, 38.9365]]]}}, {"type": "Feature", "properties": {}, "geometry": {"type": "Polygon", "coordinates": [[[-106.1545, 38.8487], [-106.1426, 38.8679], [-106.1223, 38.8702], [-106.1009, 38.8614], [-106.0843, 38.8476], [-106.097, 38.8338], [-106.118, 38.8328], [-106.141, 38.8385], [-106.1539, 38.8456], [-106.1545, 38.8487]]]}}, {"type": "Feature", "properties": {}, "geometry": {"type": "Polygon", "coordinates": [[[-121.6716, 38.6806], [-121.6673, 38.7017], [-121.6542, 38.7146], [-121.6124, 38.726], [-121.6164, 38.7031], [-121.6296, 38.6904], [-121.669, 38.6784], [-121.6716, 38.6806]]]}}, {"type": "Feature", "properties": {}, "geometry": {"type": "Polygon", "coordinates": [[[-121.838, 38.6573], [-121.8382, 38.6914], [-121.8297, 38.6971], [-121.8257, 38.7045], [-121.8187, 38.7037], [-121.8082, 38.6966], [-121.7811, 38.7055], [-121.769, 38.7045], [-121.7495, 38.6787], [-121.7343, 38.6693], [-121.7494, 38.6489], [-121.7796, 38.6431], [-121.8134, 38.6467], [-121.838, 38.6573]]]}}, {"type": "Feature", "properties": {}, "geometry": {"type": "Polygon", "coordinates": [[[-121.8045, 38.5593], [-121.7824, 38.57], [-121.7539, 38.5714], [-121.728, 38.5641], [-121.712, 38.5469], [-121.7323, 38.5159], [-121.7731, 38.5125], [-121.8082, 38.5292], [-121.8045, 38.5593]]]}}, {"type": "Feature", "properties": {}, "geometry": {"type": "Polygon", "coordinates": [[[-106.0102, 38.5705], [-105.9522, 38.5714], [-105.9504, 38.5593], [-105.9534, 38.5533], [-105.9765, 38.5341], [-105.9932, 38.5274], [-106.0068, 38.5367], [-106.0102, 38.5705]]]}}, {"type": "Feature", "properties": {}, "geometry": {"type": "Polygon", "coordinates": [[[-107.9212, 38.5149], [-107.8786, 38.5068], [-107.8637, 38.4957], [-107.8623, 38.4683], [-107.9037, 38.4796], [-107.9171, 38.4927], [-107.9212, 38.5149]]]}}, {"type": "Feature", "properties": {}, "geometry": {"type": "Polygon", "coordinates": [[[-105.3216, 38.4589], [-105.3098, 38.4764], [-105.3016, 38.4789], [-105.29, 38.4722], [-105.2411, 38.4754], [-105.1844, 38.4582], [-105.1941, 38.4468], [-105.2123, 38.4362], [-105.2534, 38.4232], [-105.2784, 38.4246], [-105.3216, 38.4589]]]}}, {"type": "Feature", "properties": {}, "geometry": {"type": "Polygon", "coordinates": [[[-105.1439, 38.4036], [-105.1194, 38.4154], [-105.0854, 38.4158], [-105.0835, 38.3993], [-105.0921, 38.3759], [-105.0855, 38.364], [-105.0851, 38.357], [-105.0934, 38.3528], [-105.097, 38.3455], [-105.1117, 38.3493], [-105.1253, 38.3619], [-105.1368, 38.3802], [-105.1439, 38.4036]]]}}, {"type": "Feature", "properties": {}, "geometry": {"type": "Polygon", "coordinates": [[[-122.0378, 38.3374], [-122.0215, 38.3755], [-121.9852, 38.3899], [-121.9521, 38.3734], [-121.9454, 38.3244], [-121.969, 38.3121], [-121.9939, 38.314], [-122.037, 38.3341], [-122.0378, 38.3374]]]}}, {"type": "Feature", "properties": {}, "geometry": {"type": "Polygon", "coordinates": [[[-122.3714, 38.3362], [-122.3421, 38.3498], [-122.3282, 38.3517], [-122.3123, 38.3483], [-122.3059, 38.3406], [-122.2985, 38.3206], [-122.2796, 38.3052], [-122.2775, 38.2865], [-122.2814, 38.2647], [-122.2906, 38.2454], [-122.2989, 38.2444], [-122.3084, 38.2554], [-122.3264, 38.2568], [-122.3286, 38.2798], [-122.3521, 38.2977], [-122.3667, 38.3132], [-122.3714, 38.3362]]]}}, {"type": "Feature", "properties": {}, "geometry": {"type": "Polygon", "coordinates": [[[-104.7086, 38.2621], [-104.7103, 38.2819], [-104.6872, 38.2828], [-104.6798, 38.2861], [-104.6771, 38.304], [-104.6559, 38.3278], [-104.6542, 38.3492], [-104.6398, 38.3507], [-104.631, 38.3606], [-104.6033, 38.3631], [-104.5736, 38.3595], [-104.5717, 38.3535], [-104.5838, 38.3423], [-104.5845, 38.3286], [-104.5785, 38.3158], [-104.5532, 38.2912], [-104.5511, 38.2701], [-104.5595, 38.2634], [-104.5659, 38.2472], [-104.574, 38.2384], [-104.5977, 38.2231], [-104.6528, 38.2092], [-104.675, 38.212], [-104.6804, 38.2163], [-104.6875, 38.2335], [-104.7086, 38.2621]]]}}, {"type": "Feature", "properties": {}, "geometry": {"type": "Polygon", "coordinates": [[[-122.114, 38.253], [-122.1062, 38.2657], [-122.082, 38.282], [-122.0538, 38.2918], [-122.0321, 38.2841], [-122.0179, 38.2622], [-122.012, 38.2245], [-122.0953, 38.2247], [-122.1157, 38.235], [-122.114, 38.253]]]}}, {"type": "Feature", "properties": {}, "geometry": {"type": "Polygon", "coordinates": [[[-122.6932, 38.2705], [-122.6344, 38.2603], [-122.6155, 38.2444], [-122.6121, 38.2128], [-122.6479, 38.2114], [-122.6746, 38.2198], [-122.6905, 38.2387], [-122.6932, 38.2705]]]}}, {"type": "Feature", "properties": {}, "geometry": {"type": "Polygon", "coordinates": [[[-122.4386, 37.5725], [-122.4434, 37.5824], [-122.4993, 37.6155], [-122.4959, 37.6274], [-122.4947, 37.6652], [-122.5136, 37.7523], [-122.5152, 37.7811], [-122.5059, 37.7865], [-122.4859, 37.7908], [-122.4764, 37.8107], [-122.4634, 37.8053], [-122.4086, 37.8104], [-122.3982, 37.8035], [-122.3879, 37.791], [-122.3871, 37.7787], [-122.3815, 37.7736], [-122.3829, 37.7638], [-122.3792, 37.756], [-122.3545, 37.73], [-122.3625, 37.7149], [-122.3763, 37.7166], [-122.3795, 37.7075], [-122.3925, 37.7103], [-122.388, 37.6772], [-122.3802, 37.6767], [-122.381, 37.6669], [-122.3749, 37.6552], [-122.3814, 37.6474], [-122.3837, 37.6315], [-122.3637, 37.6273], [-122.3541, 37.6135], [-122.3593, 37.6085], [-122.3712, 37.6129], [-122.3741, 37.6042], [-122.3623, 37.5997], [-122.3585, 37.5928], [-122.3184, 37.5898], [-122.3158, 37.5839], [-122.2991, 37.5769], [-122.2579, 37.5715], [-122.251, 37.5681], [-122.2453, 37.5532], [-122.2396, 37.5469], [-122.1993, 37.535], [-122.1989, 37.5268], [-122.2073, 37.5175], [-122.193, 37.5154], [-122.1831, 37.5076], [-122.1713, 37.5036], [-122.1587, 37.5034], [-122.1479, 37.4966], [-122.1341, 37.4978], [-122.1002, 37.4551], [-122.0809, 37.4487], [-122.0589, 37.4474], [-122.0386, 37.4514], [-122.0321, 37.4634], [-122.0522, 37.4714], [-122.0517, 37.4892], [-122.0624, 37.5017], [-122.0933, 37.5036], [-122.109, 37.518], [-122.1166, 37.5426], [-122.1463, 37.579], [-122.1628, 37.6644], [-122.1919, 37.7003], [-122.2067, 37.7107], [-122.2144, 37.6991], [-122.2518, 37.7228], [-122.2624, 37.743], [-122.2489, 37.7483], [-122.2125, 37.7435], [-122.2173, 37.7585], [-122.2393, 37.7553], [-122.2835, 37.7633], [-122.2999, 37.7722], [-122.2974, 37.7798], [-122.3076, 37.7809], [-122.3099, 37.7762], [-122.3315, 37.7824], [-122.325, 37.8038], [-122.3391, 37.8034], [-122.3407, 37.8071], [-122.3347, 37.8116], [-122.3224, 37.8109], [-122.3166, 37.8171], [-122.3284, 37.821], [-122.3197, 37.8251], [-122.3014, 37.8262], [-122.2955, 37.8313], [-122.3039, 37.8629], [-122.316, 37.8609], [-122.3177, 37.8679], [-122.3083, 37.8703], [-122.3139, 37.8858], [-122.3288, 37.9081], [-122.3648, 37.9037], [-122.3911, 37.9077], [-122.3876, 37.9202], [-122.3963, 37.928], [-122.4102, 37.9319], [-122.4297, 37.9643], [-122.3977, 37.9561], [-122.395, 37.9703], [-122.3688, 37.9803], [-122.3596, 37.9876], [-122.37, 38.0036], [-122.3663, 38.0123], [-122.336, 38.0038], [-122.3225, 38.0052], [-122.3168, 38.0101], [-122.299, 38.0112], [-122.277, 38.025], [-122.2756, 38.0391], [-122.2497, 38.0554], [-122.224, 38.0578], [-122.236, 38.0503], [-122.2603, 38.0193], [-122.2622, 38.0111], [-122.2564, 38.0032], [-122.2596, 37.9928], [-122.2734, 37.9794], [-122.2832, 37.9575], [-122.3048, 37.943], [-122.3068, 37.9328], [-122.3021, 37.9274], [-122.2795, 37.9155], [-122.2678, 37.9037], [-122.268, 37.8913], [-122.2648, 37.8835], [-122.2567, 37.8809], [-122.2355, 37.8837], [-122.2236, 37.8819], [-122.2184, 37.8464], [-122.2039, 37.8109], [-122.1977, 37.8051], [-122.1799, 37.8046], [-122.1712, 37.7944], [-122.1572, 37.7931], [-122.1543, 37.7811], [-122.1375, 37.7652], [-122.1328, 37.7502], [-122.1327, 37.737], [-122.1282, 37.7314], [-122.1104, 37.7326], [-122.0832, 37.7292], [-122.0577, 37.7192], [-122.0347, 37.704], [-122.0469, 37.6469], [-122.0439, 37.6236], [-122.0234, 37.5937], [-121.9793, 37.582], [-121.955, 37.5474], [-121.9232, 37.5257], [-121.9109, 37.4686], [-121.9004, 37.4538], [-121.8565, 37.4147], [-121.836, 37.3839], [-121.8016, 37.3599], [-121.799, 37.3426], [-121.79, 37.3371], [-121.7899, 37.3233], [-121.7788, 37.3147], [-121.7769, 37.2983], [-121.7566, 37.2812], [-121.7682, 37.2569], [-121.7845, 37.2614], [-121.7919, 37.253], [-121.7889, 37.2442], [-121.7733, 37.2291], [-121.7786, 37.2136], [-121.8269, 37.2107], [-121.8477, 37.1933], [-121.8587, 37.1897], [-121.8699, 37.1906], [-121.8939, 37.201], [-121.915, 37.2011], [-121.9203, 37.2085], [-121.9278, 37.2119], [-122.003, 37.2119], [-122.0131, 37.2222], [-122.026, 37.2232], [-122.0364, 37.2426], [-122.0603, 37.2464], [-122.0811, 37.2877], [-122.1044, 37.3015], [-122.1056, 37.3234], [-122.1271, 37.3354], [-122.1462, 37.3601], [-122.1549, 37.3802], [-122.1902, 37.3939], [-122.2025, 37.4101], [-122.2117, 37.4155], [-122.2419, 37.4162], [-122.2598, 37.4235], [-122.2813, 37.454], [-122.2931, 37.4569], [-122.2956, 37.463], [-122.3153, 37.4791], [-122.3178, 37.4852], [-122.3264, 37.4902], [-122.34, 37.5074], [-122.3486, 37.5124], [-122.3545, 37.5259], [-122.3818, 37.5344], [-122.3911, 37.554], [-122.3958, 37.5577], [-122.4265, 37.5635], [-122.4371, 37.5676], [-122.4386, 37.5725]]]}}, {"type": "Feature", "properties": {}, "geometry": {"type": "Polygon", "coordinates": [[[-122.3158, 38.1698], [-122.296, 38.1807], [-122.281, 38.1833], [-122.2673, 38.1797], [-122.2558, 38.171], [-122.2357, 38.1713], [-122.2182, 38.1499], [-122.2157, 38.1246], [-122.2101, 38.1132], [-122.1854, 38.0957], [-122.1762, 38.0841], [-122.1641, 38.0845], [-122.1164, 38.064], [-122.1303, 38.0421], [-122.1585, 38.0434], [-122.1659, 38.0545], [-122.1843, 38.0648], [-122.1951, 38.0618], [-122.2452, 38.0721], [-122.2609, 38.0694], [-122.2715, 38.0745], [-122.3007, 38.1082], [-122.313, 38.114], [-122.3158, 38.1698]]]}}, {"type": "Feature", "properties": {}, "geometry": {"type": "Polygon", "coordinates": [[[-122.2276, 38.0561], [-122.227, 38.0584], [-122.1862, 38.048], [-122.1686, 38.028], [-122.1479, 38.0236], [-122.1244, 38.0292], [-122.0782, 38.0486], [-122.0655, 38.0429], [-122.0267, 37.9912], [-121.979, 37.9707], [-121.9456, 37.946], [-121.9542, 37.9275], [-121.968, 37.9242], [-121.9855, 37.9259], [-122.004, 37.9211], [-122.0243, 37.8898], [-122.066, 37.8797], [-122.0811, 37.8612], [-122.0906, 37.8566], [-122.1074, 37.8579], [-122.1341, 37.8685], [-122.1457, 37.8666], [-122.1528, 37.8603], [-122.1607, 37.872], [-122.1712, 37.8796], [-122.1705, 37.9019], [-122.1553, 37.9114], [-122.1358, 37.9178], [-122.1293, 37.9245], [-122.134, 37.9591], [-122.1434, 37.9729], [-122.171, 37.9903], [-122.1755, 38.0036], [-122.177, 38.0234], [-122.1818, 38.0323], [-122.204, 38.0345], [-122.2148, 38.0505], [-122.2276, 38.0561]]]}}, {"type": "Feature", "properties": {}, "geometry": {"type": "Polygon", "coordinates": [[[-121.3489, 38.1234], [-121.3482, 38.1601], [-121.2661, 38.1584], [-121.2455, 38.1475], [-121.2543, 38.1295], [-121.2631, 38.0969], [-121.2697, 38.0895], [-121.3001, 38.0842], [-121.3286, 38.0959], [-121.3489, 38.1234]]]}}, {"type": "Feature", "properties": {}, "geometry": {"type": "Polygon", "coordinates": [[[-122.6157, 38.1142], [-122.5802, 38.1094], [-122.5589, 38.0905], [-122.5508, 38.0637], [-122.5551, 38.0388], [-122.5492, 38.03], [-122.5009, 38.0146], [-122.5025, 37.9421], [-122.5099, 37.9136], [-122.524, 37.89], [-122.5374, 37.894], [-122.5698, 37.9324], [-122.5821, 37.9349], [-122.5841, 37.9435], [-122.5821, 37.9642], [-122.5873, 37.9704], [-122.6048, 37.9801], [-122.6008, 37.9952], [-122.5743, 38.0327], [-122.5727, 38.0409], [-122.5777, 38.0591], [-122.6096, 38.0885], [-122.6157, 38.1142]]]}}, {"type": "Feature", "properties": {}, "geometry": {"type": "Polygon", "coordinates": [[[-122.0098, 38.0446], [-121.9689, 38.0341], [-121.9534, 38.0376], [-121.9494, 38.0464], [-121.888, 38.0411], [-121.8781, 38.0343], [-121.8371, 38.0231], [-121.7791, 38.0155], [-121.7701, 38.0167], [-121.76, 38.0055], [-121.7306, 38.0017], [-121.7217, 37.995], [-121.6918, 37.9513], [-121.69, 37.9354], [-121.7261, 37.9107], [-121.7477, 37.9118], [-121.7572, 37.9265], [-121.7495, 37.9507], [-121.7501, 37.9604], [-121.7548, 37.9657], [-121.7714, 37.9684], [-121.7791, 37.9661], [-121.7921, 37.9452], [-121.8103, 37.9543], [-121.8337, 37.9605], [-121.8638, 37.9789], [-121.9573, 37.9884], [-122.0156, 38.0238], [-122.0098, 38.0446]]]}}, {"type": "Feature", "properties": {}, "geometry": {"type": "Polygon", "coordinates": [[[-121.9119, 38.073], [-121.8913, 38.0712], [-121.8859, 38.0561], [-121.9167, 38.0527], [-121.9288, 38.0584], [-121.921, 38.0624], [-121.9119, 38.073]]]}}, {"type": "Feature", "properties": {}, "geometry": {"type": "Polygon", "coordinates": [[[-121.4358, 37.977], [-121.438, 37.9926], [-121.4231, 37.994], [-121.4168, 38.0035], [-121.4251, 38.0157], [-121.4269, 38.037], [-121.4062, 38.0476], [-121.398, 38.0582], [-121.3815, 38.0617], [-121.3356, 38.0578], [-121.3034, 38.0497], [-121.297, 38.053], [-121.2815, 38.0712], [-121.2665, 38.0625], [-121.2136, 37.9737], [-121.2147, 37.9479], [-121.2296, 37.9287], [-121.2293, 37.9215], [-121.2243, 37.9164], [-121.1995, 37.9096], [-121.2019, 37.8899], [-121.2482, 37.8883], [-121.2608, 37.8826], [-121.2648, 37.8682], [-121.2583, 37.8617], [-121.2241, 37.8489], [-121.1787, 37.8251], [-121.1824, 37.8147], [-121.2007, 37.8013], [-121.2076, 37.7744], [-121.212, 37.7687], [-121.2287, 37.7645], [-121.2457, 37.7666], [-121.2606, 37.772], [-121.2756, 37.7856], [-121.2824, 37.788], [-121.2937, 37.783], [-121.309, 37.7669], [-121.3262, 37.7676], [-121.3249, 37.7755], [-121.3166, 37.7883], [-121.319, 37.7964], [-121.3272, 37.8028], [-121.3191, 37.8354], [-121.32, 37.8532], [-121.3474, 37.8987], [-121.3713, 37.9129], [-121.3727, 37.9349], [-121.4148, 37.9564], [-121.4221, 37.9658], [-121.4323, 37.9702], [-121.4358, 37.977]]]}}, {"type": "Feature", "properties": {}, "geometry": {"type": "Polygon", "coordinates": [[[-100.9, 38.0149], [-100.8864, 38.0168], [-100.8765, 38.0273], [-100.8679, 38.0252], [-100.8457, 38.0114], [-100.8367, 37.9969], [-100.8299, 37.9931], [-100.8331, 37.9818], [-100.8468, 37.969], [-100.8523, 37.9572], [-100.889, 37.9742], [-100.8999, 37.9887], [-100.9, 38.0149]]]}}, {"type": "Feature", "properties": {}, "geometry": {"type": "Polygon", "coordinates": [[[-122.0271, 37.8364], [-122.0088, 37.841], [-121.9982, 37.8279], [-121.9904, 37.8069], [-121.9845, 37.8034], [-121.9241, 37.8045], [-121.9242, 37.7897], [-121.9342, 37.768], [-121.9296, 37.7485], [-121.9188, 37.7375], [-121.8905, 37.7266], [-121.8805, 37.7189], [-121.8731, 37.7182], [-121.8259, 37.7317], [-121.8019, 37.7267], [-121.7932, 37.7116], [-121.7863, 37.7091], [-121.7582, 37.727], [-121.7437, 37.7275], [-121.7138, 37.716], [-121.7125, 37.668], [-121.7221, 37.661], [-121.7757, 37.6563], [-121.7842, 37.6473], [-121.7917, 37.6452], [-121.8247, 37.645], [-121.8316, 37.6531], [-121.84, 37.6557], [-121.8938, 37.6362], [-121.9085, 37.6378], [-121.9258, 37.6453], [-121.9332, 37.655], [-121.9458, 37.6596], [-121.9615, 37.6801], [-121.9825, 37.6908], [-121.9831, 37.7228], [-122.0044, 37.7348], [-122.0052, 37.7487], [-122.0157, 37.7573], [-122.0178, 37.7742], [-122.0271, 37.7802], [-122.0326, 37.8105], [-122.0271, 37.8364]]]}}, {"type": "Feature", "properties": {}, "geometry": {"type": "Polygon", "coordinates": [[[-121.5268, 37.7401], [-121.5106, 37.7526], [-121.4674, 37.7731], [-121.458, 37.7824], [-121.442, 37.7762], [-121.4281, 37.7631], [-121.4177, 37.7452], [-121.4121, 37.7253], [-121.4451, 37.7043], [-121.4591, 37.7007], [-121.4751, 37.7047], [-121.502, 37.7208], [-121.5262, 37.7232], [-121.5268, 37.7401]]]}}, {"type": "Feature", "properties": {}, "geometry": {"type": "Polygon", "coordinates": [[[-120.9033, 37.7714], [-120.8634, 37.7795], [-120.8497, 37.7707], [-120.8458, 37.7461], [-120.8629, 37.7368], [-120.8826, 37.7376], [-120.8995, 37.7488], [-120.905, 37.769], [-120.9033, 37.7714]]]}}, {"type": "Feature", "properties": {}, "geometry": {"type": "Polygon", "coordinates": [[[-121.181, 37.7492], [-121.1101, 37.7672], [-121.0908, 37.76], [-121.0777, 37.742], [-121.0633, 37.7335], [-121.056, 37.7352], [-121.05, 37.7412], [-121.0476, 37.7603], [-121.0253, 37.7603], [-121.009, 37.749], [-120.9959, 37.7554], [-120.9572, 37.7487], [-120.9531, 37.7407], [-120.9458, 37.7371], [-120.9457, 37.729], [-120.9585, 37.722], [-120.9736, 37.7046], [-120.9761, 37.698], [-120.9736, 37.6898], [-120.959, 37.6777], [-120.9121, 37.6577], [-120.9121, 37.6368], [-120.9159, 37.6272], [-120.9449, 37.6013], [-120.9508, 37.564], [-120.9578, 37.5564], [-120.9769, 37.5545], [-121.0232, 37.5772], [-121.0491, 37.5793], [-121.061, 37.5964], [-121.0788, 37.6458], [-121.0909, 37.6643], [-121.0992, 37.669], [-121.1272, 37.6653], [-121.138, 37.6684], [-121.1425, 37.6817], [-121.1418, 37.7063], [-121.1504, 37.7124], [-121.1715, 37.7173], [-121.1804, 37.7265], [-121.181, 37.7492]]]}}, {"type": "Feature", "properties": {}, "geometry": {"type": "Polygon", "coordinates": [[[-113.087, 37.6805], [-113.0864, 37.6936], [-113.0512, 37.6953], [-113.037, 37.7126], [-113.0292, 37.7146], [-113.0214, 37.7118], [-113.0166, 37.7037], [-113.0322, 37.6664], [-113.0399, 37.6569], [-113.0513, 37.6561], [-113.0664, 37.6687], [-113.0809, 37.6733], [-113.087, 37.6805]]]}}, {"type": "Feature", "properties": {}, "geometry": {"type": "Polygon", "coordinates": [[[-120.9256, 37.5253], [-120.9159, 37.5318], [-120.8956, 37.538], [-120.88, 37.5491], [-120.8354, 37.5157], [-120.8233, 37.502], [-120.8291, 37.4869], [-120.857, 37.4611], [-120.8698, 37.4563], [-120.8845, 37.4593], [-120.8976, 37.4662], [-120.9086, 37.4776], [-120.9161, 37.4914], [-120.9157, 37.5115], [-120.9256, 37.5253]]]}}, {"type": "Feature", "properties": {}, "geometry": {"type": "Polygon", "coordinates": [[[-120.5713, 37.3147], [-120.5579, 37.3216], [-120.5205, 37.3263], [-120.5034, 37.3382], [-120.4803, 37.3381], [-120.4637, 37.3269], [-120.4547, 37.3294], [-120.4469, 37.3381], [-120.4271, 37.3271], [-120.4165, 37.314], [-120.4119, 37.2977], [-120.4123, 37.28], [-120.4286, 37.2827], [-120.4391, 37.3059], [-120.4494, 37.3092], [-120.4555, 37.3046], [-120.4599, 37.2801], [-120.4687, 37.2679], [-120.4943, 37.2651], [-120.5415, 37.2861], [-120.5706, 37.2899], [-120.5713, 37.3147]]]}}, {"type": "Feature", "properties": {}, "geometry": {"type": "Polygon", "coordinates": [[[-107.9558, 37.3129], [-107.9421, 37.3286], [-107.9298, 37.3497], [-107.9187, 37.3498], [-107.8996, 37.3408], [-107.8877, 37.3388], [-107.8439, 37.3471], [-107.8243, 37.3474], [-107.8072, 37.3383], [-107.802, 37.3298], [-107.7951, 37.3257], [-107.8064, 37.28], [-107.8183, 37.276], [-107.8289, 37.2574], [-107.8517, 37.2511], [-107.9037, 37.2526], [-107.9204, 37.257], [-107.928, 37.2757], [-107.9269, 37.2953], [-107.9295, 37.3025], [-107.9364, 37.3059], [-107.9531, 37.3013], [-107.9558, 37.3129]]]}}, {"type": "Feature", "properties": {}, "geometry": {"type": "Polygon", "coordinates": [[[-105.8548, 37.2818], [-105.8282, 37.2907], [-105.7985, 37.2881], [-105.7828, 37.2711], [-105.7955, 37.2359], [-105.8119, 37.235], [-105.8346, 37.2582], [-105.8491, 37.2628], [-105.8552, 37.2682], [-105.8548, 37.2818]]]}}, {"type": "Feature", "properties": {}, "geometry": {"type": "Polygon", "coordinates": [[[-104.5675, 37.1945], [-104.5447, 37.2053], [-104.5372, 37.2318], [-104.5324, 37.2378], [-104.5099, 37.2351], [-104.4882, 37.218], [-104.4718, 37.195], [-104.4625, 37.169], [-104.4886, 37.1568], [-104.5171, 37.1581], [-104.5442, 37.1671], [-104.5652, 37.179], [-104.5675, 37.1945]]]}}, {"type": "Feature", "properties": {}, "geometry": {"type": "Polygon", "coordinates": [[[-121.7154, 37.1488], [-121.7083, 37.1579], [-121.6601, 37.177], [-121.6215, 37.1682], [-121.6175, 37.1627], [-121.6222, 37.1476], [-121.6109, 37.1243], [-121.6121, 37.1132], [-121.623, 37.1059], [-121.6504, 37.1041], [-121.6593, 37.0898], [-121.6791, 37.0984], [-121.7154, 37.1488]]]}}, {"type": "Feature", "properties": {}, "geometry": {"type": "Polygon", "coordinates": [[[-107.91, 37.1358], [-107.9087, 37.1549], [-107.8995, 37.1668], [-107.8837, 37.1721], [-107.8622, 37.171], [-107.8632, 37.1516], [-107.8724, 37.1396], [-107.8884, 37.1343], [-107.91, 37.1358]]]}}, {"type": "Feature", "properties": {}, "geometry": {"type": "Polygon", "coordinates": [[[-120.1823, 37.0792], [-120.1803, 37.0995], [-120.1602, 37.1375], [-120.132, 37.1211], [-120.1273, 37.0998], [-120.143, 37.0837], [-120.1823, 37.0792]]]}}, {"type": "Feature", "properties": {}, "geometry": {"type": "Polygon", "coordinates": [[[-113.6517, 37.1497], [-113.6324, 37.1506], [-113.582, 37.1277], [-113.5519, 37.1385], [-113.5282, 37.1398], [-113.5179, 37.1496], [-113.5095, 37.1438], [-113.5054, 37.1139], [-113.5193, 37.111], [-113.5287, 37.0903], [-113.5479, 37.0901], [-113.5845, 37.0682], [-113.5969, 37.068], [-113.6015, 37.0753], [-113.6161, 37.083], [-113.6186, 37.0987], [-113.6223, 37.1033], [-113.64, 37.1154], [-113.6526, 37.1302], [-113.6517, 37.1497]]]}}, {"type": "Feature", "properties": {}, "geometry": {"type": "Polygon", "coordinates": [[[-120.8938, 37.0478], [-120.8738, 37.0753], [-120.8608, 37.0794], [-120.8457, 37.0704], [-120.8483, 37.0479], [-120.8603, 37.0373], [-120.8782, 37.0367], [-120.8938, 37.0478]]]}}, {"type": "Feature", "properties": {}, "geometry": {"type": "Polygon", "coordinates": [[[-121.6382, 37.0033], [-121.6163, 37.0357], [-121.616, 37.0586], [-121.6129, 37.0602], [-121.5582, 37.0318], [-121.5565, 36.9801], [-121.585, 36.9782], [-121.6044, 36.9841], [-121.6382, 37.0033]]]}}, {"type": "Feature", "properties": {}, "geometry": {"type": "Polygon", "coordinates": [[[-122.0847, 36.9695], [-122.0757, 36.9876], [-122.0611, 36.9919], [-122.0253, 36.9892], [-122.0189, 36.9927], [-122.0142, 37.0048], [-121.9777, 36.9987], [-121.9603, 36.9898], [-121.9453, 36.9745], [-121.9528, 36.971], [-121.9636, 36.9595], [-121.9742, 36.9552], [-122.0212, 36.9627], [-122.0252, 36.9597], [-122.0252, 36.951], [-122.0348, 36.9532], [-122.0468, 36.9482], [-122.083, 36.9518], [-122.0847, 36.9695]]]}}, {"type": "Feature", "properties": {}, "geometry": {"type": "Polygon", "coordinates": [[[-107.9525, 37.0163], [-107.9262, 37.0141], [-107.9079, 37.0039], [-107.8973, 36.9851], [-107.8957, 36.9573], [-107.9236, 36.9589], [-107.9424, 36.9697], [-107.9526, 36.9886], [-107.9546, 37.0136], [-107.9525, 37.0163]]]}}, {"type": "Feature", "properties": {}, "geometry": {"type": "Polygon", "coordinates": [[[-120.1261, 36.9715], [-120.1119, 36.9799], [-120.0921, 36.9829], [-120.0723, 36.9799], [-120.0567, 36.9694], [-120.0611, 36.9486], [-120.0729, 36.9326], [-120.0894, 36.9248], [-120.1138, 36.9231], [-120.1214, 36.9323], [-120.1252, 36.9429], [-120.1261, 36.9715]]]}}, {"type": "Feature", "properties": {}, "geometry": {"type": "Polygon", "coordinates": [[[-121.8376, 36.9487], [-121.8114, 36.9596], [-121.7801, 36.9604], [-121.7638, 36.9561], [-121.7342, 36.936], [-121.751, 36.8994], [-121.7913, 36.8894], [-121.8288, 36.9056], [-121.8376, 36.9487]]]}}, {"type": "Feature", "properties": {}, "geometry": {"type": "Polygon", "coordinates": [[[-104.4879, 36.9269], [-104.433, 36.94], [-104.4068, 36.937], [-104.4137, 36.8979], [-104.4426, 36.8826], [-104.4732, 36.8922], [-104.4879, 36.9269]]]}}, {"type": "Feature", "properties": {}, "geometry": {"type": "Polygon", "coordinates": [[[-121.4606, 36.8808], [-121.4513, 36.8871], [-121.4482, 36.8936], [-121.431, 36.8958], [-121.4252, 36.9049], [-121.3901, 36.8817], [-121.3866, 36.8608], [-121.3901, 36.8403], [-121.3998, 36.8189], [-121.4127, 36.8014], [-121.4427, 36.8104], [-121.4595, 36.8317], [-121.465, 36.8576], [-121.4606, 36.8808]]]}}, {"type": "Feature", "properties": {}, "geometry": {"type": "Polygon", "coordinates": [[[-119.9262, 36.8492], [-119.9054, 36.8614], [-119.8865, 36.8656], [-119.843, 36.8512], [-119.8362, 36.8554], [-119.8161, 36.8817], [-119.7973, 36.8883], [-119.7362, 36.8883], [-119.7126, 36.8818], [-119.7005, 36.8584], [-119.6765, 36.8279], [-119.6696, 36.8052], [-119.6793, 36.7796], [-119.6958, 36.7673], [-119.7004, 36.7597], [-119.7018, 36.7427], [-119.6951, 36.7297], [-119.7003, 36.7225], [-119.7013, 36.7022], [-119.7126, 36.7007], [-119.7204, 36.6955], [-119.7349, 36.6573], [-119.7585, 36.6549], [-119.7872, 36.6733], [-119.8187, 36.6817], [-119.8394, 36.7023], [-119.86, 36.7124], [-119.8614, 36.7351], [-119.8833, 36.7576], [-119.905, 36.7686], [-119.905, 36.7891], [-119.9242, 36.8089], [-119.9305, 36.8246], [-119.9262, 36.8492]]]}}, {"type": "Feature", "properties": {}, "geometry": {"type": "Polygon", "coordinates": [[[-108.2484, 36.7527], [-108.2406, 36.7648], [-108.215, 36.7845], [-108.2083, 36.7942], [-108.1855, 36.7973], [-108.1062, 36.7921], [-108.1076, 36.7665], [-108.1215, 36.7468], [-108.1432, 36.7322], [-108.189, 36.7155], [-108.2118, 36.7132], [-108.2335, 36.7192], [-108.2545, 36.736], [-108.2484, 36.7527]]]}}, {"type": "Feature", "properties": {}, "geometry": {"type": "Polygon", "coordinates": [[[-108.01, 36.7137], [-107.9922, 36.7385], [-107.959, 36.7524], [-107.9242, 36.756], [-107.8954, 36.7486], [-107.8995, 36.7319], [-107.9112, 36.7269], [-107.9424, 36.7228], [-107.9773, 36.7065], [-107.9946, 36.7038], [-108.01, 36.7137]]]}}, {"type": "Feature", "properties": {}, "geometry": {"type": "Polygon", "coordinates": [[[-121.7493, 36.6922], [-121.7466, 36.7029], [-121.7379, 36.7127], [-121.7176, 36.7253], [-121.7101, 36.7362], [-121.7032, 36.7383], [-121.6573, 36.7378], [-121.6489, 36.7278], [-121.6322, 36.7249], [-121.6181, 36.718], [-121.6098, 36.7025], [-121.6122, 36.6799], [-121.6238, 36.6643], [-121.6282, 36.6316], [-121.6349, 36.6237], [-121.6453, 36.6224], [-121.663, 36.6258], [-121.7035, 36.6454], [-121.7205, 36.6658], [-121.7265, 36.6682], [-121.73, 36.68], [-121.7493, 36.6922]]]}}, {"type": "Feature", "properties": {}, "geometry": {"type": "Polygon", "coordinates": [[[-121.9464, 36.6024], [-121.95, 36.6107], [-121.9377, 36.6392], [-121.9295, 36.638], [-121.9212, 36.6336], [-121.9205, 36.6289], [-121.9022, 36.6208], [-121.8874, 36.602], [-121.8788, 36.6026], [-121.8539, 36.6196], [-121.8379, 36.6356], [-121.8142, 36.684], [-121.8021, 36.6761], [-121.7952, 36.6642], [-121.7954, 36.6439], [-121.8214, 36.6005], [-121.8233, 36.5878], [-121.8904, 36.5709], [-121.9215, 36.5751], [-121.9464, 36.6024]]]}}, {"type": "Feature", "properties": {}, "geometry": {"type": "Polygon", "coordinates": [[[-119.6829, 36.6036], [-119.6366, 36.5941], [-119.6187, 36.583], [-119.6124, 36.558], [-119.6363, 36.548], [-119.6575, 36.5566], [-119.6747, 36.5771], [-119.6829, 36.6036]]]}}, {"type": "Feature", "properties": {}, "geometry": {"type": "Polygon", "coordinates": [[[-121.4277, 36.4666], [-121.434, 36.4936], [-121.3903, 36.5043], [-121.4028, 36.4603], [-121.4277, 36.4666]]]}}, {"type": "Feature", "properties": {}, "geometry": {"type": "Polygon", "coordinates": [[[-119.6908, 36.3466], [-119.6814, 36.3605], [-119.646, 36.3596], [-119.645, 36.3359], [-119.6484, 36.3168], [-119.6596, 36.3035], [-119.6829, 36.3022], [-119.691, 36.3153], [-119.6937, 36.3299], [-119.6908, 36.3466]]]}}, {"type": "Feature", "properties": {}, "geometry": {"type": "Polygon", "coordinates": [[[-119.4048, 36.3486], [-119.3161, 36.3583], [-119.2865, 36.3495], [-119.2791, 36.3027], [-119.3461, 36.2866], [-119.3706, 36.29], [-119.3858, 36.299], [-119.3953, 36.3116], [-119.4048, 36.3486]]]}}, {"type": "Feature", "properties": {}, "geometry": {"type": "Polygon", "coordinates": [[[-119.3942, 36.2251], [-119.3818, 36.2381], [-119.3608, 36.2409], [-119.3428, 36.2301], [-119.3326, 36.2083], [-119.335, 36.1795], [-119.357, 36.1762], [-119.3804, 36.1828], [-119.3955, 36.1992], [-119.3942, 36.2251]]]}}, {"type": "Feature", "properties": {}, "geometry": {"type": "Polygon", "coordinates": [[[-119.6025, 36.0863], [-119.593, 36.1047], [-119.5769, 36.0962], [-119.5666, 36.0823], [-119.5573, 36.0463], [-119.5859, 36.048], [-119.6002, 36.064], [-119.6025, 36.0863]]]}}, {"type": "Feature", "properties": {}, "geometry": {"type": "Polygon", "coordinates": [[[-119.0828, 36.0794], [-119.0712, 36.1046], [-119.0415, 36.1041], [-119.0269, 36.0888], [-119.0226, 36.0648], [-119.0242, 36.0349], [-119.0533, 36.0399], [-119.0741, 36.0551], [-119.0828, 36.0794]]]}}, {"type": "Feature", "properties": {}, "geometry": {"type": "Polygon", "coordinates": [[[-106.1113, 36.0237], [-106.0964, 36.0495], [-106.0665, 36.0357], [-106.0543, 36.0249], [-106.0512, 36.0024], [-106.0784, 35.9895], [-106.1013, 36.0001], [-106.1113, 36.0237]]]}}, {"type": "Feature", "properties": {}, "geometry": {"type": "Polygon", "coordinates": [[[-114.8759, 35.9923], [-114.8736, 36.0083], [-114.8383, 36.0137], [-114.8323, 36.0191], [-114.8298, 36.0275], [-114.8179, 36.0238], [-114.8, 36.0125], [-114.7879, 35.9933], [-114.795, 35.9683], [-114.8089, 35.9672], [-114.8184, 35.9569], [-114.8351, 35.96], [-114.8759, 35.9923]]]}}, {"type": "Feature", "properties": {}, "geometry": {"type": "Polygon", "coordinates": [[[-106.3771, 35.8814], [-106.3666, 35.902], [-106.3656, 35.9268], [-106.3492, 35.9352], [-106.3249, 35.9402], [-106.2741, 35.9384], [-106.2652, 35.9281], [-106.2291, 35.9157], [-106.2242, 35.8956], [-106.2526, 35.8347], [-106.3771, 35.8814]]]}}, {"type": "Feature", "properties": {}, "geometry": {"type": "Polygon", "coordinates": [[[-119.2942, 35.7679], [-119.2884, 35.7799], [-119.276, 35.7857], [-119.2705, 35.7938], [-119.2501, 35.7825], [-119.2518, 35.7575], [-119.2682, 35.7389], [-119.2935, 35.746], [-119.2942, 35.7679]]]}}, {"type": "Feature", "properties": {}, "geometry": {"type": "Polygon", "coordinates": [[[-106.0328, 35.7031], [-106.0147, 35.7076], [-106.009, 35.7165], [-105.9933, 35.7158], [-105.985, 35.7187], [-105.9689, 35.7376], [-105.9651, 35.7495], [-105.9475, 35.7531], [-105.9272, 35.7508], [-105.9076, 35.7448], [-105.8965, 35.7386], [-105.8914, 35.7307], [-105.882, 35.6943], [-105.8842, 35.6704], [-105.8933, 35.6639], [-105.8969, 35.6458], [-105.9505, 35.635], [-105.9719, 35.6238], [-105.9906, 35.6194], [-106.0095, 35.6239], [-106.0171, 35.6354], [-106.0167, 35.6702], [-106.0303, 35.6889], [-106.0328, 35.7031]]]}}, {"type": "Feature", "properties": {}, "geometry": {"type": "Polygon", "coordinates": [[[-101.4664, 35.6713], [-101.4525, 35.7003], [-101.4304, 35.7092], [-101.3629, 35.704], [-101.3779, 35.6716], [-101.3904, 35.6618], [-101.4081, 35.6571], [-101.4251, 35.6574], [-101.4649, 35.668], [-101.4664, 35.6713]]]}}, {"type": "Feature", "properties": {}, "geometry": {"type": "Polygon", "coordinates": [[[-117.7084, 35.6376], [-117.6986, 35.6557], [-117.6797, 35.6593], [-117.6635, 35.6485], [-117.6603, 35.6251], [-117.6766, 35.6153], [-117.6851, 35.6185], [-117.7084, 35.6376]]]}}, {"type": "Feature", "properties": {}, "geometry": {"type": "Polygon", "coordinates": [[[-105.2469, 35.6101], [-105.2501, 35.6327], [-105.2419, 35.6498], [-105.2223, 35.6392], [-105.21, 35.6215], [-105.2076, 35.6], [-105.2186, 35.5795], [-105.2372, 35.5915], [-105.2469, 35.6101]]]}}, {"type": "Feature", "properties": {}, "geometry": {"type": "Polygon", "coordinates": [[[-108.7893, 35.5429], [-108.7824, 35.5573], [-108.7665, 35.5718], [-108.7651, 35.5825], [-108.7387, 35.5802], [-108.7146, 35.5642], [-108.7016, 35.541], [-108.7061, 35.514], [-108.7481, 35.5058], [-108.7644, 35.5127], [-108.7709, 35.5214], [-108.7864, 35.529], [-108.7893, 35.5429]]]}}, {"type": "Feature", "properties": {}, "geometry": {"type": "Polygon", "coordinates": [[[-119.1608, 35.3558], [-119.1574, 35.3849], [-119.1287, 35.4033], [-119.105, 35.4376], [-119.0691, 35.4392], [-119.0594, 35.4496], [-119.0418, 35.4579], [-119.0222, 35.4514], [-118.9759, 35.4134], [-118.9475, 35.3973], [-118.9323, 35.3642], [-118.9235, 35.3586], [-118.9354, 35.3408], [-118.9675, 35.3417], [-118.9926, 35.3335], [-119.0094, 35.3203], [-119.022, 35.2975], [-119.0381, 35.2796], [-119.0695, 35.2788], [-119.0831, 35.2887], [-119.1155, 35.2904], [-119.1265, 35.3112], [-119.1455, 35.3177], [-119.1608, 35.3558]]]}}, {"type": "Feature", "properties": {}, "geometry": {"type": "Polygon", "coordinates": [[[-120.711, 35.2642], [-120.7035, 35.2783], [-120.6876, 35.2927], [-120.6799, 35.3164], [-120.6501, 35.3092], [-120.636, 35.2878], [-120.6265, 35.2816], [-120.6376, 35.2608], [-120.6623, 35.2455], [-120.6885, 35.2391], [-120.7079, 35.2468], [-120.711, 35.2642]]]}}, {"type": "Feature", "properties": {}, "geometry": {"type": "Polygon", "coordinates": [[[-106.762, 35.1232], [-106.7347, 35.138], [-106.7325, 35.1597], [-106.724, 35.165], [-106.7209, 35.1827], [-106.712, 35.1893], [-106.7126, 35.2178], [-106.7058, 35.2339], [-106.7248, 35.2739], [-106.7198, 35.3054], [-106.6929, 35.2742], [-106.6809, 35.276], [-106.6643, 35.2873], [-106.6479, 35.2931], [-106.6297, 35.283], [-106.6267, 35.2765], [-106.6184, 35.2718], [-106.6049, 35.25], [-106.5696, 35.2444], [-106.5623, 35.2379], [-106.5616, 35.2223], [-106.5554, 35.2166], [-106.5269, 35.2187], [-106.5181, 35.216], [-106.5114, 35.2061], [-106.4634, 35.2046], [-106.4398, 35.1928], [-106.4412, 35.1785], [-106.4581, 35.1644], [-106.4615, 35.1551], [-106.4585, 35.1308], [-106.4393, 35.0921], [-106.4507, 35.07], [-106.46, 35.0638], [-106.4628, 35.0574], [-106.4797, 35.0551], [-106.4859, 35.0459], [-106.4991, 35.0456], [-106.5085, 35.0348], [-106.5305, 35.0451], [-106.5614, 35.0332], [-106.5761, 35.0351], [-106.5835, 35.0438], [-106.5909, 35.0442], [-106.627, 35.0255], [-106.634, 35.0146], [-106.6569, 35.0026], [-106.6646, 35.0015], [-106.6864, 35.0084], [-106.7094, 35.0239], [-106.7149, 35.032], [-106.7431, 35.0463], [-106.7545, 35.0787], [-106.7758, 35.0849], [-106.7771, 35.1109], [-106.762, 35.1232]]]}}, {"type": "Feature", "properties": {}, "geometry": {"type": "Polygon", "coordinates": [[[-114.0759, 35.2479], [-114.0579, 35.2519], [-114.0531, 35.2604], [-114.0411, 35.2628], [-114.0221, 35.2822], [-114.0078, 35.2832], [-114.0053, 35.2815], [-114.0039, 35.2461], [-113.9942, 35.2367], [-114.0141, 35.2107], [-114.0435, 35.2067], [-114.0687, 35.2205], [-114.0759, 35.2479]]]}}, {"type": "Feature", "properties": {}, "geometry": {"type": "Polygon", "coordinates": [[[-111.689, 35.2309], [-111.6752, 35.2497], [-111.6656, 35.2521], [-111.6295, 35.2506], [-111.6075, 35.2722], [-111.5788, 35.2647], [-111.5645, 35.2474], [-111.5381, 35.2448], [-111.5279, 35.2368], [-111.533, 35.2238], [-111.5635, 35.212], [-111.5823, 35.1961], [-111.6139, 35.191], [-111.6286, 35.1796], [-111.6741, 35.1682], [-111.6889, 35.1884], [-111.6934, 35.2087], [-111.689, 35.2309]]]}}, {"type": "Feature", "properties": {}, "geometry": {"type": "Polygon", "coordinates": [[[-101.9583, 35.2016], [-101.9294, 35.1981], [-101.9149, 35.2033], [-101.9082, 35.212], [-101.9035, 35.2411], [-101.8993, 35.2494], [-101.8627, 35.2486], [-101.8532, 35.261], [-101.8456, 35.259], [-101.8375, 35.2501], [-101.8195, 35.2497], [-101.8123, 35.2404], [-101.795, 35.2336], [-101.7829, 35.2224], [-101.7737, 35.2033], [-101.7738, 35.1809], [-101.822, 35.1779], [-101.8383, 35.1684], [-101.8693, 35.1407], [-101.8866, 35.1348], [-101.9059, 35.134], [-101.9106, 35.1354], [-101.9152, 35.1463], [-101.9365, 35.1524], [-101.9441, 35.1578], [-101.9475, 35.1738], [-101.9555, 35.1807], [-101.9583, 35.2016]]]}}, {"type": "Feature", "properties": {}, "geometry": {"type": "Polygon", "coordinates": [[[-107.8873, 35.1608], [-107.8682, 35.1869], [-107.8523, 35.1942], [-107.8286, 35.1931], [-107.8306, 35.1657], [-107.8463, 35.1513], [-107.8684, 35.1483], [-107.8872, 35.1573], [-107.8873, 35.1608]]]}}, {"type": "Feature", "properties": {}, "geometry": {"type": "Polygon", "coordinates": [[[-120.6545, 35.1482], [-120.6373, 35.1407], [-120.5836, 35.1335], [-120.6063, 35.1098], [-120.6229, 35.1105], [-120.6287, 35.1063], [-120.6267, 35.0739], [-120.6297, 35.07], [-120.6357, 35.1086], [-120.6449, 35.1394], [-120.6545, 35.1482]]]}}, {"type": "Feature", "properties": {}, "geometry": {"type": "Polygon", "coordinates": [[[-120.4945, 34.9566], [-120.4762, 34.9711], [-120.4739, 34.9941], [-120.4635, 34.9945], [-120.444, 35.0053], [-120.4384, 35.0051], [-120.4316, 34.9944], [-120.3949, 34.9909], [-120.382, 34.9815], [-120.3811, 34.9744], [-120.3927, 34.9635], [-120.3933, 34.9471], [-120.4149, 34.9331], [-120.4175, 34.8842], [-120.4283, 34.8682], [-120.4444, 34.8752], [-120.4748, 34.935], [-120.497, 34.9471], [-120.4945, 34.9566]]]}}, {"type": "Feature", "properties": {}, "geometry": {"type": "Polygon", "coordinates": [[[-117.0595, 34.9019], [-117.0431, 34.924], [-117.0432, 34.9533], [-117.0406, 34.961], [-117.0202, 34.9644], [-116.9866, 34.9439], [-116.9605, 34.9375], [-116.9603, 34.9228], [-116.9825, 34.902], [-116.9916, 34.8774], [-117.003, 34.8634], [-117.0189, 34.8684], [-117.0246, 34.8792], [-117.0538, 34.8846], [-117.0632, 34.8905], [-117.0595, 34.9019]]]}}, {"type": "Feature", "properties": {}, "geometry": {"type": "Polygon", "coordinates": [[[-106.7635, 34.8114], [-106.7659, 34.8254], [-106.7638, 34.8278], [-106.7095, 34.824], [-106.6953, 34.8146], [-106.701, 34.8008], [-106.7114, 34.7925], [-106.7263, 34.7887], [-106.7427, 34.7907], [-106.748, 34.7988], [-106.7604, 34.8047], [-106.7635, 34.8114]]]}}, {"type": "Feature", "properties": {}, "geometry": {"type": "Polygon", "coordinates": [[[-118.2529, 34.7043], [-118.2368, 34.7233], [-118.2095, 34.7294], [-118.1411, 34.7277], [-118.1344, 34.73], [-118.1296, 34.7387], [-118.0945, 34.7385], [-118.0844, 34.7232], [-118.0715, 34.7157], [-118.0777, 34.6934], [-118.0603, 34.6489], [-118.0589, 34.6248], [-118.0423, 34.6018], [-118.016, 34.5822], [-118.0198, 34.5703], [-118.0295, 34.5634], [-118.0822, 34.5488], [-118.0989, 34.5506], [-118.1182, 34.5572], [-118.1303, 34.568], [-118.1554, 34.5756], [-118.1967, 34.6018], [-118.1985, 34.6189], [-118.2032, 34.6241], [-118.2304, 34.6245], [-118.2324, 34.6464], [-118.2234, 34.6822], [-118.2268, 34.6888], [-118.2529, 34.7043]]]}}, {"type": "Feature", "properties": {}, "geometry": {"type": "Polygon", "coordinates": [[[-120.4918, 34.6627], [-120.4749, 34.6921], [-120.4397, 34.7055], [-120.4285, 34.6889], [-120.4265, 34.6694], [-120.4294, 34.645], [-120.4389, 34.624], [-120.4814, 34.6332], [-120.4918, 34.6627]]]}}, {"type": "Feature", "properties": {}, "geometry": {"type": "Polygon", "coordinates": [[[-112.5088, 34.6162], [-112.4476, 34.6021], [-112.428, 34.5841], [-112.4282, 34.5467], [-112.4503, 34.5356], [-112.4652, 34.5326], [-112.4865, 34.5353], [-112.5061, 34.5448], [-112.5156, 34.5627], [-112.5155, 34.5855], [-112.5088, 34.6162]]]}}, {"type": "Feature", "properties": {}, "geometry": {"type": "Polygon", "coordinates": [[[-118.6418, 34.4934], [-118.6343, 34.5144], [-118.6212, 34.5263], [-118.6191, 34.5383], [-118.6071, 34.5409], [-118.5934, 34.5595], [-118.5779, 34.5684], [-118.5602, 34.5584], [-118.5645, 34.5403], [-118.5904, 34.5292], [-118.6039, 34.5137], [-118.6037, 34.5018], [-118.5956, 34.484], [-118.5887, 34.4821], [-118.5664, 34.4922], [-118.5401, 34.4932], [-118.5158, 34.4832], [-118.4807, 34.4777], [-118.4634, 34.4619], [-118.4424, 34.461], [-118.41, 34.4666], [-118.394, 34.4605], [-118.3943, 34.4436], [-118.4029, 34.4306], [-118.433, 34.4112], [-118.4388, 34.402], [-118.4804, 34.4023], [-118.4961, 34.3885], [-118.5087, 34.3696], [-118.5233, 34.3577], [-118.5519, 34.3573], [-118.5661, 34.3679], [-118.5846, 34.3682], [-118.5912, 34.3757], [-118.6142, 34.4269], [-118.6392, 34.4593], [-118.6418, 34.4934]]]}}, {"type": "Feature", "properties": {}, "geometry": {"type": "Polygon", "coordinates": [[[-117.3951, 34.4906], [-117.3769, 34.5044], [-117.3755, 34.526], [-117.3669, 34.5317], [-117.3637, 34.5495], [-117.3519, 34.552], [-117.3366, 34.5688], [-117.3211, 34.5742], [-117.2945, 34.5719], [-117.2716, 34.5488], [-117.2804, 34.529], [-117.2647, 34.5114], [-117.2599, 34.4988], [-117.2719, 34.4788], [-117.2714, 34.4589], [-117.2867, 34.4538], [-117.2916, 34.4479], [-117.2883, 34.4372], [-117.2716, 34.4266], [-117.2784, 34.4112], [-117.2939, 34.4056], [-117.3125, 34.4073], [-117.3302, 34.4131], [-117.3437, 34.4368], [-117.3635, 34.4464], [-117.3734, 34.4664], [-117.397, 34.4799], [-117.3951, 34.4906]]]}}, {"type": "Feature", "properties": {}, "geometry": {"type": "Polygon", "coordinates": [[[-114.3661, 34.5298], [-114.3531, 34.5545], [-114.3423, 34.5611], [-114.3285, 34.561], [-114.3133, 34.5522], [-114.2953, 34.5603], [-114.2849, 34.5612], [-114.2617, 34.5497], [-114.2614, 34.5344], [-114.2683, 34.5271], [-114.2694, 34.5201], [-114.2656, 34.5141], [-114.2501, 34.5048], [-114.2454, 34.4957], [-114.2389, 34.4581], [-114.2594, 34.4589], [-114.2728, 34.485], [-114.285, 34.4897], [-114.2998, 34.4842], [-114.3202, 34.4656], [-114.3516, 34.4705], [-114.3578, 34.4813], [-114.3602, 34.5148], [-114.3661, 34.5298]]]}}, {"type": "Feature", "properties": {}, "geometry": {"type": "Polygon", "coordinates": [[[-119.8891, 34.4628], [-119.874, 34.4711], [-119.8692, 34.4833], [-119.7985, 34.4765], [-119.7851, 34.4821], [-119.781, 34.4941], [-119.7671, 34.4948], [-119.7406, 34.4877], [-119.7341, 34.4824], [-119.7336, 34.4682], [-119.73, 34.4625], [-119.7025, 34.4491], [-119.666, 34.4157], [-119.6877, 34.4109], [-119.6909, 34.4035], [-119.7079, 34.3954], [-119.716, 34.3953], [-119.7439, 34.4201], [-119.7672, 34.4321], [-119.7886, 34.437], [-119.8022, 34.4321], [-119.807, 34.4224], [-119.8151, 34.4163], [-119.832, 34.4163], [-119.841, 34.413], [-119.8444, 34.4039], [-119.8547, 34.4088], [-119.8786, 34.4066], [-119.8904, 34.4191], [-119.9006, 34.4204], [-119.9221, 34.4335], [-119.8891, 34.4628]]]}}, {"type": "Feature", "properties": {}, "geometry": {"type": "Polygon", "coordinates": [[[-103.2438, 34.438], [-103.2226, 34.4496], [-103.1998, 34.4486], [-103.1781, 34.4392], [-103.1625, 34.4259], [-103.1729, 34.4094], [-103.1881, 34.3983], [-103.2074, 34.3922], [-103.2314, 34.3905], [-103.2422, 34.4106], [-103.2438, 34.438]]]}}, {"type": "Feature", "properties": {}, "geometry": {"type": "Polygon", "coordinates": [[[-119.329, 34.3269], [-119.296, 34.338], [-119.2838, 34.3389], [-119.2269, 34.3165], [-119.1392, 34.3055], [-119.1305, 34.2934], [-119.1186, 34.2634], [-119.1021, 34.2499], [-119.0942, 34.2501], [-119.0886, 34.2544], [-119.083, 34.2716], [-119.0731, 34.2835], [-119.0407, 34.2711], [-119.0337, 34.274], [-119.0293, 34.2833], [-118.9725, 34.2833], [-118.9715, 34.2596], [-118.9942, 34.2131], [-119.0701, 34.2142], [-119.0932, 34.2102], [-119.1247, 34.185], [-119.138, 34.1586], [-119.1746, 34.1296], [-119.1937, 34.1417], [-119.2044, 34.1441], [-119.2047, 34.1495], [-119.2083, 34.1523], [-119.2171, 34.1455], [-119.2602, 34.2171], [-119.2634, 34.2266], [-119.2589, 34.2334], [-119.2639, 34.2351], [-119.2693, 34.255], [-119.2899, 34.2746], [-119.3044, 34.2724], [-119.3182, 34.2808], [-119.329, 34.3269]]]}}, {"type": "Feature", "properties": {}, "geometry": {"type": "Polygon", "coordinates": [[[-116.9413, 34.283], [-116.9237, 34.2922], [-116.8499, 34.2939], [-116.8421, 34.281], [-116.8385, 34.2652], [-116.8384, 34.225], [-116.8627, 34.2238], [-116.8772, 34.2334], [-116.9072, 34.2223], [-116.9191, 34.2242], [-116.9219, 34.2415], [-116.9308, 34.2471], [-116.9316, 34.2573], [-116.9417, 34.2722], [-116.9413, 34.283]]]}}, {"type": "Feature", "properties": {}, "geometry": {"type": "Polygon", "coordinates": [[[-111.3653, 34.2477], [-111.3471, 34.2717], [-111.3215, 34.2778], [-111.2919, 34.2723], [-111.2613, 34.2596], [-111.2694, 34.2452], [-111.2832, 34.2331], [-111.3045, 34.2242], [-111.3311, 34.2241], [-111.3653, 34.2477]]]}}, {"type": "Feature", "properties": {}, "geometry": {"type": "Polygon", "coordinates": [[[-101.7548, 34.1851], [-101.7547, 34.2053], [-101.738, 34.214], [-101.7192, 34.2133], [-101.7021, 34.2026], [-101.6961, 34.1812], [-101.7377, 34.1783], [-101.7548, 34.1851]]]}}, {"type": "Feature", "properties": {}, "geometry": {"type": "Polygon", "coordinates": [[[-109.2425, 34.1053], [-109.2144, 34.104], [-109.1987, 34.0918], [-109.189, 34.0713], [-109.1843, 34.0467], [-109.2019, 34.0457], [-109.2066, 34.0563], [-109.2073, 34.0717], [-109.2119, 34.0798], [-109.2328, 34.0828], [-109.2436, 34.0875], [-109.2425, 34.1053]]]}}, {"type": "Feature", "properties": {}, "geometry": {"type": "Polygon", "coordinates": [[[-106.9325, 34.082], [-106.9199, 34.1056], [-106.9124, 34.1043], [-106.9027, 34.0958], [-106.8642, 34.0993], [-106.8508, 34.0922], [-106.8632, 34.0684], [-106.884, 34.0787], [-106.922, 34.0736], [-106.9325, 34.082]]]}}, {"type": "Feature", "properties": {}, "geometry": {"type": "Polygon", "coordinates": [[[-117.0863, 34.0271], [-117.0796, 34.0502], [-117.0606, 34.0656], [-117.0368, 34.0694], [-117.0162, 34.0602], [-117.0228, 34.0331], [-117.0388, 34.0188], [-117.0616, 34.0166], [-117.0853, 34.024], [-117.0863, 34.0271]]]}}, {"type": "Feature", "properties": {}, "geometry": {"type": "Polygon", "coordinates": [[[-116.6311, 33.8261], [-116.6323, 33.8354], [-116.629, 33.8414], [-116.6068, 33.8662], [-116.5952, 33.8697], [-116.5592, 33.872], [-116.5515, 33.8834], [-116.5361, 33.8809], [-116.5182, 33.8676], [-116.4844, 33.8678], [-116.4621, 33.8612], [-116.4503, 33.8423], [-116.4387, 33.8382], [-116.4285, 33.8197], [-116.4053, 33.8159], [-116.3996, 33.7831], [-116.394, 33.7779], [-116.3736, 33.7835], [-116.3322, 33.7885], [-116.1613, 33.7386], [-116.1644, 33.6783], [-116.1725, 33.6577], [-116.1939, 33.6598], [-116.2061, 33.673], [-116.2165, 33.6933], [-116.2243, 33.6957], [-116.2698, 33.6903], [-116.2776, 33.6816], [-116.3074, 33.6683], [-116.3218, 33.6698], [-116.332, 33.6746], [-116.3678, 33.7022], [-116.3873, 33.7042], [-116.4273, 33.7002], [-116.4411, 33.7019], [-116.4514, 33.7211], [-116.4756, 33.7254], [-116.5171, 33.7849], [-116.5365, 33.7929], [-116.5434, 33.8015], [-116.6073, 33.8123], [-116.6311, 33.8261]]]}}, {"type": "Feature", "properties": {}, "geometry": {"type": "Polygon", "coordinates": [[[-117.264, 33.8159], [-117.2557, 33.8344], [-117.2348, 33.8423], [-117.2149, 33.8337], [-117.2048, 33.8032], [-117.2235, 33.7919], [-117.2344, 33.7933], [-117.2492, 33.8092], [-117.2631, 33.8129], [-117.264, 33.8159]]]}}, {"type": "Feature", "properties": {}, "geometry": {"type": "Polygon", "coordinates": [[[-116.9983, 33.7926], [-116.9856, 33.8165], [-116.9626, 33.8279], [-116.9505, 33.8237], [-116.937, 33.7923], [-116.9172, 33.7726], [-116.9064, 33.7666], [-116.905, 33.7473], [-116.967, 33.727], [-116.9859, 33.7132], [-117.0189, 33.7352], [-117.0267, 33.7478], [-117.0242, 33.7609], [-116.9983, 33.7926]]]}}, {"type": "Feature", "properties": {}, "geometry": {"type": "Polygon", "coordinates": [[[-112.4203, 33.6717], [-112.4139, 33.6851], [-112.3948, 33.7013], [-112.3857, 33.7167], [-112.3664, 33.7192], [-112.3402, 33.6998], [-112.3276, 33.697], [-112.3081, 33.7167], [-112.297, 33.7166], [-112.2837, 33.7079], [-112.2741, 33.7064], [-112.2574, 33.7214], [-112.2294, 33.7285], [-112.2195, 33.7388], [-112.2063, 33.7386], [-112.1881, 33.7301], [-112.1724, 33.7287], [-112.1462, 33.7383], [-112.1412, 33.7501], [-112.116, 33.7433], [-112.0807, 33.7163], [-111.9744, 33.7058], [-111.97, 33.6937], [-111.956, 33.6846], [-111.9358, 33.6909], [-111.9116, 33.7156], [-111.8963, 33.7167], [-111.8948, 33.7136], [-111.9012, 33.6996], [-111.8975, 33.686], [-111.8886, 33.6817], [-111.8508, 33.683], [-111.8479, 33.6655], [-111.8421, 33.6615], [-111.8288, 33.661], [-111.8227, 33.6525], [-111.8051, 33.6432], [-111.7723, 33.604], [-111.7917, 33.5813], [-111.8802, 33.5576], [-111.884, 33.5506], [-111.885, 33.5332], [-111.8795, 33.5114], [-111.8672, 33.494], [-111.8532, 33.4847], [-111.843, 33.4828], [-111.8278, 33.4971], [-111.8076, 33.5057], [-111.7428, 33.5021], [-111.7316, 33.506], [-111.7166, 33.5258], [-111.7066, 33.5278], [-111.6894, 33.523], [-111.6167, 33.4605], [-111.5515, 33.439], [-111.517, 33.4139], [-111.5377, 33.3924], [-111.5649, 33.3883], [-111.62, 33.3902], [-111.6475, 33.3813], [-111.6568, 33.3699], [-111.7048, 33.3573], [-111.7117, 33.3481], [-111.7377, 33.3411], [-111.7617, 33.3023], [-111.7841, 33.2999], [-111.7959, 33.2796], [-111.8074, 33.2797], [-111.8269, 33.2905], [-111.8455, 33.2825], [-111.8507, 33.2763], [-111.8502, 33.2475], [-111.8597, 33.2403], [-111.8747, 33.2129], [-111.8938, 33.2245], [-111.9, 33.2719], [-111.9112, 33.2902], [-112.0978, 33.3023], [-112.0928, 33.3328], [-112.083, 33.3553], [-112.0843, 33.369], [-112.1054, 33.3881], [-112.12, 33.3911], [-112.1266, 33.4017], [-112.1746, 33.4017], [-112.1874, 33.4226], [-112.2082, 33.4241], [-112.2148, 33.4352], [-112.2738, 33.4369], [-112.2906, 33.4418], [-112.3065, 33.4537], [-112.3187, 33.4506], [-112.3492, 33.431], [-112.3644, 33.4356], [-112.3656, 33.4587], [-112.3767, 33.4835], [-112.3761, 33.5042], [-112.3739, 33.506], [-112.3555, 33.4974], [-112.3416, 33.5003], [-112.3274, 33.5136], [-112.3241, 33.5257], [-112.3319, 33.5338], [-112.3633, 33.5239], [-112.3881, 33.5291], [-112.3958, 33.5394], [-112.3984, 33.5595], [-112.3312, 33.5654], [-112.3213, 33.5738], [-112.3212, 33.583], [-112.3427, 33.603], [-112.3516, 33.6329], [-112.3639, 33.6399], [-112.395, 33.6459], [-112.4203, 33.6717]]]}}, {"type": "Feature", "properties": {}, "geometry": {"type": "Polygon", "coordinates": [[[-117.3639, 33.7159], [-117.3424, 33.717], [-117.3266, 33.7118], [-117.3174, 33.7002], [-117.3163, 33.6802], [-117.3328, 33.672], [-117.3482, 33.6778], [-117.3597, 33.6938], [-117.3639, 33.7159]]]}}, {"type": "Feature", "properties": {}, "geometry": {"type": "Polygon", "coordinates": [[[-117.0967, 33.7054], [-117.0816, 33.7131], [-117.0541, 33.7053], [-117.029, 33.7057], [-117.027, 33.7033], [-117.0314, 33.6844], [-117.0446, 33.674], [-117.0847, 33.6684], [-117.0945, 33.6843], [-117.0967, 33.7054]]]}}, {"type": "Feature", "properties": {}, "geometry": {"type": "Polygon", "coordinates": [[[-111.7651, 33.6155], [-111.756, 33.633], [-111.736, 33.6394], [-111.7122, 33.6368], [-111.6946, 33.6264], [-111.7036, 33.6078], [-111.7251, 33.6012], [-111.7473, 33.6039], [-111.7651, 33.6155]]]}}, {"type": "Feature", "properties": {}, "geometry": {"type": "Polygon", "coordinates": [[[-117.231, 33.5704], [-117.2284, 33.5898], [-117.2142, 33.6044], [-117.2082, 33.6162], [-117.1999, 33.6174], [-117.1941, 33.6062], [-117.1817, 33.5979], [-117.1383, 33.5824], [-117.1309, 33.5724], [-117.1173, 33.5408], [-117.0942, 33.5185], [-117.0941, 33.5024], [-117.1339, 33.4884], [-117.1536, 33.4866], [-117.1747, 33.491], [-117.1875, 33.5137], [-117.1962, 33.5192], [-117.2003, 33.5388], [-117.231, 33.5704]]]}}, {"type": "Feature", "properties": {}, "geometry": {"type": "Polygon", "coordinates": [[[-101.9552, 33.5937], [-101.9193, 33.6058], [-101.8775, 33.6066], [-101.8368, 33.5986], [-101.8072, 33.5806], [-101.8096, 33.5667], [-101.8173, 33.5513], [-101.8421, 33.5238], [-101.8549, 33.5154], [-101.8845, 33.5036], [-101.8982, 33.5017], [-101.9075, 33.5131], [-101.9324, 33.5131], [-101.9431, 33.5287], [-101.9552, 33.5937]]]}}, {"type": "Feature", "properties": {}, "geometry": {"type": "Polygon", "coordinates": [[[-110.8084, 33.4267], [-110.7995, 33.4454], [-110.7733, 33.4498], [-110.7729, 33.4024], [-110.7996, 33.4065], [-110.8084, 33.4267]]]}}, {"type": "Feature", "properties": {}, "geometry": {"type": "Polygon", "coordinates": [[[-104.5549, 33.3938], [-104.5414, 33.4254], [-104.5275, 33.4442], [-104.5073, 33.4496], [-104.514, 33.4219], [-104.5087, 33.3808], [-104.5188, 33.3576], [-104.5337, 33.3578], [-104.5476, 33.3639], [-104.5552, 33.3749], [-104.5549, 33.3938]]]}}, {"type": "Feature", "properties": {}, "geometry": {"type": "Polygon", "coordinates": [[[-109.3771, 33.0513], [-109.3775, 33.066], [-109.3655, 33.0933], [-109.3462, 33.1077], [-109.3383, 33.1277], [-109.3257, 33.1267], [-109.2796, 33.0938], [-109.2733, 33.0837], [-109.2739, 33.0686], [-109.309, 33.0674], [-109.318, 33.0577], [-109.3525, 33.0563], [-109.3631, 33.0463], [-109.3771, 33.0513]]]}}, {"type": "Feature", "properties": {}, "geometry": {"type": "Polygon", "coordinates": [[[-116.2086, 33.1049], [-116.1921, 33.1132], [-116.1775, 33.1079], [-116.1654, 33.0923], [-116.1609, 33.0693], [-116.1824, 33.0682], [-116.1977, 33.0731], [-116.2075, 33.0856], [-116.2086, 33.1049]]]}}, {"type": "Feature", "properties": {}, "geometry": {"type": "Polygon", "coordinates": [[[-115.5646, 32.9815], [-115.5569, 32.9988], [-115.54, 33.0054], [-115.5209, 33.0032], [-115.5051, 32.993], [-115.5127, 32.9756], [-115.5295, 32.9689], [-115.5486, 32.971], [-115.5646, 32.9815]]]}}, {"type": "Feature", "properties": {}, "geometry": {"type": "Polygon", "coordinates": [[[-111.7736, 32.9001], [-111.7633, 32.928], [-111.7484, 32.9213], [-111.7323, 32.9022], [-111.7168, 32.8925], [-111.7368, 32.8677], [-111.7597, 32.8744], [-111.7736, 32.9001]]]}}, {"type": "Feature", "properties": {}, "geometry": {"type": "Polygon", "coordinates": [[[-115.5977, 32.8602], [-115.5618, 32.8612], [-115.5581, 32.8478], [-115.5296, 32.8327], [-115.53, 32.8016], [-115.5245, 32.7956], [-115.5161, 32.793], [-115.528, 32.769], [-115.5671, 32.7701], [-115.5895, 32.788], [-115.5988, 32.8195], [-115.5977, 32.8602]]]}}, {"type": "Feature", "properties": {}, "geometry": {"type": "Polygon", "coordinates": [[[-108.2988, 32.8159], [-108.2832, 32.824], [-108.265, 32.8209], [-108.2518, 32.8059], [-108.2512, 32.7803], [-108.2725, 32.7794], [-108.2884, 32.7847], [-108.2975, 32.7962], [-108.2988, 32.8159]]]}}, {"type": "Feature", "properties": {}, "geometry": {"type": "Polygon", "coordinates": [[[-114.6867, 32.7381], [-114.6692, 32.7475], [-114.6432, 32.7517], [-114.6134, 32.7458], [-114.5867, 32.7291], [-114.5728, 32.7288], [-114.5483, 32.7351], [-114.5386, 32.7256], [-114.5462, 32.7171], [-114.5683, 32.708], [-114.5784, 32.6767], [-114.5836, 32.6691], [-114.5931, 32.6627], [-114.6067, 32.6605], [-114.6414, 32.6687], [-114.6529, 32.6788], [-114.6729, 32.6844], [-114.6881, 32.7224], [-114.6867, 32.7381]]]}}, {"type": "Feature", "properties": {}, "geometry": {"type": "Polygon", "coordinates": [[[-103.1662, 32.7383], [-103.1446, 32.7394], [-103.1289, 32.7341], [-103.1195, 32.7222], [-103.1183, 32.7029], [-103.1342, 32.6947], [-103.1524, 32.6981], [-103.1652, 32.7127], [-103.1662, 32.7383]]]}}, {"type": "Feature", "properties": {}, "geometry": {"type": "Polygon", "coordinates": [[[-115.5979, 32.6486], [-115.5933, 32.6651], [-115.5507, 32.6735], [-115.5189, 32.7057], [-115.5033, 32.7145], [-115.4812, 32.717], [-115.4604, 32.714], [-115.4403, 32.706], [-115.4148, 32.6847], [-115.4039, 32.6848], [-115.3763, 32.6927], [-115.3615, 32.6833], [-115.359, 32.671], [-115.3413, 32.6517], [-115.3383, 32.637], [-115.3406, 32.623], [-115.3537, 32.6081], [-115.3497, 32.592], [-115.3612, 32.5802], [-115.3726, 32.5775], [-115.4028, 32.5788], [-115.4186, 32.5685], [-115.4383, 32.5781], [-115.4635, 32.5798], [-115.4737, 32.5994], [-115.4796, 32.6027], [-115.519, 32.602], [-115.5245, 32.6102], [-115.5392, 32.6169], [-115.5506, 32.6334], [-115.5633, 32.6383], [-115.5878, 32.6402], [-115.5979, 32.6486]]]}}, {"type": "Feature", "properties": {}, "geometry": {"type": "Polygon", "coordinates": [[[-116.6552, 32.5715], [-116.6524, 32.5945], [-116.6307, 32.5948], [-116.6159, 32.5899], [-116.6067, 32.5786], [-116.6048, 32.5592], [-116.6274, 32.5561], [-116.6444, 32.559], [-116.6552, 32.5715]]]}}, {"type": "Feature", "properties": {}, "geometry": {"type": "Polygon", "coordinates": [[[-114.8274, 32.4843], [-114.8127, 32.5104], [-114.8088, 32.5383], [-114.8, 32.5502], [-114.7862, 32.5101], [-114.7786, 32.5052], [-114.7586, 32.5075], [-114.7506, 32.5056], [-114.7361, 32.4773], [-114.7274, 32.4706], [-114.7419, 32.4506], [-114.7672, 32.4414], [-114.7932, 32.4428], [-114.8199, 32.4694], [-114.8274, 32.4843]]]}}, {"type": "Feature", "properties": {}, "geometry": {"type": "Polygon", "coordinates": [[[-111.0984, 32.3493], [-111.0902, 32.3645], [-111.0864, 32.3834], [-111.0561, 32.3954], [-111.0007, 32.3904], [-110.9937, 32.3984], [-110.9978, 32.4166], [-110.9911, 32.4196], [-110.9856, 32.428], [-110.9689, 32.4249], [-110.9664, 32.412], [-110.9701, 32.392], [-110.9465, 32.3735], [-110.9375, 32.3619], [-110.9221, 32.3613], [-110.8871, 32.3741], [-110.8632, 32.3725], [-110.8572, 32.3636], [-110.8397, 32.3609], [-110.8175, 32.3103], [-110.8007, 32.2857], [-110.7948, 32.2827], [-110.7735, 32.2579], [-110.7792, 32.2082], [-110.8104, 32.1708], [-110.8546, 32.1781], [-110.8836, 32.1679], [-110.91, 32.1246], [-110.9599, 32.1146], [-111.075, 32.1353], [-111.0708, 32.1574], [-111.0534, 32.1925], [-111.0541, 32.2237], [-111.064, 32.2412], [-111.0653, 32.2492], [-111.0598, 32.2755], [-111.0492, 32.2904], [-111.0478, 32.2978], [-111.0643, 32.3227], [-111.0872, 32.325], [-111.0907, 32.3411], [-111.0984, 32.3493]]]}}, {"type": "Feature", "properties": {}, "geometry": {"type": "Polygon", "coordinates": [[[-117.0768, 32.3862], [-117.0742, 32.4058], [-117.04, 32.4059], [-117.0271, 32.3811], [-117.0322, 32.3663], [-117.0442, 32.3577], [-117.0672, 32.3575], [-117.0793, 32.3831], [-117.0768, 32.3862]]]}}, {"type": "Feature", "properties": {}, "geometry": {"type": "Polygon", "coordinates": [[[-106.8446, 32.3131], [-106.8326, 32.3288], [-106.8321, 32.3496], [-106.8203, 32.3531], [-106.8088, 32.3725], [-106.7893, 32.3755], [-106.7026, 32.3544], [-106.6952, 32.349], [-106.6776, 32.3258], [-106.6726, 32.3125], [-106.675, 32.3019], [-106.6834, 32.2999], [-106.694, 32.3053], [-106.7014, 32.3036], [-106.7133, 32.2798], [-106.7231, 32.2716], [-106.7399, 32.2674], [-106.765, 32.2688], [-106.8153, 32.2857], [-106.8432, 32.3026], [-106.8446, 32.3131]]]}}, {"type": "Feature", "properties": {}, "geometry": {"type": "Polygon", "coordinates": [[[-107.8102, 32.2925], [-107.8043, 32.3072], [-107.7938, 32.3115], [-107.7783, 32.3102], [-107.7388, 32.2989], [-107.7297, 32.2894], [-107.7285, 32.2702], [-107.7526, 32.2582], [-107.7719, 32.2567], [-107.7857, 32.2643], [-107.8007, 32.2863], [-107.8102, 32.2925]]]}}, {"type": "Feature", "properties": {}, "geometry": {"type": "Polygon", "coordinates": [[[-102.1637, 32.0414], [-102.1415, 32.0724], [-102.131, 32.0671], [-102.0986, 32.0404], [-102.0674, 32.0279], [-102.0628, 32.0145], [-102.0708, 31.9941], [-102.0894, 31.9806], [-102.1425, 31.9687], [-102.1644, 32.0103], [-102.1666, 32.0262], [-102.1637, 32.0414]]]}}, {"type": "Feature", "properties": {}, "geometry": {"type": "Polygon", "coordinates": [[[-106.6215, 31.8595], [-106.6196, 31.8785], [-106.5981, 31.928], [-106.543, 31.9092], [-106.5188, 31.9063], [-106.4894, 31.916], [-106.4763, 31.9279], [-106.4594, 31.9363], [-106.4367, 31.9403], [-106.4108, 31.9348], [-106.3842, 31.9149], [-106.3891, 31.8937], [-106.4099, 31.8665], [-106.4154, 31.8534], [-106.4145, 31.8443], [-106.3993, 31.8218], [-106.3651, 31.8082], [-106.2734, 31.8049], [-106.2732, 31.7812], [-106.2815, 31.7666], [-106.2702, 31.7364], [-106.274, 31.7245], [-106.2822, 31.7199], [-106.2938, 31.7044], [-106.2852, 31.6821], [-106.2731, 31.6707], [-106.2843, 31.6477], [-106.2916, 31.6477], [-106.3074, 31.6568], [-106.331, 31.6391], [-106.3421, 31.6353], [-106.3957, 31.6374], [-106.422, 31.6463], [-106.4535, 31.6447], [-106.4657, 31.6473], [-106.4979, 31.6794], [-106.528, 31.7023], [-106.5356, 31.7201], [-106.5438, 31.7259], [-106.5422, 31.7449], [-106.537, 31.7601], [-106.5382, 31.7667], [-106.5649, 31.79], [-106.5877, 31.7915], [-106.5884, 31.8231], [-106.5947, 31.8388], [-106.6011, 31.844], [-106.6154, 31.8461], [-106.6215, 31.8595]]]}}, {"type": "Feature", "properties": {}, "geometry": {"type": "Polygon", "coordinates": [[[-116.6384, 31.9108], [-116.6005, 31.9366], [-116.5619, 31.9281], [-116.5556, 31.9158], [-116.5591, 31.8765], [-116.5485, 31.8619], [-116.581, 31.8385], [-116.6102, 31.8246], [-116.6118, 31.8429], [-116.6197, 31.8576], [-116.6716, 31.8676], [-116.6384, 31.9108]]]}}, {"type": "Feature", "properties": {}, "geometry": {"type": "Polygon", "coordinates": [[[-102.4222, 31.8602], [-102.4214, 31.8747], [-102.4018, 31.8926], [-102.3887, 31.9194], [-102.3741, 31.9317], [-102.3524, 31.9279], [-102.3493, 31.9105], [-102.3433, 31.9065], [-102.3303, 31.9057], [-102.316, 31.8865], [-102.3072, 31.8823], [-102.3098, 31.8738], [-102.3305, 31.8677], [-102.341, 31.8471], [-102.3586, 31.8445], [-102.3645, 31.8353], [-102.3838, 31.8343], [-102.3966, 31.8401], [-102.4222, 31.8602]]]}}, {"type": "Feature", "properties": {}, "geometry": {"type": "Polygon", "coordinates": [[[-110.3097, 31.5714], [-110.2845, 31.5732], [-110.2608, 31.5802], [-110.2477, 31.5765], [-110.2281, 31.5593], [-110.2471, 31.5412], [-110.2743, 31.5364], [-110.299, 31.5451], [-110.3097, 31.5714]]]}}, {"type": "Feature", "properties": {}, "geometry": {"type": "Polygon", "coordinates": [[[-115.3199, 31.4494], [-115.3052, 31.4709], [-115.2686, 31.5055], [-115.2527, 31.5278], [-115.2412, 31.5254], [-115.2384, 31.5156], [-115.24, 31.5078], [-115.2591, 31.4928], [-115.2606, 31.4706], [-115.2725, 31.4566], [-115.2845, 31.4476], [-115.2983, 31.444], [-115.3177, 31.4464], [-115.3199, 31.4494]]]}}, {"type": "Feature", "properties": {}, "geometry": {"type": "Polygon", "coordinates": [[[-110.9786, 31.3379], [-110.9746, 31.36], [-110.9531, 31.3947], [-110.9408, 31.3945], [-110.9173, 31.3831], [-110.9113, 31.3205], [-110.9153, 31.2967], [-110.9289, 31.269], [-110.9407, 31.2726], [-110.9496, 31.2806], [-110.9669, 31.3084], [-110.9759, 31.3137], [-110.9786, 31.3379]]]}}, {"type": "Feature", "properties": {}, "geometry": {"type": "Polygon", "coordinates": [[[-109.5988, 31.3151], [-109.5958, 31.3562], [-109.5766, 31.3757], [-109.548, 31.3756], [-109.5175, 31.3608], [-109.5179, 31.3459], [-109.5237, 31.3364], [-109.5537, 31.3159], [-109.5698, 31.3091], [-109.5848, 31.3074], [-109.5988, 31.3151]]]}}, {"type": "Feature", "properties": {}, "geometry": {"type": "Polygon", "coordinates": [[[-110.3542, 31.0293], [-110.3426, 31.05], [-110.3247, 31.0492], [-110.312, 31.0413], [-110.2931, 31.0107], [-110.2838, 31.0035], [-110.2911, 30.9904], [-110.3041, 30.985], [-110.3204, 30.986], [-110.3318, 30.9919], [-110.3341, 31.0035], [-110.3499, 31.0152], [-110.3542, 31.0293]]]}}, {"type": "Feature", "properties": {}, "geometry": {"type": "Polygon", "coordinates": [[[-112.1981, 30.7718], [-112.1788, 30.775], [-112.1383, 30.762], [-112.1068, 30.768], [-112.0945, 30.7596], [-112.1065, 30.7358], [-112.1249, 30.74], [-112.1329, 30.7339], [-112.1519, 30.691], [-112.1718, 30.704], [-112.1866, 30.7216], [-112.1953, 30.7422], [-112.1981, 30.7718]]]}}, {"type": "Feature", "properties": {}, "geometry": {"type": "Polygon", "coordinates": [[[-110.9764, 30.6149], [-110.9698, 30.638], [-110.9583, 30.6547], [-110.9403, 30.6668], [-110.9174, 30.6722], [-110.9356, 30.6338], [-110.9501, 30.6191], [-110.9737, 30.6133], [-110.9764, 30.6149]]]}}, {"type": "Feature", "properties": {}, "geometry": {"type": "Polygon", "coordinates": [[[-114.9646, 30.438], [-114.9551, 30.4496], [-114.9267, 30.4576], [-114.9194, 30.4725], [-114.8993, 30.4628], [-114.8994, 30.4504], [-114.9173, 30.4246], [-114.9305, 30.4258], [-114.9646, 30.438]]]}}, {"type": "Feature", "properties": {}, "geometry": {"type": "Polygon", "coordinates": [[[-104.4104, 29.5743], [-104.3913, 29.5823], [-104.3827, 29.593], [-104.3761, 29.5951], [-104.3512, 29.5821], [-104.3616, 29.5656], [-104.376, 29.5551], [-104.3962, 29.5485], [-104.42, 29.5468], [-104.4215, 29.5631], [-104.4104, 29.5743]]]}}, {"type": "Feature", "properties": {}, "geometry": {"type": "Polygon", "coordinates": [[[-113.8201, 29.2497], [-113.7949, 29.2544], [-113.7435, 29.2245], [-113.7399, 29.2136], [-113.7392, 29.1919], [-113.7562, 29.1959], [-113.7843, 29.2195], [-113.8148, 29.2297], [-113.8192, 29.2384], [-113.8201, 29.2497]]]}}, {"type": "Feature", "properties": {}, "geometry": {"type": "Polygon", "coordinates": [[[-112.3235, 29.1987], [-112.3347, 29.2207], [-112.2996, 29.2228], [-112.2899, 29.2309], [-112.2852, 29.2143], [-112.2906, 29.1957], [-112.3154, 29.1939], [-112.3235, 29.1987]]]}}, {"type": "Feature", "properties": {}, "geometry": {"type": "Polygon", "coordinates": [[[-111.0542, 29.1598], [-111.0295, 29.1677], [-111.0025, 29.1814], [-110.985, 29.1841], [-110.9632, 29.1761], [-110.9273, 29.1525], [-110.8952, 29.1504], [-110.9001, 29.0996], [-110.9056, 29.0821], [-110.917, 29.0692], [-110.9191, 29.0404], [-110.9145, 29.0257], [-110.9058, 29.0159], [-110.9116, 28.9991], [-110.9245, 29.0043], [-110.9424, 29.0235], [-110.9759, 29.0224], [-110.9872, 29.0255], [-111.0002, 29.0492], [-111.0168, 29.0617], [-111.0207, 29.0702], [-111.0206, 29.0885], [-111.0299, 29.0969], [-111.0361, 29.1128], [-111.0548, 29.1365], [-111.0542, 29.1598]]]}}, {"type": "Feature", "properties": {}, "geometry": {"type": "Polygon", "coordinates": [[[-113.4092, 28.7609], [-113.3988, 28.7828], [-113.4093, 28.8593], [-113.4073, 28.862], [-113.3801, 28.8554], [-113.3727, 28.8504], [-113.3676, 28.8448], [-113.3706, 28.8372], [-113.3638, 28.8226], [-113.372, 28.7818], [-113.3775, 28.772], [-113.3937, 28.7593], [-113.4075, 28.758], [-113.4092, 28.7609]]]}}, {"type": "Feature", "properties": {}, "geometry": {"type": "Polygon", "coordinates": [[[-106.1673, 28.6435], [-106.1718, 28.6612], [-106.1604, 28.742], [-106.1498, 28.7504], [-106.1299, 28.7508], [-106.0756, 28.7364], [-106.0626, 28.7281], [-106.0526, 28.7116], [-106.0443, 28.6839], [-106.0282, 28.6725], [-106.006, 28.6659], [-105.9989, 28.6565], [-105.9953, 28.6381], [-105.9955, 28.6039], [-106.0877, 28.587], [-106.1198, 28.5914], [-106.1249, 28.5958], [-106.1419, 28.6296], [-106.1673, 28.6435]]]}}, {"type": "Feature", "properties": {}, "geometry": {"type": "Polygon", "coordinates": [[[-100.5781, 28.6937], [-100.5795, 28.7032], [-100.5681, 28.7169], [-100.5658, 28.7396], [-100.5341, 28.74], [-100.5078, 28.7492], [-100.4923, 28.7496], [-100.4742, 28.7386], [-100.4791, 28.7014], [-100.507, 28.6824], [-100.5442, 28.68], [-100.5781, 28.6937]]]}}, {"type": "Feature", "properties": {}, "geometry": {"type": "Polygon", "coordinates": [[[-106.8988, 28.4281], [-106.8309, 28.4287], [-106.8285, 28.4267], [-106.8364, 28.399], [-106.864, 28.3901], [-106.8913, 28.399], [-106.8988, 28.4281]]]}}, {"type": "Feature", "properties": {}, "geometry": {"type": "Polygon", "coordinates": [[[-105.5198, 28.2399], [-105.4746, 28.2416], [-105.4418, 28.2248], [-105.4283, 28.1954], [-105.4405, 28.1587], [-105.4753, 28.1646], [-105.4997, 28.1801], [-105.5151, 28.2045], [-105.5216, 28.2372], [-105.5198, 28.2399]]]}}, {"type": "Feature", "properties": {}, "geometry": {"type": "Polygon", "coordinates": [[[-110.9859, 27.9843], [-110.9602, 27.9653], [-110.9408, 27.9587], [-110.9355, 27.9614], [-110.9306, 27.9731], [-110.891, 27.9803], [-110.8875, 27.9879], [-110.8864, 28.0063], [-110.8357, 28.0146], [-110.8101, 28.012], [-110.791, 27.9985], [-110.7875, 27.9886], [-110.7942, 27.9157], [-110.8491, 27.9067], [-110.8491, 27.9141], [-110.8082, 27.9278], [-110.82, 27.9503], [-110.8218, 27.9722], [-110.8271, 27.9829], [-110.8389, 27.9894], [-110.8507, 27.9891], [-110.8559, 27.9793], [-110.8566, 27.9516], [-110.8606, 27.9349], [-110.8864, 27.9044], [-110.9337, 27.9074], [-110.9522, 27.9135], [-110.9532, 27.9166], [-110.9385, 27.9204], [-110.9759, 27.9521], [-110.9982, 27.9635], [-110.9859, 27.9843]]]}}, {"type": "Feature", "properties": {}, "geometry": {"type": "Polygon", "coordinates": [[[-109.9977, 27.5088], [-109.9968, 27.5285], [-109.9912, 27.5421], [-109.9808, 27.551], [-109.968, 27.554], [-109.9649, 27.5608], [-109.9649, 27.5742], [-109.9759, 27.605], [-109.9757, 27.6285], [-109.9611, 27.6306], [-109.952, 27.6097], [-109.9455, 27.6055], [-109.9298, 27.6074], [-109.9175, 27.6172], [-109.9042, 27.6026], [-109.9094, 27.5861], [-109.926, 27.5581], [-109.9205, 27.5472], [-109.9013, 27.5294], [-109.895, 27.5165], [-109.8948, 27.4962], [-109.9179, 27.4365], [-109.9421, 27.4362], [-109.9559, 27.4463], [-109.9757, 27.4474], [-109.9775, 27.4721], [-109.9871, 27.481], [-109.9878, 27.4992], [-109.9977, 27.5088]]]}}, {"type": "Feature", "properties": {}, "geometry": {"type": "Polygon", "coordinates": [[[-103.3328, 27.3057], [-103.322, 27.3228], [-103.3068, 27.3365], [-103.2881, 27.3458], [-103.2628, 27.3502], [-103.2705, 27.3234], [-103.2893, 27.3046], [-103.3114, 27.2967], [-103.3309, 27.3025], [-103.3328, 27.3057]]]}}, {"type": "Feature", "properties": {}, "geometry": {"type": "Polygon", "coordinates": [[[-109.4887, 27.0709], [-109.4769, 27.0839], [-109.47, 27.1107], [-109.4653, 27.1169], [-109.4449, 27.1199], [-109.4251, 27.1111], [-109.4119, 27.095], [-109.406, 27.0714], [-109.4218, 27.0611], [-109.4855, 27.0583], [-109.4887, 27.0709]]]}}, {"type": "Feature", "properties": {}, "geometry": {"type": "Polygon", "coordinates": [[[-103.8212, 26.9746], [-103.8015, 26.9952], [-103.7633, 27.0064], [-103.752, 26.9902], [-103.7512, 26.9827], [-103.7661, 26.973], [-103.7677, 26.9623], [-103.7471, 26.942], [-103.7239, 26.9459], [-103.7038, 26.9406], [-103.6919, 26.9231], [-103.685, 26.8924], [-103.6981, 26.8844], [-103.7127, 26.8811], [-103.7539, 26.8806], [-103.7463, 26.9068], [-103.7506, 26.9125], [-103.7745, 26.9242], [-103.8018, 26.9059], [-103.8205, 26.9028], [-103.8272, 26.9439], [-103.8212, 26.9746]]]}}, {"type": "Feature", "properties": {}, "geometry": {"type": "Polygon", "coordinates": [[[-105.7105, 26.927], [-105.6999, 26.959], [-105.6785, 26.9669], [-105.6528, 26.9573], [-105.6289, 26.9384], [-105.6392, 26.9195], [-105.6625, 26.913], [-105.6905, 26.9158], [-105.7105, 26.927]]]}}, {"type": "Feature", "properties": {}, "geometry": {"type": "Polygon", "coordinates": [[[-101.4955, 26.8934], [-101.4957, 26.9033], [-101.4797, 26.9366], [-101.4758, 26.9623], [-101.4505, 26.9603], [-101.4223, 26.9479], [-101.3944, 26.9454], [-101.3754, 26.9401], [-101.3633, 26.9226], [-101.3517, 26.9163], [-101.3723, 26.8956], [-101.3728, 26.8651], [-101.3761, 26.8582], [-101.454, 26.8583], [-101.4597, 26.867], [-101.4773, 26.87], [-101.48, 26.8819], [-101.4955, 26.8934]]]}}, {"type": "Feature", "properties": {}, "geometry": {"type": "Polygon", "coordinates": [[[-104.1769, 26.9283], [-104.1557, 26.9283], [-104.1296, 26.8921], [-104.145, 26.8794], [-104.1624, 26.8866], [-104.1747, 26.9051], [-104.1769, 26.9283]]]}}, {"type": "Feature", "properties": {}, "geometry": {"type": "Polygon", "coordinates": [[[-103.833, 26.861], [-103.8277, 26.8683], [-103.8142, 26.8764], [-103.8062, 26.8903], [-103.7993, 26.8904], [-103.7625, 26.8718], [-103.7757, 26.8528], [-103.7882, 26.845], [-103.799, 26.8477], [-103.8061, 26.8575], [-103.8304, 26.8582], [-103.833, 26.861]]]}}, {"type": "Feature", "properties": {}, "geometry": {"type": "Polygon", "coordinates": [[[-109.0634, 25.8211], [-109.0471, 25.8434], [-109.0268, 25.8571], [-108.9968, 25.8625], [-108.9792, 25.8576], [-108.9523, 25.8419], [-108.9297, 25.8402], [-108.9258, 25.8188], [-108.9689, 25.76], [-109.0054, 25.7627], [-109.0753, 25.7918], [-109.0764, 25.7951], [-109.0634, 25.8211]]]}}, {"type": "Feature", "properties": {}, "geometry": {"type": "Polygon", "coordinates": [[[-109.0881, 25.6343], [-109.0613, 25.6516], [-109.0524, 25.6514], [-109.0269, 25.6254], [-109.041, 25.6057], [-109.0607, 25.6069], [-109.076, 25.6144], [-109.0874, 25.626], [-109.0881, 25.6343]]]}}, {"type": "Feature", "properties": {}, "geometry": {"type": "Polygon", "coordinates": [[[-108.4989, 25.5603], [-108.4951, 25.5936], [-108.4758, 25.6115], [-108.4523, 25.6232], [-108.4309, 25.6402], [-108.4133, 25.6285], [-108.4069, 25.6078], [-108.4293, 25.5588], [-108.4421, 25.5533], [-108.459, 25.5515], [-108.4989, 25.5603]]]}}, {"type": "Feature", "properties": {}, "geometry": {"type": "Polygon", "coordinates": [[[-103.5331, 25.5278], [-103.5314, 25.6402], [-103.5232, 25.6366], [-103.5136, 25.6053], [-103.4914, 25.5946], [-103.4866, 25.5884], [-103.4687, 25.5893], [-103.4526, 25.6007], [-103.4379, 25.6066], [-103.4193, 25.5958], [-103.385, 25.5663], [-103.368, 25.5583], [-103.3593, 25.5433], [-103.3513, 25.5382], [-103.3704, 25.5109], [-103.387, 25.5032], [-103.3983, 25.5023], [-103.4037, 25.4966], [-103.4035, 25.4889], [-103.3966, 25.4738], [-103.3957, 25.4603], [-103.3984, 25.4585], [-103.4147, 25.4587], [-103.429, 25.4875], [-103.4432, 25.4922], [-103.4517, 25.5021], [-103.4658, 25.5035], [-103.471, 25.5141], [-103.531, 25.5251], [-103.5331, 25.5278]]]}}, {"type": "Feature", "properties": {}, "geometry": {"type": "Polygon", "coordinates": [[[-101.0749, 25.3916], [-101.0779, 25.3941], [-101.0675, 25.4217], [-101.0653, 25.4649], [-101.0555, 25.4836], [-101.0339, 25.5069], [-101.0334, 25.5279], [-101.0114, 25.5296], [-100.9898, 25.5472], [-100.9801, 25.5605], [-100.9666, 25.5947], [-100.9635, 25.5954], [-100.9556, 25.5902], [-100.9534, 25.5817], [-100.9625, 25.5678], [-100.9629, 25.5596], [-100.9406, 25.538], [-100.9549, 25.4988], [-100.9549, 25.4919], [-100.9499, 25.4822], [-100.9328, 25.4681], [-100.9251, 25.4513], [-100.9297, 25.4263], [-100.9526, 25.4132], [-100.9581, 25.4044], [-100.9743, 25.4028], [-100.9991, 25.3845], [-101.0088, 25.3808], [-101.021, 25.3809], [-101.0477, 25.389], [-101.0651, 25.3808], [-101.0749, 25.3916]]]}}, {"type": "Feature", "properties": {}, "geometry": {"type": "Polygon", "coordinates": [[[-108.1101, 25.4832], [-108.0632, 25.4787], [-108.0648, 25.456], [-108.091, 25.4476], [-108.1101, 25.4832]]]}}, {"type": "Feature", "properties": {}, "geometry": {"type": "Polygon", "coordinates": [[[-111.6004, 24.9515], [-111.5915, 24.9577], [-111.5794, 24.9608], [-111.5752, 24.9674], [-111.5732, 24.981], [-111.578, 25.0247], [-111.5761, 25.0503], [-111.5564, 25.0463], [-111.5466, 25.0226], [-111.5458, 24.9957], [-111.5501, 24.9712], [-111.5622, 24.9661], [-111.5713, 24.9434], [-111.5812, 24.9348], [-111.5978, 24.9369], [-111.6004, 24.9515]]]}}, {"type": "Feature", "properties": {}, "geometry": {"type": "Polygon", "coordinates": [[[-111.5261, 24.9422], [-111.5119, 24.9501], [-111.4724, 24.9499], [-111.4794, 24.9294], [-111.4977, 24.9199], [-111.5174, 24.9195], [-111.5307, 24.9254], [-111.5261, 24.9422]]]}}, {"type": "Feature", "properties": {}, "geometry": {"type": "Polygon", "coordinates": [[[-107.4658, 24.7714], [-107.4418, 24.8516], [-107.4053, 24.853], [-107.3962, 24.8625], [-107.3688, 24.8516], [-107.3604, 24.8433], [-107.3449, 24.8165], [-107.3409, 24.8025], [-107.3425, 24.7867], [-107.3514, 24.7702], [-107.363, 24.767], [-107.3743, 24.7477], [-107.4074, 24.7598], [-107.4144, 24.7569], [-107.42, 24.7476], [-107.4397, 24.7545], [-107.4658, 24.7714]]]}}, {"type": "Feature", "properties": {}, "geometry": {"type": "Polygon", "coordinates": [[[-101.1672, 24.5605], [-101.1575, 24.5669], [-101.1438, 24.567], [-101.1308, 24.5626], [-101.1245, 24.5539], [-101.1127, 24.548], [-101.1073, 24.5269], [-101.1278, 24.529], [-101.1654, 24.5475], [-101.1672, 24.5605]]]}}, {"type": "Feature", "properties": {}, "geometry": {"type": "Polygon", "coordinates": [[[-110.4057, 24.1043], [-110.4069, 24.1076], [-110.3927, 24.1062], [-110.3706, 24.1135], [-110.3609, 24.1111], [-110.3504, 24.1145], [-110.3472, 24.1396], [-110.3241, 24.1573], [-110.3061, 24.1767], [-110.3008, 24.217], [-110.3038, 24.2174], [-110.2981, 24.2186], [-110.2893, 24.2019], [-110.2919, 24.1635], [-110.2762, 24.1449], [-110.2853, 24.1298], [-110.2858, 24.1085], [-110.3029, 24.0979], [-110.3259, 24.0905], [-110.3562, 24.0902], [-110.3709, 24.0842], [-110.3921, 24.0897], [-110.4057, 24.1043]]]}}, {"type": "Feature", "properties": {}, "geometry": {"type": "Polygon", "coordinates": [[[-104.7327, 24.0174], [-104.7209, 24.055], [-104.7077, 24.0729], [-104.6871, 24.0848], [-104.6656, 24.0867], [-104.654, 24.107], [-104.6167, 24.1077], [-104.5847, 24.0947], [-104.5811, 24.0715], [-104.589, 24.0538], [-104.6169, 24.0274], [-104.6298, 24.0035], [-104.6437, 24.0], [-104.6677, 24.0], [-104.7313, 24.0143], [-104.7327, 24.0174]]]}}, {"type": "Feature", "properties": {}, "geometry": {"type": "Polygon", "coordinates": [[[-121.7159, 39.1361], [-121.693, 39.1596], [-121.6613, 39.1667], [-121.5853, 39.16], [-121.5761, 39.1629], [-121.5704, 39.1711], [-121.562, 39.1659], [-121.5617, 39.1594], [-121.5793, 39.1233], [-121.5977, 39.1137], [-121.6011, 39.1016], [-121.6133, 39.0977], [-121.6247, 39.0784], [-121.6592, 39.0895], [-121.6783, 39.1153], [-121.6914, 39.1273], [-121.7159, 39.1361]]]}}, {"type": "Feature", "properties": {}, "geometry": {"type": "Polygon", "coordinates": [[[-122.8152, 38.5041], [-122.8069, 38.5132], [-122.7861, 38.5179], [-122.7356, 38.5157], [-122.7299, 38.5074], [-122.7151, 38.5007], [-122.699, 38.4815], [-122.6668, 38.4775], [-122.6565, 38.4701], [-122.6623, 38.44], [-122.6768, 38.4227], [-122.7185, 38.4033], [-122.7242, 38.3962], [-122.7244, 38.3899], [-122.7154, 38.3799], [-122.7021, 38.3823], [-122.6882, 38.3745], [-122.6903, 38.3678], [-122.6988, 38.3602], [-122.6957, 38.3291], [-122.7014, 38.3123], [-122.7158, 38.3119], [-122.7406, 38.3172], [-122.7488, 38.3237], [-122.7508, 38.335], [-122.7485, 38.3656], [-122.7942, 38.4177], [-122.8046, 38.4351], [-122.7961, 38.4842], [-122.7984, 38.4904], [-122.8147, 38.5007], [-122.8152, 38.5041]]]}}, {"type": "Feature", "properties": {}, "geometry": {"type": "Polygon", "coordinates": [[[-115.3557, 36.2047], [-115.3527, 36.2272], [-115.3291, 36.2397], [-115.3078, 36.2607], [-115.2903, 36.2633], [-115.2873, 36.2708], [-115.2882, 36.2962], [-115.2854, 36.3053], [-115.2769, 36.3035], [-115.273, 36.2873], [-115.2673, 36.2823], [-115.24, 36.283], [-115.2161, 36.2724], [-115.1948, 36.2827], [-115.1868, 36.2723], [-115.1902, 36.2626], [-115.1858, 36.2534], [-115.175, 36.2501], [-115.1513, 36.2498], [-115.1456, 36.2361], [-115.1382, 36.2338], [-115.1189, 36.2496], [-115.109, 36.249], [-115.0964, 36.2426], [-115.0884, 36.2438], [-115.0605, 36.27], [-115.0583, 36.2767], [-115.0611, 36.2833], [-115.0851, 36.2955], [-115.0869, 36.3143], [-115.0619, 36.3169], [-115.0525, 36.3112], [-115.0386, 36.293], [-115.0387, 36.2612], [-115.0312, 36.2518], [-115.0459, 36.2314], [-115.0453, 36.2205], [-115.039, 36.2166], [-115.0158, 36.2122], [-115.0051, 36.2033], [-115.0062, 36.1756], [-115.0314, 36.1494], [-115.0371, 36.1282], [-115.0358, 36.1211], [-115.0126, 36.1054], [-114.9487, 36.1051], [-114.9329, 36.0868], [-114.9171, 36.0828], [-114.9092, 36.0728], [-114.8948, 36.0716], [-114.8953, 36.0638], [-114.9117, 36.057], [-114.9167, 36.0465], [-114.9268, 36.0404], [-114.9303, 36.0038], [-114.9406, 35.9902], [-114.9608, 35.9889], [-114.9889, 36.0059], [-115.0097, 36.012], [-115.117, 35.9953], [-115.1525, 36.0016], [-115.1615, 36.0138], [-115.1749, 36.0517], [-115.1859, 36.0667], [-115.2081, 36.0682], [-115.2279, 36.0928], [-115.2384, 36.095], [-115.2852, 36.0903], [-115.2962, 36.1097], [-115.3196, 36.113], [-115.3221, 36.1191], [-115.3423, 36.1362], [-115.3352, 36.1575], [-115.3557, 36.2047]]]}}, {"type": "Feature", "properties": {}, "geometry": {"type": "Polygon", "coordinates": [[[-105.9786, 32.9228], [-105.9767, 32.9384], [-105.9686, 32.9431], [-105.965, 32.95], [-105.9448, 32.9449], [-105.9378, 32.9463], [-105.931, 32.952], [-105.92, 32.9724], [-105.9029, 32.964], [-105.8953, 32.9419], [-105.8844, 32.926], [-105.8874, 32.9171], [-105.9054, 32.9181], [-105.9386, 32.8921], [-105.9635, 32.8907], [-105.9754, 32.9106], [-105.9786, 32.9228]]]}}, {"type": "Feature", "properties": {}, "geometry": {"type": "Polygon", "coordinates": [[[-105.3423, 40.0656], [-105.3273, 40.0732], [-105.3201, 40.0825], [-105.3068, 40.0817], [-105.2897, 40.0727], [-105.2779, 40.0715], [-105.2709, 40.0742], [-105.2656, 40.0819], [-105.2568, 40.0874], [-105.2422, 40.0921], [-105.1967, 40.0934], [-105.1926, 40.0732], [-105.1717, 40.0386], [-105.1029, 40.0358], [-105.0848, 40.026], [-105.0835, 40.013], [-105.0735, 40.0015], [-105.0775, 39.9883], [-105.1027, 39.9754], [-105.1041, 39.9677], [-105.0997, 39.9611], [-105.09, 39.9596], [-105.0637, 39.9715], [-105.0526, 39.97], [-105.0377, 39.9623], [-105.0201, 39.9714], [-105.0019, 39.9719], [-104.9702, 39.9648], [-104.9552, 39.9492], [-104.9408, 39.9489], [-104.9274, 39.9389], [-104.9088, 39.9382], [-104.9005, 39.9288], [-104.8723, 39.9337], [-104.8634, 39.9269], [-104.8828, 39.8525], [-104.8815, 39.8442], [-104.8744, 39.8398], [-104.8409, 39.8377], [-104.8341, 39.8286], [-104.8226, 39.8224], [-104.8198, 39.8104], [-104.8111, 39.8044], [-104.7633, 39.8156], [-104.7558, 39.8063], [-104.7514, 39.7718], [-104.7393, 39.7469], [-104.7349, 39.7277], [-104.7403, 39.7128], [-104.7502, 39.7047], [-104.751, 39.6919], [-104.7581, 39.6814], [-104.7551, 39.671], [-104.7343, 39.638], [-104.7292, 39.613], [-104.7492, 39.6026], [-104.8026, 39.5981], [-104.8078, 39.5947], [-104.8102, 39.5875], [-104.8036, 39.5787], [-104.7736, 39.5705], [-104.7599, 39.543], [-104.7514, 39.537], [-104.7577, 39.5203], [-104.7714, 39.5132], [-104.8097, 39.5121], [-104.8188, 39.5268], [-104.8214, 39.5417], [-104.8191, 39.56], [-104.8288, 39.5674], [-104.8462, 39.5643], [-104.8743, 39.5233], [-104.8817, 39.522], [-104.8881, 39.5289], [-104.8949, 39.5306], [-104.9211, 39.5217], [-104.9426, 39.5232], [-104.9617, 39.5333], [-104.976, 39.5371], [-104.9941, 39.534], [-105.0024, 39.5235], [-105.0237, 39.5264], [-105.0339, 39.5309], [-105.0675, 39.5569], [-105.1304, 39.5707], [-105.1475, 39.5873], [-105.1599, 39.6248], [-105.1765, 39.6325], [-105.1833, 39.662], [-105.2303, 39.7301], [-105.2763, 39.7562], [-105.2875, 39.7697], [-105.2491, 39.7729], [-105.2342, 39.7781], [-105.223, 39.7895], [-105.1969, 39.846], [-105.1838, 39.8566], [-105.1581, 39.8631], [-105.1505, 39.8677], [-105.1483, 39.8746], [-105.1585, 39.9213], [-105.1679, 39.936], [-105.1881, 39.9462], [-105.1898, 39.9683], [-105.2106, 39.9858], [-105.2233, 39.9864], [-105.2485, 39.9706], [-105.2642, 39.9675], [-105.27, 39.9753], [-105.2933, 39.9884], [-105.3159, 39.9993], [-105.3539, 40.012], [-105.3493, 40.0516], [-105.3423, 40.0656]]]}}, {"type": "Feature", "properties": {}, "geometry": {"type": "Polygon", "coordinates": [[[-121.615, 38.5564], [-121.6026, 38.6212], [-121.5937, 38.6368], [-121.587, 38.6399], [-121.5815, 38.6489], [-121.57, 38.6504], [-121.5582, 38.6625], [-121.5347, 38.6724], [-121.5248, 38.6824], [-121.5046, 38.6789], [-121.4711, 38.6617], [-121.4486, 38.6611], [-121.4318, 38.6774], [-121.4213, 38.7084], [-121.4062, 38.7337], [-121.3806, 38.7397], [-121.3784, 38.7469], [-121.3853, 38.769], [-121.3818, 38.782], [-121.3161, 38.804], [-121.2859, 38.8224], [-121.2691, 38.8244], [-121.247, 38.8157], [-121.239, 38.8059], [-121.2135, 38.7935], [-121.2121, 38.7908], [-121.2252, 38.7587], [-121.2152, 38.7316], [-121.209, 38.7265], [-121.1878, 38.7285], [-121.1794, 38.7262], [-121.1791, 38.7068], [-121.1757, 38.701], [-121.1575, 38.6832], [-121.1401, 38.6833], [-121.1343, 38.6806], [-121.132, 38.6709], [-121.135, 38.6344], [-121.1535, 38.628], [-121.2006, 38.623], [-121.2172, 38.6155], [-121.2224, 38.6093], [-121.2238, 38.6011], [-121.2566, 38.5902], [-121.2967, 38.5603], [-121.3018, 38.5454], [-121.3187, 38.5432], [-121.3248, 38.534], [-121.3463, 38.5327], [-121.3597, 38.5137], [-121.3733, 38.5025], [-121.3854, 38.4978], [-121.3872, 38.4899], [-121.3676, 38.3922], [-121.3804, 38.3819], [-121.3932, 38.3819], [-121.4599, 38.3972], [-121.4723, 38.3965], [-121.4804, 38.3895], [-121.4989, 38.3983], [-121.5, 38.4112], [-121.4847, 38.4347], [-121.4894, 38.4494], [-121.5029, 38.4545], [-121.5375, 38.4564], [-121.5699, 38.4666], [-121.5932, 38.479], [-121.5916, 38.4981], [-121.5762, 38.5166], [-121.5746, 38.5241], [-121.5789, 38.5305], [-121.5929, 38.5342], [-121.6044, 38.5514], [-121.615, 38.5564]]]}}, {"type": "Feature", "properties": {}, "geometry": {"type": "Polygon", "coordinates": [[[-114.6839, 35.1679], [-114.665, 35.1826], [-114.6583, 35.209], [-114.6527, 35.2163], [-114.6194, 35.2176], [-114.6023, 35.2291], [-114.5951, 35.2274], [-114.5889, 35.2163], [-114.5555, 35.211], [-114.5386, 35.2025], [-114.5273, 35.1811], [-114.526, 35.1597], [-114.5349, 35.1496], [-114.5595, 35.1366], [-114.584, 35.0981], [-114.6065, 35.0852], [-114.6401, 35.0902], [-114.6455, 35.0945], [-114.6523, 35.1109], [-114.6704, 35.1269], [-114.6754, 35.1354], [-114.6759, 35.1503], [-114.6868, 35.1585], [-114.6839, 35.1679]]]}}, {"type": "Feature", "properties": {}, "geometry": {"type": "Polygon", "coordinates": [[[-122.7064, 49.1922], [-122.6904, 49.2035], [-122.6909, 49.2111], [-122.6983, 49.226], [-122.6965, 49.2357], [-122.6865, 49.2388], [-122.6715, 49.2378], [-122.6653, 49.2429], [-122.6649, 49.251], [-122.672, 49.2661], [-122.6624, 49.2808], [-122.6467, 49.2723], [-122.6262, 49.2376], [-122.6129, 49.2352], [-122.5908, 49.2377], [-122.5733, 49.2331], [-122.5719, 49.2105], [-122.6376, 49.2103], [-122.6449, 49.2072], [-122.6466, 49.1954], [-122.6273, 49.1755], [-122.6276, 49.155], [-122.6537, 49.1544], [-122.6903, 49.1659], [-122.7178, 49.1661], [-122.7194, 49.1784], [-122.7064, 49.1922]]]}}, {"type": "Feature", "properties": {}, "geometry": {"type": "Polygon", "coordinates": [[[-121.997, 49.1625], [-121.9839, 49.1746], [-121.9672, 49.181], [-121.9507, 49.1921], [-121.9313, 49.1761], [-121.9396, 49.1548], [-121.9649, 49.1371], [-121.9961, 49.133], [-121.997, 49.1625]]]}}, {"type": "Feature", "properties": {}, "geometry": {"type": "Polygon", "coordinates": [[[-123.0686, 49.1377], [-123.0623, 49.1587], [-123.0453, 49.1681], [-123.0252, 49.1688], [-123.0071, 49.1577], [-123.0039, 49.1346], [-123.0209, 49.1244], [-123.0388, 49.1249], [-123.0544, 49.1213], [-123.0407, 49.151], [-123.0681, 49.1356], [-123.0686, 49.1377]]]}}, {"type": "Feature", "properties": {}, "geometry": {"type": "Polygon", "coordinates": [[[-122.7408, 49.1173], [-122.7349, 49.1276], [-122.7058, 49.137], [-122.6958, 49.1475], [-122.676, 49.1457], [-122.6558, 49.1368], [-122.6415, 49.1222], [-122.6375, 49.1006], [-122.7395, 49.0993], [-122.7408, 49.1173]]]}}, {"type": "Feature", "properties": {}, "geometry": {"type": "Polygon", "coordinates": [[[-122.3969, 49.0459], [-122.3749, 49.0692], [-122.2931, 49.0686], [-122.2615, 49.0811], [-122.2454, 49.0513], [-122.2878, 49.0335], [-122.3484, 49.0308], [-122.3969, 49.0459]]]}}, {"type": "Feature", "properties": {}, "geometry": {"type": "Polygon", "coordinates": [[[-122.8411, 49.0357], [-122.8379, 49.0447], [-122.8238, 49.0576], [-122.8167, 49.07], [-122.7863, 49.0481], [-122.7798, 49.0349], [-122.7827, 49.0217], [-122.7909, 49.0155], [-122.8041, 49.0135], [-122.8176, 49.0156], [-122.8284, 49.0213], [-122.8411, 49.0357]]]}}, {"type": "Feature", "properties": {}, "geometry": {"type": "Polygon", "coordinates": [[[-122.5081, 48.7895], [-122.4898, 48.8021], [-122.4615, 48.8033], [-122.4318, 48.7828], [-122.4426, 48.7556], [-122.4761, 48.7377], [-122.4987, 48.7385], [-122.5086, 48.7557], [-122.5226, 48.7642], [-122.5081, 48.7895]]]}}, {"type": "Feature", "properties": {}, "geometry": {"type": "Polygon", "coordinates": [[[-123.4302, 48.4799], [-123.4297, 48.4914], [-123.4091, 48.5029], [-123.3697, 48.5057], [-123.3254, 48.499], [-123.3022, 48.4842], [-123.2872, 48.4683], [-123.2806, 48.4484], [-123.2871, 48.4241], [-123.3025, 48.4143], [-123.3304, 48.4048], [-123.357, 48.4006], [-123.4207, 48.4355], [-123.4188, 48.4545], [-123.4302, 48.4799]]]}}, {"type": "Feature", "properties": {}, "geometry": {"type": "Polygon", "coordinates": [[[-122.3865, 48.4481], [-122.3638, 48.4696], [-122.3577, 48.4904], [-122.3495, 48.4922], [-122.3287, 48.4864], [-122.3153, 48.4702], [-122.3142, 48.4453], [-122.3286, 48.4104], [-122.3377, 48.4091], [-122.3518, 48.4213], [-122.3802, 48.429], [-122.3858, 48.4343], [-122.3865, 48.4481]]]}}, {"type": "Feature", "properties": {}, "geometry": {"type": "Polygon", "coordinates": [[[-122.2439, 47.5992], [-122.2409, 47.6175], [-122.2162, 47.6192], [-122.2001, 47.6271], [-122.195, 47.633], [-122.198, 47.6438], [-122.2081, 47.6483], [-122.2111, 47.6621], [-122.2084, 47.7254], [-122.214, 47.7515], [-122.2069, 47.7622], [-122.1724, 47.7622], [-122.1495, 47.7011], [-122.1394, 47.6858], [-122.1258, 47.6772], [-122.1186, 47.6787], [-122.1128, 47.6848], [-122.1053, 47.6843], [-122.0937, 47.6671], [-122.0823, 47.6614], [-122.0852, 47.6496], [-122.1122, 47.6371], [-122.1157, 47.6261], [-122.1245, 47.6207], [-122.1274, 47.6142], [-122.1365, 47.6098], [-122.1385, 47.6021], [-122.1353, 47.5804], [-122.1378, 47.5707], [-122.1719, 47.5475], [-122.1908, 47.5455], [-122.1993, 47.5564], [-122.2087, 47.5802], [-122.2331, 47.5899], [-122.2439, 47.5992]]]}}, {"type": "Feature", "properties": {}, "geometry": {"type": "Polygon", "coordinates": [[[-122.5535, 47.1554], [-122.5523, 47.1681], [-122.5631, 47.1805], [-122.5595, 47.1968], [-122.5716, 47.2094], [-122.5502, 47.2423], [-122.5371, 47.2786], [-122.5372, 47.2859], [-122.4881, 47.2593], [-122.4799, 47.2591], [-122.4741, 47.2633], [-122.469, 47.2806], [-122.4485, 47.2685], [-122.4331, 47.2649], [-122.4186, 47.2695], [-122.4004, 47.2811], [-122.4276, 47.2965], [-122.4285, 47.3064], [-122.3634, 47.291], [-122.3559, 47.2946], [-122.3518, 47.3066], [-122.3448, 47.3085], [-122.3399, 47.3156], [-122.3387, 47.3317], [-122.3439, 47.3457], [-122.3285, 47.3571], [-122.3236, 47.3725], [-122.3253, 47.391], [-122.3336, 47.4041], [-122.361, 47.43], [-122.3668, 47.4422], [-122.3667, 47.4853], [-122.3702, 47.4971], [-122.3884, 47.5208], [-122.409, 47.5749], [-122.3905, 47.5937], [-122.3779, 47.5962], [-122.3458, 47.5623], [-122.34, 47.5989], [-122.3452, 47.612], [-122.3594, 47.6237], [-122.4135, 47.6417], [-122.4288, 47.6604], [-122.4252, 47.6647], [-122.4137, 47.6675], [-122.4068, 47.6833], [-122.3972, 47.6954], [-122.3691, 47.7077], [-122.3625, 47.7282], [-122.3398, 47.7351], [-122.3296, 47.7335], [-122.3373, 47.708], [-122.33, 47.6906], [-122.3137, 47.6782], [-122.271, 47.6608], [-122.2789, 47.6437], [-122.314, 47.6324], [-122.3219, 47.6224], [-122.3174, 47.6088], [-122.2933, 47.5942], [-122.2943, 47.5809], [-122.305, 47.5577], [-122.303, 47.5479], [-122.2893, 47.5258], [-122.25, 47.4897], [-122.2419, 47.4857], [-122.2264, 47.4864], [-122.1952, 47.5021], [-122.173, 47.5068], [-122.1663, 47.4961], [-122.149, 47.4835], [-122.1506, 47.4731], [-122.1694, 47.4402], [-122.1708, 47.4159], [-122.1804, 47.4067], [-122.1704, 47.3661], [-122.171, 47.3488], [-122.1782, 47.3431], [-122.2018, 47.3348], [-122.2035, 47.3259], [-122.1947, 47.3051], [-122.2047, 47.2912], [-122.2043, 47.2711], [-122.2166, 47.2664], [-122.2277, 47.2474], [-122.2514, 47.246], [-122.2632, 47.2367], [-122.2773, 47.2552], [-122.2808, 47.2914], [-122.2902, 47.2977], [-122.3061, 47.2913], [-122.3206, 47.2715], [-122.3406, 47.2632], [-122.3453, 47.2581], [-122.3439, 47.2473], [-122.3185, 47.2273], [-122.3156, 47.2119], [-122.3105, 47.2072], [-122.2535, 47.204], [-122.2377, 47.1944], [-122.2448, 47.1787], [-122.2802, 47.1592], [-122.2834, 47.1363], [-122.3067, 47.1349], [-122.3169, 47.1252], [-122.3258, 47.1288], [-122.3308, 47.1586], [-122.3519, 47.1699], [-122.3688, 47.203], [-122.3785, 47.2085], [-122.3854, 47.2049], [-122.3935, 47.1815], [-122.4146, 47.1512], [-122.4133, 47.136], [-122.405, 47.1174], [-122.4055, 47.1031], [-122.4207, 47.1051], [-122.4595, 47.0986], [-122.4737, 47.1031], [-122.4816, 47.1127], [-122.5165, 47.1113], [-122.5287, 47.114], [-122.543, 47.1386], [-122.5497, 47.1438], [-122.5535, 47.1554]]]}}, {"type": "Feature", "properties": {}, "geometry": {"type": "Polygon", "coordinates": [[[-122.696, 47.5667], [-122.6735, 47.5874], [-122.6468, 47.577], [-122.6392, 47.5771], [-122.6569, 47.5517], [-122.678, 47.5339], [-122.7004, 47.5434], [-122.696, 47.5667]]]}}, {"type": "Feature", "properties": {}, "geometry": {"type": "Polygon", "coordinates": [[[-122.6412, 47.1061], [-122.6265, 47.127], [-122.6167, 47.129], [-122.6027, 47.1079], [-122.5683, 47.1077], [-122.5506, 47.102], [-122.5486, 47.0827], [-122.5789, 47.0814], [-122.6399, 47.1029], [-122.6412, 47.1061]]]}}, {"type": "Feature", "properties": {}, "geometry": {"type": "Polygon", "coordinates": [[[-122.9191, 47.0378], [-122.9169, 47.0403], [-122.8551, 47.0402], [-122.8326, 47.0314], [-122.8266, 47.004], [-122.841, 47.0031], [-122.9099, 47.0172], [-122.9181, 47.023], [-122.9191, 47.0378]]]}}, {"type": "Feature", "properties": {}, "geometry": {"type": "Polygon", "coordinates": [[[-121.2413, 45.6142], [-121.233, 45.6418], [-121.2171, 45.6522], [-121.1598, 45.647], [-121.1676, 45.6207], [-121.1896, 45.605], [-121.2167, 45.6015], [-121.2399, 45.611], [-121.2413, 45.6142]]]}}, {"type": "Feature", "properties": {}, "geometry": {"type": "Polygon", "coordinates": [[[-123.2485, 45.2213], [-123.2259, 45.2357], [-123.2138, 45.248], [-123.1855, 45.2294], [-123.1902, 45.2045], [-123.2152, 45.1895], [-123.2477, 45.1997], [-123.2485, 45.2213]]]}}, {"type": "Feature", "properties": {}, "geometry": {"type": "Polygon", "coordinates": [[[-122.9046, 45.1577], [-122.8851, 45.1603], [-122.8697, 45.1584], [-122.8565, 45.1538], [-122.8453, 45.1451], [-122.8576, 45.1275], [-122.8677, 45.1222], [-122.8805, 45.1218], [-122.8868, 45.1303], [-122.8993, 45.1364], [-122.9046, 45.1577]]]}}, {"type": "Feature", "properties": {}, "geometry": {"type": "Polygon", "coordinates": [[[-123.1276, 44.9317], [-123.1266, 44.9361], [-123.1161, 44.944], [-123.1153, 44.9696], [-123.1074, 44.9745], [-123.1, 44.9892], [-123.0892, 44.9993], [-123.0633, 45.0138], [-123.0591, 45.0256], [-123.0371, 45.0211], [-122.9909, 45.0008], [-122.9785, 44.9911], [-122.9739, 44.9691], [-122.9735, 44.9098], [-122.9787, 44.8897], [-122.9925, 44.8803], [-123.0658, 44.8585], [-123.0751, 44.8627], [-123.0822, 44.8783], [-123.0815, 44.8999], [-123.0844, 44.9074], [-123.0918, 44.9104], [-123.1262, 44.9112], [-123.1276, 44.9317]]]}}, {"type": "Feature", "properties": {}, "geometry": {"type": "Polygon", "coordinates": [[[-123.1491, 44.6012], [-123.1478, 44.6158], [-123.1519, 44.645], [-123.1482, 44.6589], [-123.0965, 44.6674], [-123.0789, 44.6584], [-123.0725, 44.6318], [-123.0841, 44.6124], [-123.1089, 44.602], [-123.1491, 44.6012]]]}}, {"type": "Feature", "properties": {}, "geometry": {"type": "Polygon", "coordinates": [[[-123.3379, 44.5908], [-123.3164, 44.6029], [-123.2963, 44.6004], [-123.2563, 44.5793], [-123.2727, 44.5534], [-123.3018, 44.5464], [-123.3274, 44.5584], [-123.3379, 44.5908]]]}}, {"type": "Feature", "properties": {}, "geometry": {"type": "Polygon", "coordinates": [[[-123.9629, 49.1778], [-123.9614, 49.1811], [-123.9496, 49.1812], [-123.9377, 49.1555], [-123.9486, 49.1575], [-123.9629, 49.1778]]]}}, {"type": "Feature", "properties": {}, "geometry": {"type": "Polygon", "coordinates": [[[-124.0186, 49.2133], [-123.9733, 49.2089], [-123.9641, 49.2048], [-123.9587, 49.1931], [-123.9597, 49.1779], [-123.9996, 49.1799], [-124.0159, 49.1877], [-124.0186, 49.2133]]]}}, {"type": "Feature", "properties": {}, "geometry": {"type": "Polygon", "coordinates": [[[-123.2026, 49.2348], [-123.1898, 49.2639], [-123.1803, 49.2765], [-123.1431, 49.2801], [-123.1527, 49.2914], [-123.1242, 49.2959], [-123.1086, 49.2888], [-123.0904, 49.2886], [-123.0742, 49.2944], [-123.0674, 49.2875], [-123.0565, 49.2943], [-123.0394, 49.2959], [-123.021, 49.2934], [-123.0065, 49.2875], [-122.9608, 49.2819], [-122.9473, 49.288], [-122.9203, 49.2724], [-122.9126, 49.2713], [-122.887, 49.2783], [-122.8305, 49.3099], [-122.7756, 49.3152], [-122.7705, 49.3127], [-122.7649, 49.2945], [-122.7151, 49.2677], [-122.7272, 49.2476], [-122.7569, 49.2291], [-122.7562, 49.2181], [-122.7484, 49.2117], [-122.7532, 49.1982], [-122.7551, 49.1686], [-122.7606, 49.155], [-122.7682, 49.1496], [-122.7953, 49.1431], [-122.8148, 49.1268], [-122.8548, 49.1222], [-122.8665, 49.1123], [-122.8732, 49.1105], [-122.8988, 49.1123], [-122.91, 49.1163], [-122.9184, 49.1221], [-122.9263, 49.139], [-122.9335, 49.1447], [-122.9734, 49.1439], [-122.9839, 49.1632], [-123.0071, 49.1664], [-123.0202, 49.1832], [-123.03, 49.1881], [-123.0409, 49.1869], [-123.0678, 49.1708], [-123.0963, 49.1239], [-123.1234, 49.1159], [-123.1671, 49.1156], [-123.212, 49.13], [-123.212, 49.1367], [-123.2001, 49.1485], [-123.2047, 49.1898], [-123.1983, 49.2056], [-123.1798, 49.2099], [-123.157, 49.2053], [-123.1376, 49.1957], [-123.1434, 49.2075], [-123.2026, 49.2348]]]}}, {"type": "Feature", "properties": {}, "geometry": {"type": "Polygon", "coordinates": [[[-123.163, 49.347], [-123.0496, 49.3476], [-123.0357, 49.3365], [-123.0194, 49.3071], [-123.1609, 49.3332], [-123.163, 49.347]]]}}, {"type": "Feature", "properties": {}, "geometry": {"type": "Polygon", "coordinates": [[[-123.0371, 45.5476], [-122.9914, 45.5479], [-122.9735, 45.5407], [-122.9609, 45.5412], [-122.9481, 45.5488], [-122.9436, 45.5572], [-122.9214, 45.5678], [-122.9027, 45.5924], [-122.8883, 45.5883], [-122.88, 45.5691], [-122.8746, 45.5637], [-122.8669, 45.5637], [-122.8531, 45.5764], [-122.843, 45.5785], [-122.8242, 45.5701], [-122.8122, 45.5598], [-122.8021, 45.559], [-122.7965, 45.55], [-122.783, 45.5498], [-122.7779, 45.559], [-122.7841, 45.5788], [-122.8062, 45.5974], [-122.8177, 45.6175], [-122.8156, 45.6468], [-122.7981, 45.6568], [-122.7762, 45.6598], [-122.7525, 45.6569], [-122.7377, 45.6498], [-122.7242, 45.6546], [-122.7191, 45.6616], [-122.7176, 45.6745], [-122.7264, 45.714], [-122.6739, 45.7355], [-122.6586, 45.7368], [-122.6431, 45.7336], [-122.6245, 45.7162], [-122.6126, 45.7142], [-122.6037, 45.6968], [-122.5964, 45.6914], [-122.5823, 45.6895], [-122.5476, 45.6939], [-122.5239, 45.692], [-122.5139, 45.6752], [-122.5123, 45.6502], [-122.5082, 45.6447], [-122.4612, 45.621], [-122.4461, 45.5934], [-122.4238, 45.5921], [-122.3825, 45.5724], [-122.3831, 45.5216], [-122.3787, 45.5121], [-122.385, 45.5002], [-122.4081, 45.4814], [-122.4133, 45.4663], [-122.435, 45.464], [-122.4812, 45.4717], [-122.5032, 45.4655], [-122.5264, 45.4515], [-122.5311, 45.441], [-122.5231, 45.4231], [-122.5311, 45.4177], [-122.5396, 45.4001], [-122.5666, 45.3781], [-122.5675, 45.3566], [-122.5796, 45.3433], [-122.591, 45.3219], [-122.6129, 45.3197], [-122.636, 45.3248], [-122.6577, 45.3344], [-122.6705, 45.3443], [-122.6711, 45.3577], [-122.6619, 45.3732], [-122.6618, 45.3822], [-122.6808, 45.4059], [-122.6848, 45.419], [-122.6916, 45.4216], [-122.6983, 45.4195], [-122.711, 45.4067], [-122.7376, 45.3949], [-122.7407, 45.3886], [-122.7389, 45.3778], [-122.7463, 45.3553], [-122.7707, 45.3467], [-122.7772, 45.3409], [-122.7768, 45.331], [-122.7594, 45.3155], [-122.7563, 45.3019], [-122.7702, 45.2885], [-122.7986, 45.2926], [-122.8206, 45.3064], [-122.8321, 45.326], [-122.832, 45.3384], [-122.8373, 45.3433], [-122.8709, 45.3447], [-122.8725, 45.3594], [-122.8518, 45.3829], [-122.855, 45.3908], [-122.8744, 45.4089], [-122.8821, 45.4223], [-122.8838, 45.4448], [-122.8932, 45.4498], [-122.9131, 45.451], [-122.926, 45.4554], [-122.9485, 45.4881], [-122.9615, 45.4905], [-122.9896, 45.487], [-123.0034, 45.4886], [-123.0068, 45.501], [-123.0242, 45.5132], [-123.0363, 45.5279], [-123.0371, 45.5476]], [[-122.486, 45.559], [-122.4701, 45.5495], [-122.4475, 45.5487], [-122.4402, 45.5515], [-122.4372, 45.5586], [-122.4514, 45.5792], [-122.4717, 45.5857], [-122.4868, 45.5791], [-122.4886, 45.5719], [-122.486, 45.559]]]}}, {"type": "Feature", "properties": {}, "geometry": {"type": "Polygon", "coordinates": [[[-82.443, 49.4366], [-82.4232, 49.4464], [-82.405, 49.4384], [-82.3994, 49.4113], [-82.4462, 49.4105], [-82.443, 49.4366]]]}}, {"type": "Feature", "properties": {}, "geometry": {"type": "Polygon", "coordinates": [[[-72.2658, 48.8975], [-72.2543, 48.901], [-72.2499, 48.9064], [-72.2502, 48.93], [-72.2469, 48.9367], [-72.2281, 48.9392], [-72.1784, 48.9125], [-72.1916, 48.8854], [-72.2126, 48.8723], [-72.2384, 48.8708], [-72.2698, 48.8772], [-72.2733, 48.8919], [-72.2658, 48.8975]]]}}, {"type": "Feature", "properties": {}, "geometry": {"type": "Polygon", "coordinates": [[[-67.5942, 48.8236], [-67.5906, 48.8391], [-67.5468, 48.8624], [-67.5377, 48.8631], [-67.5346, 48.8569], [-67.5385, 48.8387], [-67.5516, 48.8276], [-67.5912, 48.8216], [-67.5942, 48.8236]]]}}, {"type": "Feature", "properties": {}, "geometry": {"type": "Polygon", "coordinates": [[[-71.6882, 48.5554], [-71.6744, 48.5832], [-71.6342, 48.5911], [-71.6349, 48.522], [-71.6753, 48.5288], [-71.6882, 48.5554]]]}}, {"type": "Feature", "properties": {}, "geometry": {"type": "Polygon", "coordinates": [[[-81.3691, 48.5141], [-81.3376, 48.5277], [-81.31, 48.5154], [-81.2971, 48.4873], [-81.3108, 48.4557], [-81.3362, 48.4597], [-81.3542, 48.4715], [-81.365, 48.4887], [-81.3691, 48.5141]]]}}, {"type": "Feature", "properties": {}, "geometry": {"type": "Polygon", "coordinates": [[[-68.6074, 48.4399], [-68.5616, 48.4515], [-68.5233, 48.4708], [-68.488, 48.505], [-68.4679, 48.5018], [-68.4783, 48.4567], [-68.5132, 48.4298], [-68.5593, 48.422], [-68.6036, 48.4328], [-68.6074, 48.4399]]]}}, {"type": "Feature", "properties": {}, "geometry": {"type": "Polygon", "coordinates": [[[-71.2937, 48.4352], [-71.2581, 48.4397], [-71.2558, 48.4504], [-71.2716, 48.4613], [-71.2715, 48.4789], [-71.2569, 48.4826], [-71.2399, 48.4751], [-71.2214, 48.448], [-71.2051, 48.4457], [-71.1651, 48.4501], [-71.1471, 48.4479], [-71.1427, 48.4269], [-71.1182, 48.4188], [-71.1093, 48.426], [-71.1085, 48.445], [-71.104, 48.4586], [-71.0893, 48.4656], [-71.0594, 48.4703], [-71.0472, 48.4812], [-71.0377, 48.4767], [-71.0321, 48.4549], [-71.0698, 48.4446], [-71.0314, 48.4491], [-71.012, 48.4352], [-71.0456, 48.3891], [-71.0571, 48.384], [-71.1028, 48.3745], [-71.1262, 48.3776], [-71.1329, 48.3859], [-71.1405, 48.4061], [-71.1517, 48.4114], [-71.1616, 48.4076], [-71.1696, 48.3883], [-71.1803, 48.388], [-71.2047, 48.3994], [-71.2669, 48.4015], [-71.2901, 48.4105], [-71.2937, 48.4352]]]}}, {"type": "Feature", "properties": {}, "geometry": {"type": "Polygon", "coordinates": [[[-79.0924, 48.2576], [-79.0901, 48.2738], [-79.0719, 48.278], [-79.0449, 48.2792], [-79.038, 48.2846], [-79.0352, 48.2923], [-79.0125, 48.2905], [-78.994, 48.2829], [-78.9824, 48.2691], [-78.9773, 48.2459], [-78.9999, 48.2396], [-79.0295, 48.2235], [-79.0463, 48.2218], [-79.0924, 48.2576]]]}}, {"type": "Feature", "properties": {}, "geometry": {"type": "Polygon", "coordinates": [[[-77.8591, 48.1246], [-77.8558, 48.1337], [-77.8383, 48.1469], [-77.8367, 48.1693], [-77.8188, 48.1723], [-77.812, 48.1811], [-77.7673, 48.1622], [-77.7422, 48.1307], [-77.7363, 48.1189], [-77.7332, 48.1011], [-77.7425, 48.0932], [-77.7973, 48.0887], [-77.8106, 48.0792], [-77.8186, 48.0791], [-77.8591, 48.1246]]]}}, {"type": "Feature", "properties": {}, "geometry": {"type": "Polygon", "coordinates": [[[-69.5922, 47.8111], [-69.5553, 47.8345], [-69.5502, 47.8439], [-69.5553, 47.8724], [-69.5531, 47.8776], [-69.535, 47.8807], [-69.5326, 47.87], [-69.5442, 47.854], [-69.5328, 47.823], [-69.5348, 47.8115], [-69.546, 47.8054], [-69.5617, 47.804], [-69.5922, 47.8111]]]}}, {"type": "Feature", "properties": {}, "geometry": {"type": "Polygon", "coordinates": [[[-72.8156, 47.4902], [-72.8131, 47.4924], [-72.7872, 47.4904], [-72.7727, 47.4748], [-72.7696, 47.4527], [-72.7792, 47.4332], [-72.8016, 47.4353], [-72.8121, 47.4472], [-72.8162, 47.4672], [-72.8156, 47.4902]]]}}, {"type": "Feature", "properties": {}, "geometry": {"type": "Polygon", "coordinates": [[[-68.3852, 47.4045], [-68.3812, 47.4147], [-68.3615, 47.4149], [-68.3405, 47.4229], [-68.3291, 47.423], [-68.3131, 47.4143], [-68.2903, 47.3896], [-68.3013, 47.3695], [-68.3243, 47.3574], [-68.3543, 47.355], [-68.3827, 47.3671], [-68.3852, 47.4045]]]}}, {"type": "Feature", "properties": {}, "geometry": {"type": "Polygon", "coordinates": [[[-70.0751, 47.3651], [-70.0753, 47.3699], [-70.0504, 47.4], [-70.0478, 47.4094], [-70.0411, 47.4063], [-70.035, 47.3921], [-70.0381, 47.3788], [-70.0458, 47.367], [-70.0618, 47.3576], [-70.0751, 47.3651]]]}}, {"type": "Feature", "properties": {}, "geometry": {"type": "Polygon", "coordinates": [[[-71.538, 46.8905], [-71.5325, 46.9033], [-71.5232, 46.913], [-71.4981, 46.9275], [-71.4919, 46.9369], [-71.474, 46.9333], [-71.4424, 46.9148], [-71.4209, 46.9178], [-71.4159, 46.9573], [-71.4071, 46.9621], [-71.4042, 46.9687], [-71.4021, 47.0108], [-71.3919, 47.0259], [-71.3798, 47.0192], [-71.3831, 46.9955], [-71.38, 46.9883], [-71.3567, 46.9859], [-71.3458, 46.9809], [-71.344, 46.945], [-71.311, 46.9137], [-71.3007, 46.91], [-71.2742, 46.9099], [-71.2578, 46.9036], [-71.2545, 46.8805], [-71.2416, 46.8731], [-71.2256, 46.8713], [-71.2189, 46.8764], [-71.214, 46.8876], [-71.2168, 46.8952], [-71.2269, 46.9013], [-71.2298, 46.9135], [-71.2274, 46.9302], [-71.2153, 46.9586], [-71.2015, 46.9605], [-71.1948, 46.9531], [-71.191, 46.9387], [-71.1702, 46.9168], [-71.1672, 46.8852], [-71.1612, 46.8788], [-71.191, 46.8581], [-71.2269, 46.81], [-71.2319, 46.7984], [-71.2448, 46.789], [-71.3025, 46.7589], [-71.3179, 46.7567], [-71.3417, 46.7423], [-71.3839, 46.7378], [-71.3936, 46.7465], [-71.3835, 46.7895], [-71.3936, 46.8012], [-71.3879, 46.821], [-71.3917, 46.8305], [-71.4009, 46.8325], [-71.4234, 46.8214], [-71.4369, 46.8221], [-71.4482, 46.8408], [-71.4597, 46.8447], [-71.4646, 46.853], [-71.4823, 46.8562], [-71.4937, 46.877], [-71.5056, 46.8809], [-71.527, 46.8823], [-71.538, 46.8905]]]}}, {"type": "Feature", "properties": {}, "geometry": {"type": "Polygon", "coordinates": [[[-71.3442, 46.7337], [-71.3025, 46.7452], [-71.2821, 46.7533], [-71.2437, 46.7755], [-71.2051, 46.787], [-71.1763, 46.824], [-71.1579, 46.8408], [-71.1354, 46.8314], [-71.1304, 46.818], [-71.1356, 46.805], [-71.1675, 46.7661], [-71.1677, 46.7452], [-71.1877, 46.7287], [-71.1907, 46.7222], [-71.2036, 46.7191], [-71.2489, 46.721], [-71.2656, 46.7117], [-71.2806, 46.6886], [-71.293, 46.6933], [-71.3171, 46.7233], [-71.3442, 46.7337]]]}}, {"type": "Feature", "properties": {}, "geometry": {"type": "Polygon", "coordinates": [[[-93.4662, 48.6366], [-93.4374, 48.6311], [-93.4089, 48.6313], [-93.3877, 48.6234], [-93.3754, 48.5896], [-93.4012, 48.5806], [-93.4668, 48.5885], [-93.4662, 48.6366]]]}}, {"type": "Feature", "properties": {}, "geometry": {"type": "Polygon", "coordinates": [[[-89.3904, 48.4027], [-89.3789, 48.4252], [-89.3582, 48.4251], [-89.3262, 48.4456], [-89.3122, 48.4698], [-89.2887, 48.4778], [-89.2779, 48.4851], [-89.2672, 48.5033], [-89.2504, 48.5025], [-89.2402, 48.497], [-89.2293, 48.4767], [-89.223, 48.4737], [-89.1884, 48.4827], [-89.1649, 48.4802], [-89.1659, 48.4747], [-89.1887, 48.4647], [-89.2149, 48.4419], [-89.2344, 48.4023], [-89.2356, 48.3817], [-89.2429, 48.3667], [-89.2889, 48.343], [-89.2989, 48.333], [-89.3098, 48.3333], [-89.3281, 48.3398], [-89.3417, 48.3543], [-89.39, 48.3553], [-89.3909, 48.3785], [-89.3856, 48.3923], [-89.3904, 48.4027]]]}}, {"type": "Feature", "properties": {}, "geometry": {"type": "Polygon", "coordinates": [[[-97.1452, 47.9237], [-97.1382, 47.9384], [-97.0806, 47.97], [-97.0751, 47.9696], [-97.0727, 47.9624], [-97.0654, 47.9579], [-97.0253, 47.9534], [-97.0079, 47.9462], [-97.0099, 47.9182], [-97.0292, 47.8919], [-97.0552, 47.8745], [-97.0768, 47.8773], [-97.0857, 47.8875], [-97.0989, 47.8883], [-97.1081, 47.8986], [-97.1218, 47.8997], [-97.1318, 47.9149], [-97.1452, 47.9237]]]}}, {"type": "Feature", "properties": {}, "geometry": {"type": "Polygon", "coordinates": [[[-92.6479, 47.5504], [-92.6437, 47.5814], [-92.6299, 47.582], [-92.6129, 47.5625], [-92.6052, 47.5594], [-92.5711, 47.5703], [-92.5546, 47.5701], [-92.5486, 47.5549], [-92.5199, 47.5469], [-92.5185, 47.5251], [-92.5424, 47.4892], [-92.5502, 47.4874], [-92.5607, 47.4988], [-92.5788, 47.5002], [-92.5901, 47.5322], [-92.6303, 47.539], [-92.6479, 47.5504]]]}}, {"type": "Feature", "properties": {}, "geometry": {"type": "Polygon", "coordinates": [[[-94.9554, 47.5368], [-94.9289, 47.5361], [-94.9017, 47.5402], [-94.8871, 47.5367], [-94.8877, 47.522], [-94.8827, 47.516], [-94.8752, 47.5139], [-94.8718, 47.4975], [-94.864, 47.4895], [-94.8903, 47.4623], [-94.925, 47.4638], [-94.9511, 47.4895], [-94.9554, 47.5368]]]}}, {"type": "Feature", "properties": {}, "geometry": {"type": "Polygon", "coordinates": [[[-92.99, 47.4228], [-92.9682, 47.4576], [-92.9554, 47.4702], [-92.9461, 47.468], [-92.9253, 47.4547], [-92.9168, 47.4408], [-92.9086, 47.4357], [-92.912, 47.4247], [-92.9258, 47.412], [-92.9322, 47.3996], [-92.9508, 47.4018], [-92.99, 47.4228]]]}}, {"type": "Feature", "properties": {}, "geometry": {"type": "Polygon", "coordinates": [[[-93.5786, 47.2585], [-93.5585, 47.2686], [-93.5317, 47.2699], [-93.5265, 47.2615], [-93.509, 47.2584], [-93.5079, 47.2443], [-93.4973, 47.2351], [-93.5013, 47.2202], [-93.5141, 47.2145], [-93.5687, 47.2288], [-93.5787, 47.2388], [-93.5786, 47.2585]]]}}, {"type": "Feature", "properties": {}, "geometry": {"type": "Polygon", "coordinates": [[[-96.8893, 46.8585], [-96.8812, 46.875], [-96.8317, 46.8939], [-96.8091, 46.9167], [-96.7881, 46.948], [-96.7738, 46.9453], [-96.7635, 46.9211], [-96.7482, 46.9106], [-96.7398, 46.896], [-96.7417, 46.8893], [-96.7527, 46.8834], [-96.7574, 46.8547], [-96.7635, 46.8453], [-96.794, 46.8246], [-96.8132, 46.8227], [-96.8334, 46.8335], [-96.8478, 46.8514], [-96.8557, 46.8532], [-96.8664, 46.8443], [-96.8889, 46.8556], [-96.8893, 46.8585]]]}}, {"type": "Feature", "properties": {}, "geometry": {"type": "Polygon", "coordinates": [[[-92.2336, 46.8478], [-92.2333, 46.8702], [-92.193, 46.8516], [-92.1774, 46.8592], [-92.1639, 46.8592], [-92.1549, 46.8703], [-92.1141, 46.8595], [-92.0719, 46.8577], [-92.0515, 46.8464], [-92.0422, 46.835], [-92.0918, 46.8039], [-92.1098, 46.7746], [-92.1018, 46.7589], [-92.0811, 46.7412], [-92.0504, 46.7223], [-92.0536, 46.6893], [-92.0816, 46.6881], [-92.1019, 46.6944], [-92.1332, 46.7107], [-92.1348, 46.7134], [-92.1275, 46.7314], [-92.1358, 46.7395], [-92.1436, 46.7374], [-92.1753, 46.7121], [-92.2008, 46.7223], [-92.2, 46.7453], [-92.1722, 46.7625], [-92.1691, 46.7788], [-92.1775, 46.7865], [-92.201, 46.7892], [-92.2025, 46.8116], [-92.2154, 46.8295], [-92.23, 46.8372], [-92.2336, 46.8478]]]}}, {"type": "Feature", "properties": {}, "geometry": {"type": "Polygon", "coordinates": [[[-92.4891, 46.7259], [-92.473, 46.7376], [-92.4547, 46.7328], [-92.4197, 46.7125], [-92.4364, 46.6979], [-92.4563, 46.7011], [-92.4895, 46.7223], [-92.4891, 46.7259]]]}}, {"type": "Feature", "properties": {}, "geometry": {"type": "Polygon", "coordinates": [[[-117.4, 33.2455], [-117.3531, 33.2529], [-117.3199, 33.2717], [-117.2858, 33.2959], [-117.2733, 33.2946], [-117.2675, 33.2861], [-117.2499, 33.283], [-117.2475, 33.2771], [-117.2387, 33.2719], [-117.2226, 33.2522], [-117.2159, 33.2491], [-117.1612, 33.1951], [-117.1434, 33.1934], [-117.1141, 33.2043], [-117.095, 33.2056], [-117.0903, 33.1983], [-117.0742, 33.1906], [-117.0615, 33.1775], [-117.0274, 33.1603], [-117.0406, 33.1188], [-117.0432, 33.0947], [-117.038, 33.0578], [-117.027, 33.0487], [-117.0165, 33.017], [-117.0057, 32.9987], [-117.0128, 32.9584], [-117.0323, 32.936], [-117.0983, 32.8955], [-117.1029, 32.8889], [-117.1007, 32.8753], [-117.0887, 32.8587], [-117.0618, 32.8405], [-117.0508, 32.8459], [-117.0415, 32.8719], [-117.0298, 32.8756], [-117.0182, 32.8948], [-117.0055, 32.8974], [-116.9689, 32.8952], [-116.9522, 32.9057], [-116.9285, 32.9057], [-116.9155, 32.8837], [-116.8961, 32.8781], [-116.8825, 32.8469], [-116.8829, 32.836], [-116.8937, 32.8199], [-116.8939, 32.7809], [-116.9028, 32.7755], [-116.9054, 32.7579], [-116.9129, 32.7521], [-116.9321, 32.7493], [-116.9405, 32.7448], [-116.9609, 32.7136], [-116.9695, 32.7086], [-116.9725, 32.702], [-116.9869, 32.6939], [-116.9879, 32.6825], [-116.9605, 32.6584], [-116.9658, 32.6449], [-116.9947, 32.6204], [-117.0017, 32.6069], [-116.9985, 32.599], [-116.9877, 32.5951], [-116.9645, 32.5948], [-116.9302, 32.6062], [-116.9175, 32.6058], [-116.9159, 32.6033], [-116.9197, 32.5941], [-116.9143, 32.5812], [-116.8956, 32.567], [-116.8768, 32.5716], [-116.8673, 32.579], [-116.8627, 32.5773], [-116.8594, 32.5468], [-116.8382, 32.5264], [-116.8379, 32.5081], [-116.8448, 32.4688], [-116.85, 32.4579], [-116.868, 32.4557], [-116.933, 32.4622], [-116.9588, 32.4573], [-116.9665, 32.4474], [-116.9923, 32.4455], [-116.9973, 32.4472], [-117.0027, 32.458], [-117.0313, 32.4639], [-117.0743, 32.4909], [-117.0826, 32.5019], [-117.0959, 32.5019], [-117.1142, 32.5072], [-117.124, 32.5052], [-117.1242, 32.5241], [-117.137, 32.6158], [-117.1498, 32.6463], [-117.1664, 32.6695], [-117.1884, 32.6827], [-117.224, 32.6847], [-117.2262, 32.6972], [-117.22, 32.7066], [-117.2058, 32.7134], [-117.191, 32.7137], [-117.1879, 32.7059], [-117.1681, 32.6988], [-117.1642, 32.6838], [-117.1313, 32.631], [-117.1241, 32.6068], [-117.1151, 32.6003], [-117.1034, 32.6068], [-117.1023, 32.6205], [-117.1199, 32.6526], [-117.119, 32.6706], [-117.1332, 32.6898], [-117.1463, 32.6943], [-117.1773, 32.715], [-117.1746, 32.7267], [-117.2099, 32.7253], [-117.2242, 32.7186], [-117.2378, 32.7072], [-117.2366, 32.6696], [-117.2453, 32.6746], [-117.2553, 32.6914], [-117.2575, 32.7017], [-117.2539, 32.7635], [-117.2576, 32.7842], [-117.2788, 32.8228], [-117.2836, 32.8377], [-117.2738, 32.8511], [-117.266, 32.847], [-117.2599, 32.8541], [-117.2536, 32.8851], [-117.2748, 32.9935], [-117.286, 33.0239], [-117.2981, 33.0359], [-117.3222, 33.1085], [-117.3619, 33.1659], [-117.4292, 33.2435], [-117.4, 33.2455]], [[-117.2226, 33.0966], [-117.2216, 33.0891], [-117.2048, 33.0591], [-117.2263, 33.0462], [-117.2303, 33.0314], [-117.2274, 33.0149], [-117.2161, 32.9937], [-117.2086, 32.9648], [-117.2015, 32.961], [-117.1842, 32.9615], [-117.1733, 32.9688], [-117.1632, 32.9833], [-117.1494, 32.9845], [-117.1412, 32.9944], [-117.1297, 32.9955], [-117.1237, 32.9995], [-117.1219, 33.0064], [-117.1309, 33.0262], [-117.1095, 33.0392], [-117.1044, 33.0654], [-117.1113, 33.0868], [-117.1295, 33.112], [-117.1384, 33.1181], [-117.1633, 33.1243], [-117.1697, 33.1298], [-117.1976, 33.122], [-117.2138, 33.1095], [-117.2226, 33.0966]]]}}, {"type": "Feature", "properties": {}, "geometry": {"type": "Polygon", "coordinates": [[[-118.2686, 33.7289], [-118.2709, 33.7396], [-118.2675, 33.747], [-118.255, 33.7581], [-118.2266, 33.7654], [-118.2239, 33.7561], [-118.2439, 33.7508], [-118.2363, 33.728], [-118.2501, 33.7236], [-118.2456, 33.7149], [-118.2576, 33.7166], [-118.2613, 33.725], [-118.2591, 33.7294], [-118.2443, 33.7343], [-118.249, 33.7494], [-118.2539, 33.7462], [-118.2511, 33.7363], [-118.2686, 33.7289]]]}}, {"type": "Feature", "properties": {}, "geometry": {"type": "Polygon", "coordinates": [[[-118.9747, 34.1913], [-118.9703, 34.2058], [-118.9609, 34.2136], [-118.9372, 34.2178], [-118.9316, 34.2233], [-118.9306, 34.2378], [-118.9208, 34.252], [-118.9254, 34.2902], [-118.9186, 34.3053], [-118.9048, 34.3071], [-118.8712, 34.3035], [-118.865, 34.309], [-118.8621, 34.3167], [-118.8504, 34.3148], [-118.8304, 34.306], [-118.7953, 34.3167], [-118.7838, 34.3155], [-118.7685, 34.3071], [-118.7597, 34.3064], [-118.7392, 34.3157], [-118.729, 34.3167], [-118.6533, 34.2953], [-118.6321, 34.2957], [-118.6251, 34.2987], [-118.6072, 34.3166], [-118.5429, 34.327], [-118.5261, 34.343], [-118.5194, 34.3453], [-118.5026, 34.3417], [-118.4708, 34.3275], [-118.3958, 34.3317], [-118.3826, 34.33], [-118.3671, 34.3214], [-118.3536, 34.2909], [-118.3467, 34.2857], [-118.3328, 34.2886], [-118.3099, 34.3019], [-118.2953, 34.3055], [-118.2839, 34.2982], [-118.2726, 34.3054], [-118.2279, 34.2721], [-118.2226, 34.2631], [-118.2057, 34.261], [-118.1965, 34.2515], [-118.1776, 34.2401], [-118.158, 34.2404], [-118.1232, 34.2506], [-118.1059, 34.2499], [-118.103, 34.2426], [-118.1026, 34.2165], [-118.0792, 34.2012], [-118.0715, 34.1995], [-118.0434, 34.2048], [-117.9606, 34.1725], [-117.9272, 34.1695], [-117.8247, 34.1778], [-117.7374, 34.1507], [-117.7252, 34.1534], [-117.6847, 34.1723], [-117.5971, 34.1724], [-117.541, 34.1861], [-117.5168, 34.1832], [-117.4638, 34.1661], [-117.4517, 34.1742], [-117.4401, 34.1946], [-117.1851, 34.2057], [-117.1826, 34.2031], [-117.189, 34.1833], [-117.1895, 34.169], [-117.1829, 34.1526], [-117.172, 34.14], [-117.112, 34.1399], [-117.0924, 34.1449], [-117.0734, 34.1612], [-117.0631, 34.1528], [-117.0603, 34.1376], [-117.0699, 34.1188], [-117.0828, 34.1026], [-117.0956, 34.0975], [-117.1053, 34.0689], [-117.1115, 34.0664], [-117.128, 34.0463], [-117.156, 34.0467], [-117.1725, 34.0352], [-117.1933, 34.0341], [-117.2393, 34.0457], [-117.2546, 34.0465], [-117.2735, 34.0396], [-117.2861, 34.0281], [-117.2902, 34.0158], [-117.2806, 34.0056], [-117.2288, 34.0057], [-117.2168, 33.9867], [-117.2056, 33.983], [-117.2009, 33.9717], [-117.1711, 33.9676], [-117.1609, 33.9605], [-117.1984, 33.9077], [-117.2062, 33.8795], [-117.2219, 33.8791], [-117.2541, 33.8903], [-117.2734, 33.8904], [-117.2876, 33.9057], [-117.2946, 33.9092], [-117.3133, 33.9034], [-117.3214, 33.8926], [-117.3298, 33.8907], [-117.3418, 33.8943], [-117.3562, 33.9102], [-117.3748, 33.9125], [-117.4175, 33.9016], [-117.4354, 33.9019], [-117.4503, 33.8797], [-117.5022, 33.8705], [-117.5442, 33.8351], [-117.5498, 33.8245], [-117.5662, 33.8252], [-117.5972, 33.8456], [-117.6076, 33.8463], [-117.6097, 33.8546], [-117.6153, 33.8604], [-117.6642, 33.8809], [-117.6609, 33.8913], [-117.6322, 33.9155], [-117.6304, 33.9383], [-117.609, 33.9399], [-117.5991, 33.9477], [-117.5904, 33.9774], [-117.5852, 33.9833], [-117.5767, 33.9842], [-117.5715, 33.9891], [-117.5708, 33.9963], [-117.5752, 34.002], [-117.624, 34.0118], [-117.6309, 34.0106], [-117.6353, 34.0052], [-117.6353, 33.9806], [-117.6397, 33.9684], [-117.6589, 33.976], [-117.6736, 33.9683], [-117.743, 33.9714], [-117.7626, 33.9793], [-117.7879, 33.9983], [-117.8129, 33.9873], [-117.824, 33.9786], [-117.8267, 33.9716], [-117.8246, 33.9638], [-117.7945, 33.9387], [-117.7896, 33.9295], [-117.7645, 33.9242], [-117.7364, 33.9054], [-117.717, 33.9055], [-117.7045, 33.8878], [-117.6938, 33.8822], [-117.6978, 33.8687], [-117.7238, 33.8582], [-117.7273, 33.8469], [-117.7448, 33.8379], [-117.7502, 33.8307], [-117.7505, 33.8209], [-117.7381, 33.7926], [-117.7462, 33.7864], [-117.749, 33.7791], [-117.7484, 33.7508], [-117.7433, 33.7391], [-117.7262, 33.7276], [-117.7056, 33.7277], [-117.6901, 33.7159], [-117.6281, 33.7055], [-117.6169, 33.6868], [-117.605, 33.6825], [-117.6009, 33.6718], [-117.571, 33.6676], [-117.5604, 33.66], [-117.5651, 33.6346], [-117.5817, 33.6243], [-117.6154, 33.611], [-117.6161, 33.5807], [-117.6363, 33.5603], [-117.6471, 33.538], [-117.6452, 33.5269], [-117.6397, 33.5182], [-117.6161, 33.5047], [-117.5796, 33.4342], [-117.5831, 33.3821], [-117.5963, 33.3904], [-117.6544, 33.442], [-117.7352, 33.4848], [-117.7646, 33.5165], [-117.7479, 33.5345], [-117.7444, 33.5505], [-117.7471, 33.5626], [-117.7665, 33.6017], [-117.7662, 33.6392], [-117.7718, 33.6484], [-117.804, 33.6463], [-117.808, 33.6437], [-117.8631, 33.5832], [-117.8803, 33.5929], [-117.9302, 33.6079], [-117.9785, 33.636], [-118.0905, 33.731], [-118.1526, 33.7588], [-118.1736, 33.7633], [-118.1855, 33.7575], [-118.199, 33.764], [-118.2072, 33.7638], [-118.1925, 33.7523], [-118.1866, 33.7415], [-118.1852, 33.7324], [-118.1929, 33.7317], [-118.2025, 33.7393], [-118.2027, 33.7466], [-118.2097, 33.7423], [-118.2215, 33.7709], [-118.2501, 33.7637], [-118.2546, 33.7654], [-118.2695, 33.7536], [-118.2768, 33.7566], [-118.2738, 33.7503], [-118.2781, 33.7412], [-118.3092, 33.7361], [-118.3422, 33.7434], [-118.3783, 33.7577], [-118.4041, 33.786], [-118.3918, 33.8176], [-118.3914, 33.8359], [-118.4447, 33.9494], [-118.4827, 33.999], [-118.5141, 34.0222], [-118.5441, 34.0389], [-118.5549, 34.0381], [-118.5692, 34.0712], [-118.5573, 34.0916], [-118.5381, 34.094], [-118.5234, 34.0886], [-118.5113, 34.0881], [-118.4989, 34.1023], [-118.4981, 34.1215], [-118.5064, 34.1274], [-118.5293, 34.1349], [-118.5347, 34.1449], [-118.5632, 34.1463], [-118.5865, 34.1568], [-118.5994, 34.1543], [-118.6237, 34.1405], [-118.6405, 34.1348], [-118.6558, 34.1351], [-118.6813, 34.1453], [-118.7082, 34.1373], [-118.8354, 34.1355], [-118.863, 34.1463], [-118.8833, 34.1674], [-118.8987, 34.17], [-118.9406, 34.1684], [-118.9747, 34.1913]], [[-118.8041, 34.2245], [-118.8034, 34.2193], [-118.7976, 34.2137], [-118.75, 34.1943], [-118.7335, 34.1749], [-118.7078, 34.1724], [-118.6984, 34.1787], [-118.6979, 34.1969], [-118.6801, 34.2411], [-118.683, 34.2487], [-118.6939, 34.2532], [-118.7119, 34.2531], [-118.7517, 34.2461], [-118.7747, 34.2541], [-118.7975, 34.2359], [-118.8041, 34.2245]]]}}, {"type": "Feature", "properties": {}, "geometry": {"type": "Polygon", "coordinates": [[[-122.9615, 46.1763], [-122.9359, 46.1789], [-122.9263, 46.1889], [-122.8997, 46.1913], [-122.8762, 46.1883], [-122.8545, 46.1799], [-122.8353, 46.1646], [-122.8558, 46.1264], [-122.9027, 46.1166], [-122.9476, 46.1333], [-122.9615, 46.1763]]]}}, {"type": "Feature", "properties": {}, "geometry": {"type": "Polygon", "coordinates": [[[-122.3637, 47.7707], [-122.3597, 47.791], [-122.3309, 47.8271], [-122.3252, 47.8387], [-122.3239, 47.8529], [-122.3273, 47.8753], [-122.315, 47.8969], [-122.3132, 47.907], [-122.3066, 47.9137], [-122.2807, 47.9268], [-122.2527, 47.9336], [-122.2473, 47.9437], [-122.2453, 47.9654], [-122.2286, 47.9695], [-122.2236, 47.9737], [-122.2212, 47.9833], [-122.2128, 47.9868], [-122.2073, 48.0144], [-122.1917, 48.0263], [-122.1935, 48.031], [-122.2126, 48.0378], [-122.2057, 48.0594], [-122.1961, 48.0732], [-122.1607, 48.0731], [-122.1564, 48.065], [-122.149, 48.0613], [-122.1504, 48.0523], [-122.1726, 48.0353], [-122.1816, 48.0242], [-122.1821, 48.0172], [-122.171, 47.9931], [-122.1814, 47.9818], [-122.182, 47.9602], [-122.192, 47.9508], [-122.1932, 47.9266], [-122.202, 47.9116], [-122.1985, 47.8997], [-122.1804, 47.8688], [-122.1823, 47.8483], [-122.2421, 47.847], [-122.255, 47.852], [-122.2612, 47.8472], [-122.2692, 47.8329], [-122.275, 47.8128], [-122.2715, 47.7992], [-122.2598, 47.794], [-122.2667, 47.7768], [-122.248, 47.7529], [-122.2493, 47.7367], [-122.273, 47.7361], [-122.2875, 47.7463], [-122.3069, 47.7473], [-122.3133, 47.7578], [-122.3493, 47.7614], [-122.3637, 47.7707]]]}}, {"type": "Feature", "properties": {}, "geometry": {"type": "Polygon", "coordinates": [[[-78.9144, 38.4372], [-78.8998, 38.4721], [-78.8923, 38.4818], [-78.8752, 38.4829], [-78.8582, 38.4723], [-78.848, 38.4564], [-78.844, 38.4367], [-78.8596, 38.4259], [-78.8803, 38.4229], [-78.8992, 38.426], [-78.9144, 38.4372]]]}}, {"type": "Feature", "properties": {}, "geometry": {"type": "Polygon", "coordinates": [[[-75.1007, 38.468], [-75.0904, 38.4841], [-75.0698, 38.483], [-75.051, 38.4715], [-75.0454, 38.463], [-75.0452, 38.4349], [-75.0588, 38.4319], [-75.0577, 38.4534], [-75.0686, 38.4599], [-75.085, 38.4609], [-75.0829, 38.4475], [-75.087, 38.4431], [-75.1007, 38.468]]]}}, {"type": "Feature", "properties": {}, "geometry": {"type": "Polygon", "coordinates": [[[-82.5472, 38.404], [-82.5305, 38.4198], [-82.4587, 38.4379], [-82.4353, 38.4493], [-82.3507, 38.4542], [-82.3237, 38.4605], [-82.3213, 38.4588], [-82.3213, 38.4363], [-82.3316, 38.4217], [-82.3333, 38.4013], [-82.3447, 38.3992], [-82.3695, 38.4022], [-82.3785, 38.3899], [-82.4558, 38.3849], [-82.4798, 38.3901], [-82.4856, 38.3979], [-82.4935, 38.4005], [-82.5229, 38.3898], [-82.5326, 38.4001], [-82.5461, 38.4011], [-82.5472, 38.404]]]}}, {"type": "Feature", "properties": {}, "geometry": {"type": "Polygon", "coordinates": [[[-75.6485, 38.3817], [-75.6459, 38.3978], [-75.6172, 38.4039], [-75.6124, 38.4071], [-75.6034, 38.4268], [-75.5861, 38.4368], [-75.5656, 38.4309], [-75.5535, 38.4066], [-75.5561, 38.3574], [-75.5817, 38.3472], [-75.6065, 38.3432], [-75.6266, 38.3459], [-75.6375, 38.3583], [-75.6485, 38.3817]]]}}, {"type": "Feature", "properties": {}, "geometry": {"type": "Polygon", "coordinates": [[[-85.9241, 38.1933], [-85.9163, 38.1977], [-85.9129, 38.2044], [-85.8956, 38.2069], [-85.8799, 38.2263], [-85.8707, 38.2312], [-85.8691, 38.248], [-85.8584, 38.2626], [-85.859, 38.2776], [-85.8523, 38.2882], [-85.8579, 38.3149], [-85.8478, 38.3235], [-85.8356, 38.3595], [-85.8074, 38.3622], [-85.7916, 38.3588], [-85.7838, 38.3604], [-85.7697, 38.3716], [-85.7626, 38.3932], [-85.7049, 38.3397], [-85.6868, 38.3393], [-85.6785, 38.3494], [-85.6584, 38.339], [-85.6323, 38.3443], [-85.6215, 38.3378], [-85.616, 38.3264], [-85.6, 38.3271], [-85.5958, 38.3201], [-85.5896, 38.3168], [-85.5346, 38.3286], [-85.5105, 38.3268], [-85.5045, 38.3188], [-85.4986, 38.2925], [-85.4985, 38.2785], [-85.4875, 38.2701], [-85.4915, 38.2599], [-85.5112, 38.2444], [-85.5206, 38.2248], [-85.5298, 38.2189], [-85.5325, 38.2127], [-85.5384, 38.2103], [-85.544, 38.201], [-85.5668, 38.1786], [-85.5747, 38.1605], [-85.5767, 38.135], [-85.5909, 38.1326], [-85.6109, 38.1233], [-85.6211, 38.1335], [-85.6353, 38.1328], [-85.6465, 38.1222], [-85.6482, 38.1054], [-85.6547, 38.0905], [-85.6826, 38.0764], [-85.6888, 38.0678], [-85.708, 38.0777], [-85.7051, 38.1078], [-85.7122, 38.1206], [-85.7192, 38.123], [-85.7455, 38.1121], [-85.7637, 38.1162], [-85.7851, 38.131], [-85.7977, 38.1339], [-85.8224, 38.1253], [-85.8518, 38.0999], [-85.8796, 38.0905], [-85.9162, 38.1401], [-85.9249, 38.1639], [-85.9241, 38.1933]]]}}, {"type": "Feature", "properties": {}, "geometry": {"type": "Polygon", "coordinates": [[[-77.5815, 38.2805], [-77.5681, 38.2978], [-77.5391, 38.3204], [-77.5271, 38.3356], [-77.519, 38.3626], [-77.5134, 38.3715], [-77.4848, 38.3603], [-77.4636, 38.3445], [-77.4491, 38.3245], [-77.4443, 38.3019], [-77.4505, 38.2792], [-77.4575, 38.2713], [-77.4691, 38.2656], [-77.4865, 38.2436], [-77.5068, 38.2305], [-77.5363, 38.2348], [-77.5431, 38.2435], [-77.5505, 38.2628], [-77.5815, 38.2805]]]}}, {"type": "Feature", "properties": {}, "geometry": {"type": "Polygon", "coordinates": [[[-76.4764, 38.2668], [-76.462, 38.3019], [-76.4506, 38.2931], [-76.4323, 38.294], [-76.4223, 38.3025], [-76.4273, 38.2863], [-76.4382, 38.2704], [-76.4534, 38.262], [-76.4764, 38.2668]]]}}, {"type": "Feature", "properties": {}, "geometry": {"type": "Polygon", "coordinates": [[[-84.9036, 38.1915], [-84.8921, 38.2044], [-84.8871, 38.2236], [-84.8735, 38.2302], [-84.8682, 38.2382], [-84.8515, 38.2372], [-84.8209, 38.2146], [-84.834, 38.1955], [-84.9006, 38.1789], [-84.9036, 38.1915]]]}}, {"type": "Feature", "properties": {}, "geometry": {"type": "Polygon", "coordinates": [[[-79.1143, 38.1599], [-79.1071, 38.1755], [-79.09, 38.1824], [-79.071, 38.1802], [-79.0551, 38.17], [-79.0785, 38.1345], [-79.0897, 38.1378], [-79.1143, 38.1599]]]}}, {"type": "Feature", "properties": {}, "geometry": {"type": "Polygon", "coordinates": [[[-78.545, 38.0748], [-78.5365, 38.0932], [-78.5217, 38.0968], [-78.5039, 38.1134], [-78.4868, 38.1163], [-78.4674, 38.1049], [-78.4607, 38.0897], [-78.4669, 38.0127], [-78.5284, 38.0247], [-78.5369, 38.0359], [-78.5444, 38.0589], [-78.545, 38.0748]]]}}, {"type": "Feature", "properties": {}, "geometry": {"type": "Polygon", "coordinates": [[[-84.5916, 38.0031], [-84.5806, 38.0471], [-84.5695, 38.0543], [-84.5645, 38.0848], [-84.558, 38.093], [-84.5442, 38.0965], [-84.5094, 38.0952], [-84.5011, 38.1049], [-84.467, 38.1049], [-84.4581, 38.0944], [-84.4442, 38.0936], [-84.4351, 38.0816], [-84.4216, 38.0391], [-84.4099, 38.0259], [-84.4212, 37.9909], [-84.4298, 37.9838], [-84.4638, 37.9786], [-84.4718, 37.9695], [-84.5123, 37.9537], [-84.5242, 37.9571], [-84.5316, 37.9664], [-84.5573, 37.968], [-84.5673, 37.9877], [-84.5916, 38.0031]]]}}, {"type": "Feature", "properties": {}, "geometry": {"type": "Polygon", "coordinates": [[[-78.9251, 38.0934], [-78.8898, 38.0929], [-78.8767, 38.0881], [-78.8663, 38.0803], [-78.8776, 38.0614], [-78.9013, 38.0569], [-78.9214, 38.0671], [-78.9251, 38.0934]]]}}, {"type": "Feature", "properties": {}, "geometry": {"type": "Polygon", "coordinates": [[[-87.6466, 37.9692], [-87.6474, 37.9789], [-87.6439, 37.9864], [-87.5683, 38.06], [-87.5511, 38.0679], [-87.5373, 38.0665], [-87.5237, 38.0563], [-87.5109, 38.0393], [-87.5006, 38.0332], [-87.4942, 38.0114], [-87.4832, 37.9976], [-87.4427, 37.9702], [-87.4483, 37.954], [-87.46, 37.9483], [-87.5442, 37.9343], [-87.6466, 37.9692]]]}}, {"type": "Feature", "properties": {}, "geometry": {"type": "Polygon", "coordinates": [[[-85.9771, 37.8465], [-85.9631, 37.8602], [-85.9589, 37.8699], [-85.9752, 37.9219], [-85.9681, 37.9381], [-85.9519, 37.9395], [-85.9463, 37.9275], [-85.9452, 37.9114], [-85.9318, 37.9033], [-85.9262, 37.8525], [-85.9209, 37.8357], [-85.9538, 37.8242], [-85.967, 37.8233], [-85.9728, 37.832], [-85.9798, 37.8353], [-85.9771, 37.8465]]]}}, {"type": "Feature", "properties": {}, "geometry": {"type": "Polygon", "coordinates": [[[-87.6185, 37.8529], [-87.5917, 37.8615], [-87.5681, 37.8485], [-87.5649, 37.8248], [-87.5741, 37.8206], [-87.623, 37.8123], [-87.6185, 37.8529]]]}}, {"type": "Feature", "properties": {}, "geometry": {"type": "Polygon", "coordinates": [[[-87.1734, 37.7654], [-87.1716, 37.7889], [-87.1565, 37.8382], [-87.1408, 37.8312], [-87.1247, 37.8004], [-87.1185, 37.7954], [-87.1019, 37.7977], [-87.0764, 37.8133], [-87.0541, 37.8152], [-87.0503, 37.7928], [-87.061, 37.7824], [-87.0772, 37.776], [-87.0867, 37.7682], [-87.0941, 37.7354], [-87.1057, 37.7173], [-87.1236, 37.7236], [-87.1298, 37.7346], [-87.1611, 37.7401], [-87.1684, 37.7462], [-87.1734, 37.7654]]]}}, {"type": "Feature", "properties": {}, "geometry": {"type": "Polygon", "coordinates": [[[-80.0161, 37.7883], [-80.0145, 37.8144], [-80.0121, 37.8162], [-79.9982, 37.8155], [-79.9776, 37.7951], [-79.9661, 37.7917], [-79.9757, 37.7758], [-79.9831, 37.769], [-79.9897, 37.7677], [-79.9991, 37.7777], [-80.014, 37.7794], [-80.0161, 37.7883]]]}}, {"type": "Feature", "properties": {}, "geometry": {"type": "Polygon", "coordinates": [[[-84.3416, 37.7722], [-84.3407, 37.7845], [-84.3342, 37.794], [-84.2881, 37.7824], [-84.2736, 37.7748], [-84.2658, 37.76], [-84.2678, 37.7395], [-84.2812, 37.7249], [-84.2997, 37.7192], [-84.324, 37.7236], [-84.3256, 37.738], [-84.3358, 37.7465], [-84.3416, 37.7722]]]}}, {"type": "Feature", "properties": {}, "geometry": {"type": "Polygon", "coordinates": [[[-85.9004, 37.7384], [-85.8743, 37.7325], [-85.8554, 37.7187], [-85.8469, 37.6991], [-85.8548, 37.6794], [-85.8743, 37.6868], [-85.8893, 37.6987], [-85.8991, 37.7151], [-85.9024, 37.7355], [-85.9004, 37.7384]]]}}, {"type": "Feature", "properties": {}, "geometry": {"type": "Polygon", "coordinates": [[[-77.6712, 37.5192], [-77.6524, 37.5379], [-77.6446, 37.5579], [-77.6363, 37.5664], [-77.6182, 37.5738], [-77.6144, 37.5801], [-77.6242, 37.5998], [-77.6593, 37.625], [-77.6522, 37.6418], [-77.6353, 37.6573], [-77.624, 37.6748], [-77.625, 37.7048], [-77.59, 37.7049], [-77.5739, 37.6936], [-77.5455, 37.6938], [-77.5399, 37.6862], [-77.5323, 37.683], [-77.4968, 37.6845], [-77.4736, 37.6901], [-77.4673, 37.6949], [-77.469, 37.7142], [-77.4667, 37.7249], [-77.4574, 37.7383], [-77.4221, 37.7149], [-77.4216, 37.7012], [-77.4109, 37.692], [-77.4204, 37.6724], [-77.408, 37.6575], [-77.3871, 37.6458], [-77.3613, 37.6399], [-77.322, 37.637], [-77.3135, 37.6228], [-77.3297, 37.5974], [-77.3308, 37.5903], [-77.3089, 37.5627], [-77.2988, 37.5431], [-77.3008, 37.5125], [-77.3495, 37.494], [-77.4015, 37.4906], [-77.4102, 37.4844], [-77.4101, 37.4459], [-77.3835, 37.3869], [-77.3776, 37.3475], [-77.4028, 37.3444], [-77.4133, 37.3345], [-77.4246, 37.3389], [-77.4306, 37.3472], [-77.4377, 37.3701], [-77.4482, 37.3807], [-77.4482, 37.3951], [-77.4524, 37.401], [-77.4911, 37.4011], [-77.4972, 37.4097], [-77.5011, 37.4291], [-77.5141, 37.4349], [-77.5282, 37.4538], [-77.5509, 37.4647], [-77.5768, 37.4553], [-77.5908, 37.4566], [-77.5936, 37.4781], [-77.6022, 37.4883], [-77.6129, 37.492], [-77.6474, 37.4903], [-77.6698, 37.5016], [-77.6712, 37.5192]]]}}, {"type": "Feature", "properties": {}, "geometry": {"type": "Polygon", "coordinates": [[[-79.2254, 37.3936], [-79.2062, 37.4444], [-79.1907, 37.455], [-79.1709, 37.4561], [-79.1239, 37.4432], [-79.1153, 37.4367], [-79.1108, 37.4262], [-79.1122, 37.4059], [-79.1234, 37.3959], [-79.1492, 37.3826], [-79.1542, 37.3768], [-79.1561, 37.3679], [-79.1731, 37.354], [-79.1864, 37.3477], [-79.2033, 37.3468], [-79.2073, 37.3575], [-79.2249, 37.3726], [-79.2254, 37.3936]]]}}, {"type": "Feature", "properties": {}, "geometry": {"type": "Polygon", "coordinates": [[[-87.5424, 37.3546], [-87.5403, 37.3617], [-87.5167, 37.371], [-87.5127, 37.3824], [-87.4918, 37.3821], [-87.4774, 37.3598], [-87.4751, 37.3316], [-87.4886, 37.3122], [-87.5154, 37.2995], [-87.5275, 37.3026], [-87.5355, 37.325], [-87.5355, 37.3455], [-87.5424, 37.3546]]]}}, {"type": "Feature", "properties": {}, "geometry": {"type": "Polygon", "coordinates": [[[-77.4493, 37.2309], [-77.4252, 37.3047], [-77.3786, 37.3049], [-77.3716, 37.302], [-77.3613, 37.2889], [-77.3527, 37.2869], [-77.3448, 37.293], [-77.3254, 37.3268], [-77.3006, 37.3271], [-77.295, 37.3323], [-77.2946, 37.3399], [-77.3017, 37.3603], [-77.2957, 37.3742], [-77.29, 37.3794], [-77.2772, 37.3839], [-77.2644, 37.3819], [-77.2427, 37.3654], [-77.2316, 37.3329], [-77.2506, 37.3498], [-77.2779, 37.3293], [-77.2743, 37.3164], [-77.2505, 37.3056], [-77.2562, 37.2989], [-77.3312, 37.2516], [-77.3374, 37.237], [-77.3502, 37.2246], [-77.3607, 37.2055], [-77.3753, 37.1909], [-77.3934, 37.1826], [-77.4137, 37.1902], [-77.4192, 37.2016], [-77.4411, 37.2077], [-77.4477, 37.2129], [-77.4493, 37.2309]]]}}, {"type": "Feature", "properties": {}, "geometry": {"type": "Polygon", "coordinates": [[[-80.0924, 37.3107], [-80.0712, 37.3257], [-80.064, 37.3367], [-80.0357, 37.3374], [-80.0282, 37.3403], [-80.0253, 37.3598], [-80.0165, 37.3655], [-79.9977, 37.3714], [-79.9732, 37.3745], [-79.9461, 37.3719], [-79.9407, 37.3671], [-79.9346, 37.3526], [-79.9105, 37.3481], [-79.9058, 37.3386], [-79.9006, 37.3075], [-79.8772, 37.2842], [-79.8774, 37.269], [-79.9208, 37.2573], [-79.9634, 37.2267], [-79.9926, 37.2169], [-80.0342, 37.2232], [-80.0412, 37.2324], [-80.0587, 37.2354], [-80.0602, 37.2609], [-80.0873, 37.2814], [-80.0972, 37.2952], [-80.0924, 37.3107]]]}}, {"type": "Feature", "properties": {}, "geometry": {"type": "Polygon", "coordinates": [[[-87.135, 37.3268], [-87.1104, 37.3378], [-87.0956, 37.3395], [-87.0761, 37.337], [-87.0796, 37.3174], [-87.0883, 37.3033], [-87.1037, 37.2935], [-87.1219, 37.2901], [-87.1325, 37.3059], [-87.135, 37.3268]]]}}, {"type": "Feature", "properties": {}, "geometry": {"type": "Polygon", "coordinates": [[[-76.7706, 37.2591], [-76.7695, 37.2853], [-76.7356, 37.3273], [-76.7113, 37.3153], [-76.7012, 37.2952], [-76.6663, 37.2858], [-76.6529, 37.274], [-76.6575, 37.2456], [-76.7133, 37.2567], [-76.7235, 37.2669], [-76.7373, 37.2655], [-76.7554, 37.2578], [-76.7681, 37.2567], [-76.7706, 37.2591]]]}}, {"type": "Feature", "properties": {}, "geometry": {"type": "Polygon", "coordinates": [[[-80.4582, 37.2603], [-80.4304, 37.2586], [-80.4118, 37.248], [-80.4015, 37.2295], [-80.4, 37.2017], [-80.4372, 37.2224], [-80.4526, 37.2349], [-80.4582, 37.2603]]]}}, {"type": "Feature", "properties": {}, "geometry": {"type": "Polygon", "coordinates": [[[-76.6356, 37.2238], [-76.5886, 37.2115], [-76.5329, 37.1791], [-76.4948, 37.1726], [-76.477, 37.1807], [-76.4716, 37.1917], [-76.4755, 37.1988], [-76.4964, 37.217], [-76.4983, 37.2289], [-76.4681, 37.214], [-76.4535, 37.2174], [-76.4385, 37.1358], [-76.4182, 37.1246], [-76.4066, 37.1267], [-76.4021, 37.1607], [-76.3815, 37.1581], [-76.3615, 37.1472], [-76.3472, 37.1338], [-76.3445, 37.1253], [-76.3477, 37.1154], [-76.3409, 37.1021], [-76.3197, 37.0889], [-76.2746, 37.0735], [-76.2699, 37.0691], [-76.2745, 37.048], [-76.2829, 37.0282], [-76.2962, 37.0136], [-76.3153, 37.0079], [-76.357, 37.0048], [-76.3714, 36.9985], [-76.3995, 36.9783], [-76.4154, 36.9726], [-76.4292, 36.9763], [-76.4403, 37.0158], [-76.453, 37.0302], [-76.5239, 37.0577], [-76.5461, 37.0894], [-76.5632, 37.0858], [-76.6112, 37.1194], [-76.6186, 37.1308], [-76.62, 37.1444], [-76.6108, 37.1726], [-76.6173, 37.1992], [-76.6374, 37.2228], [-76.6356, 37.2238]]]}}, {"type": "Feature", "properties": {}, "geometry": {"type": "Polygon", "coordinates": [[[-84.129, 37.1388], [-84.1189, 37.1649], [-84.113, 37.1936], [-84.0964, 37.1946], [-84.0657, 37.1819], [-84.0696, 37.1665], [-84.0928, 37.156], [-84.0963, 37.1495], [-84.0909, 37.1393], [-84.0646, 37.1338], [-84.0664, 37.1126], [-84.1032, 37.11], [-84.1116, 37.1121], [-84.1153, 37.125], [-84.129, 37.1388]]]}}, {"type": "Feature", "properties": {}, "geometry": {"type": "Polygon", "coordinates": [[[-88.713, 37.093], [-88.705, 37.0962], [-88.689, 37.1163], [-88.6679, 37.1062], [-88.6543, 37.1061], [-88.6361, 37.1182], [-88.6346, 37.1381], [-88.6205, 37.136], [-88.6082, 37.1309], [-88.587, 37.1151], [-88.5767, 37.098], [-88.576, 37.0834], [-88.5531, 37.0554], [-88.5536, 37.0362], [-88.5567, 37.0348], [-88.5676, 37.041], [-88.622, 37.0455], [-88.6347, 37.052], [-88.6436, 37.0458], [-88.6645, 37.0399], [-88.6841, 37.044], [-88.701, 37.0606], [-88.713, 37.093]]]}}, {"type": "Feature", "properties": {}, "geometry": {"type": "Polygon", "coordinates": [[[-88.4016, 37.0602], [-88.3912, 37.072], [-88.333, 37.0718], [-88.3308, 37.0609], [-88.3378, 37.05], [-88.3565, 37.0384], [-88.3694, 37.0378], [-88.3847, 37.0447], [-88.4016, 37.0574], [-88.4016, 37.0602]]]}}, {"type": "Feature", "properties": {}, "geometry": {"type": "Polygon", "coordinates": [[[-86.5151, 36.9756], [-86.5127, 36.9826], [-86.5017, 36.986], [-86.4896, 37.0088], [-86.4739, 37.0178], [-86.4681, 37.027], [-86.4285, 37.0163], [-86.4221, 37.0174], [-86.4113, 37.0273], [-86.3993, 37.0154], [-86.3957, 36.999], [-86.3985, 36.9694], [-86.4101, 36.9639], [-86.4166, 36.9439], [-86.4251, 36.9343], [-86.4457, 36.9347], [-86.4598, 36.9432], [-86.4907, 36.933], [-86.5011, 36.9347], [-86.5022, 36.9562], [-86.5151, 36.9756]]]}}, {"type": "Feature", "properties": {}, "geometry": {"type": "Polygon", "coordinates": [[[-85.9686, 37.0156], [-85.9588, 37.028], [-85.9412, 37.0284], [-85.9218, 37.0225], [-85.9096, 37.0143], [-85.9149, 37.0012], [-85.9261, 36.9911], [-85.9416, 36.9862], [-85.9576, 36.9908], [-85.9611, 37.0073], [-85.9686, 37.0156]]]}}, {"type": "Feature", "properties": {}, "geometry": {"type": "Polygon", "coordinates": [[[-84.1358, 37.0043], [-84.1231, 37.0041], [-84.0992, 36.9938], [-84.0718, 36.9871], [-84.0657, 36.9819], [-84.0652, 36.9689], [-84.0753, 36.9509], [-84.0773, 36.935], [-84.0939, 36.935], [-84.103, 36.9453], [-84.1143, 36.9684], [-84.1314, 36.9725], [-84.1361, 36.9808], [-84.1358, 37.0043]]]}}, {"type": "Feature", "properties": {}, "geometry": {"type": "Polygon", "coordinates": [[[-87.5245, 36.8809], [-87.5086, 36.8912], [-87.4427, 36.8925], [-87.465, 36.8505], [-87.4832, 36.8368], [-87.5127, 36.8351], [-87.5224, 36.855], [-87.5245, 36.8809]]]}}, {"type": "Feature", "properties": {}, "geometry": {"type": "Polygon", "coordinates": [[[-76.6147, 36.7356], [-76.6074, 36.7652], [-76.5818, 36.7811], [-76.5509, 36.7829], [-76.5222, 36.7703], [-76.5268, 36.7568], [-76.5577, 36.7436], [-76.5789, 36.7125], [-76.5894, 36.7156], [-76.6026, 36.7297], [-76.6147, 36.7356]]]}}, {"type": "Feature", "properties": {}, "geometry": {"type": "Polygon", "coordinates": [[[-79.9467, 36.7015], [-79.9348, 36.726], [-79.9183, 36.7328], [-79.8882, 36.7258], [-79.8821, 36.7313], [-79.8812, 36.7481], [-79.8736, 36.7498], [-79.8684, 36.746], [-79.8616, 36.7144], [-79.847, 36.6851], [-79.8566, 36.668], [-79.8858, 36.67], [-79.9184, 36.6986], [-79.9467, 36.7015]]]}}, {"type": "Feature", "properties": {}, "geometry": {"type": "Polygon", "coordinates": [[[-76.969, 36.7162], [-76.954, 36.7157], [-76.9316, 36.6927], [-76.9157, 36.6899], [-76.911, 36.6812], [-76.9113, 36.6578], [-76.9393, 36.659], [-76.9582, 36.6697], [-76.9685, 36.6883], [-76.969, 36.7162]]]}}, {"type": "Feature", "properties": {}, "geometry": {"type": "Polygon", "coordinates": [[[-88.3358, 36.6176], [-88.3347, 36.6382], [-88.314, 36.6366], [-88.3024, 36.6264], [-88.2979, 36.6119], [-88.2988, 36.5906], [-88.3198, 36.5923], [-88.3308, 36.6015], [-88.3358, 36.6176]]]}}, {"type": "Feature", "properties": {}, "geometry": {"type": "Polygon", "coordinates": [[[-82.2232, 36.6152], [-82.1965, 36.6289], [-82.1909, 36.6383], [-82.1784, 36.635], [-82.1653, 36.6238], [-82.1563, 36.6089], [-82.1548, 36.5914], [-82.18, 36.5681], [-82.1966, 36.5746], [-82.2169, 36.5925], [-82.2232, 36.6152]]]}}, {"type": "Feature", "properties": {}, "geometry": {"type": "Polygon", "coordinates": [[[-79.459, 36.5817], [-79.4495, 36.61], [-79.427, 36.631], [-79.397, 36.6383], [-79.3663, 36.6262], [-79.3664, 36.5801], [-79.3852, 36.5702], [-79.4132, 36.5668], [-79.4385, 36.5698], [-79.459, 36.5817]]]}}, {"type": "Feature", "properties": {}, "geometry": {"type": "Polygon", "coordinates": [[[-87.4352, 36.5823], [-87.4167, 36.6033], [-87.3875, 36.6038], [-87.3615, 36.5878], [-87.3562, 36.5713], [-87.3465, 36.5673], [-87.3403, 36.571], [-87.3349, 36.5825], [-87.3111, 36.5958], [-87.2972, 36.613], [-87.286, 36.6189], [-87.265, 36.6145], [-87.2723, 36.5899], [-87.305, 36.5411], [-87.304, 36.5339], [-87.2882, 36.5163], [-87.2888, 36.5013], [-87.3051, 36.5003], [-87.3359, 36.512], [-87.3664, 36.5045], [-87.378, 36.5068], [-87.4038, 36.5477], [-87.424, 36.5575], [-87.4276, 36.5738], [-87.4352, 36.5823]]]}}, {"type": "Feature", "properties": {}, "geometry": {"type": "Polygon", "coordinates": [[[-82.6348, 36.583], [-82.6225, 36.5841], [-82.6122, 36.6052], [-82.5745, 36.6035], [-82.5529, 36.6176], [-82.5454, 36.6165], [-82.5406, 36.606], [-82.541, 36.589], [-82.5353, 36.5838], [-82.5217, 36.5825], [-82.5016, 36.5702], [-82.4911, 36.5556], [-82.488, 36.5358], [-82.5199, 36.5134], [-82.5399, 36.5066], [-82.5682, 36.5124], [-82.5817, 36.534], [-82.614, 36.5322], [-82.625, 36.5357], [-82.6301, 36.5451], [-82.6348, 36.583]]]}}, {"type": "Feature", "properties": {}, "geometry": {"type": "Polygon", "coordinates": [[[-80.6478, 36.5145], [-80.6489, 36.5413], [-80.6197, 36.5429], [-80.5944, 36.5219], [-80.5997, 36.4799], [-80.6186, 36.4809], [-80.6306, 36.4885], [-80.6478, 36.5145]]]}}, {"type": "Feature", "properties": {}, "geometry": {"type": "Polygon", "coordinates": [[[-86.9245, 36.5032], [-86.9011, 36.5384], [-86.8819, 36.5379], [-86.8673, 36.5265], [-86.8639, 36.5067], [-86.8771, 36.4793], [-86.8932, 36.4802], [-86.913, 36.5001], [-86.9245, 36.5032]]]}}, {"type": "Feature", "properties": {}, "geometry": {"type": "Polygon", "coordinates": [[[-79.7812, 36.4925], [-79.7754, 36.5172], [-79.7576, 36.5335], [-79.7335, 36.5376], [-79.7108, 36.5265], [-79.7197, 36.5083], [-79.7342, 36.4956], [-79.7533, 36.4895], [-79.779, 36.4901], [-79.7812, 36.4925]]]}}, {"type": "Feature", "properties": {}, "geometry": {"type": "Polygon", "coordinates": [[[-77.7032, 36.4712], [-77.6724, 36.4832], [-77.6393, 36.4795], [-77.6151, 36.4602], [-77.6111, 36.4246], [-77.6736, 36.4314], [-77.695, 36.4447], [-77.7032, 36.4712]]]}}, {"type": "Feature", "properties": {}, "geometry": {"type": "Polygon", "coordinates": [[[-86.5135, 36.3811], [-86.5096, 36.389], [-86.4775, 36.4003], [-86.4541, 36.4249], [-86.4337, 36.4275], [-86.4264, 36.4179], [-86.4226, 36.4069], [-86.4209, 36.3802], [-86.4409, 36.3691], [-86.4834, 36.3784], [-86.5135, 36.3811]]]}}, {"type": "Feature", "properties": {}, "geometry": {"type": "Polygon", "coordinates": [[[-82.4251, 36.3261], [-82.4179, 36.3316], [-82.4142, 36.3402], [-82.4157, 36.3534], [-82.4265, 36.3717], [-82.4239, 36.394], [-82.3675, 36.3942], [-82.3324, 36.3816], [-82.3317, 36.3462], [-82.3245, 36.3234], [-82.3281, 36.3143], [-82.3427, 36.3029], [-82.3493, 36.2919], [-82.3776, 36.2904], [-82.4001, 36.2947], [-82.4176, 36.3059], [-82.4251, 36.3261]]]}}, {"type": "Feature", "properties": {}, "geometry": {"type": "Polygon", "coordinates": [[[-86.9912, 36.0695], [-86.9835, 36.0913], [-86.9388, 36.1345], [-86.9351, 36.149], [-86.9144, 36.161], [-86.9121, 36.1724], [-86.9205, 36.1905], [-86.9133, 36.2042], [-86.9049, 36.21], [-86.8779, 36.217], [-86.8282, 36.2531], [-86.8208, 36.2674], [-86.8043, 36.2705], [-86.7994, 36.2748], [-86.7911, 36.2931], [-86.7843, 36.2963], [-86.7789, 36.3051], [-86.7712, 36.3029], [-86.7564, 36.2896], [-86.7452, 36.2924], [-86.7289, 36.324], [-86.7357, 36.3368], [-86.7288, 36.3514], [-86.7153, 36.3505], [-86.6867, 36.3387], [-86.6034, 36.3387], [-86.591, 36.344], [-86.5708, 36.3611], [-86.5559, 36.3609], [-86.5559, 36.3335], [-86.5602, 36.3221], [-86.5661, 36.3126], [-86.5964, 36.2853], [-86.6035, 36.2681], [-86.6217, 36.2523], [-86.6251, 36.245], [-86.6187, 36.2354], [-86.6011, 36.2385], [-86.5898, 36.2372], [-86.5659, 36.2271], [-86.5664, 36.1874], [-86.5894, 36.1695], [-86.6179, 36.1555], [-86.6303, 36.1379], [-86.6323, 36.128], [-86.6207, 36.1151], [-86.6084, 36.0927], [-86.5651, 36.0706], [-86.541, 36.0279], [-86.5126, 36.0255], [-86.4623, 36.0376], [-86.4429, 36.0251], [-86.4475, 36.0066], [-86.4729, 36.0065], [-86.479, 36.0018], [-86.48, 35.9946], [-86.469, 35.9769], [-86.4664, 35.9643], [-86.4789, 35.9457], [-86.5237, 35.946], [-86.5299, 35.9483], [-86.5362, 35.9584], [-86.5477, 35.9678], [-86.5965, 35.9728], [-86.6123, 35.9792], [-86.6253, 36.0034], [-86.6461, 36.0297], [-86.6559, 36.0353], [-86.6791, 36.034], [-86.6882, 36.0238], [-86.7056, 36.0219], [-86.7109, 36.0125], [-86.7298, 36.0223], [-86.7396, 36.0217], [-86.759, 36.0102], [-86.7694, 35.9953], [-86.7834, 35.9871], [-86.794, 35.9695], [-86.7944, 35.9611], [-86.7844, 35.9366], [-86.7881, 35.9239], [-86.8016, 35.9231], [-86.811, 35.9125], [-86.8274, 35.9106], [-86.8333, 35.9014], [-86.8534, 35.9016], [-86.8635, 35.8931], [-86.878, 35.8903], [-86.8853, 35.9017], [-86.913, 35.9063], [-86.9241, 35.9133], [-86.9199, 35.9569], [-86.8941, 35.9808], [-86.864, 35.9967], [-86.8481, 36.0154], [-86.8501, 36.0291], [-86.8619, 36.0394], [-86.8697, 36.0509], [-86.8704, 36.0601], [-86.8763, 36.0648], [-86.9592, 36.0562], [-86.9912, 36.0695]]]}}, {"type": "Feature", "properties": {}, "geometry": {"type": "Polygon", "coordinates": [[[-78.4585, 36.3493], [-78.3899, 36.3496], [-78.3899, 36.3205], [-78.4019, 36.3046], [-78.4187, 36.3025], [-78.4358, 36.3126], [-78.4389, 36.3191], [-78.4559, 36.3325], [-78.4585, 36.3493]]]}}, {"type": "Feature", "properties": {}, "geometry": {"type": "Polygon", "coordinates": [[[-76.2704, 36.2933], [-76.2667, 36.3043], [-76.2531, 36.3228], [-76.248, 36.3376], [-76.2382, 36.3455], [-76.219, 36.3393], [-76.2027, 36.3213], [-76.2174, 36.3052], [-76.2222, 36.2933], [-76.2194, 36.2878], [-76.2101, 36.286], [-76.216, 36.2817], [-76.2353, 36.2788], [-76.2541, 36.2816], [-76.2704, 36.2933]]]}}, {"type": "Feature", "properties": {}, "geometry": {"type": "Polygon", "coordinates": [[[-83.347, 36.271], [-83.2755, 36.2536], [-83.2656, 36.2369], [-83.268, 36.2174], [-83.2814, 36.2032], [-83.3002, 36.1975], [-83.3244, 36.2017], [-83.3362, 36.2137], [-83.3362, 36.2325], [-83.3471, 36.2468], [-83.347, 36.271]]]}}, {"type": "Feature", "properties": {}, "geometry": {"type": "Polygon", "coordinates": [[[-86.3691, 36.2365], [-86.3549, 36.2397], [-86.3327, 36.2517], [-86.3216, 36.2495], [-86.3168, 36.2413], [-86.299, 36.238], [-86.2945, 36.23], [-86.2769, 36.2271], [-86.273, 36.2105], [-86.2652, 36.2038], [-86.2691, 36.1923], [-86.2783, 36.1822], [-86.2913, 36.1775], [-86.3126, 36.1793], [-86.3324, 36.1956], [-86.3446, 36.2108], [-86.3683, 36.2227], [-86.3691, 36.2365]]]}}, {"type": "Feature", "properties": {}, "geometry": {"type": "Polygon", "coordinates": [[[-85.5468, 36.1266], [-85.5269, 36.2056], [-85.5127, 36.2272], [-85.5026, 36.2241], [-85.4656, 36.1822], [-85.4679, 36.172], [-85.4856, 36.1596], [-85.4921, 36.1398], [-85.4993, 36.135], [-85.5304, 36.1231], [-85.5454, 36.1237], [-85.5468, 36.1266]]]}}, {"type": "Feature", "properties": {}, "geometry": {"type": "Polygon", "coordinates": [[[-80.3699, 36.093], [-80.3657, 36.1019], [-80.3496, 36.1141], [-80.3435, 36.1251], [-80.3432, 36.1614], [-80.3366, 36.1817], [-80.3077, 36.1929], [-80.3057, 36.1997], [-80.31, 36.2175], [-80.3014, 36.2275], [-80.2896, 36.2238], [-80.2678, 36.2085], [-80.2463, 36.2012], [-80.2209, 36.1707], [-80.1889, 36.1492], [-80.1864, 36.1321], [-80.1777, 36.127], [-80.1735, 36.1155], [-80.1645, 36.1084], [-80.1666, 36.1019], [-80.1726, 36.0999], [-80.1773, 36.0939], [-80.1748, 36.0681], [-80.1777, 36.0574], [-80.1999, 36.0556], [-80.2125, 36.0457], [-80.2304, 36.0457], [-80.2389, 36.0371], [-80.246, 36.0346], [-80.2832, 36.0331], [-80.2913, 36.0349], [-80.3074, 36.0458], [-80.3165, 36.0432], [-80.3245, 36.0348], [-80.3412, 36.0444], [-80.3569, 36.0626], [-80.3695, 36.0686], [-80.3699, 36.093]]]}}, {"type": "Feature", "properties": {}, "geometry": {"type": "Polygon", "coordinates": [[[-82.8581, 36.1577], [-82.8508, 36.191], [-82.8355, 36.2077], [-82.8135, 36.2089], [-82.788, 36.1928], [-82.7966, 36.1757], [-82.811, 36.1626], [-82.8306, 36.1562], [-82.8581, 36.1577]]]}}, {"type": "Feature", "properties": {}, "geometry": {"type": "Polygon", "coordinates": [[[-81.2025, 36.1715], [-81.1777, 36.1728], [-81.1693, 36.1825], [-81.1517, 36.1892], [-81.1379, 36.1811], [-81.1364, 36.1647], [-81.1559, 36.1459], [-81.1734, 36.1387], [-81.1888, 36.1379], [-81.2006, 36.148], [-81.2025, 36.1715]]]}}, {"type": "Feature", "properties": {}, "geometry": {"type": "Polygon", "coordinates": [[[-80.1224, 35.8911], [-80.0814, 35.9273], [-80.0697, 35.9496], [-80.0476, 36.0264], [-80.0023, 36.0491], [-79.989, 36.0505], [-79.9836, 36.0569], [-79.9851, 36.0679], [-80.011, 36.0923], [-80.0138, 36.116], [-79.9893, 36.1173], [-79.9802, 36.1273], [-79.9637, 36.1292], [-79.9595, 36.1347], [-79.9577, 36.1496], [-79.9331, 36.1459], [-79.9144, 36.1321], [-79.9062, 36.132], [-79.8903, 36.1394], [-79.8754, 36.1553], [-79.8517, 36.1713], [-79.8462, 36.172], [-79.8345, 36.1655], [-79.823, 36.172], [-79.7895, 36.1718], [-79.777, 36.1511], [-79.7562, 36.1496], [-79.7518, 36.1374], [-79.7329, 36.1263], [-79.7323, 36.1126], [-79.7218, 36.1038], [-79.7251, 36.0834], [-79.7339, 36.0681], [-79.7564, 36.055], [-79.7707, 36.0225], [-79.7787, 36.0125], [-79.8062, 36.013], [-79.8238, 36.0013], [-79.8998, 36.0171], [-79.9175, 36.0138], [-79.9272, 36.003], [-79.9394, 35.9998], [-79.9459, 35.9853], [-79.9545, 35.977], [-79.9563, 35.9243], [-79.967, 35.9016], [-80.0185, 35.909], [-80.0394, 35.9051], [-80.0643, 35.8911], [-80.0662, 35.8692], [-80.0774, 35.8657], [-80.1129, 35.8681], [-80.1224, 35.8911]]]}}, {"type": "Feature", "properties": {}, "geometry": {"type": "Polygon", "coordinates": [[[-80.1256, 36.1144], [-80.1105, 36.139], [-80.0836, 36.1446], [-80.0568, 36.1323], [-80.0439, 36.103], [-80.061, 36.0951], [-80.0815, 36.0976], [-80.1256, 36.1144]]]}}, {"type": "Feature", "properties": {}, "geometry": {"type": "Polygon", "coordinates": [[[-84.1715, 36.1242], [-84.1327, 36.1253], [-84.126, 36.1307], [-84.1232, 36.1386], [-84.1031, 36.1274], [-84.1059, 36.1105], [-84.1282, 36.0987], [-84.1688, 36.1018], [-84.1715, 36.1242]]]}}, {"type": "Feature", "properties": {}, "geometry": {"type": "Polygon", "coordinates": [[[-79.5446, 36.1102], [-79.5319, 36.1189], [-79.4604, 36.1432], [-79.4353, 36.1329], [-79.4158, 36.1404], [-79.4019, 36.1388], [-79.3807, 36.1177], [-79.3718, 36.1035], [-79.3651, 36.0853], [-79.3661, 36.0699], [-79.3897, 36.053], [-79.4231, 36.0457], [-79.4298, 36.0531], [-79.4384, 36.0568], [-79.4913, 36.0571], [-79.501, 36.0674], [-79.5277, 36.0737], [-79.5392, 36.0804], [-79.5479, 36.0917], [-79.5446, 36.1102]]]}}, {"type": "Feature", "properties": {}, "geometry": {"type": "Polygon", "coordinates": [[[-87.4021, 36.0929], [-87.3694, 36.1077], [-87.3513, 36.0918], [-87.3464, 36.0648], [-87.3543, 36.0464], [-87.3803, 36.0549], [-87.3965, 36.0684], [-87.4021, 36.0929]]]}}, {"type": "Feature", "properties": {}, "geometry": {"type": "Polygon", "coordinates": [[[-84.1956, 35.9307], [-84.1497, 35.9477], [-84.1353, 35.9717], [-84.1057, 35.9714], [-84.0797, 35.994], [-84.0519, 35.9975], [-84.0474, 36.0068], [-84.0462, 36.0273], [-84.0386, 36.0329], [-84.0138, 36.0388], [-84.0013, 36.0608], [-83.9737, 36.0599], [-83.9558, 36.0679], [-83.9391, 36.0966], [-83.9223, 36.0869], [-83.8993, 36.0618], [-83.8908, 36.062], [-83.877, 36.0713], [-83.8555, 36.0415], [-83.8476, 36.0424], [-83.8332, 36.0505], [-83.8213, 36.0487], [-83.8261, 36.023], [-83.8603, 36.0025], [-83.8645, 35.9858], [-83.8631, 35.9786], [-83.8572, 35.9742], [-83.8329, 35.9717], [-83.8104, 35.9603], [-83.8189, 35.9433], [-83.8331, 35.9348], [-83.8806, 35.9489], [-83.8866, 35.9431], [-83.8883, 35.9353], [-83.9027, 35.9344], [-83.9114, 35.9237], [-83.9232, 35.924], [-83.9389, 35.933], [-83.9478, 35.9338], [-83.9665, 35.9237], [-83.9905, 35.9229], [-84.056, 35.8903], [-84.0935, 35.8888], [-84.1021, 35.8908], [-84.1125, 35.8999], [-84.1196, 35.9002], [-84.136, 35.8812], [-84.1449, 35.8792], [-84.1627, 35.8848], [-84.2023, 35.9132], [-84.1956, 35.9307]]]}}, {"type": "Feature", "properties": {}, "geometry": {"type": "Polygon", "coordinates": [[[-79.1027, 35.9494], [-79.0847, 35.9522], [-79.0466, 35.9719], [-79.0262, 35.9716], [-79.0086, 35.9858], [-78.9965, 36.0056], [-78.992, 36.0278], [-78.9925, 36.0587], [-78.9836, 36.0669], [-78.9456, 36.0722], [-78.9059, 36.0849], [-78.8899, 36.083], [-78.8773, 36.0702], [-78.8757, 36.049], [-78.8481, 36.0373], [-78.8281, 35.9848], [-78.8381, 35.9629], [-78.8379, 35.9559], [-78.8097, 35.9219], [-78.779, 35.9228], [-78.773, 35.9264], [-78.7683, 35.9387], [-78.7347, 35.9387], [-78.7288, 35.9321], [-78.7216, 35.93], [-78.7015, 35.9466], [-78.6902, 35.9498], [-78.6725, 35.9459], [-78.6233, 35.9172], [-78.6032, 35.9211], [-78.5814, 35.9391], [-78.5561, 35.9384], [-78.5574, 35.919], [-78.544, 35.8814], [-78.5534, 35.8461], [-78.5526, 35.8328], [-78.5481, 35.8255], [-78.5331, 35.8136], [-78.5745, 35.7752], [-78.619, 35.7475], [-78.621, 35.7404], [-78.6172, 35.7287], [-78.5997, 35.7153], [-78.6103, 35.7007], [-78.6306, 35.6999], [-78.6696, 35.7131], [-78.6754, 35.721], [-78.6811, 35.7451], [-78.7004, 35.7497], [-78.7118, 35.756], [-78.724, 35.7516], [-78.7448, 35.7351], [-78.7576, 35.7295], [-78.8599, 35.7178], [-78.8702, 35.7259], [-78.864, 35.7457], [-78.8703, 35.8032], [-78.8596, 35.8483], [-78.861, 35.861], [-78.888, 35.8725], [-78.9049, 35.8916], [-78.9663, 35.9224], [-78.9802, 35.9255], [-79.0024, 35.9229], [-79.0118, 35.9126], [-79.0511, 35.8953], [-79.0779, 35.8923], [-79.1035, 35.9029], [-79.1027, 35.9494]], [[-78.7489, 35.8287], [-78.7414, 35.8318], [-78.7386, 35.8394], [-78.7405, 35.866], [-78.7439, 35.8738], [-78.7532, 35.8785], [-78.7821, 35.873], [-78.7866, 35.8663], [-78.7826, 35.8493], [-78.7674, 35.8366], [-78.7489, 35.8287]]]}}, {"type": "Feature", "properties": {}, "geometry": {"type": "Polygon", "coordinates": [[[-84.3139, 36.0035], [-84.3129, 36.0327], [-84.2964, 36.0453], [-84.2759, 36.053], [-84.2637, 36.0747], [-84.2523, 36.0707], [-84.2341, 36.0508], [-84.2101, 36.0374], [-84.2134, 36.0278], [-84.2322, 36.0024], [-84.2466, 35.9934], [-84.2638, 35.9929], [-84.3139, 36.0035]]]}}, {"type": "Feature", "properties": {}, "geometry": {"type": "Polygon", "coordinates": [[[-75.6945, 36.0156], [-75.6754, 36.0209], [-75.6854, 36.0496], [-75.6677, 36.0495], [-75.6452, 36.0221], [-75.6477, 36.0114], [-75.6608, 36.0045], [-75.6777, 36.0054], [-75.6945, 36.0156]]]}}, {"type": "Feature", "properties": {}, "geometry": {"type": "Polygon", "coordinates": [[[-77.8921, 35.9824], [-77.8807, 35.9903], [-77.8387, 35.9945], [-77.8247, 36.0052], [-77.7987, 36.0024], [-77.7806, 35.9897], [-77.7706, 35.9692], [-77.7663, 35.9364], [-77.7857, 35.9248], [-77.8065, 35.9235], [-77.8793, 35.9488], [-77.891, 35.9622], [-77.8921, 35.9824]]]}}, {"type": "Feature", "properties": {}, "geometry": {"type": "Polygon", "coordinates": [[[-86.463, 35.83], [-86.469, 35.8372], [-86.4586, 35.8685], [-86.4593, 35.898], [-86.4564, 35.9054], [-86.433, 35.9064], [-86.4225, 35.9165], [-86.3988, 35.915], [-86.3099, 35.8822], [-86.3452, 35.8316], [-86.3543, 35.8132], [-86.3666, 35.8107], [-86.3785, 35.7962], [-86.3902, 35.7877], [-86.4018, 35.7908], [-86.4096, 35.8004], [-86.4235, 35.8015], [-86.4278, 35.8137], [-86.463, 35.83]]]}}, {"type": "Feature", "properties": {}, "geometry": {"type": "Polygon", "coordinates": [[[-83.5983, 35.8544], [-83.6028, 35.8926], [-83.5845, 35.894], [-83.5728, 35.8848], [-83.5559, 35.8628], [-83.5436, 35.8599], [-83.5418, 35.8346], [-83.5242, 35.8115], [-83.5213, 35.7913], [-83.5427, 35.7805], [-83.5614, 35.7781], [-83.5764, 35.7817], [-83.5903, 35.7902], [-83.5937, 35.797], [-83.6029, 35.8033], [-83.6041, 35.8202], [-83.5983, 35.8544]]]}}, {"type": "Feature", "properties": {}, "geometry": {"type": "Polygon", "coordinates": [[[-84.0336, 35.8341], [-84.0358, 35.8377], [-84.02, 35.8547], [-83.985, 35.8647], [-83.9686, 35.8827], [-83.953, 35.8723], [-83.9559, 35.8563], [-83.9638, 35.839], [-83.9642, 35.8267], [-83.9559, 35.8168], [-83.9376, 35.8054], [-83.9322, 35.7916], [-83.9374, 35.7697], [-83.9542, 35.7486], [-83.9773, 35.7317], [-84.0015, 35.7238], [-84.0121, 35.7366], [-84.0255, 35.7816], [-84.0361, 35.7922], [-84.0254, 35.8171], [-84.0295, 35.8303], [-84.0336, 35.8341]]]}}, {"type": "Feature", "properties": {}, "geometry": {"type": "Polygon", "coordinates": [[[-80.2919, 35.8209], [-80.2915, 35.8494], [-80.267, 35.8504], [-80.2475, 35.8466], [-80.2356, 35.8363], [-80.2327, 35.8143], [-80.2538, 35.8023], [-80.275, 35.8041], [-80.2919, 35.8209]]]}}, {"type": "Feature", "properties": {}, "geometry": {"type": "Polygon", "coordinates": [[[-80.9473, 35.8065], [-80.9322, 35.8118], [-80.9131, 35.8123], [-80.9008, 35.8178], [-80.8934, 35.825], [-80.8793, 35.8277], [-80.8437, 35.8031], [-80.8462, 35.7899], [-80.8669, 35.7752], [-80.8799, 35.757], [-80.9018, 35.761], [-80.9465, 35.7904], [-80.9473, 35.8065]]]}}, {"type": "Feature", "properties": {}, "geometry": {"type": "Polygon", "coordinates": [[[-81.4045, 35.7511], [-81.3994, 35.7668], [-81.3908, 35.7762], [-81.3796, 35.7831], [-81.3697, 35.7836], [-81.3514, 35.7959], [-81.3441, 35.7934], [-81.3387, 35.7826], [-81.3108, 35.777], [-81.3002, 35.7718], [-81.2756, 35.7489], [-81.2349, 35.7349], [-81.177, 35.7257], [-81.2104, 35.6582], [-81.2275, 35.6539], [-81.2389, 35.6668], [-81.247, 35.6884], [-81.2524, 35.6919], [-81.271, 35.6964], [-81.3568, 35.7013], [-81.3645, 35.7105], [-81.4023, 35.7239], [-81.4045, 35.7511]]]}}, {"type": "Feature", "properties": {}, "geometry": {"type": "Polygon", "coordinates": [[[-81.7475, 35.7252], [-81.7395, 35.7628], [-81.7061, 35.7742], [-81.6718, 35.7607], [-81.6673, 35.7237], [-81.7475, 35.7252]]]}}, {"type": "Feature", "properties": {}, "geometry": {"type": "Polygon", "coordinates": [[[-77.9814, 35.7484], [-77.9618, 35.7722], [-77.9282, 35.7752], [-77.8978, 35.7556], [-77.8887, 35.7142], [-77.9158, 35.7023], [-77.9384, 35.6997], [-77.9556, 35.7059], [-77.9699, 35.7242], [-77.9814, 35.7484]]]}}, {"type": "Feature", "properties": {}, "geometry": {"type": "Polygon", "coordinates": [[[-85.8136, 35.6927], [-85.8014, 35.7142], [-85.7843, 35.7219], [-85.7648, 35.7173], [-85.743, 35.7037], [-85.7523, 35.685], [-85.7728, 35.6787], [-85.7959, 35.6814], [-85.8136, 35.6927]]]}}, {"type": "Feature", "properties": {}, "geometry": {"type": "Polygon", "coordinates": [[[-79.8366, 35.7264], [-79.8024, 35.7251], [-79.7887, 35.7084], [-79.7921, 35.6887], [-79.8119, 35.6793], [-79.8243, 35.6822], [-79.8324, 35.6908], [-79.8368, 35.7051], [-79.8366, 35.7264]]]}}, {"type": "Feature", "properties": {}, "geometry": {"type": "Polygon", "coordinates": [[[-80.5367, 35.7032], [-80.5348, 35.7054], [-80.4914, 35.7074], [-80.4782, 35.7051], [-80.4682, 35.6953], [-80.4446, 35.7006], [-80.4328, 35.6924], [-80.445, 35.6664], [-80.4546, 35.6552], [-80.4852, 35.6366], [-80.5009, 35.6326], [-80.5143, 35.6361], [-80.5154, 35.6688], [-80.5368, 35.689], [-80.5367, 35.7032]]]}}, {"type": "Feature", "properties": {}, "geometry": {"type": "Polygon", "coordinates": [[[-87.1023, 35.6176], [-87.0804, 35.6383], [-87.0735, 35.6648], [-87.0672, 35.672], [-87.0215, 35.6717], [-87.0197, 35.6404], [-87.015, 35.6349], [-86.9983, 35.626], [-87.0107, 35.6031], [-87.0335, 35.5908], [-87.0639, 35.5897], [-87.1004, 35.6013], [-87.1023, 35.6176]]]}}, {"type": "Feature", "properties": {}, "geometry": {"type": "Polygon", "coordinates": [[[-82.6252, 35.5954], [-82.6031, 35.6161], [-82.5924, 35.6432], [-82.581, 35.6513], [-82.5566, 35.6499], [-82.5464, 35.6399], [-82.5215, 35.6377], [-82.5214, 35.6171], [-82.5078, 35.6014], [-82.5016, 35.5892], [-82.499, 35.5699], [-82.5999, 35.5693], [-82.6247, 35.5799], [-82.6252, 35.5954]]]}}, {"type": "Feature", "properties": {}, "geometry": {"type": "Polygon", "coordinates": [[[-77.4255, 35.6491], [-77.3897, 35.6505], [-77.3646, 35.643], [-77.3232, 35.6164], [-77.3317, 35.5866], [-77.3521, 35.5683], [-77.378, 35.5594], [-77.4143, 35.5575], [-77.4213, 35.57], [-77.4159, 35.5955], [-77.426, 35.6143], [-77.4255, 35.6491]]]}}, {"type": "Feature", "properties": {}, "geometry": {"type": "Polygon", "coordinates": [[[-78.3699, 35.5046], [-78.3545, 35.5227], [-78.3337, 35.5366], [-78.3091, 35.5454], [-78.2777, 35.5489], [-78.2786, 35.5313], [-78.3137, 35.5216], [-78.3372, 35.4965], [-78.3513, 35.4904], [-78.3695, 35.5018], [-78.3699, 35.5046]]]}}, {"type": "Feature", "properties": {}, "geometry": {"type": "Polygon", "coordinates": [[[-80.9141, 35.4767], [-80.8996, 35.504], [-80.8913, 35.5272], [-80.8557, 35.5272], [-80.8617, 35.4372], [-80.8558, 35.4018], [-80.8662, 35.4083], [-80.8809, 35.4349], [-80.9091, 35.4466], [-80.9144, 35.4588], [-80.9141, 35.4767]]]}}, {"type": "Feature", "properties": {}, "geometry": {"type": "Polygon", "coordinates": [[[-86.4908, 35.491], [-86.4825, 35.5102], [-86.462, 35.517], [-86.4383, 35.5143], [-86.4208, 35.5042], [-86.4373, 35.4754], [-86.445, 35.468], [-86.4599, 35.4682], [-86.4908, 35.491]]]}}, {"type": "Feature", "properties": {}, "geometry": {"type": "Polygon", "coordinates": [[[-81.2698, 35.504], [-81.2527, 35.5061], [-81.2216, 35.493], [-81.2449, 35.4571], [-81.2594, 35.4622], [-81.267, 35.4718], [-81.2704, 35.4856], [-81.2698, 35.504]]]}}, {"type": "Feature", "properties": {}, "geometry": {"type": "Polygon", "coordinates": [[[-79.2146, 35.4811], [-79.1973, 35.5005], [-79.1729, 35.4962], [-79.1218, 35.4697], [-79.1409, 35.4475], [-79.1665, 35.4501], [-79.2146, 35.4811]]]}}, {"type": "Feature", "properties": {}, "geometry": {"type": "Polygon", "coordinates": [[[-86.8129, 35.4938], [-86.7904, 35.4902], [-86.7773, 35.477], [-86.7659, 35.4352], [-86.7928, 35.435], [-86.8081, 35.4465], [-86.8142, 35.4662], [-86.8129, 35.4938]]]}}, {"type": "Feature", "properties": {}, "geometry": {"type": "Polygon", "coordinates": [[[-84.6466, 35.4825], [-84.6176, 35.4826], [-84.5944, 35.4776], [-84.5787, 35.4634], [-84.5768, 35.4355], [-84.6058, 35.4353], [-84.6299, 35.4407], [-84.6449, 35.4547], [-84.6466, 35.4825]]]}}, {"type": "Feature", "properties": {}, "geometry": {"type": "Polygon", "coordinates": [[[-78.0186, 35.3964], [-78.0172, 35.4064], [-78.0013, 35.4276], [-77.9784, 35.4225], [-77.9428, 35.4059], [-77.9122, 35.4053], [-77.9085, 35.3899], [-77.9186, 35.3808], [-77.9463, 35.3662], [-77.9691, 35.3348], [-77.9802, 35.3381], [-77.9894, 35.347], [-78.0146, 35.3803], [-78.0186, 35.3964]]]}}, {"type": "Feature", "properties": {}, "geometry": {"type": "Polygon", "coordinates": [[[-86.2578, 35.3822], [-86.2506, 35.3986], [-86.2379, 35.4032], [-86.2106, 35.3941], [-86.2029, 35.3843], [-86.1822, 35.3783], [-86.1774, 35.3699], [-86.1762, 35.3584], [-86.2046, 35.3553], [-86.2253, 35.3598], [-86.2578, 35.3822]]]}}, {"type": "Feature", "properties": {}, "geometry": {"type": "Polygon", "coordinates": [[[-81.9475, 35.3706], [-81.919, 35.3725], [-81.8996, 35.3666], [-81.8674, 35.35], [-81.8662, 35.3467], [-81.8864, 35.3344], [-81.9175, 35.3335], [-81.943, 35.3452], [-81.9475, 35.3706]]]}}, {"type": "Feature", "properties": {}, "geometry": {"type": "Polygon", "coordinates": [[[-82.4872, 35.3292], [-82.4785, 35.3467], [-82.444, 35.3493], [-82.4441, 35.3158], [-82.4554, 35.2907], [-82.4778, 35.3056], [-82.4872, 35.3292]]]}}, {"type": "Feature", "properties": {}, "geometry": {"type": "Polygon", "coordinates": [[[-81.5698, 35.2819], [-81.5568, 35.3134], [-81.5359, 35.3142], [-81.5225, 35.2983], [-81.5333, 35.2796], [-81.5442, 35.2745], [-81.5579, 35.2746], [-81.5698, 35.2819]]]}}, {"type": "Feature", "properties": {}, "geometry": {"type": "Polygon", "coordinates": [[[-77.6223, 35.2847], [-77.6122, 35.3017], [-77.5948, 35.3128], [-77.5779, 35.3047], [-77.576, 35.2928], [-77.5625, 35.2804], [-77.5615, 35.2683], [-77.5787, 35.2564], [-77.6134, 35.2459], [-77.6259, 35.2693], [-77.6223, 35.2847]]]}}, {"type": "Feature", "properties": {}, "geometry": {"type": "Polygon", "coordinates": [[[-84.9019, 35.2], [-84.8962, 35.2149], [-84.8783, 35.2388], [-84.8439, 35.2162], [-84.8341, 35.1995], [-84.8399, 35.1793], [-84.8668, 35.1349], [-84.8818, 35.1416], [-84.8928, 35.1522], [-84.8994, 35.1648], [-84.9026, 35.1804], [-84.9019, 35.2]]]}}, {"type": "Feature", "properties": {}, "geometry": {"type": "Polygon", "coordinates": [[[-79.1034, 35.1707], [-79.0344, 35.1979], [-79.0007, 35.2012], [-78.9933, 35.2076], [-78.9908, 35.2165], [-78.956, 35.205], [-78.9337, 35.1725], [-78.915, 35.169], [-78.8819, 35.1703], [-78.8665, 35.1599], [-78.8554, 35.0724], [-78.8439, 35.0482], [-78.8446, 35.0355], [-78.8565, 35.0238], [-78.8806, 35.0134], [-78.9002, 34.9799], [-78.9121, 34.9782], [-78.9345, 34.9893], [-78.9582, 34.9684], [-78.9749, 34.9779], [-79.0044, 35.0254], [-79.0361, 35.0462], [-79.046, 35.0735], [-79.0532, 35.0754], [-79.0694, 35.0673], [-79.081, 35.069], [-79.0746, 35.0849], [-79.0529, 35.1046], [-79.0511, 35.1158], [-79.063, 35.1277], [-79.0983, 35.1453], [-79.1034, 35.1707]]]}}, {"type": "Feature", "properties": {}, "geometry": {"type": "Polygon", "coordinates": [[[-79.4588, 35.1712], [-79.4447, 35.1897], [-79.4257, 35.2013], [-79.4057, 35.2069], [-79.3891, 35.205], [-79.3873, 35.1969], [-79.3772, 35.1815], [-79.3814, 35.1653], [-79.4152, 35.16], [-79.4208, 35.1546], [-79.4234, 35.146], [-79.4342, 35.1502], [-79.4588, 35.1712]]]}}, {"type": "Feature", "properties": {}, "geometry": {"type": "Polygon", "coordinates": [[[-85.367, 35.0399], [-85.3552, 35.0644], [-85.3469, 35.0736], [-85.3465, 35.0936], [-85.3252, 35.1075], [-85.3242, 35.1272], [-85.3182, 35.1296], [-85.3016, 35.1496], [-85.2827, 35.1494], [-85.2637, 35.1603], [-85.2457, 35.1599], [-85.2273, 35.1538], [-85.2208, 35.1486], [-85.2106, 35.1183], [-85.1894, 35.1168], [-85.1837, 35.108], [-85.1664, 35.1053], [-85.1564, 35.0867], [-85.1327, 35.0828], [-85.1284, 35.0684], [-85.1282, 35.0265], [-85.1324, 35.0132], [-85.1554, 35.0016], [-85.1712, 35.0101], [-85.1784, 35.0097], [-85.1834, 35.0046], [-85.1884, 34.9906], [-85.2088, 34.9808], [-85.2329, 34.9503], [-85.2443, 34.946], [-85.2604, 34.9478], [-85.2915, 34.9688], [-85.3187, 34.9821], [-85.3289, 35.0015], [-85.3367, 35.0085], [-85.3496, 35.0128], [-85.3683, 35.0129], [-85.3696, 35.0286], [-85.367, 35.0399]]]}}, {"type": "Feature", "properties": {}, "geometry": {"type": "Polygon", "coordinates": [[[-77.1258, 35.1047], [-77.1105, 35.1359], [-77.0987, 35.1457], [-77.0795, 35.1499], [-77.0735, 35.1491], [-77.0374, 35.1001], [-77.054, 35.0922], [-77.0806, 35.0893], [-77.107, 35.0927], [-77.1249, 35.1015], [-77.1258, 35.1047]]]}}, {"type": "Feature", "properties": {}, "geometry": {"type": "Polygon", "coordinates": [[[-81.6691, 35.1162], [-81.6527, 35.1197], [-81.6456, 35.1277], [-81.6267, 35.1177], [-81.6336, 35.0573], [-81.6551, 35.0593], [-81.6685, 35.0748], [-81.6738, 35.0961], [-81.6691, 35.1162]]]}}, {"type": "Feature", "properties": {}, "geometry": {"type": "Polygon", "coordinates": [[[-80.6366, 35.0371], [-80.6311, 35.046], [-80.6219, 35.0482], [-80.6086, 35.0392], [-80.5746, 35.0361], [-80.5305, 35.005], [-80.5007, 34.9943], [-80.4996, 34.9914], [-80.5387, 34.9705], [-80.57, 34.9862], [-80.6009, 35.0148], [-80.6366, 35.0371]]]}}, {"type": "Feature", "properties": {}, "geometry": {"type": "Polygon", "coordinates": [[[-82.0584, 35.0267], [-82.0479, 35.0274], [-82.0306, 35.0384], [-82.0239, 35.0388], [-82.0148, 35.0284], [-81.9567, 35.0277], [-81.9408, 35.0194], [-81.9152, 35.029], [-81.9002, 35.0275], [-81.8917, 34.9968], [-81.8875, 34.9909], [-81.8803, 34.9894], [-81.8672, 34.9943], [-81.8436, 34.9817], [-81.8422, 34.9715], [-81.8543, 34.9576], [-81.8658, 34.914], [-81.9191, 34.9244], [-81.9603, 34.9246], [-81.9667, 34.9224], [-81.9804, 34.9045], [-81.9903, 34.9015], [-82.0118, 34.9053], [-82.046, 34.9238], [-82.0488, 34.9413], [-82.0373, 34.9698], [-82.0597, 35.0047], [-82.0584, 35.0267]]]}}, {"type": "Feature", "properties": {}, "geometry": {"type": "Polygon", "coordinates": [[[-81.1021, 34.9581], [-81.1026, 34.9715], [-81.0916, 34.9732], [-81.0698, 35.0005], [-81.0569, 35.0055], [-81.0374, 34.9952], [-81.0317, 34.9954], [-81.0124, 35.0055], [-80.9652, 35.0002], [-80.9548, 34.9928], [-80.9541, 34.9747], [-80.9605, 34.9587], [-80.9923, 34.9138], [-81.0118, 34.9016], [-81.0311, 34.9003], [-81.0485, 34.9041], [-81.0652, 34.9123], [-81.0808, 34.9247], [-81.0963, 34.9445], [-81.1021, 34.9581]]]}}, {"type": "Feature", "properties": {}, "geometry": {"type": "Polygon", "coordinates": [[[-82.4874, 34.8771], [-82.4803, 34.9047], [-82.4623, 34.9146], [-82.3996, 34.9176], [-82.3904, 34.9276], [-82.3692, 34.9296], [-82.3572, 34.9498], [-82.2832, 34.9612], [-82.2694, 34.9935], [-82.2463, 34.9988], [-82.226, 34.9904], [-82.1884, 34.9603], [-82.21, 34.9314], [-82.2076, 34.9213], [-82.1658, 34.9146], [-82.1724, 34.8943], [-82.1869, 34.8834], [-82.2222, 34.8673], [-82.2271, 34.8588], [-82.2372, 34.8545], [-82.2435, 34.8362], [-82.2493, 34.8303], [-82.2484, 34.8183], [-82.2544, 34.8131], [-82.2605, 34.7964], [-82.2492, 34.7371], [-82.2566, 34.7015], [-82.2691, 34.7046], [-82.2771, 34.7287], [-82.2829, 34.7338], [-82.2914, 34.7354], [-82.3134, 34.7679], [-82.3462, 34.7683], [-82.3519, 34.776], [-82.3598, 34.779], [-82.3784, 34.7777], [-82.4096, 34.7698], [-82.426, 34.7799], [-82.4463, 34.7795], [-82.4519, 34.7885], [-82.4696, 34.803], [-82.4742, 34.8167], [-82.4762, 34.8464], [-82.4869, 34.8687], [-82.4874, 34.8771]]]}}, {"type": "Feature", "properties": {}, "geometry": {"type": "Polygon", "coordinates": [[[-82.1586, 34.9374], [-82.1551, 34.947], [-82.1413, 34.9597], [-82.1351, 34.9719], [-82.1111, 34.9608], [-82.1012, 34.9527], [-82.0743, 34.9568], [-82.0657, 34.9477], [-82.0684, 34.9352], [-82.0791, 34.9305], [-82.0949, 34.9287], [-82.1109, 34.9019], [-82.1175, 34.9005], [-82.1276, 34.9124], [-82.1445, 34.9173], [-82.1504, 34.931], [-82.1586, 34.9374]]]}}, {"type": "Feature", "properties": {}, "geometry": {"type": "Polygon", "coordinates": [[[-79.8145, 34.9484], [-79.7961, 34.9697], [-79.7729, 34.9742], [-79.7501, 34.9666], [-79.7332, 34.9492], [-79.7244, 34.9307], [-79.722, 34.9025], [-79.7538, 34.9058], [-79.8145, 34.9484]]]}}, {"type": "Feature", "properties": {}, "geometry": {"type": "Polygon", "coordinates": [[[-88.5451, 34.95], [-88.5252, 34.9602], [-88.5029, 34.9579], [-88.4874, 34.9422], [-88.4875, 34.9133], [-88.5114, 34.912], [-88.5318, 34.9158], [-88.5443, 34.9271], [-88.5451, 34.95]]]}}, {"type": "Feature", "properties": {}, "geometry": {"type": "Polygon", "coordinates": [[[-76.948, 34.9267], [-76.9321, 34.9363], [-76.913, 34.9391], [-76.8927, 34.9358], [-76.8778, 34.9265], [-76.8844, 34.8922], [-76.8982, 34.8745], [-76.9179, 34.8731], [-76.9371, 34.8917], [-76.9377, 34.9017], [-76.9479, 34.9166], [-76.948, 34.9267]]]}}, {"type": "Feature", "properties": {}, "geometry": {"type": "Polygon", "coordinates": [[[-87.7466, 34.7599], [-87.7413, 34.7727], [-87.7219, 34.785], [-87.7093, 34.8006], [-87.7116, 34.85], [-87.6786, 34.8623], [-87.6479, 34.8595], [-87.6213, 34.8461], [-87.6007, 34.8286], [-87.6142, 34.8165], [-87.6508, 34.8003], [-87.6547, 34.7935], [-87.6525, 34.7859], [-87.6436, 34.7815], [-87.6235, 34.757], [-87.6217, 34.735], [-87.6567, 34.7255], [-87.6881, 34.7284], [-87.7202, 34.7403], [-87.7466, 34.7599]]]}}, {"type": "Feature", "properties": {}, "geometry": {"type": "Polygon", "coordinates": [[[-82.6252, 34.8153], [-82.6251, 34.8484], [-82.6087, 34.8603], [-82.5996, 34.8605], [-82.5856, 34.8403], [-82.5766, 34.8409], [-82.5587, 34.8492], [-82.5437, 34.849], [-82.5505, 34.8259], [-82.5697, 34.8153], [-82.6227, 34.8126], [-82.6252, 34.8153]]]}}, {"type": "Feature", "properties": {}, "geometry": {"type": "Polygon", "coordinates": [[[-87.0023, 34.804], [-86.9978, 34.8163], [-86.9873, 34.8253], [-86.9722, 34.8303], [-86.9553, 34.8276], [-86.9486, 34.8192], [-86.9486, 34.7933], [-86.9552, 34.7794], [-86.9708, 34.7803], [-86.9909, 34.8004], [-87.0023, 34.804]]]}}, {"type": "Feature", "properties": {}, "geometry": {"type": "Polygon", "coordinates": [[[-85.022, 34.801], [-85.0132, 34.8159], [-84.9946, 34.8233], [-84.9678, 34.8219], [-84.9451, 34.8154], [-84.9319, 34.8041], [-84.9222, 34.7841], [-84.9217, 34.7715], [-84.9325, 34.7576], [-84.9445, 34.7551], [-84.955, 34.741], [-84.968, 34.7335], [-84.9899, 34.7349], [-85.0024, 34.7581], [-85.0023, 34.777], [-85.0184, 34.7897], [-85.022, 34.801]]]}}, {"type": "Feature", "properties": {}, "geometry": {"type": "Polygon", "coordinates": [[[-86.7024, 34.715], [-86.7023, 34.7484], [-86.6914, 34.7626], [-86.6909, 34.7824], [-86.6832, 34.7884], [-86.6578, 34.7945], [-86.6454, 34.8165], [-86.6096, 34.8178], [-86.5208, 34.7711], [-86.5343, 34.749], [-86.5432, 34.7133], [-86.5535, 34.6969], [-86.5457, 34.6754], [-86.5316, 34.6699], [-86.5309, 34.6547], [-86.5443, 34.6239], [-86.558, 34.6247], [-86.5693, 34.6294], [-86.5903, 34.6462], [-86.6128, 34.679], [-86.6456, 34.6795], [-86.6586, 34.7012], [-86.6924, 34.7067], [-86.7024, 34.715]]]}}, {"type": "Feature", "properties": {}, "geometry": {"type": "Polygon", "coordinates": [[[-77.4807, 34.7608], [-77.4623, 34.7704], [-77.4588, 34.7938], [-77.4467, 34.7961], [-77.4346, 34.8109], [-77.4229, 34.8192], [-77.4128, 34.8167], [-77.4072, 34.8081], [-77.3901, 34.8055], [-77.3739, 34.7959], [-77.3608, 34.7808], [-77.3539, 34.758], [-77.3555, 34.7249], [-77.3779, 34.7276], [-77.3946, 34.7398], [-77.4137, 34.7379], [-77.4247, 34.7401], [-77.4356, 34.7535], [-77.4325, 34.7306], [-77.4504, 34.7285], [-77.4695, 34.7351], [-77.4805, 34.7523], [-77.4807, 34.7608]]]}}, {"type": "Feature", "properties": {}, "geometry": {"type": "Polygon", "coordinates": [[[-76.815, 34.734], [-76.801, 34.7575], [-76.7912, 34.7662], [-76.7759, 34.7734], [-76.747, 34.7788], [-76.7708, 34.7535], [-76.7457, 34.7566], [-76.7298, 34.7665], [-76.7081, 34.7383], [-76.702, 34.7256], [-76.815, 34.734]]]}}, {"type": "Feature", "properties": {}, "geometry": {"type": "Polygon", "coordinates": [[[-80.8143, 34.7371], [-80.8048, 34.7542], [-80.7837, 34.7551], [-80.7631, 34.741], [-80.7551, 34.7137], [-80.7669, 34.7076], [-80.7932, 34.7083], [-80.8031, 34.7138], [-80.8039, 34.7275], [-80.8143, 34.7371]]]}}, {"type": "Feature", "properties": {}, "geometry": {"type": "Polygon", "coordinates": [[[-83.0029, 34.7367], [-83.0004, 34.7388], [-82.9794, 34.7339], [-82.9523, 34.7132], [-82.9337, 34.7055], [-82.9326, 34.7025], [-82.9517, 34.6808], [-82.9809, 34.6808], [-83.0034, 34.7002], [-83.0029, 34.7367]]]}}, {"type": "Feature", "properties": {}, "geometry": {"type": "Polygon", "coordinates": [[[-81.2474, 34.7154], [-81.2384, 34.7329], [-81.218, 34.7393], [-81.1946, 34.7367], [-81.177, 34.726], [-81.1941, 34.6969], [-81.2013, 34.6903], [-81.2161, 34.6904], [-81.2474, 34.7154]]]}}, {"type": "Feature", "properties": {}, "geometry": {"type": "Polygon", "coordinates": [[[-86.7802, 34.6808], [-86.7648, 34.7174], [-86.7571, 34.7273], [-86.7096, 34.7153], [-86.707, 34.7022], [-86.7089, 34.6827], [-86.7141, 34.6659], [-86.7219, 34.6572], [-86.7508, 34.6686], [-86.7572, 34.6671], [-86.7685, 34.6575], [-86.7774, 34.6654], [-86.7802, 34.6808]]]}}, {"type": "Feature", "properties": {}, "geometry": {"type": "Polygon", "coordinates": [[[-82.8695, 34.6822], [-82.8614, 34.6988], [-82.8449, 34.7051], [-82.8259, 34.7029], [-82.8101, 34.6926], [-82.8182, 34.6749], [-82.8347, 34.6686], [-82.8538, 34.6708], [-82.8695, 34.6822]]]}}, {"type": "Feature", "properties": {}, "geometry": {"type": "Polygon", "coordinates": [[[-77.3461, 34.6932], [-77.3268, 34.6842], [-77.323, 34.6575], [-77.3377, 34.6568], [-77.3643, 34.6863], [-77.3461, 34.6932]]]}}, {"type": "Feature", "properties": {}, "geometry": {"type": "Polygon", "coordinates": [[[-79.081, 34.6491], [-79.0392, 34.6499], [-79.0295, 34.6767], [-79.0233, 34.6833], [-78.9997, 34.6774], [-78.9881, 34.6624], [-78.9876, 34.6366], [-79.0023, 34.6016], [-79.0549, 34.611], [-79.0738, 34.623], [-79.081, 34.6491]]]}}, {"type": "Feature", "properties": {}, "geometry": {"type": "Polygon", "coordinates": [[[-87.0794, 34.6594], [-87.0377, 34.6449], [-87.0214, 34.6325], [-86.983, 34.6211], [-86.9318, 34.5855], [-86.9309, 34.579], [-86.938, 34.5733], [-86.9522, 34.5695], [-86.9751, 34.5433], [-86.9928, 34.5338], [-87.0235, 34.5352], [-87.0269, 34.5434], [-87.0468, 34.559], [-87.0464, 34.5899], [-87.0752, 34.641], [-87.0794, 34.6594]]]}}, {"type": "Feature", "properties": {}, "geometry": {"type": "Polygon", "coordinates": [[[-79.7126, 34.6228], [-79.7075, 34.6413], [-79.692, 34.6555], [-79.6664, 34.6602], [-79.6655, 34.6365], [-79.6688, 34.6176], [-79.68, 34.6041], [-79.7022, 34.6017], [-79.7126, 34.6228]]]}}, {"type": "Feature", "properties": {}, "geometry": {"type": "Polygon", "coordinates": [[[-83.3571, 34.5775], [-83.3582, 34.5935], [-83.3402, 34.6038], [-83.3224, 34.6007], [-83.2879, 34.5815], [-83.2913, 34.5718], [-83.3135, 34.5556], [-83.3243, 34.5575], [-83.3304, 34.5684], [-83.3491, 34.5714], [-83.3571, 34.5775]]]}}, {"type": "Feature", "properties": {}, "geometry": {"type": "Polygon", "coordinates": [[[-82.7116, 34.5741], [-82.6889, 34.5943], [-82.6764, 34.5896], [-82.6564, 34.5657], [-82.6266, 34.5501], [-82.6197, 34.5255], [-82.6252, 34.4965], [-82.6444, 34.4685], [-82.6582, 34.4731], [-82.6902, 34.511], [-82.7027, 34.5136], [-82.7026, 34.5425], [-82.7128, 34.5518], [-82.7141, 34.5585], [-82.7116, 34.5741]]]}}, {"type": "Feature", "properties": {}, "geometry": {"type": "Polygon", "coordinates": [[[-84.9693, 34.5055], [-84.9588, 34.5392], [-84.9215, 34.5494], [-84.9311, 34.5238], [-84.9145, 34.4788], [-84.9213, 34.4579], [-84.9564, 34.4693], [-84.9693, 34.5055]]]}}, {"type": "Feature", "properties": {}, "geometry": {"type": "Polygon", "coordinates": [[[-83.8923, 34.2739], [-83.8931, 34.2801], [-83.8818, 34.2939], [-83.8809, 34.3036], [-83.866, 34.3194], [-83.852, 34.3242], [-83.8415, 34.35], [-83.8342, 34.3496], [-83.7881, 34.3268], [-83.7937, 34.3008], [-83.8102, 34.2691], [-83.8217, 34.2614], [-83.8414, 34.2565], [-83.8642, 34.2576], [-83.8905, 34.2684], [-83.8923, 34.2739]]]}}, {"type": "Feature", "properties": {}, "geometry": {"type": "Polygon", "coordinates": [[[-81.6472, 34.2969], [-81.6375, 34.3224], [-81.6154, 34.337], [-81.5881, 34.3262], [-81.5994, 34.2872], [-81.6131, 34.2725], [-81.6356, 34.2686], [-81.6472, 34.2969]]]}}, {"type": "Feature", "properties": {}, "geometry": {"type": "Polygon", "coordinates": [[[-78.0018, 34.2569], [-77.9966, 34.2761], [-77.9868, 34.2851], [-77.9654, 34.2926], [-77.9568, 34.3048], [-77.9175, 34.286], [-77.8972, 34.2861], [-77.8936, 34.2962], [-77.8987, 34.3165], [-77.8922, 34.327], [-77.8848, 34.3289], [-77.8743, 34.3179], [-77.8563, 34.3165], [-77.8548, 34.3001], [-77.849, 34.294], [-77.8238, 34.2945], [-77.8007, 34.2829], [-77.8069, 34.2624], [-77.7968, 34.2374], [-77.8327, 34.207], [-77.8402, 34.1865], [-77.8655, 34.1845], [-77.8776, 34.1793], [-77.8938, 34.1463], [-77.921, 34.1285], [-77.9274, 34.1205], [-77.9563, 34.1911], [-77.9626, 34.1911], [-77.9639, 34.1794], [-77.9984, 34.2382], [-78.0018, 34.2569]]]}}, {"type": "Feature", "properties": {}, "geometry": {"type": "Polygon", "coordinates": [[[-88.791, 34.2928], [-88.7736, 34.3047], [-88.7655, 34.3053], [-88.7504, 34.2976], [-88.7245, 34.3078], [-88.7109, 34.3056], [-88.7058, 34.3008], [-88.6972, 34.2812], [-88.6762, 34.2578], [-88.6864, 34.2377], [-88.7056, 34.2278], [-88.7319, 34.2269], [-88.7564, 34.235], [-88.7628, 34.2438], [-88.7759, 34.2506], [-88.7824, 34.2604], [-88.791, 34.2928]]]}}, {"type": "Feature", "properties": {}, "geometry": {"type": "Polygon", "coordinates": [[[-86.2464, 34.2802], [-86.2282, 34.3028], [-86.2013, 34.2941], [-86.1821, 34.27], [-86.1877, 34.247], [-86.2101, 34.2489], [-86.2301, 34.2709], [-86.2464, 34.2802]]]}}, {"type": "Feature", "properties": {}, "geometry": {"type": "Polygon", "coordinates": [[[-85.2692, 34.2815], [-85.2429, 34.3048], [-85.2043, 34.3061], [-85.1319, 34.2816], [-85.1672, 34.2128], [-85.2126, 34.2462], [-85.2181, 34.2561], [-85.2459, 34.2573], [-85.2576, 34.2746], [-85.2692, 34.2815]]]}}, {"type": "Feature", "properties": {}, "geometry": {"type": "Polygon", "coordinates": [[[-80.6917, 34.2715], [-80.6447, 34.273], [-80.6262, 34.2896], [-80.6111, 34.2928], [-80.5949, 34.288], [-80.5779, 34.2719], [-80.5743, 34.2537], [-80.5888, 34.2452], [-80.6152, 34.2382], [-80.6207, 34.2324], [-80.6229, 34.2239], [-80.6427, 34.2231], [-80.6476, 34.2251], [-80.6512, 34.2352], [-80.6783, 34.2437], [-80.6909, 34.253], [-80.6917, 34.2715]]]}}, {"type": "Feature", "properties": {}, "geometry": {"type": "Polygon", "coordinates": [[[-82.2252, 34.2153], [-82.2023, 34.2496], [-82.1854, 34.2519], [-82.1803, 34.2606], [-82.1695, 34.2682], [-82.1606, 34.2674], [-82.133, 34.2384], [-82.1258, 34.2237], [-82.1262, 34.2049], [-82.1462, 34.1572], [-82.1636, 34.1575], [-82.1853, 34.1818], [-82.2087, 34.1935], [-82.2142, 34.2097], [-82.2252, 34.2153]]]}}, {"type": "Feature", "properties": {}, "geometry": {"type": "Polygon", "coordinates": [[[-84.836, 34.1592], [-84.825, 34.1892], [-84.8276, 34.1968], [-84.8357, 34.2048], [-84.8265, 34.2215], [-84.8017, 34.2431], [-84.7914, 34.26], [-84.7824, 34.2606], [-84.7787, 34.2574], [-84.7765, 34.2477], [-84.7844, 34.2349], [-84.7851, 34.228], [-84.7809, 34.2165], [-84.7674, 34.2022], [-84.7654, 34.1934], [-84.7697, 34.1742], [-84.7773, 34.1595], [-84.7947, 34.1483], [-84.8224, 34.1461], [-84.836, 34.1592]]]}}, {"type": "Feature", "properties": {}, "geometry": {"type": "Polygon", "coordinates": [[[-79.8577, 34.2097], [-79.85, 34.217], [-79.8236, 34.2287], [-79.8122, 34.2389], [-79.7972, 34.236], [-79.7894, 34.2387], [-79.7501, 34.2183], [-79.7327, 34.2145], [-79.7332, 34.2039], [-79.7387, 34.1908], [-79.7669, 34.1576], [-79.7935, 34.1543], [-79.8191, 34.1614], [-79.8423, 34.1756], [-79.8587, 34.1916], [-79.8577, 34.2097]]]}}, {"type": "Feature", "properties": {}, "geometry": {"type": "Polygon", "coordinates": [[[-86.8682, 34.2163], [-86.8515, 34.2163], [-86.8366, 34.2076], [-86.8289, 34.2095], [-86.8217, 34.2165], [-86.8098, 34.1993], [-86.8143, 34.1769], [-86.8327, 34.1351], [-86.8543, 34.1483], [-86.8694, 34.1708], [-86.8751, 34.1948], [-86.8682, 34.2163]]]}}, {"type": "Feature", "properties": {}, "geometry": {"type": "Polygon", "coordinates": [[[-81.2806, 33.9824], [-81.264, 34.006], [-81.2403, 34.0207], [-81.1929, 34.029], [-81.1874, 34.0351], [-81.1884, 34.0433], [-81.2019, 34.0667], [-81.2217, 34.0839], [-81.2275, 34.0946], [-81.225, 34.116], [-81.2086, 34.1268], [-81.1768, 34.1237], [-81.1616, 34.1288], [-81.1509, 34.1404], [-81.1444, 34.1385], [-81.1361, 34.1279], [-81.112, 34.1278], [-81.1001, 34.1089], [-81.0884, 34.1048], [-81.0846, 34.0888], [-81.0623, 34.0772], [-81.0497, 34.0813], [-81.0353, 34.1055], [-81.0017, 34.1038], [-80.9892, 34.1072], [-80.9734, 34.1274], [-80.9655, 34.1458], [-80.9359, 34.1506], [-80.9126, 34.1834], [-80.8969, 34.1844], [-80.866, 34.171], [-80.8709, 34.1537], [-80.8718, 34.1293], [-80.8773, 34.1138], [-80.9049, 34.0908], [-80.9122, 34.0644], [-80.9193, 34.0544], [-80.906, 34.0009], [-80.8992, 33.9922], [-80.9223, 33.9576], [-80.9517, 33.9576], [-80.961, 33.9481], [-80.9685, 33.9461], [-80.9831, 33.947], [-81.0147, 33.957], [-81.0391, 33.9549], [-81.0493, 33.951], [-81.0562, 33.9441], [-81.0615, 33.9198], [-81.068, 33.9128], [-81.1114, 33.9235], [-81.1574, 33.924], [-81.1664, 33.9341], [-81.1804, 33.9355], [-81.1928, 33.957], [-81.2045, 33.9591], [-81.246, 33.9572], [-81.2519, 33.9655], [-81.2806, 33.9824]]]}}, {"type": "Feature", "properties": {}, "geometry": {"type": "Polygon", "coordinates": [[[-84.697, 33.881], [-84.6692, 33.8808], [-84.6581, 33.8837], [-84.6468, 33.9049], [-84.6287, 33.917], [-84.629, 33.9253], [-84.6432, 33.9386], [-84.6798, 33.9577], [-84.6706, 33.9802], [-84.6591, 33.979], [-84.6464, 33.9672], [-84.6321, 33.961], [-84.6138, 33.9567], [-84.6045, 33.9631], [-84.6047, 33.9709], [-84.6118, 33.9853], [-84.6347, 34.0123], [-84.6644, 34.0343], [-84.6759, 34.0486], [-84.6694, 34.0626], [-84.669, 34.0748], [-84.659, 34.0802], [-84.6329, 34.0847], [-84.6168, 34.0961], [-84.6031, 34.111], [-84.5904, 34.1322], [-84.5786, 34.1612], [-84.565, 34.1605], [-84.5558, 34.1549], [-84.5217, 34.1065], [-84.5092, 34.1071], [-84.4913, 34.117], [-84.4773, 34.1164], [-84.4723, 34.1098], [-84.4669, 34.0866], [-84.4601, 34.0823], [-84.4448, 34.0803], [-84.4204, 34.0823], [-84.3805, 34.094], [-84.3567, 34.1057], [-84.286, 34.1093], [-84.2672, 34.1177], [-84.2332, 34.1499], [-84.2108, 34.1383], [-84.1919, 34.1171], [-84.175, 34.1036], [-84.167, 34.1016], [-84.1437, 34.105], [-84.1416, 34.0823], [-84.149, 34.0521], [-84.1447, 34.0453], [-84.1367, 34.0439], [-84.1269, 34.0478], [-84.1124, 34.0722], [-84.0879, 34.0733], [-84.0611, 34.0846], [-84.0389, 34.089], [-84.0219, 34.0831], [-84.0136, 34.0732], [-83.9993, 34.0716], [-83.9819, 34.0436], [-83.9749, 34.038], [-83.9432, 34.0337], [-83.9329, 34.0274], [-83.9296, 33.9995], [-83.9211, 33.9928], [-83.9762, 33.9236], [-83.9776, 33.907], [-83.9732, 33.8725], [-83.9772, 33.8578], [-84.0202, 33.8364], [-84.0434, 33.8085], [-84.0603, 33.7998], [-84.0801, 33.8001], [-84.0859, 33.7941], [-84.0822, 33.7417], [-84.0766, 33.7287], [-84.0691, 33.7257], [-84.0471, 33.7343], [-84.0327, 33.7273], [-84.0249, 33.7121], [-84.0188, 33.707], [-83.9738, 33.7165], [-83.9547, 33.7048], [-83.9774, 33.6243], [-83.9877, 33.6225], [-84.0022, 33.6339], [-84.0243, 33.6356], [-84.0319, 33.6449], [-84.0425, 33.6452], [-84.0544, 33.6511], [-84.0643, 33.6495], [-84.0695, 33.6594], [-84.0718, 33.6771], [-84.0906, 33.6796], [-84.1073, 33.6938], [-84.133, 33.7029], [-84.1396, 33.7003], [-84.1441, 33.691], [-84.1613, 33.6888], [-84.1668, 33.6796], [-84.2128, 33.6787], [-84.2224, 33.6684], [-84.2481, 33.656], [-84.2665, 33.6602], [-84.2741, 33.6562], [-84.2771, 33.6496], [-84.2779, 33.6299], [-84.2729, 33.6112], [-84.2441, 33.5631], [-84.2221, 33.5611], [-84.2094, 33.546], [-84.202, 33.5318], [-84.1992, 33.5136], [-84.2266, 33.4974], [-84.2435, 33.5032], [-84.2821, 33.5357], [-84.3194, 33.5352], [-84.3313, 33.5287], [-84.3402, 33.5125], [-84.3517, 33.5009], [-84.3788, 33.5017], [-84.3904, 33.5117], [-84.4116, 33.5059], [-84.4155, 33.4998], [-84.422, 33.4675], [-84.4605, 33.4476], [-84.4756, 33.4506], [-84.5026, 33.471], [-84.4908, 33.4914], [-84.4507, 33.514], [-84.4389, 33.5253], [-84.4382, 33.5328], [-84.4464, 33.5522], [-84.4947, 33.5859], [-84.5017, 33.5876], [-84.5081, 33.5841], [-84.5266, 33.553], [-84.5337, 33.5461], [-84.5483, 33.5437], [-84.5781, 33.5562], [-84.6116, 33.535], [-84.6127, 33.5624], [-84.5944, 33.5766], [-84.5905, 33.5944], [-84.5537, 33.6055], [-84.5376, 33.6322], [-84.537, 33.6471], [-84.5444, 33.6652], [-84.5581, 33.6696], [-84.5622, 33.7011], [-84.5656, 33.7074], [-84.5759, 33.7091], [-84.5985, 33.7], [-84.6137, 33.703], [-84.6216, 33.7171], [-84.618, 33.7314], [-84.6069, 33.7536], [-84.6118, 33.7633], [-84.6221, 33.767], [-84.6557, 33.7592], [-84.68, 33.7579], [-84.6814, 33.7727], [-84.6616, 33.7908], [-84.6598, 33.7979], [-84.6803, 33.8361], [-84.6875, 33.8591], [-84.6916, 33.8644], [-84.7024, 33.8693], [-84.697, 33.881]]]}}, {"type": "Feature", "properties": {}, "geometry": {"type": "Polygon", "coordinates": [[[-84.0398, 34.1248], [-84.0224, 34.1611], [-83.9993, 34.1495], [-83.9848, 34.1358], [-83.9814, 34.1157], [-83.9975, 34.0991], [-84.0346, 34.0906], [-84.0429, 34.106], [-84.0398, 34.1248]]]}}, {"type": "Feature", "properties": {}, "geometry": {"type": "Polygon", "coordinates": [[[-86.1, 34.0226], [-86.1023, 34.0375], [-86.0997, 34.039], [-85.9759, 34.0384], [-85.9429, 34.0258], [-85.9498, 33.9979], [-85.9556, 33.9903], [-86.0393, 33.9565], [-86.058, 33.9587], [-86.0599, 33.9655], [-86.0512, 33.9824], [-86.053, 33.9907], [-86.0791, 34.0018], [-86.0857, 34.0112], [-86.097, 34.0161], [-86.1, 34.0226]]]}}, {"type": "Feature", "properties": {}, "geometry": {"type": "Polygon", "coordinates": [[[-83.7447, 34.0122], [-83.7336, 34.0278], [-83.7069, 34.0089], [-83.7021, 33.995], [-83.7102, 33.9804], [-83.7337, 33.9824], [-83.7445, 33.995], [-83.7447, 34.0122]]]}}, {"type": "Feature", "properties": {}, "geometry": {"type": "Polygon", "coordinates": [[[-83.5141, 33.937], [-83.5022, 33.9574], [-83.4931, 33.966], [-83.4796, 33.9722], [-83.4657, 33.9722], [-83.4495, 33.9898], [-83.4117, 34.0108], [-83.3897, 34.016], [-83.3648, 34.0156], [-83.344, 34.0052], [-83.3344, 33.9866], [-83.3217, 33.9828], [-83.3178, 33.9682], [-83.3174, 33.927], [-83.3231, 33.9128], [-83.3794, 33.9128], [-83.4324, 33.9342], [-83.4934, 33.9282], [-83.5141, 33.937]]]}}, {"type": "Feature", "properties": {}, "geometry": {"type": "Polygon", "coordinates": [[[-80.4327, 33.9621], [-80.4243, 33.9833], [-80.4064, 33.9837], [-80.3966, 33.9931], [-80.3566, 33.9945], [-80.3529, 33.9717], [-80.3267, 33.9607], [-80.3216, 33.9485], [-80.3219, 33.9382], [-80.3331, 33.9136], [-80.3436, 33.9072], [-80.3627, 33.9025], [-80.384, 33.9034], [-80.4029, 33.9137], [-80.4047, 33.9254], [-80.4238, 33.9435], [-80.4327, 33.9621]]]}}, {"type": "Feature", "properties": {}, "geometry": {"type": "Polygon", "coordinates": [[[-79.0925, 33.8704], [-79.0804, 33.8728], [-79.0657, 33.8817], [-79.0504, 33.8821], [-79.0415, 33.8703], [-78.997, 33.8475], [-78.9909, 33.8411], [-78.9669, 33.8385], [-78.9662, 33.8043], [-78.9692, 33.7962], [-78.9666, 33.7893], [-78.9559, 33.7831], [-78.9475, 33.7731], [-78.9351, 33.7725], [-78.924, 33.7663], [-78.9017, 33.7723], [-78.8914, 33.7621], [-78.872, 33.7652], [-78.8313, 33.7874], [-78.801, 33.8209], [-78.7727, 33.8313], [-78.747, 33.8498], [-78.7302, 33.8519], [-78.7245, 33.8611], [-78.7033, 33.8637], [-78.6998, 33.872], [-78.6989, 33.8963], [-78.6908, 33.9056], [-78.6345, 33.8812], [-78.6269, 33.8679], [-78.6243, 33.8434], [-78.657, 33.8319], [-78.7633, 33.7786], [-78.8675, 33.7045], [-78.938, 33.6421], [-79.0338, 33.531], [-79.0604, 33.5725], [-79.0592, 33.6261], [-79.0413, 33.6301], [-79.0366, 33.6382], [-79.0153, 33.649], [-79.0089, 33.664], [-79.0069, 33.6939], [-79.0032, 33.7047], [-78.9804, 33.7072], [-78.9722, 33.719], [-78.9706, 33.7277], [-78.9769, 33.76], [-78.9812, 33.7684], [-78.9916, 33.7734], [-79.0138, 33.775], [-79.0257, 33.7806], [-79.0572, 33.8227], [-79.085, 33.839], [-79.0954, 33.8508], [-79.0925, 33.8704]]]}}, {"type": "Feature", "properties": {}, "geometry": {"type": "Polygon", "coordinates": [[[-87.3125, 33.872], [-87.2709, 33.8664], [-87.2585, 33.8567], [-87.2542, 33.8359], [-87.2783, 33.8344], [-87.2986, 33.8382], [-87.3114, 33.85], [-87.3125, 33.872]]]}}, {"type": "Feature", "properties": {}, "geometry": {"type": "Polygon", "coordinates": [[[-84.8002, 33.7458], [-84.7912, 33.7604], [-84.7849, 33.7631], [-84.7678, 33.7835], [-84.7439, 33.7838], [-84.7252, 33.7878], [-84.7138, 33.783], [-84.6988, 33.7709], [-84.7086, 33.7416], [-84.7263, 33.7229], [-84.7527, 33.7132], [-84.7902, 33.7129], [-84.7923, 33.7271], [-84.8002, 33.7458]]]}}, {"type": "Feature", "properties": {}, "geometry": {"type": "Polygon", "coordinates": [[[-85.8779, 33.6631], [-85.8591, 33.6838], [-85.8602, 33.7178], [-85.8565, 33.7279], [-85.8322, 33.7287], [-85.8076, 33.7379], [-85.7879, 33.7386], [-85.7654, 33.7267], [-85.7731, 33.7092], [-85.8082, 33.6979], [-85.8153, 33.6906], [-85.8104, 33.6765], [-85.7928, 33.6614], [-85.7786, 33.6436], [-85.7762, 33.6145], [-85.7852, 33.6067], [-85.8204, 33.602], [-85.8468, 33.5895], [-85.8572, 33.591], [-85.8592, 33.6133], [-85.869, 33.6252], [-85.8691, 33.6392], [-85.8802, 33.6477], [-85.8779, 33.6631]]]}}, {"type": "Feature", "properties": {}, "geometry": {"type": "Polygon", "coordinates": [[[-87.0244, 33.4266], [-87.0186, 33.4366], [-87.0258, 33.4563], [-87.024, 33.4717], [-87.0012, 33.4742], [-86.9932, 33.4861], [-86.9884, 33.5015], [-86.9701, 33.5151], [-86.9488, 33.5435], [-86.9231, 33.5553], [-86.9239, 33.5941], [-86.8528, 33.5969], [-86.8379, 33.6044], [-86.8344, 33.6288], [-86.8425, 33.6671], [-86.8344, 33.6833], [-86.8101, 33.683], [-86.8019, 33.6792], [-86.7861, 33.6598], [-86.7727, 33.6554], [-86.7339, 33.6724], [-86.7057, 33.6751], [-86.6971, 33.6799], [-86.6881, 33.6944], [-86.6798, 33.6915], [-86.6632, 33.6709], [-86.6434, 33.6606], [-86.6411, 33.6314], [-86.6209, 33.6268], [-86.6315, 33.6003], [-86.6321, 33.5692], [-86.6564, 33.5656], [-86.6654, 33.5359], [-86.7016, 33.5062], [-86.707, 33.4954], [-86.6994, 33.4629], [-86.667, 33.4342], [-86.6653, 33.414], [-86.688, 33.402], [-86.7022, 33.4018], [-86.7109, 33.3907], [-86.7497, 33.3825], [-86.7549, 33.3711], [-86.745, 33.3529], [-86.7556, 33.3461], [-86.7798, 33.3403], [-86.7888, 33.3334], [-86.7959, 33.317], [-86.7986, 33.2653], [-86.8107, 33.2242], [-86.8317, 33.2296], [-86.8498, 33.2583], [-86.869, 33.27], [-86.8699, 33.2776], [-86.8586, 33.2872], [-86.8577, 33.3045], [-86.8389, 33.3114], [-86.8361, 33.3221], [-86.8441, 33.343], [-86.8574, 33.3468], [-86.8586, 33.3807], [-86.8785, 33.409], [-86.8801, 33.4152], [-86.8768, 33.4249], [-86.8809, 33.4319], [-86.8881, 33.4342], [-86.8972, 33.4317], [-86.9056, 33.4246], [-86.9209, 33.4024], [-86.9331, 33.4001], [-86.9578, 33.3753], [-86.9955, 33.3632], [-87.013, 33.3787], [-87.0242, 33.3804], [-87.0244, 33.4266]]]}}, {"type": "Feature", "properties": {}, "geometry": {"type": "Polygon", "coordinates": [[[-88.6724, 33.6331], [-88.6319, 33.6385], [-88.6431, 33.603], [-88.6675, 33.6103], [-88.6724, 33.6331]]]}}, {"type": "Feature", "properties": {}, "geometry": {"type": "Polygon", "coordinates": [[[-83.9026, 33.6031], [-83.9035, 33.611], [-83.893, 33.6199], [-83.8911, 33.6385], [-83.8698, 33.6433], [-83.8411, 33.6409], [-83.8161, 33.6288], [-83.8099, 33.6041], [-83.8291, 33.5929], [-83.8563, 33.5895], [-83.8833, 33.5928], [-83.9026, 33.6031]]]}}, {"type": "Feature", "properties": {}, "geometry": {"type": "Polygon", "coordinates": [[[-85.119, 33.5855], [-85.1132, 33.605], [-85.0941, 33.6144], [-85.0726, 33.6111], [-85.032, 33.5931], [-85.0468, 33.5569], [-85.0564, 33.5461], [-85.0826, 33.5473], [-85.1058, 33.5621], [-85.119, 33.5855]]]}}, {"type": "Feature", "properties": {}, "geometry": {"type": "Polygon", "coordinates": [[[-81.7809, 33.6036], [-81.7559, 33.6154], [-81.7336, 33.6188], [-81.7152, 33.6153], [-81.6998, 33.6053], [-81.6912, 33.5808], [-81.6919, 33.5467], [-81.708, 33.517], [-81.7462, 33.5129], [-81.7542, 33.5208], [-81.758, 33.5662], [-81.7811, 33.5893], [-81.7809, 33.6036]]]}}, {"type": "Feature", "properties": {}, "geometry": {"type": "Polygon", "coordinates": [[[-82.2141, 33.4489], [-82.2092, 33.4617], [-82.1996, 33.4695], [-82.1773, 33.4737], [-82.1716, 33.4797], [-82.1801, 33.583], [-82.1667, 33.5852], [-82.1466, 33.5944], [-82.1338, 33.5946], [-82.1043, 33.5884], [-82.024, 33.5508], [-81.9969, 33.5465], [-81.9695, 33.5565], [-81.9544, 33.5761], [-81.9469, 33.6052], [-81.9312, 33.6044], [-81.9272, 33.5998], [-81.9321, 33.5789], [-81.9303, 33.5644], [-81.8991, 33.5149], [-81.8992, 33.5035], [-81.9098, 33.4792], [-81.9, 33.4503], [-81.8991, 33.4375], [-81.9013, 33.435], [-81.9306, 33.4342], [-81.9561, 33.424], [-81.972, 33.4239], [-81.978, 33.4185], [-81.9826, 33.4004], [-81.9777, 33.3887], [-81.9365, 33.3723], [-81.9326, 33.3474], [-81.9481, 33.3371], [-81.956, 33.3241], [-81.9763, 33.328], [-82.0102, 33.3551], [-82.0244, 33.3577], [-82.0269, 33.3653], [-82.0338, 33.3702], [-82.0788, 33.3684], [-82.0889, 33.3791], [-82.124, 33.3907], [-82.127, 33.3991], [-82.1251, 33.4183], [-82.1329, 33.4257], [-82.1417, 33.426], [-82.1784, 33.4129], [-82.1906, 33.4177], [-82.2141, 33.4489]]]}}, {"type": "Feature", "properties": {}, "geometry": {"type": "Polygon", "coordinates": [[[-80.9079, 33.4879], [-80.9143, 33.5044], [-80.9107, 33.5275], [-80.9026, 33.5496], [-80.8727, 33.5501], [-80.8563, 33.5724], [-80.8459, 33.572], [-80.8219, 33.5604], [-80.8208, 33.52], [-80.8259, 33.4941], [-80.8371, 33.4783], [-80.8557, 33.4687], [-80.8764, 33.4669], [-80.8945, 33.4742], [-80.9079, 33.4879]]]}}, {"type": "Feature", "properties": {}, "geometry": {"type": "Polygon", "coordinates": [[[-88.4798, 33.5258], [-88.4765, 33.5386], [-88.4601, 33.5498], [-88.4401, 33.5554], [-88.4211, 33.5497], [-88.4129, 33.5408], [-88.3748, 33.5443], [-88.3647, 33.5373], [-88.3687, 33.4817], [-88.3774, 33.4684], [-88.4107, 33.4851], [-88.4227, 33.4795], [-88.4401, 33.4908], [-88.4607, 33.5118], [-88.4798, 33.5258]]]}}, {"type": "Feature", "properties": {}, "geometry": {"type": "Polygon", "coordinates": [[[-82.5281, 33.4994], [-82.5315, 33.5218], [-82.5225, 33.5389], [-82.5042, 33.5291], [-82.4913, 33.5107], [-82.489, 33.4888], [-82.4998, 33.4688], [-82.5186, 33.4809], [-82.5281, 33.4994]]]}}, {"type": "Feature", "properties": {}, "geometry": {"type": "Polygon", "coordinates": [[[-88.8575, 33.4593], [-88.8477, 33.4781], [-88.8298, 33.491], [-88.8074, 33.4935], [-88.7871, 33.4822], [-88.7913, 33.4568], [-88.8116, 33.4463], [-88.8375, 33.4478], [-88.8575, 33.4593]]]}}, {"type": "Feature", "properties": {}, "geometry": {"type": "Polygon", "coordinates": [[[-84.1978, 33.447], [-84.1788, 33.4724], [-84.1322, 33.4598], [-84.1441, 33.4422], [-84.1651, 33.4313], [-84.1855, 33.4288], [-84.2009, 33.4349], [-84.2026, 33.4373], [-84.1978, 33.447]]]}}, {"type": "Feature", "properties": {}, "geometry": {"type": "Polygon", "coordinates": [[[-84.6108, 33.4352], [-84.6011, 33.4501], [-84.5635, 33.443], [-84.5544, 33.4378], [-84.5516, 33.4176], [-84.5616, 33.3982], [-84.5791, 33.3841], [-84.6014, 33.3797], [-84.6113, 33.3961], [-84.614, 33.4159], [-84.6108, 33.4352]]]}}, {"type": "Feature", "properties": {}, "geometry": {"type": "Polygon", "coordinates": [[[-84.836, 33.3879], [-84.8356, 33.4048], [-84.8263, 33.4121], [-84.7914, 33.4167], [-84.7592, 33.4292], [-84.7434, 33.4293], [-84.732, 33.4153], [-84.7313, 33.3987], [-84.7657, 33.3904], [-84.7794, 33.3707], [-84.794, 33.3589], [-84.8127, 33.3576], [-84.8204, 33.3718], [-84.836, 33.3879]]]}}, {"type": "Feature", "properties": {}, "geometry": {"type": "Polygon", "coordinates": [[[-79.3367, 33.3818], [-79.3212, 33.4031], [-79.2991, 33.4124], [-79.2802, 33.4031], [-79.2773, 33.3702], [-79.2968, 33.3673], [-79.3123, 33.3692], [-79.3257, 33.3738], [-79.3367, 33.3818]]]}}, {"type": "Feature", "properties": {}, "geometry": {"type": "Polygon", "coordinates": [[[-81.6916, 33.295], [-81.6903, 33.2978], [-81.6783, 33.3006], [-81.6542, 33.3027], [-81.6484, 33.3082], [-81.6458, 33.3169], [-81.6259, 33.3061], [-81.6281, 33.2894], [-81.65, 33.2771], [-81.6911, 33.2799], [-81.6916, 33.295]]]}}, {"type": "Feature", "properties": {}, "geometry": {"type": "Polygon", "coordinates": [[[-84.3247, 33.2827], [-84.3124, 33.3056], [-84.2862, 33.3005], [-84.2321, 33.2592], [-84.2415, 33.244], [-84.274, 33.2256], [-84.2876, 33.2222], [-84.301, 33.224], [-84.309, 33.2323], [-84.3131, 33.2637], [-84.3229, 33.2752], [-84.3247, 33.2827]]]}}, {"type": "Feature", "properties": {}, "geometry": {"type": "Polygon", "coordinates": [[[-87.6239, 33.2605], [-87.5989, 33.2642], [-87.5921, 33.2717], [-87.5892, 33.2836], [-87.571, 33.2736], [-87.5472, 33.2674], [-87.5337, 33.273], [-87.5236, 33.2832], [-87.5158, 33.283], [-87.5081, 33.2723], [-87.4767, 33.2635], [-87.4633, 33.2437], [-87.4538, 33.2364], [-87.4541, 33.2258], [-87.4647, 33.2008], [-87.465, 33.1699], [-87.4794, 33.1601], [-87.515, 33.1549], [-87.5291, 33.1482], [-87.5439, 33.1241], [-87.5591, 33.1283], [-87.5753, 33.1398], [-87.6227, 33.2023], [-87.6293, 33.2287], [-87.6239, 33.2605]]]}}, {"type": "Feature", "properties": {}, "geometry": {"type": "Polygon", "coordinates": [[[-86.3037, 33.1765], [-86.3015, 33.1944], [-86.2934, 33.1956], [-86.278, 33.2058], [-86.2619, 33.2046], [-86.2495, 33.1965], [-86.2425, 33.1817], [-86.2429, 33.1588], [-86.2747, 33.1561], [-86.2931, 33.1625], [-86.3037, 33.1765]]]}}, {"type": "Feature", "properties": {}, "geometry": {"type": "Polygon", "coordinates": [[[-83.2915, 33.1135], [-83.2906, 33.1278], [-83.2717, 33.1311], [-83.2494, 33.1423], [-83.2332, 33.1388], [-83.2311, 33.1052], [-83.224, 33.0978], [-83.2107, 33.0711], [-83.2106, 33.058], [-83.2251, 33.052], [-83.2399, 33.0524], [-83.2554, 33.0585], [-83.269, 33.069], [-83.2699, 33.0907], [-83.2806, 33.1023], [-83.2894, 33.1071], [-83.2915, 33.1135]]]}}, {"type": "Feature", "properties": {}, "geometry": {"type": "Polygon", "coordinates": [[[-85.0808, 33.026], [-85.0793, 33.0397], [-85.0614, 33.0572], [-85.0562, 33.0725], [-85.0434, 33.0753], [-85.0114, 33.062], [-84.97, 33.0691], [-84.9656, 33.0605], [-84.9664, 33.0435], [-85.0086, 33.0361], [-85.0413, 33.0148], [-85.0499, 33.0033], [-85.0689, 33.0026], [-85.0808, 33.026]]]}}, {"type": "Feature", "properties": {}, "geometry": {"type": "Polygon", "coordinates": [[[-80.2318, 33.0611], [-80.2232, 33.0725], [-80.1357, 33.0705], [-80.1099, 33.0616], [-80.0694, 33.064], [-80.0559, 33.061], [-80.0495, 33.0538], [-80.0461, 33.0336], [-80.033, 33.027], [-80.0216, 33.0014], [-80.0129, 32.9905], [-79.9887, 32.9827], [-79.9884, 32.9693], [-79.9988, 32.956], [-79.9956, 32.9456], [-79.9748, 32.944], [-79.9556, 32.9385], [-79.9426, 32.9181], [-79.9302, 32.8834], [-79.9237, 32.8807], [-79.9117, 32.8834], [-79.8951, 32.8642], [-79.8738, 32.8632], [-79.8426, 32.8708], [-79.8121, 32.8724], [-79.811, 32.8401], [-79.8152, 32.8251], [-79.8226, 32.8133], [-79.8781, 32.7931], [-79.8833, 32.7885], [-79.8991, 32.7934], [-79.9062, 32.8004], [-79.8975, 32.8161], [-79.8749, 32.8412], [-79.8923, 32.8548], [-79.8992, 32.8518], [-79.9034, 32.8449], [-79.9028, 32.8344], [-79.9381, 32.8541], [-79.9438, 32.8515], [-79.9301, 32.7965], [-79.9341, 32.7834], [-79.944, 32.7824], [-79.9717, 32.7996], [-79.9676, 32.7852], [-79.9574, 32.772], [-79.9455, 32.764], [-79.9666, 32.7416], [-79.9661, 32.726], [-79.9693, 32.7245], [-79.998, 32.7448], [-80.0085, 32.7652], [-80.0585, 32.783], [-80.0698, 32.7916], [-80.0762, 32.8087], [-80.0765, 32.8488], [-80.0823, 32.8713], [-80.1029, 32.8802], [-80.1131, 32.9008], [-80.1352, 32.9198], [-80.1396, 32.9298], [-80.1364, 32.9493], [-80.1231, 32.9576], [-80.0951, 32.9597], [-80.091, 32.9689], [-80.094, 32.9767], [-80.1039, 32.9851], [-80.1368, 32.9993], [-80.1448, 32.9915], [-80.1442, 32.9803], [-80.1522, 32.9753], [-80.1663, 32.9472], [-80.1695, 32.9469], [-80.2328, 33.0015], [-80.2261, 33.0394], [-80.2318, 33.0611]]]}}, {"type": "Feature", "properties": {}, "geometry": {"type": "Polygon", "coordinates": [[[-82.8464, 32.967], [-82.8438, 32.9892], [-82.8226, 33.0279], [-82.7991, 33.0094], [-82.7918, 32.9802], [-82.8029, 32.9562], [-82.8333, 32.9464], [-82.8464, 32.967]]]}}, {"type": "Feature", "properties": {}, "geometry": {"type": "Polygon", "coordinates": [[[-86.0029, 32.9552], [-85.9925, 32.9607], [-85.9853, 32.9707], [-85.9691, 32.9726], [-85.9318, 32.9486], [-85.9372, 32.9328], [-85.9528, 32.9258], [-85.9712, 32.9263], [-85.9908, 32.9357], [-86.0022, 32.9473], [-86.0029, 32.9552]]]}}, {"type": "Feature", "properties": {}, "geometry": {"type": "Polygon", "coordinates": [[[-84.3488, 32.9335], [-84.3303, 32.9377], [-84.315, 32.9285], [-84.3102, 32.9027], [-84.3257, 32.8933], [-84.3572, 32.913], [-84.3488, 32.9335]]]}}, {"type": "Feature", "properties": {}, "geometry": {"type": "Polygon", "coordinates": [[[-83.7634, 32.8466], [-83.7647, 32.882], [-83.7584, 32.9043], [-83.7372, 32.9183], [-83.7357, 32.9383], [-83.6926, 32.9435], [-83.6305, 32.8945], [-83.5665, 32.8944], [-83.5634, 32.8759], [-83.5529, 32.8551], [-83.5554, 32.8354], [-83.5872, 32.8354], [-83.6003, 32.8274], [-83.6101, 32.8031], [-83.6198, 32.7957], [-83.6262, 32.7766], [-83.6402, 32.7692], [-83.6608, 32.7705], [-83.6898, 32.7795], [-83.6979, 32.7888], [-83.7177, 32.7934], [-83.7289, 32.7998], [-83.7634, 32.8466]]]}}, {"type": "Feature", "properties": {}, "geometry": {"type": "Polygon", "coordinates": [[[-85.2248, 32.8597], [-85.2161, 32.8906], [-85.187, 32.8996], [-85.1647, 32.8824], [-85.1778, 32.8352], [-85.2181, 32.852], [-85.2248, 32.8597]]]}}, {"type": "Feature", "properties": {}, "geometry": {"type": "Polygon", "coordinates": [[[-85.5418, 32.6131], [-85.5264, 32.6265], [-85.5242, 32.6385], [-85.5071, 32.6521], [-85.5014, 32.6612], [-85.4653, 32.6627], [-85.4445, 32.6838], [-85.4255, 32.6833], [-85.4174, 32.6896], [-85.4086, 32.6916], [-85.3432, 32.6713], [-85.3421, 32.6601], [-85.3554, 32.6451], [-85.3664, 32.6243], [-85.3813, 32.6222], [-85.42, 32.6244], [-85.4333, 32.6131], [-85.4535, 32.6132], [-85.4683, 32.5954], [-85.4782, 32.5908], [-85.5346, 32.5909], [-85.5433, 32.6042], [-85.5418, 32.6131]]]}}, {"type": "Feature", "properties": {}, "geometry": {"type": "Polygon", "coordinates": [[[-83.7136, 32.6274], [-83.7033, 32.6426], [-83.6174, 32.677], [-83.6033, 32.6773], [-83.5898, 32.6691], [-83.5784, 32.6517], [-83.5673, 32.6443], [-83.5642, 32.6098], [-83.5659, 32.6027], [-83.575, 32.5953], [-83.6066, 32.5914], [-83.6226, 32.5797], [-83.6505, 32.5796], [-83.6734, 32.5916], [-83.7136, 32.6274]]]}}, {"type": "Feature", "properties": {}, "geometry": {"type": "Polygon", "coordinates": [[[-82.3588, 32.6068], [-82.3577, 32.6277], [-82.3357, 32.6236], [-82.3196, 32.612], [-82.3139, 32.5958], [-82.322, 32.5801], [-82.342, 32.5812], [-82.3536, 32.5905], [-82.3588, 32.6068]]]}}, {"type": "Feature", "properties": {}, "geometry": {"type": "Polygon", "coordinates": [[[-85.0803, 32.5154], [-85.0695, 32.5218], [-85.0573, 32.5389], [-85.022, 32.5402], [-84.9929, 32.5604], [-84.9905, 32.5834], [-84.9774, 32.5841], [-84.9685, 32.5943], [-84.9485, 32.6002], [-84.9261, 32.5947], [-84.8883, 32.5721], [-84.8679, 32.5579], [-84.8597, 32.5493], [-84.8541, 32.5371], [-84.8574, 32.5175], [-84.866, 32.5024], [-84.8762, 32.497], [-84.8814, 32.4623], [-84.8873, 32.4484], [-84.9089, 32.4261], [-84.9179, 32.4088], [-84.9168, 32.3982], [-84.9099, 32.3934], [-84.9126, 32.3781], [-84.9235, 32.3734], [-84.9513, 32.3696], [-84.9616, 32.36], [-84.9834, 32.3516], [-84.9916, 32.3525], [-85.0027, 32.3598], [-85.0022, 32.3771], [-84.9837, 32.3958], [-84.9835, 32.4047], [-85.0624, 32.4776], [-85.0803, 32.5154]]]}}, {"type": "Feature", "properties": {}, "geometry": {"type": "Polygon", "coordinates": [[[-82.9688, 32.5699], [-82.9647, 32.5829], [-82.9565, 32.5947], [-82.9258, 32.5737], [-82.9061, 32.5765], [-82.8811, 32.5906], [-82.8656, 32.5816], [-82.8701, 32.5631], [-82.8806, 32.5454], [-82.8955, 32.5312], [-82.9117, 32.5241], [-82.9274, 32.524], [-82.969, 32.5357], [-82.9688, 32.5699]]]}}, {"type": "Feature", "properties": {}, "geometry": {"type": "Polygon", "coordinates": [[[-87.8688, 32.5149], [-87.8578, 32.5343], [-87.8339, 32.5389], [-87.8136, 32.5286], [-87.8095, 32.5031], [-87.8434, 32.5025], [-87.8574, 32.507], [-87.8688, 32.5149]]]}}, {"type": "Feature", "properties": {}, "geometry": {"type": "Polygon", "coordinates": [[[-83.7805, 32.459], [-83.7675, 32.5059], [-83.7525, 32.5087], [-83.6989, 32.4818], [-83.7253, 32.4459], [-83.7409, 32.4352], [-83.7573, 32.4356], [-83.7805, 32.459]]]}}, {"type": "Feature", "properties": {}, "geometry": {"type": "Polygon", "coordinates": [[[-86.4855, 32.446], [-86.4674, 32.4947], [-86.4481, 32.4922], [-86.4095, 32.4707], [-86.4212, 32.4527], [-86.4535, 32.4331], [-86.4667, 32.4131], [-86.4854, 32.4245], [-86.4855, 32.446]]]}}, {"type": "Feature", "properties": {}, "geometry": {"type": "Polygon", "coordinates": [[[-81.8143, 32.4926], [-81.8111, 32.4946], [-81.7682, 32.4826], [-81.744, 32.4829], [-81.7448, 32.4519], [-81.7507, 32.4278], [-81.7654, 32.4091], [-81.7917, 32.4028], [-81.8103, 32.4412], [-81.8153, 32.4643], [-81.8143, 32.4926]]]}}, {"type": "Feature", "properties": {}, "geometry": {"type": "Polygon", "coordinates": [[[-80.7564, 32.4703], [-80.7478, 32.4931], [-80.7449, 32.4946], [-80.7099, 32.474], [-80.6966, 32.4539], [-80.6887, 32.4497], [-80.688, 32.4413], [-80.7019, 32.4342], [-80.7121, 32.4241], [-80.7334, 32.43], [-80.7501, 32.4475], [-80.7564, 32.4703]]]}}, {"type": "Feature", "properties": {}, "geometry": {"type": "Polygon", "coordinates": [[[-87.0673, 32.4409], [-87.0443, 32.4724], [-87.004, 32.4396], [-86.9991, 32.4209], [-87.0096, 32.4029], [-87.024, 32.3922], [-87.0604, 32.407], [-87.0687, 32.4141], [-87.071, 32.4277], [-87.0673, 32.4409]]]}}, {"type": "Feature", "properties": {}, "geometry": {"type": "Polygon", "coordinates": [[[-86.3934, 32.4047], [-86.3901, 32.4168], [-86.3615, 32.4173], [-86.3537, 32.4205], [-86.3345, 32.4502], [-86.2012, 32.4504], [-86.1902, 32.4403], [-86.1661, 32.439], [-86.1633, 32.4161], [-86.1504, 32.4087], [-86.133, 32.4057], [-86.131, 32.395], [-86.1343, 32.3874], [-86.1606, 32.368], [-86.1741, 32.342], [-86.2119, 32.3346], [-86.2293, 32.3261], [-86.2443, 32.3021], [-86.2754, 32.3126], [-86.3007, 32.302], [-86.3065, 32.31], [-86.3144, 32.3127], [-86.3374, 32.3073], [-86.3451, 32.302], [-86.3686, 32.3137], [-86.3699, 32.3361], [-86.4014, 32.3611], [-86.4022, 32.3712], [-86.391, 32.3801], [-86.3934, 32.4047]]]}}, {"type": "Feature", "properties": {}, "geometry": {"type": "Polygon", "coordinates": [[[-88.7647, 32.386], [-88.745, 32.3952], [-88.7057, 32.4363], [-88.6935, 32.4385], [-88.6761, 32.4271], [-88.6537, 32.381], [-88.665, 32.3608], [-88.6763, 32.3516], [-88.6888, 32.3463], [-88.709, 32.3466], [-88.7393, 32.3319], [-88.7539, 32.3289], [-88.7687, 32.3372], [-88.7706, 32.3718], [-88.7686, 32.3824], [-88.7647, 32.386]]]}}, {"type": "Feature", "properties": {}, "geometry": {"type": "Polygon", "coordinates": [[[-82.4473, 32.2488], [-82.3972, 32.2566], [-82.3881, 32.2494], [-82.3773, 32.2247], [-82.3898, 32.2038], [-82.4136, 32.2005], [-82.4363, 32.216], [-82.4473, 32.2488]]]}}, {"type": "Feature", "properties": {}, "geometry": {"type": "Polygon", "coordinates": [[[-81.2692, 32.1279], [-81.2326, 32.1842], [-81.2196, 32.194], [-81.2005, 32.1946], [-81.1895, 32.186], [-81.1831, 32.1849], [-81.1581, 32.1952], [-81.1455, 32.1948], [-81.1112, 32.1612], [-81.0891, 32.1296], [-81.0671, 32.128], [-81.0525, 32.1112], [-81.0388, 32.1049], [-81.0121, 32.1059], [-81.0105, 32.1031], [-81.017, 32.0697], [-81.022, 32.0582], [-81.0516, 32.039], [-81.055, 32.0333], [-81.0552, 32.0139], [-81.0615, 32.0113], [-81.1, 31.9691], [-81.1264, 31.9643], [-81.1516, 31.9664], [-81.1779, 31.9754], [-81.2031, 31.9921], [-81.2029, 32.0099], [-81.193, 32.0511], [-81.1975, 32.0654], [-81.2136, 32.0936], [-81.2151, 32.1106], [-81.2255, 32.1161], [-81.243, 32.1062], [-81.2576, 32.1021], [-81.2616, 32.1097], [-81.2697, 32.1142], [-81.2692, 32.1279]]]}}, {"type": "Feature", "properties": {}, "geometry": {"type": "Polygon", "coordinates": [[[-84.2692, 32.1029], [-84.2678, 32.106], [-84.2396, 32.117], [-84.2118, 32.1034], [-84.1989, 32.0762], [-84.2105, 32.047], [-84.2342, 32.0527], [-84.2509, 32.0642], [-84.263, 32.0816], [-84.2692, 32.1029]]]}}, {"type": "Feature", "properties": {}, "geometry": {"type": "Polygon", "coordinates": [[[-83.8028, 31.9719], [-83.8012, 31.997], [-83.7915, 32.0161], [-83.7644, 32.0122], [-83.7544, 31.9911], [-83.7558, 31.9674], [-83.7662, 31.9468], [-83.7916, 31.9505], [-83.8028, 31.9719]]]}}, {"type": "Feature", "properties": {}, "geometry": {"type": "Polygon", "coordinates": [[[-81.3476, 31.9366], [-81.3386, 31.9544], [-81.3246, 31.9668], [-81.305, 31.9732], [-81.277, 31.9712], [-81.2838, 31.9508], [-81.3006, 31.9417], [-81.3476, 31.9366]]]}}, {"type": "Feature", "properties": {}, "geometry": {"type": "Polygon", "coordinates": [[[-85.18, 31.9161], [-85.1461, 31.9146], [-85.1323, 31.898], [-85.1368, 31.8777], [-85.1546, 31.8691], [-85.1681, 31.8718], [-85.1759, 31.88], [-85.1805, 31.8946], [-85.18, 31.9161]]]}}, {"type": "Feature", "properties": {}, "geometry": {"type": "Polygon", "coordinates": [[[-81.6662, 31.8867], [-81.66, 31.8974], [-81.646, 31.9059], [-81.6323, 31.9059], [-81.6235, 31.917], [-81.6089, 31.9151], [-81.5659, 31.8932], [-81.5849, 31.8376], [-81.6028, 31.8182], [-81.6342, 31.8131], [-81.6474, 31.8364], [-81.6475, 31.8612], [-81.6643, 31.8775], [-81.6662, 31.8867]]]}}, {"type": "Feature", "properties": {}, "geometry": {"type": "Polygon", "coordinates": [[[-85.9912, 31.7923], [-85.9676, 31.8281], [-85.9318, 31.8043], [-85.9396, 31.7867], [-85.9561, 31.7802], [-85.9756, 31.7823], [-85.9912, 31.7923]]]}}, {"type": "Feature", "properties": {}, "geometry": {"type": "Polygon", "coordinates": [[[-84.2695, 31.6152], [-84.2658, 31.6285], [-84.2385, 31.649], [-84.2355, 31.6609], [-84.1967, 31.6634], [-84.1885, 31.6612], [-84.1804, 31.6514], [-84.1673, 31.6505], [-84.1587, 31.6442], [-84.1228, 31.6505], [-84.1155, 31.6392], [-84.0842, 31.6318], [-84.0669, 31.6001], [-84.0655, 31.592], [-84.0684, 31.5763], [-84.0769, 31.563], [-84.1196, 31.537], [-84.145, 31.5353], [-84.1619, 31.5474], [-84.1912, 31.5525], [-84.2016, 31.5578], [-84.2323, 31.5852], [-84.2536, 31.5943], [-84.2584, 31.6101], [-84.2695, 31.6152]]]}}, {"type": "Feature", "properties": {}, "geometry": {"type": "Polygon", "coordinates": [[[-81.9101, 31.6277], [-81.8664, 31.6388], [-81.8789, 31.5947], [-81.9048, 31.602], [-81.9101, 31.6277]]]}}, {"type": "Feature", "properties": {}, "geometry": {"type": "Polygon", "coordinates": [[[-82.9029, 31.5159], [-82.8988, 31.5283], [-82.8704, 31.5383], [-82.8522, 31.5512], [-82.8437, 31.5495], [-82.8213, 31.5265], [-82.824, 31.5163], [-82.8329, 31.5048], [-82.8436, 31.4959], [-82.8563, 31.4909], [-82.871, 31.4921], [-82.9029, 31.5159]]]}}, {"type": "Feature", "properties": {}, "geometry": {"type": "Polygon", "coordinates": [[[-83.5692, 31.4498], [-83.5583, 31.4736], [-83.534, 31.4905], [-83.5049, 31.4947], [-83.4768, 31.4825], [-83.5101, 31.4365], [-83.5223, 31.4244], [-83.5325, 31.4267], [-83.5686, 31.4468], [-83.5692, 31.4498]]]}}, {"type": "Feature", "properties": {}, "geometry": {"type": "Polygon", "coordinates": [[[-85.6603, 31.4651], [-85.6462, 31.4781], [-85.6291, 31.4822], [-85.6097, 31.4709], [-85.6208, 31.4536], [-85.636, 31.4428], [-85.6518, 31.4395], [-85.6691, 31.448], [-85.6603, 31.4651]]]}}, {"type": "Feature", "properties": {}, "geometry": {"type": "Polygon", "coordinates": [[[-85.8799, 31.3496], [-85.863, 31.3599], [-85.845, 31.3612], [-85.8193, 31.3406], [-85.8148, 31.3308], [-85.8328, 31.3023], [-85.8524, 31.3055], [-85.8676, 31.3148], [-85.8763, 31.3285], [-85.8799, 31.3496]]]}}, {"type": "Feature", "properties": {}, "geometry": {"type": "Polygon", "coordinates": [[[-86.5121, 31.3222], [-86.5017, 31.3349], [-86.4867, 31.3397], [-86.4652, 31.3381], [-86.4666, 31.3187], [-86.4769, 31.3065], [-86.4917, 31.3018], [-86.5125, 31.3023], [-86.5121, 31.3222]]]}}, {"type": "Feature", "properties": {}, "geometry": {"type": "Polygon", "coordinates": [[[-85.4735, 31.2641], [-85.458, 31.2939], [-85.449, 31.2956], [-85.4383, 31.2821], [-85.3756, 31.2634], [-85.3655, 31.2496], [-85.3575, 31.2307], [-85.3568, 31.2177], [-85.3662, 31.2022], [-85.3764, 31.1943], [-85.3898, 31.1913], [-85.4105, 31.194], [-85.4339, 31.2019], [-85.4418, 31.2116], [-85.4717, 31.2217], [-85.4794, 31.2398], [-85.4735, 31.2641]]]}}, {"type": "Feature", "properties": {}, "geometry": {"type": "Polygon", "coordinates": [[[-82.4147, 31.2014], [-82.408, 31.2163], [-82.3929, 31.2368], [-82.3848, 31.2637], [-82.3789, 31.2727], [-82.3564, 31.2664], [-82.3398, 31.2549], [-82.3276, 31.2375], [-82.3214, 31.2158], [-82.3582, 31.189], [-82.3815, 31.18], [-82.4134, 31.1803], [-82.4147, 31.2014]]]}}, {"type": "Feature", "properties": {}, "geometry": {"type": "Polygon", "coordinates": [[[-81.5475, 31.2492], [-81.54, 31.256], [-81.5199, 31.2589], [-81.5121, 31.2728], [-81.4974, 31.2713], [-81.4644, 31.2578], [-81.455, 31.2496], [-81.4534, 31.2384], [-81.466, 31.2209], [-81.4676, 31.1842], [-81.4726, 31.1619], [-81.4892, 31.1468], [-81.5089, 31.1452], [-81.5174, 31.1569], [-81.5261, 31.1936], [-81.5492, 31.2337], [-81.5475, 31.2492]]]}}, {"type": "Feature", "properties": {}, "geometry": {"type": "Polygon", "coordinates": [[[-83.8136, 31.1939], [-83.7894, 31.1956], [-83.769, 31.1917], [-83.7567, 31.1807], [-83.7546, 31.1587], [-83.7788, 31.1571], [-83.7987, 31.1606], [-83.8117, 31.1721], [-83.8136, 31.1939]]]}}, {"type": "Feature", "properties": {}, "geometry": {"type": "Polygon", "coordinates": [[[-88.0829, 30.9963], [-88.0787, 31.0281], [-88.0558, 31.0222], [-88.0359, 31.0114], [-88.0108, 31.0172], [-88.0094, 30.959], [-88.0241, 30.9556], [-88.0368, 30.9793], [-88.0713, 30.9847], [-88.0829, 30.9963]]]}}, {"type": "Feature", "properties": {}, "geometry": {"type": "Polygon", "coordinates": [[[-84.6137, 30.9158], [-84.5977, 30.9366], [-84.5692, 30.9396], [-84.545, 30.9246], [-84.5433, 30.8923], [-84.5699, 30.8896], [-84.5868, 30.8956], [-84.6137, 30.9158]]]}}, {"type": "Feature", "properties": {}, "geometry": {"type": "Polygon", "coordinates": [[[-83.3547, 30.8588], [-83.3275, 30.891], [-83.3244, 30.9056], [-83.3031, 30.9099], [-83.2818, 30.9029], [-83.2633, 30.8888], [-83.245, 30.8472], [-83.2434, 30.8368], [-83.2553, 30.8246], [-83.2817, 30.8069], [-83.3272, 30.8232], [-83.3547, 30.8588]]]}}, {"type": "Feature", "properties": {}, "geometry": {"type": "Polygon", "coordinates": [[[-84.0027, 30.8145], [-84.0138, 30.843], [-84.0008, 30.8702], [-83.973, 30.8838], [-83.9442, 30.8725], [-83.9496, 30.8484], [-83.9614, 30.8314], [-83.9784, 30.8197], [-84.0027, 30.8145]]]}}, {"type": "Feature", "properties": {}, "geometry": {"type": "Polygon", "coordinates": [[[-88.2466, 30.7045], [-88.2354, 30.7251], [-88.2149, 30.7365], [-88.1871, 30.7406], [-88.161, 30.7397], [-88.1535, 30.7427], [-88.1457, 30.7542], [-88.1464, 30.794], [-88.118, 30.8187], [-88.1124, 30.839], [-88.0655, 30.8389], [-88.0573, 30.8209], [-88.0284, 30.7002], [-88.0438, 30.6892], [-88.0377, 30.6752], [-88.0526, 30.6544], [-88.0622, 30.6068], [-88.1169, 30.6264], [-88.1351, 30.6242], [-88.14, 30.6177], [-88.1371, 30.6053], [-88.1269, 30.5939], [-88.0855, 30.5647], [-88.0868, 30.541], [-88.0963, 30.5297], [-88.1072, 30.4807], [-88.123, 30.4917], [-88.1468, 30.5357], [-88.1568, 30.5412], [-88.1812, 30.5434], [-88.1907, 30.5477], [-88.1938, 30.5593], [-88.1919, 30.6032], [-88.1973, 30.609], [-88.2132, 30.6147], [-88.2152, 30.631], [-88.2244, 30.6372], [-88.2294, 30.6598], [-88.2313, 30.6922], [-88.2349, 30.6982], [-88.2466, 30.7045]]]}}, {"type": "Feature", "properties": {}, "geometry": {"type": "Polygon", "coordinates": [[[-81.6916, 30.8164], [-81.6801, 30.8181], [-81.6663, 30.828], [-81.6565, 30.8284], [-81.6325, 30.8035], [-81.6405, 30.7854], [-81.6616, 30.7824], [-81.6821, 30.7928], [-81.6916, 30.8164]]]}}, {"type": "Feature", "properties": {}, "geometry": {"type": "Polygon", "coordinates": [[[-81.5975, 30.8093], [-81.5979, 30.8177], [-81.5896, 30.8283], [-81.5213, 30.8043], [-81.5266, 30.7877], [-81.5561, 30.7715], [-81.5691, 30.7522], [-81.5904, 30.7466], [-81.6005, 30.7603], [-81.5928, 30.7959], [-81.5975, 30.8093]]]}}, {"type": "Feature", "properties": {}, "geometry": {"type": "Polygon", "coordinates": [[[-86.6005, 30.7762], [-86.5899, 30.795], [-86.5683, 30.7831], [-86.5588, 30.7683], [-86.5579, 30.7494], [-86.566, 30.7248], [-86.5825, 30.7262], [-86.5912, 30.7367], [-86.6011, 30.7602], [-86.6005, 30.7762]]]}}, {"type": "Feature", "properties": {}, "geometry": {"type": "Polygon", "coordinates": [[[-83.2468, 30.7166], [-83.2254, 30.7175], [-83.2098, 30.7123], [-83.2004, 30.7004], [-83.1992, 30.681], [-83.2151, 30.6728], [-83.2336, 30.6765], [-83.2459, 30.6905], [-83.2468, 30.7166]]]}}, {"type": "Feature", "properties": {}, "geometry": {"type": "Polygon", "coordinates": [[[-87.9184, 30.5987], [-87.946, 30.6637], [-87.9079, 30.6745], [-87.8934, 30.6746], [-87.8833, 30.6707], [-87.876, 30.6596], [-87.8818, 30.6296], [-87.9184, 30.5987]]]}}, {"type": "Feature", "properties": {}, "geometry": {"type": "Polygon", "coordinates": [[[-87.0914, 30.6358], [-87.0656, 30.6562], [-87.0401, 30.6534], [-87.0318, 30.6148], [-87.0451, 30.606], [-87.0609, 30.6024], [-87.1009, 30.6023], [-87.0914, 30.6358]]]}}, {"type": "Feature", "properties": {}, "geometry": {"type": "Polygon", "coordinates": [[[-87.3353, 30.5143], [-87.3298, 30.5281], [-87.2936, 30.572], [-87.2904, 30.5835], [-87.2553, 30.5838], [-87.2463, 30.5737], [-87.2105, 30.5725], [-87.1882, 30.5353], [-87.17, 30.5217], [-87.1573, 30.5046], [-87.1531, 30.4869], [-87.1568, 30.4745], [-87.1804, 30.436], [-87.1866, 30.436], [-87.1941, 30.4422], [-87.2024, 30.4189], [-87.2215, 30.4128], [-87.2441, 30.4111], [-87.2629, 30.4013], [-87.2654, 30.3916], [-87.2636, 30.3772], [-87.2681, 30.3775], [-87.2932, 30.3867], [-87.3162, 30.4002], [-87.3337, 30.4211], [-87.3355, 30.4494], [-87.3179, 30.4715], [-87.3136, 30.484], [-87.3215, 30.51], [-87.3353, 30.5143]]]}}, {"type": "Feature", "properties": {}, "geometry": {"type": "Polygon", "coordinates": [[[-86.7165, 30.4079], [-86.7006, 30.4149], [-86.6938, 30.4081], [-86.6592, 30.4158], [-86.5932, 30.4093], [-86.6209, 30.3979], [-86.6546, 30.3969], [-86.7032, 30.3985], [-86.7165, 30.4079]]]}}, {"type": "Feature", "properties": {}, "geometry": {"type": "Polygon", "coordinates": [[[-86.7249, 30.4338], [-86.7157, 30.4413], [-86.691, 30.4508], [-86.6676, 30.4839], [-86.6544, 30.4865], [-86.6109, 30.4848], [-86.6005, 30.4951], [-86.5831, 30.4952], [-86.5741, 30.5043], [-86.5464, 30.5134], [-86.5287, 30.5277], [-86.5143, 30.5464], [-86.5014, 30.5726], [-86.4663, 30.5622], [-86.4544, 30.5099], [-86.4604, 30.5002], [-86.4698, 30.5017], [-86.4884, 30.5241], [-86.4825, 30.4875], [-86.4846, 30.48], [-86.5069, 30.4678], [-86.5417, 30.46], [-86.5541, 30.4455], [-86.5665, 30.4422], [-86.5899, 30.4452], [-86.5907, 30.4255], [-86.6023, 30.4183], [-86.6801, 30.4223], [-86.7257, 30.4181], [-86.7249, 30.4338]]]}}, {"type": "Feature", "properties": {}, "geometry": {"type": "Polygon", "coordinates": [[[-84.3912, 30.4941], [-84.3627, 30.5047], [-84.3056, 30.5085], [-84.2838, 30.5156], [-84.275, 30.5265], [-84.2513, 30.5384], [-84.2331, 30.5615], [-84.2148, 30.5528], [-84.2132, 30.5381], [-84.2204, 30.502], [-84.2081, 30.4478], [-84.2102, 30.4254], [-84.2528, 30.4248], [-84.2596, 30.4211], [-84.2692, 30.4062], [-84.2788, 30.4021], [-84.3016, 30.4026], [-84.3048, 30.4221], [-84.3222, 30.4275], [-84.3539, 30.4111], [-84.3678, 30.4133], [-84.3789, 30.4295], [-84.3912, 30.4941]]]}}, {"type": "Feature", "properties": {}, "geometry": {"type": "Polygon", "coordinates": [[[-88.5683, 30.4278], [-88.5453, 30.4616], [-88.51, 30.4613], [-88.5073, 30.4443], [-88.487, 30.4266], [-88.4879, 30.4153], [-88.4978, 30.3961], [-88.4794, 30.3531], [-88.4754, 30.3256], [-88.5063, 30.3408], [-88.5585, 30.3485], [-88.5677, 30.3536], [-88.5743, 30.3747], [-88.5851, 30.382], [-88.5765, 30.388], [-88.5723, 30.3972], [-88.5683, 30.4278]]]}}, {"type": "Feature", "properties": {}, "geometry": {"type": "Polygon", "coordinates": [[[-88.6792, 30.4278], [-88.6437, 30.4282], [-88.6327, 30.4072], [-88.5996, 30.3938], [-88.6169, 30.3703], [-88.6217, 30.3687], [-88.6353, 30.3809], [-88.6649, 30.3958], [-88.6793, 30.4076], [-88.6792, 30.4278]]]}}, {"type": "Feature", "properties": {}, "geometry": {"type": "Polygon", "coordinates": [[[-87.7182, 30.2712], [-87.7117, 30.2942], [-87.6851, 30.297], [-87.6776, 30.2951], [-87.6666, 30.2787], [-87.6607, 30.2514], [-87.7145, 30.2451], [-87.7182, 30.2712]]]}}, {"type": "Feature", "properties": {}, "geometry": {"type": "Polygon", "coordinates": [[[-85.6432, 30.2506], [-85.6321, 30.24], [-85.6112, 30.1968], [-85.5876, 30.1831], [-85.579, 30.1389], [-85.5807, 30.1361], [-85.5946, 30.1307], [-85.6283, 30.1446], [-85.6454, 30.1406], [-85.6531, 30.1522], [-85.6974, 30.1737], [-85.7205, 30.1958], [-85.6992, 30.2065], [-85.6573, 30.2521], [-85.6432, 30.2506]]]}}, {"type": "Feature", "properties": {}, "geometry": {"type": "Polygon", "coordinates": [[[-85.9362, 30.2481], [-85.9165, 30.2593], [-85.8896, 30.2618], [-85.8502, 30.2548], [-85.8472, 30.2473], [-85.8318, 30.2359], [-85.7857, 30.2442], [-85.7672, 30.2405], [-85.7342, 30.2094], [-85.7491, 30.1905], [-85.7414, 30.1784], [-85.7063, 30.1549], [-85.7137, 30.1406], [-85.7264, 30.1522], [-85.7344, 30.1502], [-85.7205, 30.1343], [-85.7443, 30.1395], [-85.8645, 30.2163], [-85.9362, 30.2481]]]}}, {"type": "Feature", "properties": {}, "geometry": {"type": "Polygon", "coordinates": [[[-82.6965, 30.19], [-82.6829, 30.1936], [-82.6693, 30.2108], [-82.6559, 30.2187], [-82.6326, 30.2163], [-82.6345, 30.1887], [-82.6508, 30.1744], [-82.6744, 30.1695], [-82.702, 30.1693], [-82.7041, 30.1842], [-82.6965, 30.19]]]}}, {"type": "Feature", "properties": {}, "geometry": {"type": "Polygon", "coordinates": [[[-81.3699, 29.8935], [-81.3691, 29.9219], [-81.362, 29.941], [-81.3471, 29.9612], [-81.3337, 29.9587], [-81.3193, 29.9263], [-81.3061, 29.9179], [-81.2902, 29.913], [-81.2938, 29.8941], [-81.288, 29.893], [-81.2794, 29.8995], [-81.2738, 29.8899], [-81.2645, 29.8476], [-81.2767, 29.8467], [-81.3071, 29.8664], [-81.318, 29.8623], [-81.3226, 29.8469], [-81.3533, 29.8582], [-81.3638, 29.8703], [-81.3699, 29.8935]]]}}, {"type": "Feature", "properties": {}, "geometry": {"type": "Polygon", "coordinates": [[[-82.4417, 29.6561], [-82.4473, 29.6704], [-82.446, 29.6804], [-82.4351, 29.7043], [-82.4254, 29.7159], [-82.4118, 29.7226], [-82.3785, 29.7241], [-82.37, 29.7287], [-82.3617, 29.7411], [-82.3554, 29.7392], [-82.3528, 29.7318], [-82.3456, 29.7272], [-82.266, 29.7164], [-82.2651, 29.7047], [-82.3102, 29.6369], [-82.3227, 29.6309], [-82.3531, 29.6254], [-82.3753, 29.609], [-82.385, 29.6064], [-82.3954, 29.6084], [-82.4031, 29.6151], [-82.4053, 29.6362], [-82.4417, 29.6561]]]}}, {"type": "Feature", "properties": {}, "geometry": {"type": "Polygon", "coordinates": [[[-81.7044, 29.6717], [-81.703, 29.6937], [-81.6951, 29.7011], [-81.6565, 29.7064], [-81.6537, 29.6804], [-81.6353, 29.6531], [-81.6464, 29.6358], [-81.6886, 29.6561], [-81.7044, 29.6717]]]}}, {"type": "Feature", "properties": {}, "geometry": {"type": "Polygon", "coordinates": [[[-81.2588, 29.5493], [-81.2553, 29.5782], [-81.2434, 29.5959], [-81.2236, 29.6015], [-81.1997, 29.5944], [-81.2038, 29.5721], [-81.2155, 29.5563], [-81.2331, 29.5481], [-81.2568, 29.5468], [-81.2588, 29.5493]]]}}, {"type": "Feature", "properties": {}, "geometry": {"type": "Polygon", "coordinates": [[[-81.1378, 29.2837], [-81.1267, 29.315], [-81.124, 29.3397], [-81.1005, 29.3286], [-81.0933, 29.3202], [-81.0858, 29.3186], [-81.0794, 29.3227], [-81.0631, 29.346], [-80.9717, 29.1693], [-80.9918, 29.1175], [-81.0117, 29.1025], [-81.0269, 29.1038], [-81.0358, 29.109], [-81.058, 29.136], [-81.0585, 29.1555], [-81.0628, 29.1613], [-81.073, 29.167], [-81.0989, 29.1727], [-81.1141, 29.1812], [-81.1155, 29.2034], [-81.0937, 29.2377], [-81.102, 29.2517], [-81.1215, 29.251], [-81.1359, 29.2584], [-81.1378, 29.2837]]]}}, {"type": "Feature", "properties": {}, "geometry": {"type": "Polygon", "coordinates": [[[-82.2251, 29.2163], [-82.1308, 29.2386], [-82.0907, 29.2276], [-82.0769, 29.1816], [-82.0876, 29.1755], [-82.1007, 29.158], [-82.1123, 29.1581], [-82.128, 29.1671], [-82.1368, 29.1686], [-82.1583, 29.1642], [-82.176, 29.1459], [-82.19, 29.1469], [-82.1955, 29.1517], [-82.2034, 29.171], [-82.2245, 29.2026], [-82.2251, 29.2163]]]}}, {"type": "Feature", "properties": {}, "geometry": {"type": "Polygon", "coordinates": [[[-81.3365, 29.0274], [-81.3348, 29.0475], [-81.3213, 29.0719], [-81.3137, 29.0946], [-81.2825, 29.0764], [-81.2838, 29.0453], [-81.2927, 29.0148], [-81.2884, 28.9812], [-81.3106, 28.979], [-81.3247, 28.9888], [-81.3332, 29.0065], [-81.3365, 29.0274]]]}}, {"type": "Feature", "properties": {}, "geometry": {"type": "Polygon", "coordinates": [[[-80.968, 29.0138], [-80.9657, 29.0609], [-80.9568, 29.0731], [-80.9223, 29.0935], [-80.9146, 29.0874], [-80.9221, 29.0683], [-80.8918, 29.0456], [-80.8814, 29.0221], [-80.968, 29.0138]]]}}, {"type": "Feature", "properties": {}, "geometry": {"type": "Polygon", "coordinates": [[[-81.336, 28.9031], [-81.3383, 28.9235], [-81.3331, 28.9345], [-81.316, 28.9492], [-81.3131, 28.9618], [-81.2982, 28.9626], [-81.2812, 28.9431], [-81.2736, 28.9401], [-81.2478, 28.9504], [-81.2328, 28.9498], [-81.2302, 28.9273], [-81.2406, 28.9125], [-81.2837, 28.8896], [-81.2892, 28.8805], [-81.304, 28.8863], [-81.3227, 28.9032], [-81.336, 28.9031]]]}}, {"type": "Feature", "properties": {}, "geometry": {"type": "Polygon", "coordinates": [[[-82.614, 28.9157], [-82.584, 28.9169], [-82.569, 28.902], [-82.5665, 28.8795], [-82.5775, 28.8584], [-82.5943, 28.8671], [-82.604, 28.8797], [-82.614, 28.9157]]]}}, {"type": "Feature", "properties": {}, "geometry": {"type": "Polygon", "coordinates": [[[-81.7023, 28.8726], [-81.6851, 28.8735], [-81.6695, 28.863], [-81.6577, 28.8457], [-81.6553, 28.8251], [-81.669, 28.8167], [-81.6851, 28.814], [-81.6999, 28.8167], [-81.7135, 28.8251], [-81.707, 28.864], [-81.7023, 28.8726]]]}}, {"type": "Feature", "properties": {}, "geometry": {"type": "Polygon", "coordinates": [[[-81.925, 28.8611], [-81.8991, 28.8558], [-81.8772, 28.8455], [-81.8616, 28.8291], [-81.855, 28.8034], [-81.8876, 28.8031], [-81.9099, 28.8127], [-81.9225, 28.8311], [-81.925, 28.8611]]]}}, {"type": "Feature", "properties": {}, "geometry": {"type": "Polygon", "coordinates": [[[-80.8487, 28.6504], [-80.8348, 28.6685], [-80.8208, 28.6746], [-80.8208, 28.6677], [-80.8282, 28.6614], [-80.7975, 28.6083], [-80.7912, 28.5646], [-80.8016, 28.5638], [-80.8117, 28.5679], [-80.8263, 28.5813], [-80.8474, 28.5923], [-80.8543, 28.6217], [-80.8487, 28.6504]]]}}, {"type": "Feature", "properties": {}, "geometry": {"type": "Polygon", "coordinates": [[[-82.6369, 28.4784], [-82.6251, 28.486], [-82.6186, 28.5105], [-82.613, 28.5174], [-82.5913, 28.5193], [-82.585, 28.5427], [-82.5803, 28.5503], [-82.5771, 28.5502], [-82.5586, 28.5279], [-82.5703, 28.4995], [-82.5995, 28.477], [-82.6342, 28.4692], [-82.6369, 28.4784]]]}}, {"type": "Feature", "properties": {}, "geometry": {"type": "Polygon", "coordinates": [[[-80.8366, 28.3826], [-80.8246, 28.4061], [-80.8087, 28.3981], [-80.8017, 28.3981], [-80.7964, 28.4028], [-80.7918, 28.4168], [-80.7854, 28.4196], [-80.7805, 28.4281], [-80.7678, 28.4289], [-80.7531, 28.4193], [-80.7383, 28.3735], [-80.7134, 28.3287], [-80.7228, 28.3248], [-80.7333, 28.3249], [-80.7548, 28.3401], [-80.7833, 28.3406], [-80.8018, 28.347], [-80.8054, 28.3596], [-80.8366, 28.3826]]]}}, {"type": "Feature", "properties": {}, "geometry": {"type": "Polygon", "coordinates": [[[-80.6088, 28.3491], [-80.6183, 28.3482], [-80.6179, 28.3793], [-80.6033, 28.4407], [-80.5842, 28.4468], [-80.5626, 28.4451], [-80.5526, 28.4392], [-80.5584, 28.4333], [-80.5676, 28.4318], [-80.5753, 28.418], [-80.5909, 28.4069], [-80.5941, 28.4016], [-80.5944, 28.3524], [-80.6088, 28.3491]]]}}, {"type": "Feature", "properties": {}, "geometry": {"type": "Polygon", "coordinates": [[[-80.7137, 28.4347], [-80.7017, 28.4181], [-80.6911, 28.4104], [-80.6596, 28.4097], [-80.6622, 28.357], [-80.6968, 28.3388], [-80.7147, 28.3698], [-80.7196, 28.3883], [-80.7252, 28.4397], [-80.7137, 28.4347]]]}}, {"type": "Feature", "properties": {}, "geometry": {"type": "Polygon", "coordinates": [[[-82.6834, 28.4174], [-82.6641, 28.3705], [-82.6592, 28.2966], [-82.6553, 28.2876], [-82.6435, 28.2825], [-82.6617, 28.2207], [-82.666, 28.2144], [-82.6822, 28.206], [-82.6875, 28.1994], [-82.6858, 28.1912], [-82.678, 28.1805], [-82.6768, 28.1712], [-82.6926, 28.1606], [-82.6948, 28.1535], [-82.6757, 28.114], [-82.6667, 28.1073], [-82.656, 28.1065], [-82.6479, 28.102], [-82.631, 28.083], [-82.6169, 28.0785], [-82.6044, 28.086], [-82.5693, 28.1279], [-82.5605, 28.1336], [-82.5539, 28.1528], [-82.5428, 28.1626], [-82.5019, 28.1732], [-82.4781, 28.1688], [-82.4625, 28.1414], [-82.4469, 28.1301], [-82.4157, 28.128], [-82.3612, 28.1608], [-82.3586, 28.1676], [-82.3586, 28.1934], [-82.3554, 28.1951], [-82.3478, 28.188], [-82.342, 28.1614], [-82.3459, 28.1418], [-82.3598, 28.1297], [-82.3611, 28.1196], [-82.3437, 28.0833], [-82.3435, 28.0691], [-82.3324, 28.0604], [-82.3327, 28.0405], [-82.3115, 28.018], [-82.301, 28.0125], [-82.294, 27.9987], [-82.2774, 27.995], [-82.2442, 27.9728], [-82.2422, 27.9478], [-82.2668, 27.8806], [-82.281, 27.8865], [-82.3015, 27.9031], [-82.3248, 27.9014], [-82.3352, 27.8917], [-82.3539, 27.9005], [-82.3757, 27.9191], [-82.3865, 27.9226], [-82.3935, 27.9187], [-82.4158, 27.8905], [-82.4217, 27.9172], [-82.4337, 27.9291], [-82.4512, 27.9307], [-82.4718, 27.9204], [-82.4807, 27.9084], [-82.4849, 27.8926], [-82.4862, 27.8558], [-82.4815, 27.8452], [-82.5396, 27.8557], [-82.5409, 27.8688], [-82.5345, 27.9172], [-82.5411, 27.9428], [-82.5588, 27.9558], [-82.585, 27.9606], [-82.6164, 27.9613], [-82.6164, 27.9687], [-82.596, 27.9756], [-82.596, 27.9831], [-82.6235, 27.9965], [-82.6362, 28.0058], [-82.6444, 28.0165], [-82.6506, 28.0165], [-82.6506, 28.0029], [-82.691, 28.0377], [-82.6779, 28.0063], [-82.6903, 27.9709], [-82.6444, 27.9687], [-82.6568, 27.9562], [-82.7027, 27.9447], [-82.7189, 27.9278], [-82.6802, 27.9141], [-82.6432, 27.8948], [-82.6047, 27.8815], [-82.5619, 27.8862], [-82.6029, 27.863], [-82.5958, 27.83], [-82.596, 27.8179], [-82.6002, 27.8079], [-82.6164, 27.7875], [-82.6301, 27.7503], [-82.6231, 27.734], [-82.6266, 27.7158], [-82.6378, 27.7011], [-82.654, 27.6951], [-82.6725, 27.6951], [-82.6847, 27.7012], [-82.6879, 27.736], [-82.7092, 27.7384], [-82.7215, 27.7451], [-82.7572, 27.7877], [-82.8151, 27.8322], [-82.8188, 27.8182], [-82.8107, 27.8044], [-82.7513, 27.7466], [-82.7394, 27.7286], [-82.7327, 27.7129], [-82.7516, 27.7078], [-82.7675, 27.7515], [-82.8285, 27.805], [-82.8424, 27.8285], [-82.8539, 27.8703], [-82.8561, 27.89], [-82.8523, 27.9082], [-82.8432, 27.9254], [-82.8219, 27.9483], [-82.8385, 27.9182], [-82.8407, 27.9007], [-82.8356, 27.8862], [-82.8022, 27.9666], [-82.7803, 28.0582], [-82.7762, 28.0968], [-82.7673, 28.1059], [-82.7825, 28.1354], [-82.7878, 28.1605], [-82.7873, 28.1938], [-82.7828, 28.207], [-82.7735, 28.2016], [-82.7599, 28.2147], [-82.7462, 28.2562], [-82.7168, 28.2983], [-82.7189, 28.3114], [-82.7325, 28.3046], [-82.6967, 28.3889], [-82.6847, 28.4008], [-82.6859, 28.4143], [-82.6834, 28.4174]]]}}, {"type": "Feature", "properties": {}, "geometry": {"type": "Polygon", "coordinates": [[[-81.324, 28.2732], [-81.3114, 28.2809], [-81.2777, 28.2728], [-81.2774, 28.2478], [-81.3124, 28.2395], [-81.3253, 28.2483], [-81.324, 28.2732]]]}}, {"type": "Feature", "properties": {}, "geometry": {"type": "Polygon", "coordinates": [[[-82.0038, 28.0819], [-81.9967, 28.1142], [-81.9908, 28.1206], [-81.9697, 28.1293], [-81.9639, 28.139], [-81.9558, 28.1396], [-81.9437, 28.1275], [-81.9346, 28.1083], [-81.9012, 28.0958], [-81.8925, 28.0846], [-81.8879, 28.0708], [-81.8887, 28.0426], [-81.9004, 28.0175], [-81.92, 27.9972], [-81.9579, 27.9735], [-81.9697, 27.9712], [-81.9794, 27.9767], [-82.0194, 28.023], [-82.0251, 28.0372], [-82.0227, 28.0523], [-82.0038, 28.0819]]]}}, {"type": "Feature", "properties": {}, "geometry": {"type": "Polygon", "coordinates": [[[-81.8584, 28.0722], [-81.8512, 28.0817], [-81.7868, 28.108], [-81.7778, 28.1062], [-81.7745, 28.0975], [-81.7682, 28.0941], [-81.7441, 28.0962], [-81.7324, 28.1029], [-81.7249, 28.1169], [-81.722, 28.1173], [-81.7061, 28.1098], [-81.7004, 28.0945], [-81.7057, 28.0775], [-81.7109, 28.0709], [-81.7102, 28.0635], [-81.6724, 28.0298], [-81.6659, 28.0043], [-81.6736, 27.9977], [-81.679, 27.9803], [-81.695, 27.9859], [-81.7575, 27.9917], [-81.7663, 28.0019], [-81.7963, 28.0064], [-81.8041, 28.0387], [-81.8237, 28.0671], [-81.8566, 28.0692], [-81.8584, 28.0722]]]}}, {"type": "Feature", "properties": {}, "geometry": {"type": "Polygon", "coordinates": [[[-82.1799, 28.0029], [-82.1829, 28.022], [-82.1777, 28.0341], [-82.1593, 28.0496], [-82.1463, 28.0677], [-82.1354, 28.0712], [-82.122, 28.0616], [-82.1146, 28.0505], [-82.1107, 28.037], [-82.1107, 28.0032], [-82.1799, 28.0029]]]}}, {"type": "Feature", "properties": {}, "geometry": {"type": "Polygon", "coordinates": [[[-81.6234, 27.9333], [-81.6132, 27.9507], [-81.5918, 27.9487], [-81.5869, 27.9329], [-81.5895, 27.8916], [-81.6139, 27.8954], [-81.6241, 27.9114], [-81.6234, 27.9333]]]}}, {"type": "Feature", "properties": {}, "geometry": {"type": "Polygon", "coordinates": [[[-80.4404, 27.6657], [-80.4129, 27.6954], [-80.4007, 27.691], [-80.3886, 27.6811], [-80.381, 27.6661], [-80.3739, 27.6362], [-80.3802, 27.6305], [-80.3838, 27.6117], [-80.3896, 27.6027], [-80.4063, 27.6105], [-80.4274, 27.633], [-80.4471, 27.6365], [-80.4461, 27.6522], [-80.4404, 27.6657]]]}}, {"type": "Feature", "properties": {}, "geometry": {"type": "Polygon", "coordinates": [[[-82.6706, 27.472], [-82.6575, 27.4617], [-82.6455, 27.4766], [-82.6444, 27.4958], [-82.6577, 27.4915], [-82.6649, 27.4924], [-82.6779, 27.5032], [-82.6608, 27.5203], [-82.6363, 27.5139], [-82.6105, 27.5021], [-82.5892, 27.5032], [-82.6104, 27.5172], [-82.637, 27.5237], [-82.6214, 27.5312], [-82.592, 27.5385], [-82.5786, 27.5473], [-82.5724, 27.5595], [-82.5882, 27.5572], [-82.6227, 27.5442], [-82.6151, 27.5558], [-82.6034, 27.5529], [-82.5892, 27.5647], [-82.596, 27.5777], [-82.5918, 27.5803], [-82.5312, 27.5433], [-82.5091, 27.5137], [-82.4993, 27.5056], [-82.495, 27.4671], [-82.4656, 27.4489], [-82.4651, 27.4374], [-82.4745, 27.4183], [-82.4757, 27.4026], [-82.455, 27.3837], [-82.4542, 27.37], [-82.4436, 27.3611], [-82.4345, 27.3285], [-82.4213, 27.3159], [-82.4294, 27.2972], [-82.4403, 27.2832], [-82.4569, 27.2729], [-82.4728, 27.2696], [-82.4773, 27.2643], [-82.4658, 27.2276], [-82.4717, 27.2136], [-82.4801, 27.2062], [-82.4939, 27.2012], [-82.5032, 27.2224], [-82.5134, 27.2289], [-82.5134, 27.2153], [-82.5209, 27.2153], [-82.5326, 27.2369], [-82.5618, 27.2763], [-82.5619, 27.2978], [-82.5476, 27.2835], [-82.5408, 27.2835], [-82.5419, 27.3085], [-82.5627, 27.3468], [-82.5736, 27.3951], [-82.5879, 27.4082], [-82.6068, 27.4171], [-82.6454, 27.4429], [-82.6526, 27.444], [-82.6706, 27.472]]]}}, {"type": "Feature", "properties": {}, "geometry": {"type": "Polygon", "coordinates": [[[-80.4033, 27.4158], [-80.3736, 27.4758], [-80.3695, 27.506], [-80.3358, 27.4939], [-80.3144, 27.4478], [-80.3123, 27.4284], [-80.3221, 27.3922], [-80.4033, 27.4158]]]}}, {"type": "Feature", "properties": {}, "geometry": {"type": "Polygon", "coordinates": [[[-80.4256, 27.3377], [-80.4232, 27.3401], [-80.3779, 27.3395], [-80.3819, 27.3129], [-80.4007, 27.304], [-80.4189, 27.3116], [-80.4256, 27.3377]]]}}, {"type": "Feature", "properties": {}, "geometry": {"type": "Polygon", "coordinates": [[[-80.2828, 27.1797], [-80.2705, 27.2028], [-80.2516, 27.1942], [-80.2213, 27.2016], [-80.1833, 27.1638], [-80.177, 27.1507], [-80.1668, 27.1459], [-80.2042, 27.1342], [-80.2169, 27.135], [-80.2244, 27.1405], [-80.2336, 27.1564], [-80.2721, 27.1653], [-80.2808, 27.1702], [-80.2828, 27.1797]]]}}, {"type": "Feature", "properties": {}, "geometry": {"type": "Polygon", "coordinates": [[[-80.3366, 27.3387], [-80.3278, 27.3409], [-80.3179, 27.3296], [-80.2999, 27.3282], [-80.2801, 27.3023], [-80.2733, 27.2851], [-80.2679, 27.2812], [-80.2601, 27.2802], [-80.2394, 27.2858], [-80.1978, 27.196], [-80.197, 27.1805], [-80.2058, 27.2003], [-80.2172, 27.2094], [-80.2572, 27.2186], [-80.2796, 27.2289], [-80.2939, 27.2401], [-80.3025, 27.2692], [-80.325, 27.2962], [-80.3352, 27.3154], [-80.3366, 27.3387]]]}}, {"type": "Feature", "properties": {}, "geometry": {"type": "Polygon", "coordinates": [[[-82.4771, 27.1611], [-82.4642, 27.1578], [-82.4429, 27.1393], [-82.4096, 27.1301], [-82.3991, 27.1164], [-82.3846, 27.0879], [-82.382, 27.0724], [-82.3884, 27.0591], [-82.4017, 27.0559], [-82.4417, 27.0566], [-82.4672, 27.102], [-82.4772, 27.1375], [-82.4888, 27.1579], [-82.4771, 27.1611]]]}}, {"type": "Feature", "properties": {}, "geometry": {"type": "Polygon", "coordinates": [[[-82.1551, 27.0467], [-82.1406, 27.0481], [-82.1108, 27.0395], [-82.1047, 27.0317], [-82.0991, 27.0066], [-82.0922, 27.0025], [-82.0706, 26.999], [-82.0641, 26.987], [-82.0625, 26.9635], [-82.0927, 26.9556], [-82.1068, 26.9708], [-82.1351, 26.9806], [-82.141, 26.9898], [-82.147, 26.9923], [-82.1494, 27.0042], [-82.1632, 27.0151], [-82.1692, 27.0241], [-82.1695, 27.0387], [-82.1551, 27.0467]]]}}, {"type": "Feature", "properties": {}, "geometry": {"type": "Polygon", "coordinates": [[[-82.3576, 26.9931], [-82.3404, 26.9861], [-82.3, 26.9497], [-82.3336, 26.9075], [-82.3429, 26.9349], [-82.37, 26.9614], [-82.3669, 26.9456], [-82.3536, 26.9221], [-82.3489, 26.9068], [-82.37, 26.9204], [-82.3862, 26.9574], [-82.3576, 26.9931]]]}}, {"type": "Feature", "properties": {}, "geometry": {"type": "Polygon", "coordinates": [[[-82.0219, 26.9506], [-82.0266, 26.9236], [-82.0525, 26.9118], [-82.0825, 26.9166], [-82.0835, 26.9187], [-82.0775, 26.9229], [-82.0219, 26.9506]]]}}, {"type": "Feature", "properties": {}, "geometry": {"type": "Polygon", "coordinates": [[[-78.7259, 26.5459], [-78.7158, 26.5543], [-78.715, 26.5705], [-78.6981, 26.5742], [-78.6876, 26.5645], [-78.6774, 26.527], [-78.6913, 26.5251], [-78.7175, 26.5307], [-78.7256, 26.5371], [-78.7259, 26.5459]]]}}, {"type": "Feature", "properties": {}, "geometry": {"type": "Polygon", "coordinates": [[[-81.848, 26.4317], [-81.8308, 26.4198], [-81.8, 26.3854], [-81.777, 26.3833], [-81.7768, 26.3732], [-81.7698, 26.3553], [-81.7712, 26.3468], [-81.7775, 26.3367], [-81.7915, 26.3281], [-81.7935, 26.3204], [-81.7896, 26.3134], [-81.7539, 26.2821], [-81.7438, 26.2614], [-81.7428, 26.2404], [-81.7599, 26.2106], [-81.7583, 26.2026], [-81.7463, 26.197], [-81.7131, 26.2049], [-81.688, 26.2053], [-81.6861, 26.1706], [-81.6882, 26.1597], [-81.6958, 26.1531], [-81.7216, 26.1474], [-81.7361, 26.1138], [-81.7437, 26.104], [-81.775, 26.0902], [-81.7872, 26.1396], [-81.7937, 26.1202], [-81.7934, 26.0986], [-81.8009, 26.0986], [-81.819, 26.1703], [-81.8275, 26.2488], [-81.8214, 26.2896], [-81.8518, 26.342], [-81.8555, 26.3587], [-81.8487, 26.3587], [-81.8487, 26.3519], [-81.8419, 26.3519], [-81.8439, 26.4142], [-81.848, 26.4317]]]}}, {"type": "Feature", "properties": {}, "geometry": {"type": "Polygon", "coordinates": [[[-81.6905, 25.9419], [-81.6852, 25.932], [-81.6864, 25.9285], [-81.691, 25.9335], [-81.6979, 25.9205], [-81.7058, 25.9138], [-81.7053, 25.9069], [-81.7185, 25.9081], [-81.732, 25.9205], [-81.7425, 25.9575], [-81.7286, 25.9627], [-81.7057, 25.9457], [-81.6944, 25.9404], [-81.6905, 25.9419]]]}}, {"type": "Feature", "properties": {}, "geometry": {"type": "Polygon", "coordinates": [[[-77.3015, 25.0657], [-77.3031, 25.0517], [-77.3196, 25.0328], [-77.3456, 25.0249], [-77.3797, 25.0253], [-77.3919, 25.0496], [-77.393, 25.0778], [-77.34, 25.0838], [-77.3015, 25.0657]]]}}, {"type": "Feature", "properties": {}, "geometry": {"type": "Polygon", "coordinates": [[[-81.814, 24.5441], [-81.8103, 24.5582], [-81.8019, 24.5603], [-81.7804, 24.5562], [-81.7525, 24.5761], [-81.7415, 24.5735], [-81.7399, 24.5662], [-81.733, 24.5608], [-81.732, 24.5562], [-81.7413, 24.5607], [-81.7462, 24.5699], [-81.7484, 24.5641], [-81.7525, 24.5699], [-81.7599, 24.5562], [-81.7717, 24.5496], [-81.8035, 24.5476], [-81.814, 24.5441]]]}}, {"type": "Feature", "properties": {}, "geometry": {"type": "Polygon", "coordinates": [[[-81.2572, 37.8179], [-81.2524, 37.8252], [-81.2451, 37.8273], [-81.2355, 37.8125], [-81.2251, 37.8109], [-81.2007, 37.8333], [-81.1781, 37.8382], [-81.1644, 37.7917], [-81.1661, 37.769], [-81.2005, 37.7673], [-81.2326, 37.7931], [-81.258, 37.8015], [-81.2572, 37.8179]]]}}, {"type": "Feature", "properties": {}, "geometry": {"type": "Polygon", "coordinates": [[[-81.8645, 38.4532], [-81.8363, 38.4927], [-81.833, 38.4935], [-81.8247, 38.4889], [-81.8217, 38.4604], [-81.8108, 38.4398], [-81.7779, 38.4381], [-81.7615, 38.4144], [-81.7498, 38.4049], [-81.7395, 38.4071], [-81.7342, 38.416], [-81.6901, 38.3941], [-81.6774, 38.3951], [-81.667, 38.4048], [-81.6364, 38.3838], [-81.6206, 38.3859], [-81.6117, 38.3937], [-81.5989, 38.3811], [-81.5871, 38.3472], [-81.5549, 38.3242], [-81.5638, 38.3071], [-81.5802, 38.3073], [-81.6148, 38.3233], [-81.664, 38.3262], [-81.68, 38.3346], [-81.6885, 38.3491], [-81.6957, 38.3516], [-81.7131, 38.3368], [-81.7237, 38.3343], [-81.7482, 38.3426], [-81.7701, 38.3571], [-81.8683, 38.3899], [-81.8718, 38.4269], [-81.8645, 38.4532]]]}}, {"type": "Feature", "properties": {}, "geometry": {"type": "Polygon", "coordinates": [[[-76.4689, 36.8741], [-76.4701, 36.879], [-76.435, 36.898], [-76.4088, 36.902], [-76.3807, 36.9006], [-76.3541, 36.8944], [-76.3326, 36.8837], [-76.335, 36.8718], [-76.3248, 36.8605], [-76.3083, 36.8522], [-76.2917, 36.8496], [-76.3177, 36.8835], [-76.3153, 36.8946], [-76.301, 36.9116], [-76.3063, 36.9176], [-76.3284, 36.9293], [-76.3304, 36.9498], [-76.31, 36.9596], [-76.2689, 36.9614], [-76.126, 36.9163], [-76.0781, 36.9116], [-76.0558, 36.9182], [-76.0355, 36.9348], [-76.0046, 36.9324], [-75.9889, 36.912], [-75.9602, 36.8068], [-75.9511, 36.7863], [-75.9933, 36.7703], [-76.0018, 36.7568], [-76.0358, 36.7568], [-76.0593, 36.7677], [-76.1679, 36.7646], [-76.1908, 36.7564], [-76.22, 36.7378], [-76.2238, 36.7275], [-76.2256, 36.7045], [-76.2572, 36.6966], [-76.289, 36.7176], [-76.3144, 36.724], [-76.3226, 36.741], [-76.3292, 36.7469], [-76.3751, 36.7524], [-76.3923, 36.7574], [-76.429, 36.7911], [-76.4413, 36.8067], [-76.4593, 36.8469], [-76.454, 36.861], [-76.4689, 36.8741]]]}}, {"type": "Feature", "properties": {}, "geometry": {"type": "Polygon", "coordinates": [[[-81.2565, 35.2943], [-81.2506, 35.3013], [-81.2005, 35.3353], [-81.1899, 35.3388], [-81.1752, 35.3374], [-81.1114, 35.2988], [-81.0874, 35.2925], [-81.0552, 35.2961], [-81.0333, 35.3129], [-81.0151, 35.3206], [-80.9896, 35.3166], [-80.9812, 35.3062], [-80.9661, 35.3054], [-80.9578, 35.3164], [-80.941, 35.3183], [-80.9356, 35.3274], [-80.8934, 35.3376], [-80.8864, 35.3438], [-80.8692, 35.3717], [-80.8523, 35.374], [-80.8469, 35.3828], [-80.8365, 35.3837], [-80.8189, 35.3959], [-80.8112, 35.394], [-80.7963, 35.383], [-80.7752, 35.3956], [-80.7675, 35.3944], [-80.7571, 35.3784], [-80.7485, 35.3735], [-80.7414, 35.3762], [-80.735, 35.3832], [-80.7186, 35.3848], [-80.7145, 35.3906], [-80.7139, 35.4048], [-80.6659, 35.4465], [-80.6598, 35.4576], [-80.6583, 35.4791], [-80.6687, 35.5163], [-80.6691, 35.5384], [-80.646, 35.5399], [-80.6177, 35.5515], [-80.6009, 35.5498], [-80.5975, 35.5436], [-80.6039, 35.5356], [-80.6044, 35.5286], [-80.5771, 35.5039], [-80.576, 35.4882], [-80.586, 35.4672], [-80.5871, 35.4563], [-80.5666, 35.4167], [-80.5662, 35.3917], [-80.5821, 35.381], [-80.5902, 35.3792], [-80.6146, 35.3903], [-80.6406, 35.3902], [-80.6563, 35.394], [-80.6638, 35.3914], [-80.6671, 35.3842], [-80.6641, 35.3635], [-80.6663, 35.3468], [-80.6849, 35.3357], [-80.6889, 35.3241], [-80.7143, 35.3058], [-80.7203, 35.2942], [-80.7188, 35.265], [-80.7067, 35.2494], [-80.6895, 35.2351], [-80.6769, 35.2144], [-80.6758, 35.2044], [-80.688, 35.1887], [-80.6871, 35.1736], [-80.6933, 35.1577], [-80.6811, 35.1398], [-80.6765, 35.1165], [-80.6608, 35.104], [-80.6567, 35.0959], [-80.6676, 35.0794], [-80.6947, 35.0814], [-80.7334, 35.0965], [-80.7539, 35.1008], [-80.7651, 35.0982], [-80.7731, 35.0906], [-80.7773, 35.0773], [-80.7783, 35.0572], [-80.8035, 35.0603], [-80.8692, 35.0507], [-80.8912, 35.0573], [-80.8993, 35.0672], [-80.9094, 35.0672], [-80.9245, 35.0733], [-80.9427, 35.0611], [-80.9576, 35.0572], [-80.9809, 35.0694], [-80.9754, 35.0825], [-80.9761, 35.0913], [-81.0089, 35.1247], [-81.0144, 35.1475], [-80.9685, 35.1792], [-80.9531, 35.1827], [-80.9486, 35.1882], [-80.9489, 35.1973], [-80.9547, 35.2056], [-80.9802, 35.2239], [-80.9919, 35.2384], [-81.0258, 35.2347], [-81.0351, 35.2237], [-81.0476, 35.2277], [-81.0704, 35.2421], [-81.0918, 35.2454], [-81.1484, 35.2331], [-81.1683, 35.2227], [-81.1782, 35.2128], [-81.1855, 35.2132], [-81.1966, 35.2241], [-81.2167, 35.2222], [-81.225, 35.2244], [-81.2281, 35.2496], [-81.2415, 35.2648], [-81.2581, 35.2743], [-81.2565, 35.2943]]]}}, {"type": "Feature", "properties": {}, "geometry": {"type": "Polygon", "coordinates": [[[-81.8137, 30.272], [-81.8088, 30.2807], [-81.8241, 30.3169], [-81.8236, 30.333], [-81.8135, 30.3502], [-81.7957, 30.3592], [-81.7905, 30.3655], [-81.7808, 30.427], [-81.7701, 30.4348], [-81.7479, 30.4353], [-81.739, 30.4391], [-81.7365, 30.4601], [-81.7149, 30.4781], [-81.7116, 30.514], [-81.702, 30.5282], [-81.6866, 30.5297], [-81.633, 30.5056], [-81.6172, 30.4796], [-81.6091, 30.4717], [-81.5674, 30.4617], [-81.5605, 30.4529], [-81.5333, 30.4391], [-81.5136, 30.4058], [-81.504, 30.3818], [-81.4483, 30.3427], [-81.4383, 30.346], [-81.436, 30.3529], [-81.4414, 30.3745], [-81.4474, 30.3832], [-81.4341, 30.4141], [-81.4125, 30.4323], [-81.4074, 30.4474], [-81.4098, 30.4114], [-81.3926, 30.3939], [-81.3894, 30.3842], [-81.3961, 30.3398], [-81.3949, 30.2986], [-81.3671, 30.204], [-81.3805, 30.2019], [-81.4002, 30.2077], [-81.4106, 30.2217], [-81.4301, 30.2742], [-81.4354, 30.2793], [-81.4464, 30.2792], [-81.4564, 30.2689], [-81.4702, 30.2689], [-81.4787, 30.2578], [-81.5041, 30.2678], [-81.5143, 30.2679], [-81.5296, 30.2573], [-81.533, 30.2503], [-81.534, 30.2271], [-81.5268, 30.177], [-81.5328, 30.1587], [-81.5452, 30.1578], [-81.5617, 30.1674], [-81.5718, 30.1674], [-81.5888, 30.1471], [-81.6084, 30.1383], [-81.6104, 30.126], [-81.6134, 30.1248], [-81.6285, 30.1328], [-81.6474, 30.1368], [-81.6531, 30.1581], [-81.6392, 30.201], [-81.6369, 30.228], [-81.644, 30.254], [-81.6638, 30.27], [-81.6714, 30.2834], [-81.6734, 30.2993], [-81.6862, 30.3025], [-81.7039, 30.2946], [-81.7098, 30.2828], [-81.7103, 30.273], [-81.706, 30.2673], [-81.6886, 30.2612], [-81.6864, 30.2491], [-81.6702, 30.2321], [-81.6734, 30.2177], [-81.688, 30.1925], [-81.6974, 30.1852], [-81.7117, 30.1577], [-81.7246, 30.1493], [-81.764, 30.1366], [-81.7783, 30.1194], [-81.7881, 30.1152], [-81.8031, 30.1263], [-81.8031, 30.1467], [-81.8082, 30.1716], [-81.7939, 30.197], [-81.7925, 30.2061], [-81.796, 30.218], [-81.8141, 30.2479], [-81.8137, 30.272]], [[-81.5825, 30.4036], [-81.5926, 30.3976], [-81.59, 30.3861], [-81.5598, 30.3675], [-81.5454, 30.3689], [-81.5422, 30.376], [-81.5451, 30.3833], [-81.5825, 30.4036]]]}}, {"type": "Feature", "properties": {}, "geometry": {"type": "Polygon", "coordinates": [[[-81.6586, 28.3715], [-81.6359, 28.3952], [-81.6222, 28.4039], [-81.6075, 28.4085], [-81.6051, 28.4155], [-81.613, 28.4346], [-81.6133, 28.4507], [-81.5803, 28.4517], [-81.575, 28.4566], [-81.5694, 28.4725], [-81.5449, 28.4742], [-81.5288, 28.4976], [-81.5313, 28.5174], [-81.5354, 28.5233], [-81.5577, 28.525], [-81.5737, 28.5465], [-81.591, 28.5583], [-81.6141, 28.5594], [-81.6112, 28.5722], [-81.5799, 28.5911], [-81.5722, 28.6009], [-81.5219, 28.6081], [-81.505, 28.6348], [-81.5041, 28.6418], [-81.5108, 28.6615], [-81.5528, 28.6787], [-81.5583, 28.7056], [-81.4922, 28.7067], [-81.4671, 28.7239], [-81.4136, 28.717], [-81.4041, 28.7278], [-81.4032, 28.7383], [-81.3936, 28.7511], [-81.3948, 28.7634], [-81.4055, 28.7895], [-81.4029, 28.8055], [-81.3802, 28.8184], [-81.3752, 28.8269], [-81.364, 28.8313], [-81.3485, 28.8494], [-81.3346, 28.8509], [-81.3215, 28.8476], [-81.2668, 28.8171], [-81.2659, 28.7953], [-81.2577, 28.7748], [-81.2891, 28.7415], [-81.2873, 28.7171], [-81.2709, 28.7058], [-81.2225, 28.7062], [-81.2113, 28.6875], [-81.2001, 28.6838], [-81.1752, 28.6648], [-81.1556, 28.6616], [-81.1527, 28.6416], [-81.1769, 28.6015], [-81.1771, 28.5371], [-81.2341, 28.5376], [-81.2596, 28.5285], [-81.2651, 28.5185], [-81.2549, 28.504], [-81.2761, 28.4717], [-81.2885, 28.4366], [-81.3038, 28.4282], [-81.3431, 28.4207], [-81.354, 28.4137], [-81.3564, 28.4033], [-81.3438, 28.371], [-81.3548, 28.3551], [-81.3513, 28.347], [-81.3367, 28.3345], [-81.331, 28.3192], [-81.3331, 28.292], [-81.3459, 28.2917], [-81.3613, 28.3005], [-81.3702, 28.302], [-81.3853, 28.2991], [-81.416, 28.2843], [-81.4342, 28.2803], [-81.4439, 28.2905], [-81.4902, 28.2913], [-81.4965, 28.3015], [-81.4998, 28.317], [-81.5053, 28.3233], [-81.5212, 28.3246], [-81.5463, 28.3193], [-81.5709, 28.3313], [-81.6014, 28.3247], [-81.6209, 28.3255], [-81.6389, 28.3323], [-81.6534, 28.3475], [-81.6586, 28.3715]]]}}, {"type": "Feature", "properties": {}, "geometry": {"type": "Polygon", "coordinates": [[[-80.7247, 28.1298], [-80.7033, 28.1742], [-80.7033, 28.2483], [-80.7003, 28.2507], [-80.6781, 28.2365], [-80.6537, 28.1907], [-80.642, 28.18], [-80.581, 28.0599], [-80.5804, 28.039], [-80.5843, 28.0307], [-80.5994, 28.0242], [-80.6173, 28.0238], [-80.6342, 28.0281], [-80.6467, 28.036], [-80.6585, 28.0692], [-80.7034, 28.0817], [-80.7128, 28.1012], [-80.7234, 28.1095], [-80.7247, 28.1298]]]}}, {"type": "Feature", "properties": {}, "geometry": {"type": "Polygon", "coordinates": [[[-80.5955, 28.2387], [-80.5922, 28.2079], [-80.5711, 28.1061], [-80.5556, 28.0728], [-80.569, 28.0666], [-80.5806, 28.0854], [-80.6107, 28.1649], [-80.6199, 28.207], [-80.6196, 28.2395], [-80.5955, 28.2387]]]}}, {"type": "Feature", "properties": {}, "geometry": {"type": "Polygon", "coordinates": [[[-81.8101, 26.6458], [-81.8135, 26.628], [-81.8315, 26.6055], [-81.8298, 26.5921], [-81.8205, 26.5728], [-81.8213, 26.5602], [-81.8408, 26.549], [-81.8443, 26.5255], [-81.8552, 26.5248], [-81.8754, 26.5131], [-81.9138, 26.5036], [-81.9312, 26.4868], [-81.9404, 26.4742], [-81.9427, 26.4644], [-81.9784, 26.4822], [-81.9916, 26.476], [-82.0001, 26.4822], [-82.0063, 26.4748], [-82.0089, 26.4993], [-82.0062, 26.5141], [-82.0001, 26.5232], [-81.996, 26.5228], [-81.9892, 26.5117], [-81.9821, 26.5089], [-81.9745, 26.5104], [-81.9385, 26.5355], [-81.9118, 26.5587], [-81.8931, 26.5861], [-81.8971, 26.6113], [-81.8419, 26.6632], [-81.8381, 26.6724], [-81.8292, 26.6814], [-81.818, 26.6855], [-81.8122, 26.6825], [-81.8101, 26.6458]]]}}, {"type": "Feature", "properties": {}, "geometry": {"type": "Polygon", "coordinates": [[[-82.0222, 26.5615], [-81.9925, 26.5837], [-81.991, 26.5966], [-81.9947, 26.626], [-81.9917, 26.6391], [-81.9731, 26.6501], [-81.9645, 26.6662], [-81.9339, 26.6857], [-81.9359, 26.7617], [-81.8999, 26.7618], [-81.8888, 26.7381], [-81.8841, 26.709], [-81.8761, 26.7063], [-81.8449, 26.7066], [-81.8414, 26.6933], [-81.8546, 26.6884], [-81.8739, 26.6741], [-81.9067, 26.6426], [-81.9176, 26.6267], [-81.9517, 26.5436], [-81.9927, 26.5294], [-81.9927, 26.5436], [-82.0267, 26.528], [-82.0354, 26.5279], [-82.0302, 26.5525], [-82.0222, 26.5615]]]}}, {"type": "Feature", "properties": {}, "geometry": {"type": "Polygon", "coordinates": [[[-80.5034, 25.4493], [-80.5108, 25.4828], [-80.5028, 25.5173], [-80.4904, 25.5247], [-80.4649, 25.518], [-80.4522, 25.5224], [-80.4378, 25.5475], [-80.4367, 25.5721], [-80.4261, 25.5877], [-80.4265, 25.5934], [-80.4321, 25.5992], [-80.4498, 25.5997], [-80.4588, 25.6043], [-80.4611, 25.6186], [-80.4587, 25.6576], [-80.4662, 25.6722], [-80.4773, 25.6794], [-80.491, 25.6832], [-80.5033, 25.6944], [-80.4988, 25.7177], [-80.4815, 25.7385], [-80.4694, 25.7618], [-80.4531, 25.7625], [-80.4476, 25.7671], [-80.4503, 25.8044], [-80.4475, 25.8171], [-80.4156, 25.8369], [-80.4041, 25.8521], [-80.4045, 25.8734], [-80.4256, 25.9046], [-80.4262, 25.9444], [-80.4353, 25.9533], [-80.4367, 25.9597], [-80.4278, 25.9685], [-80.4273, 25.9761], [-80.4477, 26.0374], [-80.4313, 26.0575], [-80.4213, 26.0649], [-80.4109, 26.0667], [-80.407, 26.0731], [-80.4102, 26.0842], [-80.4355, 26.1105], [-80.4365, 26.1391], [-80.4223, 26.1457], [-80.3772, 26.141], [-80.3608, 26.1504], [-80.3581, 26.1732], [-80.3157, 26.2206], [-80.3142, 26.3064], [-80.3033, 26.3387], [-80.2942, 26.3446], [-80.2911, 26.3511], [-80.26, 26.3615], [-80.2564, 26.3888], [-80.2367, 26.4087], [-80.2365, 26.428], [-80.2275, 26.4335], [-80.225, 26.4396], [-80.2103, 26.4445], [-80.2007, 26.4586], [-80.1952, 26.4769], [-80.1911, 26.5951], [-80.1954, 26.6156], [-80.2018, 26.6231], [-80.2141, 26.6259], [-80.2185, 26.6336], [-80.2354, 26.6362], [-80.2436, 26.6472], [-80.2575, 26.6473], [-80.2674, 26.6524], [-80.2801, 26.6644], [-80.2921, 26.6706], [-80.293, 26.6866], [-80.2817, 26.6956], [-80.2592, 26.7065], [-80.2552, 26.7182], [-80.2542, 26.7407], [-80.2463, 26.7511], [-80.1933, 26.7399], [-80.1701, 26.7407], [-80.1505, 26.7502], [-80.1482, 26.7582], [-80.1588, 26.777], [-80.1526, 26.7965], [-80.1596, 26.815], [-80.1699, 26.8262], [-80.1699, 26.8501], [-80.1616, 26.8699], [-80.1231, 26.8876], [-80.1168, 26.9016], [-80.1217, 26.9108], [-80.1355, 26.914], [-80.1536, 26.9252], [-80.1636, 26.9359], [-80.17, 26.9492], [-80.1544, 26.9852], [-80.102, 26.998], [-80.0881, 26.9974], [-80.0756, 26.9732], [-80.0741, 26.9614], [-80.0813, 26.9504], [-80.1151, 26.9409], [-80.1151, 26.9347], [-80.0803, 26.9236], [-80.0707, 26.917], [-80.0643, 26.9067], [-80.0382, 26.8112], [-80.0384, 26.7842], [-80.0536, 26.7696], [-80.0536, 26.7622], [-80.0405, 26.7464], [-80.0345, 26.7153], [-80.0324, 26.5873], [-80.0381, 26.5585], [-80.0536, 26.5567], [-80.0621, 26.4209], [-80.0719, 26.3904], [-80.0732, 26.341], [-80.0751, 26.3242], [-80.0809, 26.3096], [-80.0777, 26.2876], [-80.1027, 26.14], [-80.1121, 26.1102], [-80.1288, 26.0986], [-80.1288, 26.0912], [-80.1128, 26.0688], [-80.1288, 25.7753], [-80.1356, 25.7753], [-80.1356, 25.8168], [-80.1288, 25.8621], [-80.1293, 25.8879], [-80.1324, 25.9013], [-80.1406, 25.9008], [-80.1766, 25.8584], [-80.1827, 25.8221], [-80.1955, 25.7958], [-80.1962, 25.7538], [-80.2107, 25.7349], [-80.2407, 25.7296], [-80.2516, 25.7206], [-80.2567, 25.6903], [-80.2835, 25.701], [-80.2987, 25.6904], [-80.2977, 25.6666], [-80.2879, 25.6496], [-80.2786, 25.6434], [-80.3069, 25.6182], [-80.3108, 25.5765], [-80.3752, 25.5498], [-80.3946, 25.5472], [-80.3982, 25.5396], [-80.3877, 25.5142], [-80.3892, 25.4922], [-80.4265, 25.4896], [-80.4673, 25.4531], [-80.5004, 25.4475], [-80.5034, 25.4493]]]}}, {"type": "Feature", "properties": {}, "geometry": {"type": "Polygon", "coordinates": [[[-100.401, 44.3837], [-100.389, 44.414], [-100.3861, 44.415], [-100.3733, 44.4096], [-100.3529, 44.3863], [-100.3358, 44.3791], [-100.3297, 44.357], [-100.3873, 44.3596], [-100.3997, 44.3674], [-100.401, 44.3837]]]}}, {"type": "Feature", "properties": {}, "geometry": {"type": "Polygon", "coordinates": [[[-89.1575, 38.5142], [-89.1553, 38.5406], [-89.1397, 38.5549], [-89.1151, 38.56], [-89.0873, 38.5596], [-89.0877, 38.5421], [-89.0975, 38.5374], [-89.1208, 38.5339], [-89.1413, 38.5121], [-89.1575, 38.5142]]]}}, {"type": "Feature", "properties": {}, "geometry": {"type": "Polygon", "coordinates": [[[-96.2341, 38.4365], [-96.2196, 38.4458], [-96.1685, 38.423], [-96.1648, 38.4123], [-96.1638, 38.3909], [-96.19, 38.3923], [-96.2131, 38.3994], [-96.2284, 38.4135], [-96.2341, 38.4365]]]}}, {"type": "Feature", "properties": {}, "geometry": {"type": "Polygon", "coordinates": [[[-88.9575, 38.3148], [-88.9483, 38.3324], [-88.9279, 38.3388], [-88.9046, 38.3361], [-88.887, 38.3256], [-88.9036, 38.2972], [-88.9112, 38.2899], [-88.926, 38.2899], [-88.9575, 38.3148]]]}}, {"type": "Feature", "properties": {}, "geometry": {"type": "Polygon", "coordinates": [[[-90.4351, 38.2142], [-90.4262, 38.2289], [-90.3991, 38.244], [-90.3945, 38.2495], [-90.4017, 38.2811], [-90.393, 38.2864], [-90.3904, 38.3038], [-90.3874, 38.3045], [-90.365, 38.2724], [-90.37, 38.2294], [-90.3954, 38.2019], [-90.4351, 38.2142]]]}}, {"type": "Feature", "properties": {}, "geometry": {"type": "Polygon", "coordinates": [[[-97.966, 38.0939], [-97.9514, 38.1021], [-97.8868, 38.1049], [-97.8906, 38.0563], [-97.9225, 38.0372], [-97.9556, 38.0481], [-97.966, 38.0939]]]}}, {"type": "Feature", "properties": {}, "geometry": {"type": "Polygon", "coordinates": [[[-91.8127, 37.9589], [-91.8064, 37.9744], [-91.7867, 37.9836], [-91.7659, 37.9833], [-91.7532, 37.97], [-91.7569, 37.9485], [-91.7751, 37.944], [-91.7987, 37.9495], [-91.8127, 37.9589]]]}}, {"type": "Feature", "properties": {}, "geometry": {"type": "Polygon", "coordinates": [[[-92.1434, 37.7891], [-92.1334, 37.805], [-92.1084, 37.7957], [-92.1023, 37.7792], [-92.1079, 37.7618], [-92.1208, 37.7458], [-92.1394, 37.7539], [-92.1456, 37.7701], [-92.1434, 37.7891]]]}}, {"type": "Feature", "properties": {}, "geometry": {"type": "Polygon", "coordinates": [[[-100.0459, 37.7681], [-100.0423, 37.775], [-100.0246, 37.7908], [-100.0094, 37.794], [-99.9992, 37.779], [-99.9964, 37.7582], [-100.0086, 37.7457], [-100.019, 37.7459], [-100.0439, 37.7569], [-100.0459, 37.7681]]]}}, {"type": "Feature", "properties": {}, "geometry": {"type": "Polygon", "coordinates": [[[-89.0128, 37.7818], [-88.9895, 37.794], [-88.9737, 37.7954], [-88.9586, 37.7703], [-88.9203, 37.747], [-88.9422, 37.7258], [-88.9742, 37.7295], [-89.0021, 37.7506], [-89.0128, 37.7818]]]}}, {"type": "Feature", "properties": {}, "geometry": {"type": "Polygon", "coordinates": [[[-97.5019, 37.7107], [-97.5006, 37.7259], [-97.487, 37.7358], [-97.4469, 37.7382], [-97.3989, 37.7718], [-97.3687, 37.784], [-97.3444, 37.7876], [-97.3199, 37.7825], [-97.308, 37.7657], [-97.3006, 37.766], [-97.2872, 37.7787], [-97.2761, 37.7827], [-97.2658, 37.7724], [-97.2424, 37.7647], [-97.2302, 37.7481], [-97.2285, 37.7313], [-97.2193, 37.7262], [-97.2193, 37.7054], [-97.2112, 37.6938], [-97.2238, 37.657], [-97.2345, 37.6453], [-97.2652, 37.6232], [-97.3056, 37.6134], [-97.3119, 37.6073], [-97.3194, 37.5907], [-97.3325, 37.5899], [-97.347, 37.5964], [-97.3666, 37.6126], [-97.3741, 37.6288], [-97.3804, 37.6343], [-97.3991, 37.6344], [-97.4047, 37.6462], [-97.4161, 37.6502], [-97.4532, 37.6524], [-97.4664, 37.6569], [-97.4704, 37.6719], [-97.4892, 37.6909], [-97.5019, 37.7107]]]}}, {"type": "Feature", "properties": {}, "geometry": {"type": "Polygon", "coordinates": [[[-89.2605, 37.7262], [-89.2554, 37.7495], [-89.2087, 37.7568], [-89.187, 37.7481], [-89.1942, 37.7192], [-89.2105, 37.7011], [-89.2254, 37.7021], [-89.2449, 37.7094], [-89.2605, 37.7262]]]}}, {"type": "Feature", "properties": {}, "geometry": {"type": "Polygon", "coordinates": [[[-89.6014, 37.3046], [-89.5839, 37.3316], [-89.5588, 37.3437], [-89.5301, 37.342], [-89.498, 37.3257], [-89.5126, 37.2901], [-89.5218, 37.279], [-89.5324, 37.2787], [-89.6004, 37.3011], [-89.6014, 37.3046]]]}}, {"type": "Feature", "properties": {}, "geometry": {"type": "Polygon", "coordinates": [[[-93.3629, 37.205], [-93.3612, 37.2256], [-93.3518, 37.2443], [-93.3355, 37.2604], [-93.3336, 37.2715], [-93.2334, 37.2719], [-93.2031, 37.2047], [-93.2088, 37.1799], [-93.2201, 37.175], [-93.2316, 37.146], [-93.2434, 37.1438], [-93.2557, 37.1289], [-93.267, 37.1207], [-93.2785, 37.124], [-93.2856, 37.1338], [-93.3114, 37.1346], [-93.3423, 37.1412], [-93.3547, 37.1505], [-93.3569, 37.1702], [-93.3516, 37.1831], [-93.3629, 37.205]]]}}, {"type": "Feature", "properties": {}, "geometry": {"type": "Polygon", "coordinates": [[[-94.5678, 37.1143], [-94.5634, 37.1194], [-94.5446, 37.1272], [-94.5275, 37.129], [-94.5217, 37.1385], [-94.4938, 37.1468], [-94.4648, 37.1493], [-94.4696, 37.0535], [-94.4766, 37.0456], [-94.505, 37.0436], [-94.527, 37.0482], [-94.5445, 37.057], [-94.5542, 37.0692], [-94.5672, 37.1023], [-94.5678, 37.1143]]]}}, {"type": "Feature", "properties": {}, "geometry": {"type": "Polygon", "coordinates": [[[-89.6084, 36.8942], [-89.5651, 36.9046], [-89.5778, 36.8605], [-89.603, 36.8672], [-89.6084, 36.8942]]]}}, {"type": "Feature", "properties": {}, "geometry": {"type": "Polygon", "coordinates": [[[-90.4459, 36.7821], [-90.4322, 36.8017], [-90.4113, 36.8007], [-90.3926, 36.7841], [-90.3869, 36.7581], [-90.4051, 36.7483], [-90.4459, 36.7821]]]}}, {"type": "Feature", "properties": {}, "geometry": {"type": "Polygon", "coordinates": [[[-96.0008, 36.7702], [-95.9428, 36.771], [-95.9236, 36.7614], [-95.9193, 36.736], [-95.9773, 36.7355], [-95.9966, 36.7452], [-96.0008, 36.7702]]]}}, {"type": "Feature", "properties": {}, "geometry": {"type": "Polygon", "coordinates": [[[-93.3457, 36.647], [-93.3421, 36.6577], [-93.3243, 36.6819], [-93.3238, 36.7132], [-93.3207, 36.7164], [-93.2838, 36.7178], [-93.2639, 36.7103], [-93.2509, 36.7172], [-93.2322, 36.7163], [-93.2265, 36.7076], [-93.2088, 36.7044], [-93.2068, 36.6926], [-93.192, 36.6806], [-93.1837, 36.6681], [-93.1869, 36.6574], [-93.1964, 36.6497], [-93.1976, 36.6356], [-93.2153, 36.6214], [-93.2206, 36.6126], [-93.2454, 36.6117], [-93.2674, 36.6044], [-93.2776, 36.6085], [-93.2887, 36.6227], [-93.2993, 36.6289], [-93.3037, 36.6402], [-93.3092, 36.6447], [-93.3371, 36.6361], [-93.3457, 36.647]]]}}, {"type": "Feature", "properties": {}, "geometry": {"type": "Polygon", "coordinates": [[[-97.9289, 36.4289], [-97.8984, 36.4371], [-97.8666, 36.4305], [-97.8411, 36.4144], [-97.8621, 36.3914], [-97.8891, 36.3834], [-97.9183, 36.387], [-97.945, 36.4028], [-97.9289, 36.4289]]]}}, {"type": "Feature", "properties": {}, "geometry": {"type": "Polygon", "coordinates": [[[-94.1787, 36.3487], [-94.1622, 36.3486], [-94.137, 36.3598], [-94.1204, 36.3605], [-94.1198, 36.3458], [-94.1252, 36.3202], [-94.1315, 36.3128], [-94.1423, 36.3109], [-94.1588, 36.3246], [-94.174, 36.3301], [-94.1788, 36.3361], [-94.1787, 36.3487]]]}}, {"type": "Feature", "properties": {}, "geometry": {"type": "Polygon", "coordinates": [[[-94.221, 36.0776], [-94.204, 36.0946], [-94.1885, 36.0954], [-94.1829, 36.1013], [-94.1862, 36.1125], [-94.2119, 36.1245], [-94.2067, 36.1403], [-94.1928, 36.1483], [-94.1667, 36.15], [-94.1607, 36.1584], [-94.1648, 36.1679], [-94.1905, 36.1872], [-94.1895, 36.2157], [-94.1682, 36.2244], [-94.1445, 36.2213], [-94.0981, 36.205], [-94.1015, 36.184], [-94.1185, 36.1518], [-94.1193, 36.1247], [-94.1146, 36.0961], [-94.1183, 36.0845], [-94.1307, 36.069], [-94.1429, 36.0651], [-94.154, 36.0459], [-94.1923, 36.0467], [-94.2101, 36.0347], [-94.2246, 36.0534], [-94.221, 36.0776]]]}}, {"type": "Feature", "properties": {}, "geometry": {"type": "Polygon", "coordinates": [[[-97.1123, 36.1475], [-97.1113, 36.1603], [-97.0856, 36.1701], [-97.0562, 36.1655], [-97.0345, 36.1462], [-97.0304, 36.1136], [-97.0472, 36.1035], [-97.0615, 36.1015], [-97.0766, 36.1056], [-97.0895, 36.1135], [-97.0911, 36.1332], [-97.1059, 36.1406], [-97.1123, 36.1475]]]}}, {"type": "Feature", "properties": {}, "geometry": {"type": "Polygon", "coordinates": [[[-90.5347, 36.0604], [-90.5274, 36.076], [-90.5108, 36.0827], [-90.4914, 36.0806], [-90.4756, 36.0702], [-90.4833, 36.0528], [-90.5003, 36.0461], [-90.5191, 36.0483], [-90.5344, 36.0573], [-90.5347, 36.0604]]]}}, {"type": "Feature", "properties": {}, "geometry": {"type": "Polygon", "coordinates": [[[-89.4351, 36.0706], [-89.4083, 36.0846], [-89.3989, 36.0828], [-89.3906, 36.0744], [-89.3653, 36.0778], [-89.3536, 36.07], [-89.3686, 36.0341], [-89.3758, 36.0247], [-89.3963, 36.0215], [-89.4161, 36.0302], [-89.4295, 36.0465], [-89.4351, 36.0706]]]}}, {"type": "Feature", "properties": {}, "geometry": {"type": "Polygon", "coordinates": [[[-89.7908, 35.8929], [-89.7902, 35.927], [-89.7732, 35.9281], [-89.7424, 35.9152], [-89.7471, 35.9012], [-89.7573, 35.893], [-89.7722, 35.8897], [-89.7889, 35.8902], [-89.7908, 35.8929]]]}}, {"type": "Feature", "properties": {}, "geometry": {"type": "Polygon", "coordinates": [[[-90.7461, 35.8483], [-90.7169, 35.8657], [-90.6832, 35.8683], [-90.6553, 35.8585], [-90.6423, 35.8364], [-90.6565, 35.8081], [-90.6894, 35.7971], [-90.7244, 35.8086], [-90.7461, 35.8483]]]}}, {"type": "Feature", "properties": {}, "geometry": {"type": "Polygon", "coordinates": [[[-95.4363, 35.7805], [-95.433, 35.8163], [-95.4102, 35.8042], [-95.389, 35.7977], [-95.3671, 35.7979], [-95.3425, 35.805], [-95.3361, 35.788], [-95.3306, 35.7359], [-95.3772, 35.7318], [-95.3886, 35.7348], [-95.3933, 35.7463], [-95.4275, 35.7614], [-95.4363, 35.7805]]]}}, {"type": "Feature", "properties": {}, "geometry": {"type": "Polygon", "coordinates": [[[-88.9351, 35.6599], [-88.9042, 35.6995], [-88.8893, 35.7053], [-88.8769, 35.706], [-88.8553, 35.7159], [-88.8443, 35.7165], [-88.8225, 35.7083], [-88.7949, 35.6881], [-88.7733, 35.663], [-88.7647, 35.6363], [-88.773, 35.6305], [-88.7814, 35.6132], [-88.7973, 35.5944], [-88.7984, 35.5692], [-88.8158, 35.5653], [-88.8263, 35.577], [-88.8367, 35.6], [-88.8558, 35.6014], [-88.8636, 35.6111], [-88.8782, 35.6126], [-88.882, 35.6352], [-88.9341, 35.657], [-88.9351, 35.6599]]]}}, {"type": "Feature", "properties": {}, "geometry": {"type": "Polygon", "coordinates": [[[-97.5449, 35.6709], [-97.5328, 35.6792], [-97.5105, 35.6727], [-97.4969, 35.6731], [-97.4596, 35.6966], [-97.4424, 35.6942], [-97.4347, 35.6849], [-97.4201, 35.6406], [-97.3979, 35.617], [-97.3969, 35.6027], [-97.405, 35.6003], [-97.4116, 35.6091], [-97.4195, 35.6121], [-97.4532, 35.5906], [-97.4724, 35.5895], [-97.494, 35.5925], [-97.5033, 35.6011], [-97.5216, 35.6015], [-97.5313, 35.6146], [-97.5449, 35.6709]]]}}, {"type": "Feature", "properties": {}, "geometry": {"type": "Polygon", "coordinates": [[[-97.7117, 35.5029], [-97.7024, 35.5209], [-97.6889, 35.5329], [-97.669, 35.5394], [-97.6552, 35.5398], [-97.6498, 35.5444], [-97.6526, 35.5641], [-97.6735, 35.5856], [-97.67, 35.5925], [-97.644, 35.6164], [-97.6191, 35.6279], [-97.6083, 35.6272], [-97.598, 35.6188], [-97.5917, 35.6176], [-97.5667, 35.6278], [-97.5536, 35.6276], [-97.5502, 35.6098], [-97.5417, 35.6048], [-97.528, 35.5867], [-97.5119, 35.5742], [-97.4979, 35.5719], [-97.4889, 35.5663], [-97.4682, 35.5737], [-97.4528, 35.5713], [-97.4502, 35.5543], [-97.4418, 35.5494], [-97.4284, 35.5279], [-97.4197, 35.5279], [-97.4003, 35.5367], [-97.3872, 35.5387], [-97.3809, 35.5316], [-97.3584, 35.5194], [-97.3301, 35.515], [-97.3756, 35.4017], [-97.3905, 35.3998], [-97.4114, 35.4191], [-97.4244, 35.4222], [-97.4425, 35.4016], [-97.506, 35.3909], [-97.5133, 35.3865], [-97.5233, 35.3719], [-97.544, 35.3665], [-97.5508, 35.374], [-97.5563, 35.3901], [-97.5813, 35.4001], [-97.5903, 35.4106], [-97.5908, 35.4293], [-97.5954, 35.435], [-97.6303, 35.4405], [-97.6781, 35.4852], [-97.7117, 35.5029]]]}}, {"type": "Feature", "properties": {}, "geometry": {"type": "Polygon", "coordinates": [[[-94.4578, 35.4094], [-94.4564, 35.4157], [-94.4469, 35.4233], [-94.445, 35.4493], [-94.4229, 35.4512], [-94.3983, 35.4816], [-94.3872, 35.483], [-94.3819, 35.4717], [-94.3388, 35.461], [-94.3196, 35.4487], [-94.3332, 35.4247], [-94.336, 35.4024], [-94.3196, 35.3471], [-94.361, 35.3336], [-94.373, 35.3246], [-94.3766, 35.3162], [-94.3764, 35.2904], [-94.4049, 35.2973], [-94.434, 35.3134], [-94.4376, 35.3252], [-94.4565, 35.3358], [-94.4467, 35.3639], [-94.4566, 35.3805], [-94.4578, 35.4094]]]}}, {"type": "Feature", "properties": {}, "geometry": {"type": "Polygon", "coordinates": [[[-96.9379, 35.3858], [-96.908, 35.3931], [-96.9148, 35.3612], [-96.9089, 35.3239], [-96.9377, 35.3317], [-96.9466, 35.359], [-96.9379, 35.3858]]]}}, {"type": "Feature", "properties": {}, "geometry": {"type": "Polygon", "coordinates": [[[-89.9233, 35.3352], [-89.922, 35.363], [-89.9062, 35.3778], [-89.8834, 35.3805], [-89.8648, 35.371], [-89.8734, 35.3547], [-89.8864, 35.3449], [-89.9233, 35.3352]]]}}, {"type": "Feature", "properties": {}, "geometry": {"type": "Polygon", "coordinates": [[[-93.1792, 35.2814], [-93.1782, 35.2947], [-93.1557, 35.3386], [-93.1324, 35.3279], [-93.1178, 35.3062], [-93.1085, 35.3059], [-93.0871, 35.3126], [-93.0753, 35.3043], [-93.078, 35.2828], [-93.089, 35.272], [-93.1261, 35.2554], [-93.1324, 35.2459], [-93.1418, 35.2484], [-93.1629, 35.2615], [-93.1699, 35.2736], [-93.1792, 35.2814]]]}}, {"type": "Feature", "properties": {}, "geometry": {"type": "Polygon", "coordinates": [[[-91.7683, 35.2593], [-91.7686, 35.2749], [-91.7553, 35.3055], [-91.7245, 35.3053], [-91.7022, 35.2968], [-91.6643, 35.2704], [-91.6649, 35.2559], [-91.7092, 35.2456], [-91.7212, 35.2303], [-91.7316, 35.2226], [-91.7458, 35.2246], [-91.7581, 35.247], [-91.766, 35.2518], [-91.7683, 35.2593]]]}}, {"type": "Feature", "properties": {}, "geometry": {"type": "Polygon", "coordinates": [[[-90.2458, 35.1826], [-90.2384, 35.1882], [-90.2341, 35.2051], [-90.1898, 35.2075], [-90.1771, 35.2054], [-90.1705, 35.1983], [-90.1648, 35.1737], [-90.1577, 35.1713], [-90.1408, 35.1731], [-90.1355, 35.1786], [-90.1341, 35.1941], [-90.1163, 35.1977], [-90.101, 35.2091], [-90.0794, 35.2378], [-90.073, 35.2406], [-90.0568, 35.2604], [-90.0371, 35.2766], [-90.0346, 35.2825], [-90.01, 35.2841], [-90.0001, 35.2943], [-89.9871, 35.2933], [-89.9694, 35.2793], [-89.9531, 35.2719], [-89.9203, 35.2736], [-89.91, 35.2718], [-89.9015, 35.2619], [-89.8679, 35.2595], [-89.8605, 35.2623], [-89.8551, 35.2721], [-89.8346, 35.262], [-89.8214, 35.2609], [-89.8131, 35.2511], [-89.7856, 35.2521], [-89.7763, 35.2493], [-89.7683, 35.2408], [-89.7355, 35.2444], [-89.7202, 35.237], [-89.7307, 35.2161], [-89.7314, 35.1916], [-89.7571, 35.1752], [-89.7616, 35.1689], [-89.7534, 35.1477], [-89.75, 35.1192], [-89.7454, 35.1063], [-89.7313, 35.0919], [-89.7544, 35.0573], [-89.7958, 35.0471], [-89.7985, 35.0399], [-89.7961, 35.0109], [-89.7985, 35.002], [-89.8163, 34.9987], [-89.8579, 35.0029], [-89.8986, 34.9955], [-89.9114, 34.9986], [-89.9199, 35.0076], [-89.9267, 35.0088], [-89.9477, 34.9944], [-89.9572, 34.9705], [-90.0434, 34.9461], [-90.0785, 35.0104], [-90.087, 35.0135], [-90.1107, 35.0108], [-90.1227, 35.0127], [-90.127, 35.0378], [-90.1683, 35.0583], [-90.1542, 35.0765], [-90.1148, 35.083], [-90.1029, 35.1038], [-90.106, 35.1143], [-90.1281, 35.1247], [-90.1368, 35.1339], [-90.1473, 35.1338], [-90.1554, 35.1287], [-90.1686, 35.1053], [-90.19, 35.1019], [-90.1989, 35.1271], [-90.2392, 35.1535], [-90.2458, 35.1826]]]}}, {"type": "Feature", "properties": {}, "geometry": {"type": "Polygon", "coordinates": [[[-97.5223, 35.2382], [-97.4978, 35.2483], [-97.4646, 35.2515], [-97.432, 35.2481], [-97.4079, 35.2364], [-97.4265, 35.2104], [-97.4677, 35.1988], [-97.5071, 35.206], [-97.5223, 35.2382]]]}}, {"type": "Feature", "properties": {}, "geometry": {"type": "Polygon", "coordinates": [[[-92.5014, 35.082], [-92.4957, 35.091], [-92.4858, 35.1289], [-92.4768, 35.1451], [-92.459, 35.1557], [-92.431, 35.149], [-92.4179, 35.1237], [-92.3976, 35.1037], [-92.4091, 35.0759], [-92.4248, 35.0603], [-92.4447, 35.0571], [-92.5014, 35.082]]]}}, {"type": "Feature", "properties": {}, "geometry": {"type": "Polygon", "coordinates": [[[-89.7074, 35.0923], [-89.6772, 35.1014], [-89.6432, 35.094], [-89.6494, 35.0565], [-89.6689, 35.0375], [-89.6919, 35.0345], [-89.7117, 35.046], [-89.7216, 35.073], [-89.7074, 35.0923]]]}}, {"type": "Feature", "properties": {}, "geometry": {"type": "Polygon", "coordinates": [[[-90.8239, 35.0482], [-90.7955, 35.0478], [-90.7762, 35.0366], [-90.7683, 35.0197], [-90.7764, 35.0018], [-90.7965, 35.0051], [-90.8114, 35.0143], [-90.8203, 35.0286], [-90.8239, 35.0482]]]}}, {"type": "Feature", "properties": {}, "geometry": {"type": "Polygon", "coordinates": [[[-95.812, 34.9254], [-95.8074, 34.94], [-95.8057, 34.9712], [-95.7993, 34.9834], [-95.7768, 34.9877], [-95.751, 34.977], [-95.7321, 34.9541], [-95.7305, 34.9249], [-95.7478, 34.915], [-95.7723, 34.9119], [-95.7936, 34.9147], [-95.812, 34.9254]]]}}, {"type": "Feature", "properties": {}, "geometry": {"type": "Polygon", "coordinates": [[[-92.4792, 34.8149], [-92.4654, 34.8278], [-92.4219, 34.8277], [-92.4074, 34.8187], [-92.3974, 34.8177], [-92.3907, 34.8217], [-92.378, 34.8388], [-92.3611, 34.8409], [-92.3555, 34.8499], [-92.3141, 34.8494], [-92.2668, 34.8832], [-92.214, 34.8828], [-92.2035, 34.8905], [-92.1897, 34.9162], [-92.178, 34.9195], [-92.1665, 34.9388], [-92.1357, 34.9399], [-92.0999, 34.9132], [-92.0642, 34.9037], [-92.0653, 34.8896], [-92.0708, 34.8801], [-92.1039, 34.8586], [-92.1309, 34.8589], [-92.1594, 34.8742], [-92.1713, 34.8725], [-92.1742, 34.8648], [-92.1719, 34.8554], [-92.1496, 34.8259], [-92.142, 34.8041], [-92.1438, 34.8016], [-92.1667, 34.8008], [-92.1721, 34.7957], [-92.1724, 34.7882], [-92.1671, 34.7754], [-92.1533, 34.7711], [-92.1566, 34.761], [-92.1954, 34.7297], [-92.2025, 34.7128], [-92.2282, 34.7031], [-92.2315, 34.6909], [-92.2561, 34.6897], [-92.2661, 34.6793], [-92.286, 34.6798], [-92.3111, 34.6603], [-92.3437, 34.646], [-92.3594, 34.6454], [-92.38, 34.655], [-92.391, 34.656], [-92.4307, 34.6355], [-92.4567, 34.6357], [-92.4566, 34.6826], [-92.4437, 34.6909], [-92.4233, 34.6874], [-92.4168, 34.6969], [-92.4284, 34.7327], [-92.4544, 34.7383], [-92.4679, 34.747], [-92.4708, 34.7592], [-92.4691, 34.7983], [-92.4782, 34.8082], [-92.4792, 34.8149]]]}}, {"type": "Feature", "properties": {}, "geometry": {"type": "Polygon", "coordinates": [[[-92.4347, 34.8816], [-92.4229, 34.8991], [-92.4047, 34.911], [-92.3832, 34.9141], [-92.3644, 34.9045], [-92.3725, 34.8873], [-92.377, 34.8681], [-92.3967, 34.8624], [-92.4081, 34.863], [-92.4347, 34.8816]]]}}, {"type": "Feature", "properties": {}, "geometry": {"type": "Polygon", "coordinates": [[[-96.7116, 34.7935], [-96.665, 34.8071], [-96.6414, 34.8044], [-96.6457, 34.7788], [-96.6727, 34.7661], [-96.7015, 34.7696], [-96.7116, 34.7935]]]}}, {"type": "Feature", "properties": {}, "geometry": {"type": "Polygon", "coordinates": [[[-98.4783, 34.6254], [-98.4754, 34.6333], [-98.4529, 34.6405], [-98.4427, 34.65], [-98.4251, 34.6458], [-98.3999, 34.6299], [-98.3744, 34.6262], [-98.3918, 34.593], [-98.4167, 34.5966], [-98.4465, 34.6135], [-98.4783, 34.6254]]]}}, {"type": "Feature", "properties": {}, "geometry": {"type": "Polygon", "coordinates": [[[-92.6236, 34.6039], [-92.5761, 34.6063], [-92.5564, 34.6272], [-92.5222, 34.6286], [-92.5108, 34.6388], [-92.4865, 34.6265], [-92.4891, 34.6098], [-92.5294, 34.6024], [-92.5642, 34.5693], [-92.5802, 34.5602], [-92.601, 34.5572], [-92.619, 34.5683], [-92.6236, 34.6039]]]}}, {"type": "Feature", "properties": {}, "geometry": {"type": "Polygon", "coordinates": [[[-93.1451, 34.4922], [-93.1438, 34.517], [-93.1384, 34.5268], [-93.1227, 34.5386], [-93.1059, 34.5407], [-93.0891, 34.5609], [-93.0707, 34.5606], [-93.0406, 34.551], [-93.0202, 34.5494], [-93.0388, 34.4807], [-93.0543, 34.4578], [-93.076, 34.4463], [-93.0921, 34.4473], [-93.1146, 34.4683], [-93.1335, 34.4684], [-93.1451, 34.4922]]]}}, {"type": "Feature", "properties": {}, "geometry": {"type": "Polygon", "coordinates": [[[-89.5664, 34.3631], [-89.5685, 34.3708], [-89.5609, 34.3911], [-89.5, 34.4055], [-89.4942, 34.3969], [-89.487, 34.3932], [-89.5022, 34.3564], [-89.5108, 34.3461], [-89.5211, 34.3455], [-89.5436, 34.3565], [-89.5664, 34.3631]]]}}, {"type": "Feature", "properties": {}, "geometry": {"type": "Polygon", "coordinates": [[[-92.1126, 34.2589], [-92.1025, 34.2802], [-92.101, 34.2938], [-92.0875, 34.2954], [-92.0772, 34.3055], [-91.9945, 34.2653], [-91.9716, 34.2709], [-91.9632, 34.2788], [-91.9573, 34.2778], [-91.9425, 34.2716], [-91.9315, 34.2554], [-91.931, 34.2475], [-91.9549, 34.2333], [-91.976, 34.2021], [-91.9934, 34.1996], [-92.0, 34.1904], [-92.035, 34.1871], [-92.0681, 34.1916], [-92.0781, 34.2111], [-92.09, 34.2245], [-92.0921, 34.2415], [-92.1126, 34.2589]]]}}, {"type": "Feature", "properties": {}, "geometry": {"type": "Polygon", "coordinates": [[[-97.1726, 34.1817], [-97.181, 34.206], [-97.1664, 34.2386], [-97.0859, 34.2156], [-97.0844, 34.2046], [-97.0965, 34.1911], [-97.1034, 34.1663], [-97.1129, 34.1569], [-97.1325, 34.1573], [-97.1517, 34.1648], [-97.1726, 34.1817]]]}}, {"type": "Feature", "properties": {}, "geometry": {"type": "Polygon", "coordinates": [[[-90.6071, 34.2147], [-90.5884, 34.2388], [-90.5534, 34.215], [-90.5616, 34.1972], [-90.5782, 34.1909], [-90.5969, 34.1931], [-90.6117, 34.2018], [-90.6071, 34.2147]]]}}, {"type": "Feature", "properties": {}, "geometry": {"type": "Polygon", "coordinates": [[[-94.0511, 34.1445], [-94.0372, 34.1501], [-94.0338, 34.1608], [-94.0195, 34.1616], [-94.0096, 34.1722], [-93.9893, 34.1622], [-93.9756, 34.1605], [-93.975, 34.126], [-93.9932, 34.1146], [-94.028, 34.1238], [-94.0556, 34.124], [-94.0581, 34.1386], [-94.0511, 34.1445]]]}}, {"type": "Feature", "properties": {}, "geometry": {"type": "Polygon", "coordinates": [[[-98.5784, 33.871], [-98.5763, 33.896], [-98.5558, 33.938], [-98.5362, 33.9414], [-98.5337, 33.9601], [-98.5116, 34.0043], [-98.5012, 34.0026], [-98.4673, 33.9617], [-98.4784, 33.8977], [-98.4975, 33.8797], [-98.535, 33.8591], [-98.5576, 33.8576], [-98.5784, 33.871]]]}}, {"type": "Feature", "properties": {}, "geometry": {"type": "Polygon", "coordinates": [[[-96.6561, 33.6604], [-96.6461, 33.6719], [-96.6424, 33.7035], [-96.6366, 33.716], [-96.6118, 33.7381], [-96.5948, 33.7392], [-96.5885, 33.7445], [-96.5857, 33.7582], [-96.5806, 33.7656], [-96.5814, 33.7755], [-96.5986, 33.8003], [-96.5886, 33.8165], [-96.5683, 33.8192], [-96.5529, 33.8149], [-96.5211, 33.795], [-96.4943, 33.7853], [-96.4842, 33.7761], [-96.4867, 33.7575], [-96.5126, 33.7554], [-96.5211, 33.7404], [-96.53, 33.7333], [-96.5321, 33.7176], [-96.5273, 33.6737], [-96.5302, 33.659], [-96.5424, 33.6545], [-96.5535, 33.6354], [-96.586, 33.6345], [-96.598, 33.6182], [-96.6114, 33.6099], [-96.6325, 33.6128], [-96.6448, 33.6246], [-96.6533, 33.6385], [-96.6561, 33.6604]]]}}, {"type": "Feature", "properties": {}, "geometry": {"type": "Polygon", "coordinates": [[[-89.8336, 33.7773], [-89.8377, 33.7915], [-89.8339, 33.8055], [-89.8132, 33.8058], [-89.7835, 33.812], [-89.7759, 33.8044], [-89.7767, 33.7958], [-89.7867, 33.7889], [-89.7914, 33.7698], [-89.8022, 33.7591], [-89.8232, 33.7576], [-89.8336, 33.7773]]]}}, {"type": "Feature", "properties": {}, "geometry": {"type": "Polygon", "coordinates": [[[-94.1678, 33.671], [-94.1527, 33.6917], [-94.0924, 33.6981], [-94.0776, 33.7167], [-94.0597, 33.704], [-94.0573, 33.6836], [-94.0647, 33.6608], [-94.0759, 33.6465], [-94.0996, 33.6454], [-94.1102, 33.6352], [-94.1444, 33.6463], [-94.1545, 33.6615], [-94.1678, 33.671]]]}}, {"type": "Feature", "properties": {}, "geometry": {"type": "Polygon", "coordinates": [[[-93.6347, 33.6814], [-93.6208, 33.7021], [-93.5996, 33.7011], [-93.5809, 33.6843], [-93.5753, 33.6585], [-93.5954, 33.6595], [-93.6347, 33.6814]]]}}, {"type": "Feature", "properties": {}, "geometry": {"type": "Polygon", "coordinates": [[[-95.6009, 33.6709], [-95.5812, 33.6889], [-95.5489, 33.6946], [-95.5205, 33.6858], [-95.5083, 33.6586], [-95.5307, 33.6475], [-95.5547, 33.6503], [-95.6009, 33.6709]]]}}, {"type": "Feature", "properties": {}, "geometry": {"type": "Polygon", "coordinates": [[[-92.8746, 33.5988], [-92.8616, 33.6157], [-92.8281, 33.6148], [-92.8086, 33.6046], [-92.8013, 33.5951], [-92.8006, 33.5861], [-92.8211, 33.5673], [-92.8249, 33.5592], [-92.8333, 33.5573], [-92.8671, 33.5686], [-92.8677, 33.5883], [-92.8746, 33.5988]]]}}, {"type": "Feature", "properties": {}, "geometry": {"type": "Polygon", "coordinates": [[[-90.2123, 33.5384], [-90.1885, 33.5504], [-90.1773, 33.5502], [-90.1534, 33.5258], [-90.162, 33.5062], [-90.1829, 33.4984], [-90.2035, 33.5079], [-90.2123, 33.5384]]]}}, {"type": "Feature", "properties": {}, "geometry": {"type": "Polygon", "coordinates": [[[-94.1381, 33.4713], [-94.1248, 33.4823], [-94.1231, 33.5049], [-94.1038, 33.5155], [-94.0995, 33.5279], [-94.077, 33.5279], [-94.0591, 33.5172], [-94.0202, 33.5194], [-94.0096, 33.5167], [-94.0057, 33.5046], [-93.9864, 33.4935], [-93.985, 33.4842], [-93.9973, 33.4566], [-93.9982, 33.4236], [-94.004, 33.4078], [-94.0219, 33.4018], [-94.0296, 33.4109], [-94.0369, 33.4113], [-94.0427, 33.4087], [-94.0587, 33.3912], [-94.0779, 33.3908], [-94.0832, 33.399], [-94.0984, 33.4058], [-94.1136, 33.4253], [-94.1401, 33.4383], [-94.1457, 33.4485], [-94.1448, 33.4622], [-94.1381, 33.4713]]]}}, {"type": "Feature", "properties": {}, "geometry": {"type": "Polygon", "coordinates": [[[-91.1224, 33.4211], [-91.1127, 33.4379], [-91.1044, 33.4425], [-91.1005, 33.45], [-91.0922, 33.4488], [-91.0827, 33.4415], [-91.0347, 33.4532], [-91.0201, 33.4491], [-91.0135, 33.4393], [-91.012, 33.4119], [-90.9978, 33.4028], [-91.0048, 33.3873], [-91.0191, 33.3738], [-91.0401, 33.3662], [-91.0761, 33.368], [-91.0863, 33.3783], [-91.1014, 33.3805], [-91.1037, 33.392], [-91.1207, 33.4079], [-91.1224, 33.4211]]]}}, {"type": "Feature", "properties": {}, "geometry": {"type": "Polygon", "coordinates": [[[-93.3108, 33.3206], [-93.3003, 33.3388], [-93.2837, 33.3404], [-93.2678, 33.3342], [-93.244, 33.3174], [-93.2158, 33.3066], [-93.2073, 33.2949], [-93.2086, 33.2698], [-93.244, 33.2547], [-93.256, 33.2577], [-93.261, 33.2659], [-93.2791, 33.2699], [-93.2814, 33.2783], [-93.2723, 33.2942], [-93.2764, 33.3047], [-93.3108, 33.3206]]]}}, {"type": "Feature", "properties": {}, "geometry": {"type": "Polygon", "coordinates": [[[-97.163, 33.2384], [-97.1281, 33.2601], [-97.123, 33.282], [-97.1201, 33.2834], [-97.1006, 33.2762], [-97.0922, 33.2599], [-97.0865, 33.2274], [-97.0799, 33.2228], [-97.0693, 33.2277], [-97.0646, 33.2587], [-97.0419, 33.2608], [-97.0385, 33.2149], [-97.0424, 33.202], [-97.0675, 33.2003], [-97.0904, 33.1825], [-97.1104, 33.1796], [-97.1294, 33.1843], [-97.1453, 33.1935], [-97.1664, 33.2131], [-97.163, 33.2384]]]}}, {"type": "Feature", "properties": {}, "geometry": {"type": "Polygon", "coordinates": [[[-92.701, 33.2187], [-92.6796, 33.2386], [-92.6723, 33.2659], [-92.6676, 33.2718], [-92.6481, 33.2715], [-92.6352, 33.2593], [-92.6215, 33.2304], [-92.6107, 33.2225], [-92.6088, 33.203], [-92.6291, 33.1925], [-92.656, 33.1896], [-92.6811, 33.1926], [-92.7011, 33.2027], [-92.701, 33.2187]]]}}, {"type": "Feature", "properties": {}, "geometry": {"type": "Polygon", "coordinates": [[[-95.012, 33.1584], [-95.0108, 33.1715], [-95.0028, 33.1896], [-94.9997, 33.2057], [-94.9849, 33.2063], [-94.9646, 33.1865], [-94.9435, 33.1946], [-94.9193, 33.1816], [-94.9246, 33.1719], [-94.9558, 33.1669], [-94.9766, 33.1351], [-95.012, 33.1584]]]}}, {"type": "Feature", "properties": {}, "geometry": {"type": "Polygon", "coordinates": [[[-96.145, 33.1248], [-96.1447, 33.1397], [-96.1389, 33.1495], [-96.1252, 33.1597], [-96.1215, 33.1724], [-96.1016, 33.1694], [-96.0867, 33.161], [-96.075, 33.1491], [-96.0801, 33.1245], [-96.1006, 33.1061], [-96.1222, 33.1004], [-96.1372, 33.1199], [-96.145, 33.1248]]]}}, {"type": "Feature", "properties": {}, "geometry": {"type": "Polygon", "coordinates": [[[-94.1943, 33.1315], [-94.1767, 33.1612], [-94.1534, 33.1478], [-94.1476, 33.1278], [-94.1591, 33.1103], [-94.1877, 33.1018], [-94.1979, 33.117], [-94.1943, 33.1315]]]}}, {"type": "Feature", "properties": {}, "geometry": {"type": "Polygon", "coordinates": [[[-91.9956, 33.1603], [-91.9429, 33.1609], [-91.9478, 33.1333], [-91.9649, 33.1265], [-91.985, 33.134], [-92.0016, 33.1481], [-91.9956, 33.1603]]]}}, {"type": "Feature", "properties": {}, "geometry": {"type": "Polygon", "coordinates": [[[-96.9336, 33.0914], [-96.9303, 33.1074], [-96.8887, 33.1389], [-96.8639, 33.1271], [-96.8644, 33.1187], [-96.8744, 33.111], [-96.8782, 33.0921], [-96.8871, 33.0739], [-96.9013, 33.0685], [-96.9215, 33.0795], [-96.9336, 33.0914]]]}}, {"type": "Feature", "properties": {}, "geometry": {"type": "Polygon", "coordinates": [[[-94.6897, 32.9827], [-94.6718, 32.9824], [-94.6473, 32.9713], [-94.6311, 32.9719], [-94.6376, 32.9435], [-94.66, 32.9403], [-94.6809, 32.9546], [-94.6897, 32.9827]]]}}, {"type": "Feature", "properties": {}, "geometry": {"type": "Polygon", "coordinates": [[[-98.1668, 32.8466], [-98.1587, 32.8547], [-98.1464, 32.8559], [-98.1305, 32.8496], [-98.1178, 32.8271], [-98.1096, 32.8224], [-98.1078, 32.8033], [-98.1441, 32.8132], [-98.1478, 32.8252], [-98.167, 32.8363], [-98.1668, 32.8466]]]}}, {"type": "Feature", "properties": {}, "geometry": {"type": "Polygon", "coordinates": [[[-94.3647, 32.7834], [-94.3652, 32.7865], [-94.3524, 32.8037], [-94.3196, 32.8047], [-94.3208, 32.7686], [-94.3549, 32.768], [-94.3647, 32.7834]]]}}, {"type": "Feature", "properties": {}, "geometry": {"type": "Polygon", "coordinates": [[[-91.9389, 32.7979], [-91.9204, 32.8055], [-91.9022, 32.8033], [-91.8864, 32.7927], [-91.8944, 32.7753], [-91.9118, 32.7689], [-91.9303, 32.7711], [-91.9454, 32.7802], [-91.9389, 32.7979]]]}}, {"type": "Feature", "properties": {}, "geometry": {"type": "Polygon", "coordinates": [[[-93.3232, 32.6606], [-93.3184, 32.6683], [-93.3085, 32.6707], [-93.301, 32.6674], [-93.2844, 32.649], [-93.2645, 32.6385], [-93.2644, 32.6261], [-93.2755, 32.6026], [-93.3018, 32.6044], [-93.3093, 32.6222], [-93.3124, 32.6418], [-93.3232, 32.6606]]]}}, {"type": "Feature", "properties": {}, "geometry": {"type": "Polygon", "coordinates": [[[-93.9552, 32.4688], [-93.9351, 32.4811], [-93.8759, 32.4842], [-93.8461, 32.5], [-93.8419, 32.5109], [-93.8542, 32.5387], [-93.8533, 32.5588], [-93.8454, 32.5827], [-93.8341, 32.5837], [-93.8195, 32.5937], [-93.8101, 32.5948], [-93.7993, 32.5783], [-93.7892, 32.5765], [-93.7773, 32.5867], [-93.7557, 32.6169], [-93.742, 32.6136], [-93.7342, 32.5894], [-93.7276, 32.5828], [-93.6984, 32.5835], [-93.6832, 32.5746], [-93.6762, 32.5751], [-93.6587, 32.597], [-93.6446, 32.607], [-93.6205, 32.6056], [-93.6194, 32.5942], [-93.6092, 32.5786], [-93.6087, 32.5695], [-93.624, 32.5614], [-93.6292, 32.5552], [-93.621, 32.5076], [-93.6311, 32.4915], [-93.6397, 32.4864], [-93.643, 32.4798], [-93.6632, 32.4696], [-93.668, 32.4546], [-93.6679, 32.4273], [-93.6751, 32.4143], [-93.6816, 32.4111], [-93.6882, 32.4017], [-93.6968, 32.3998], [-93.7098, 32.41], [-93.7165, 32.4113], [-93.7536, 32.3912], [-93.7966, 32.3809], [-93.8555, 32.3797], [-93.8621, 32.3872], [-93.8703, 32.4132], [-93.8785, 32.4237], [-93.888, 32.426], [-93.9219, 32.4241], [-93.956, 32.4357], [-93.9552, 32.4688]]]}}, {"type": "Feature", "properties": {}, "geometry": {"type": "Polygon", "coordinates": [[[-94.8786, 32.5604], [-94.8669, 32.5659], [-94.832, 32.5677], [-94.8261, 32.5713], [-94.821, 32.5838], [-94.7413, 32.5948], [-94.7327, 32.6058], [-94.6926, 32.5944], [-94.6762, 32.5946], [-94.6754, 32.5814], [-94.6852, 32.5619], [-94.6741, 32.5153], [-94.6805, 32.5067], [-94.6813, 32.4994], [-94.6734, 32.4885], [-94.6516, 32.4807], [-94.6316, 32.4679], [-94.6307, 32.4365], [-94.7068, 32.428], [-94.7334, 32.4356], [-94.7433, 32.446], [-94.7727, 32.4534], [-94.7787, 32.4586], [-94.7783, 32.4724], [-94.7814, 32.4801], [-94.8329, 32.4908], [-94.8433, 32.5095], [-94.8674, 32.5139], [-94.8726, 32.524], [-94.8786, 32.5604]]]}}, {"type": "Feature", "properties": {}, "geometry": {"type": "Polygon", "coordinates": [[[-94.4339, 32.5829], [-94.4206, 32.5843], [-94.4107, 32.5947], [-94.3905, 32.5945], [-94.3712, 32.6074], [-94.3642, 32.605], [-94.3598, 32.5942], [-94.3319, 32.5836], [-94.3084, 32.5589], [-94.3292, 32.5288], [-94.3705, 32.5209], [-94.412, 32.5379], [-94.4339, 32.5829]]]}}, {"type": "Feature", "properties": {}, "geometry": {"type": "Polygon", "coordinates": [[[-92.7355, 32.5345], [-92.7318, 32.5429], [-92.6901, 32.5793], [-92.6664, 32.5732], [-92.6559, 32.5834], [-92.6312, 32.585], [-92.6214, 32.5948], [-92.6049, 32.5874], [-92.598, 32.5704], [-92.5976, 32.5254], [-92.63, 32.5145], [-92.6548, 32.5149], [-92.6757, 32.5237], [-92.7231, 32.5189], [-92.7341, 32.5246], [-92.7355, 32.5345]]]}}, {"type": "Feature", "properties": {}, "geometry": {"type": "Polygon", "coordinates": [[[-92.2233, 32.5496], [-92.188, 32.5553], [-92.1444, 32.5836], [-92.1335, 32.5832], [-92.1088, 32.5722], [-92.0454, 32.5597], [-92.0312, 32.5493], [-92.0221, 32.5289], [-92.0411, 32.5199], [-92.0455, 32.5145], [-92.0469, 32.5064], [-92.0411, 32.4965], [-92.0426, 32.4914], [-92.0519, 32.4841], [-92.0538, 32.469], [-92.0888, 32.4676], [-92.0985, 32.4577], [-92.1104, 32.4584], [-92.1351, 32.4686], [-92.1759, 32.4717], [-92.189, 32.4796], [-92.1937, 32.4949], [-92.2106, 32.511], [-92.2221, 32.5285], [-92.2233, 32.5496]]]}}, {"type": "Feature", "properties": {}, "geometry": {"type": "Polygon", "coordinates": [[[-99.8116, 32.4264], [-99.8138, 32.444], [-99.8102, 32.4629], [-99.8011, 32.4811], [-99.7899, 32.4942], [-99.788, 32.5057], [-99.7583, 32.5083], [-99.7309, 32.5057], [-99.7279, 32.4931], [-99.7031, 32.4736], [-99.6967, 32.4607], [-99.697, 32.4495], [-99.7077, 32.425], [-99.7306, 32.4233], [-99.757, 32.3974], [-99.7753, 32.3981], [-99.7996, 32.4134], [-99.8023, 32.4198], [-99.8116, 32.4264]]]}}, {"type": "Feature", "properties": {}, "geometry": {"type": "Polygon", "coordinates": [[[-97.0563, 32.4594], [-97.0475, 32.4792], [-97.0336, 32.4951], [-97.0141, 32.5044], [-96.9859, 32.5048], [-97.0154, 32.4648], [-97.0336, 32.4522], [-97.0563, 32.4594]]]}}, {"type": "Feature", "properties": {}, "geometry": {"type": "Polygon", "coordinates": [[[-97.8005, 32.4254], [-97.7993, 32.4404], [-97.7855, 32.4505], [-97.7796, 32.4598], [-97.7901, 32.4821], [-97.7889, 32.4942], [-97.7588, 32.4851], [-97.7512, 32.4552], [-97.7647, 32.4279], [-97.8005, 32.4254]]]}}, {"type": "Feature", "properties": {}, "geometry": {"type": "Polygon", "coordinates": [[[-94.8999, 32.4259], [-94.8765, 32.4434], [-94.8459, 32.447], [-94.8083, 32.4372], [-94.8182, 32.4095], [-94.8345, 32.3913], [-94.859, 32.377], [-94.8875, 32.3686], [-94.899, 32.3842], [-94.9121, 32.3922], [-94.8999, 32.4259]]]}}, {"type": "Feature", "properties": {}, "geometry": {"type": "Polygon", "coordinates": [[[-96.8672, 32.427], [-96.8525, 32.4409], [-96.8146, 32.4283], [-96.7982, 32.4392], [-96.7839, 32.4237], [-96.7904, 32.4116], [-96.8058, 32.4045], [-96.8207, 32.4019], [-96.8323, 32.405], [-96.8672, 32.427]]]}}, {"type": "Feature", "properties": {}, "geometry": {"type": "Polygon", "coordinates": [[[-95.371, 32.3913], [-95.3576, 32.4054], [-95.3549, 32.417], [-95.2775, 32.4098], [-95.2657, 32.4169], [-95.2584, 32.4118], [-95.2518, 32.3923], [-95.2417, 32.3823], [-95.2417, 32.3618], [-95.233, 32.3512], [-95.2304, 32.3374], [-95.2372, 32.3094], [-95.2418, 32.3028], [-95.2529, 32.2979], [-95.2591, 32.2757], [-95.2641, 32.2692], [-95.2877, 32.2666], [-95.3108, 32.2686], [-95.318, 32.2716], [-95.3218, 32.2788], [-95.3306, 32.2852], [-95.3763, 32.3001], [-95.3868, 32.3144], [-95.3878, 32.3368], [-95.371, 32.3913]]]}}, {"type": "Feature", "properties": {}, "geometry": {"type": "Polygon", "coordinates": [[[-90.9456, 32.4162], [-90.9264, 32.4154], [-90.8951, 32.4206], [-90.8764, 32.4167], [-90.8734, 32.3992], [-90.8649, 32.3941], [-90.8624, 32.3822], [-90.8494, 32.3723], [-90.8406, 32.3581], [-90.8428, 32.3358], [-90.8862, 32.312], [-90.9231, 32.3023], [-90.9302, 32.3128], [-90.925, 32.3503], [-90.9421, 32.393], [-90.9456, 32.4162]]]}}, {"type": "Feature", "properties": {}, "geometry": {"type": "Polygon", "coordinates": [[[-95.8785, 32.227], [-95.867, 32.2295], [-95.8415, 32.2269], [-95.8323, 32.2392], [-95.8156, 32.234], [-95.8115, 32.2237], [-95.8179, 32.2124], [-95.831, 32.2023], [-95.8464, 32.1948], [-95.8608, 32.1925], [-95.8735, 32.2017], [-95.8785, 32.227]]]}}, {"type": "Feature", "properties": {}, "geometry": {"type": "Polygon", "coordinates": [[[-94.8244, 32.2074], [-94.8038, 32.2224], [-94.7645, 32.2275], [-94.7649, 32.1356], [-94.7889, 32.1355], [-94.8005, 32.1456], [-94.8186, 32.1513], [-94.8302, 32.1845], [-94.8244, 32.2074]]]}}, {"type": "Feature", "properties": {}, "geometry": {"type": "Polygon", "coordinates": [[[-94.379, 32.1595], [-94.3776, 32.1765], [-94.3656, 32.1845], [-94.3117, 32.1994], [-94.2974, 32.1926], [-94.2976, 32.1693], [-94.326, 32.1559], [-94.3319, 32.1465], [-94.3614, 32.158], [-94.379, 32.1595]]]}}, {"type": "Feature", "properties": {}, "geometry": {"type": "Polygon", "coordinates": [[[-93.579, 32.1703], [-93.5704, 32.1863], [-93.5591, 32.1986], [-93.5435, 32.2057], [-93.5201, 32.2052], [-93.5202, 32.1758], [-93.5353, 32.1607], [-93.5576, 32.1583], [-93.579, 32.1703]]]}}, {"type": "Feature", "properties": {}, "geometry": {"type": "Polygon", "coordinates": [[[-96.5017, 32.1125], [-96.4871, 32.1391], [-96.4568, 32.1252], [-96.4453, 32.115], [-96.4415, 32.0921], [-96.469, 32.0791], [-96.4917, 32.0896], [-96.5017, 32.1125]]]}}, {"type": "Feature", "properties": {}, "geometry": {"type": "Polygon", "coordinates": [[[-95.3011, 31.9926], [-95.2632, 32.0044], [-95.2472, 32.0044], [-95.2311, 31.9944], [-95.2373, 31.9568], [-95.2418, 31.9473], [-95.2631, 31.9438], [-95.2825, 31.9538], [-95.2969, 31.9718], [-95.3011, 31.9926]]]}}, {"type": "Feature", "properties": {}, "geometry": {"type": "Polygon", "coordinates": [[[-94.2232, 31.8272], [-94.1551, 31.8283], [-94.1529, 31.8253], [-94.1602, 31.7988], [-94.1886, 31.7895], [-94.2159, 31.7988], [-94.2232, 31.8272]]]}}, {"type": "Feature", "properties": {}, "geometry": {"type": "Polygon", "coordinates": [[[-95.6662, 31.78], [-95.6408, 31.7977], [-95.5777, 31.8169], [-95.5747, 31.8151], [-95.5759, 31.8008], [-95.5723, 31.772], [-95.5752, 31.7583], [-95.6202, 31.7355], [-95.6312, 31.7434], [-95.6662, 31.7391], [-95.6777, 31.7466], [-95.6662, 31.78]]]}}, {"type": "Feature", "properties": {}, "geometry": {"type": "Polygon", "coordinates": [[[-93.1188, 31.778], [-93.1027, 31.7922], [-93.0881, 31.7949], [-93.0641, 31.77], [-93.0684, 31.7584], [-93.079, 31.7489], [-93.0961, 31.7431], [-93.1122, 31.7474], [-93.1122, 31.7666], [-93.1188, 31.778]]]}}, {"type": "Feature", "properties": {}, "geometry": {"type": "Polygon", "coordinates": [[[-89.1664, 31.6865], [-89.1695, 31.7096], [-89.1665, 31.7322], [-89.1569, 31.7499], [-89.1178, 31.7343], [-89.1025, 31.7077], [-89.1139, 31.6815], [-89.1557, 31.6688], [-89.1664, 31.6865]]]}}, {"type": "Feature", "properties": {}, "geometry": {"type": "Polygon", "coordinates": [[[-94.701, 31.6397], [-94.6923, 31.6541], [-94.6778, 31.6614], [-94.6528, 31.6675], [-94.644, 31.6736], [-94.6368, 31.6885], [-94.633, 31.717], [-94.5991, 31.6921], [-94.59, 31.6775], [-94.586, 31.6592], [-94.5946, 31.6245], [-94.6184, 31.5938], [-94.6493, 31.572], [-94.6768, 31.5686], [-94.6822, 31.5731], [-94.6885, 31.5885], [-94.698, 31.5963], [-94.701, 31.6032], [-94.7035, 31.6219], [-94.701, 31.6397]]]}}, {"type": "Feature", "properties": {}, "geometry": {"type": "Polygon", "coordinates": [[[-97.2674, 31.5487], [-97.2596, 31.5616], [-97.2489, 31.571], [-97.2267, 31.5766], [-97.2236, 31.5837], [-97.2293, 31.5946], [-97.2267, 31.6025], [-97.1541, 31.6105], [-97.1436, 31.6192], [-97.1336, 31.6387], [-97.115, 31.647], [-97.1021, 31.6468], [-97.0858, 31.6381], [-97.0938, 31.6208], [-97.0964, 31.606], [-97.0939, 31.5919], [-97.0846, 31.5711], [-97.0858, 31.5588], [-97.1079, 31.5466], [-97.1202, 31.5244], [-97.1334, 31.5239], [-97.1428, 31.5132], [-97.1592, 31.5113], [-97.1643, 31.5024], [-97.2552, 31.4912], [-97.2642, 31.5072], [-97.2673, 31.5269], [-97.2598, 31.5373], [-97.2674, 31.5487]]]}}, {"type": "Feature", "properties": {}, "geometry": {"type": "Polygon", "coordinates": [[[-90.4795, 31.5716], [-90.4753, 31.5921], [-90.4622, 31.6049], [-90.4207, 31.6166], [-90.4278, 31.5973], [-90.4396, 31.5821], [-90.4555, 31.5723], [-90.4773, 31.5687], [-90.4795, 31.5716]]]}}, {"type": "Feature", "properties": {}, "geometry": {"type": "Polygon", "coordinates": [[[-91.446, 31.5602], [-91.4352, 31.5786], [-91.4115, 31.5848], [-91.3843, 31.5818], [-91.3643, 31.5708], [-91.3676, 31.5613], [-91.3903, 31.545], [-91.4008, 31.5468], [-91.4095, 31.5546], [-91.4366, 31.5519], [-91.446, 31.5602]]]}}, {"type": "Feature", "properties": {}, "geometry": {"type": "Polygon", "coordinates": [[[-96.1629, 31.4989], [-96.1512, 31.5339], [-96.1437, 31.5451], [-96.1313, 31.5465], [-96.1095, 31.5393], [-96.0909, 31.5234], [-96.09, 31.5033], [-96.1103, 31.4862], [-96.1551, 31.4799], [-96.1625, 31.4901], [-96.1629, 31.4989]]]}}, {"type": "Feature", "properties": {}, "geometry": {"type": "Polygon", "coordinates": [[[-97.7674, 31.5373], [-97.7648, 31.5393], [-97.7447, 31.5275], [-97.7271, 31.5226], [-97.6765, 31.5283], [-97.675, 31.5123], [-97.6804, 31.4992], [-97.6912, 31.4913], [-97.7098, 31.4909], [-97.7225, 31.5012], [-97.7563, 31.5051], [-97.7694, 31.5141], [-97.7674, 31.5373]]]}}, {"type": "Feature", "properties": {}, "geometry": {"type": "Polygon", "coordinates": [[[-100.5224, 31.4489], [-100.5176, 31.4615], [-100.491, 31.472], [-100.4887, 31.4941], [-100.4701, 31.5052], [-100.4657, 31.5169], [-100.4452, 31.5116], [-100.424, 31.4974], [-100.407, 31.4745], [-100.4081, 31.4468], [-100.4532, 31.4244], [-100.4737, 31.4245], [-100.485, 31.4154], [-100.4944, 31.4155], [-100.5022, 31.423], [-100.5131, 31.4421], [-100.5224, 31.4489]]]}}, {"type": "Feature", "properties": {}, "geometry": {"type": "Polygon", "coordinates": [[[-94.7953, 31.3318], [-94.7956, 31.3775], [-94.79, 31.3934], [-94.7836, 31.396], [-94.7701, 31.3952], [-94.7553, 31.4059], [-94.7264, 31.4081], [-94.6952, 31.4048], [-94.6665, 31.3965], [-94.6417, 31.3825], [-94.6481, 31.3674], [-94.6874, 31.3341], [-94.6928, 31.3111], [-94.6988, 31.302], [-94.7187, 31.3023], [-94.7362, 31.2898], [-94.7437, 31.2909], [-94.7498, 31.3021], [-94.7891, 31.3134], [-94.7953, 31.3318]]]}}, {"type": "Feature", "properties": {}, "geometry": {"type": "Polygon", "coordinates": [[[-92.5232, 31.3053], [-92.5126, 31.3107], [-92.5071, 31.3398], [-92.5005, 31.3503], [-92.4932, 31.3515], [-92.4849, 31.3598], [-92.4723, 31.3645], [-92.4664, 31.3727], [-92.4506, 31.3636], [-92.4434, 31.364], [-92.4155, 31.3952], [-92.3976, 31.3937], [-92.3879, 31.3725], [-92.4015, 31.3358], [-92.4031, 31.3117], [-92.4088, 31.2921], [-92.4207, 31.288], [-92.4271, 31.2691], [-92.434, 31.2615], [-92.4686, 31.2575], [-92.4769, 31.2466], [-92.4869, 31.2501], [-92.497, 31.2592], [-92.5121, 31.2805], [-92.516, 31.2919], [-92.525, 31.2984], [-92.5232, 31.3053]]]}}, {"type": "Feature", "properties": {}, "geometry": {"type": "Polygon", "coordinates": [[[-89.3909, 31.3819], [-89.3879, 31.3837], [-89.2816, 31.3664], [-89.2537, 31.3477], [-89.2729, 31.3102], [-89.2891, 31.3019], [-89.3117, 31.2997], [-89.3775, 31.305], [-89.402, 31.315], [-89.4035, 31.3369], [-89.3909, 31.3819]]]}}, {"type": "Feature", "properties": {}, "geometry": {"type": "Polygon", "coordinates": [[[-90.5014, 31.2717], [-90.4773, 31.2734], [-90.4572, 31.2696], [-90.4445, 31.2584], [-90.4422, 31.2369], [-90.4667, 31.2347], [-90.4868, 31.2384], [-90.4993, 31.2494], [-90.5014, 31.2717]]]}}, {"type": "Feature", "properties": {}, "geometry": {"type": "Polygon", "coordinates": [[[-94.8121, 31.1941], [-94.8032, 31.2248], [-94.7837, 31.2357], [-94.7625, 31.2308], [-94.7528, 31.2159], [-94.7556, 31.1988], [-94.7715, 31.1865], [-94.7819, 31.1826], [-94.7967, 31.1829], [-94.8121, 31.1941]]]}}, {"type": "Feature", "properties": {}, "geometry": {"type": "Polygon", "coordinates": [[[-97.7889, 31.15], [-97.7711, 31.1539], [-97.7496, 31.1633], [-97.7431, 31.1727], [-97.7326, 31.1686], [-97.7171, 31.1542], [-97.7055, 31.1521], [-97.6997, 31.1563], [-97.6945, 31.1752], [-97.6788, 31.1806], [-97.6313, 31.1726], [-97.6282, 31.1544], [-97.6396, 31.1444], [-97.6637, 31.1353], [-97.6999, 31.0861], [-97.7093, 31.0799], [-97.7279, 31.079], [-97.7335, 31.0805], [-97.7412, 31.0901], [-97.7556, 31.0916], [-97.7583, 31.1036], [-97.7762, 31.1166], [-97.7887, 31.1312], [-97.7889, 31.15]]]}}, {"type": "Feature", "properties": {}, "geometry": {"type": "Polygon", "coordinates": [[[-97.4098, 31.1059], [-97.4031, 31.1173], [-97.3638, 31.1466], [-97.355, 31.1614], [-97.3311, 31.1366], [-97.3268, 31.1088], [-97.3354, 31.0858], [-97.352, 31.0701], [-97.3667, 31.0623], [-97.3787, 31.0596], [-97.3895, 31.0648], [-97.4072, 31.0943], [-97.4098, 31.1059]]]}}, {"type": "Feature", "properties": {}, "geometry": {"type": "Polygon", "coordinates": [[[-93.2566, 31.083], [-93.2537, 31.0888], [-93.2398, 31.0951], [-93.2319, 31.0948], [-93.2177, 31.0852], [-93.1851, 31.0901], [-93.1751, 31.082], [-93.1736, 31.0637], [-93.1843, 31.0549], [-93.2056, 31.0477], [-93.211, 31.0354], [-93.2273, 31.0414], [-93.2566, 31.083]]]}}, {"type": "Feature", "properties": {}, "geometry": {"type": "Polygon", "coordinates": [[[-94.0563, 30.9608], [-93.9848, 30.9722], [-93.964, 30.9603], [-93.9644, 30.9139], [-93.9816, 30.9047], [-93.9985, 30.9019], [-94.0157, 30.9048], [-94.0332, 30.9132], [-94.0397, 30.9219], [-94.0528, 30.9301], [-94.0563, 30.9608]]]}}, {"type": "Feature", "properties": {}, "geometry": {"type": "Polygon", "coordinates": [[[-93.4095, 30.906], [-93.3696, 30.8998], [-93.357, 30.8898], [-93.3534, 30.8695], [-93.3727, 30.8597], [-93.3924, 30.8645], [-93.4074, 30.8819], [-93.4124, 30.9037], [-93.4095, 30.906]]]}}, {"type": "Feature", "properties": {}, "geometry": {"type": "Polygon", "coordinates": [[[-93.3105, 30.8771], [-93.2988, 30.8949], [-93.2822, 30.8859], [-93.2699, 30.8723], [-93.2656, 30.8542], [-93.2757, 30.836], [-93.3008, 30.8392], [-93.3112, 30.8557], [-93.3105, 30.8771]]]}}, {"type": "Feature", "properties": {}, "geometry": {"type": "Polygon", "coordinates": [[[-95.6121, 30.7154], [-95.6084, 30.7327], [-95.5574, 30.7397], [-95.5441, 30.7727], [-95.5289, 30.7752], [-95.4971, 30.7603], [-95.4956, 30.7497], [-95.5078, 30.736], [-95.5146, 30.7095], [-95.5209, 30.7022], [-95.5417, 30.6977], [-95.5659, 30.6998], [-95.6121, 30.7154]]]}}, {"type": "Feature", "properties": {}, "geometry": {"type": "Polygon", "coordinates": [[[-94.9677, 30.7153], [-94.9578, 30.7332], [-94.9253, 30.7475], [-94.9109, 30.7615], [-94.8861, 30.7491], [-94.8873, 30.7406], [-94.8962, 30.7326], [-94.8961, 30.7087], [-94.8993, 30.702], [-94.9157, 30.6969], [-94.9342, 30.6997], [-94.9677, 30.7153]]]}}, {"type": "Feature", "properties": {}, "geometry": {"type": "Polygon", "coordinates": [[[-97.7227, 30.6607], [-97.7179, 30.6732], [-97.7081, 30.6811], [-97.6934, 30.6846], [-97.6746, 30.6824], [-97.6738, 30.6665], [-97.6869, 30.6356], [-97.6979, 30.6406], [-97.7227, 30.6607]]]}}, {"type": "Feature", "properties": {}, "geometry": {"type": "Polygon", "coordinates": [[[-97.1005, 30.588], [-97.0877, 30.6172], [-97.0736, 30.611], [-97.0568, 30.5914], [-97.0414, 30.5814], [-97.0619, 30.5568], [-97.086, 30.5621], [-97.1005, 30.588]]]}}, {"type": "Feature", "properties": {}, "geometry": {"type": "Polygon", "coordinates": [[[-91.2448, 30.4494], [-91.235, 30.4837], [-91.2347, 30.5608], [-91.2198, 30.5705], [-91.1808, 30.5735], [-91.1552, 30.584], [-91.1343, 30.5803], [-91.1363, 30.5674], [-91.1444, 30.5541], [-91.1407, 30.544], [-91.0793, 30.5184], [-91.0433, 30.5171], [-91.0411, 30.494], [-91.02, 30.4767], [-90.9939, 30.4677], [-90.9899, 30.4557], [-91.0048, 30.404], [-91.0261, 30.3874], [-91.0429, 30.3693], [-91.054, 30.3679], [-91.0774, 30.3793], [-91.092, 30.3701], [-91.1008, 30.3691], [-91.2333, 30.4133], [-91.2358, 30.4281], [-91.246, 30.437], [-91.2448, 30.4494]]]}}, {"type": "Feature", "properties": {}, "geometry": {"type": "Polygon", "coordinates": [[[-92.0988, 30.5573], [-92.0888, 30.5728], [-92.0708, 30.5645], [-92.0646, 30.5474], [-92.0668, 30.5291], [-92.0764, 30.5136], [-92.0949, 30.5216], [-92.1011, 30.5379], [-92.0988, 30.5573]]]}}, {"type": "Feature", "properties": {}, "geometry": {"type": "Polygon", "coordinates": [[[-97.9114, 30.2497], [-97.9039, 30.2544], [-97.8975, 30.2677], [-97.8782, 30.2729], [-97.8555, 30.3058], [-97.8201, 30.3115], [-97.8142, 30.3202], [-97.8229, 30.3493], [-97.822, 30.3596], [-97.8128, 30.3801], [-97.8128, 30.4005], [-97.8082, 30.4156], [-97.8616, 30.485], [-97.8688, 30.5108], [-97.8671, 30.5496], [-97.8395, 30.5488], [-97.8271, 30.5448], [-97.8189, 30.5376], [-97.8271, 30.5211], [-97.8206, 30.508], [-97.8096, 30.5042], [-97.7754, 30.5059], [-97.7642, 30.4871], [-97.7526, 30.4832], [-97.7417, 30.4658], [-97.7261, 30.454], [-97.717, 30.4586], [-97.7116, 30.4741], [-97.7187, 30.4914], [-97.7331, 30.5046], [-97.7559, 30.5141], [-97.7453, 30.5393], [-97.7265, 30.5546], [-97.6999, 30.5621], [-97.6642, 30.5614], [-97.6555, 30.5471], [-97.6524, 30.4838], [-97.6405, 30.4693], [-97.6577, 30.4586], [-97.6629, 30.4456], [-97.6601, 30.4201], [-97.6525, 30.3943], [-97.6525, 30.3755], [-97.6302, 30.3607], [-97.6306, 30.3482], [-97.6388, 30.3363], [-97.6402, 30.3277], [-97.6214, 30.3127], [-97.6189, 30.3039], [-97.6316, 30.2714], [-97.6454, 30.2547], [-97.6748, 30.242], [-97.704, 30.2175], [-97.7091, 30.2023], [-97.7255, 30.2003], [-97.731, 30.1914], [-97.753, 30.1899], [-97.7661, 30.1735], [-97.7758, 30.169], [-97.8179, 30.1653], [-97.8552, 30.1692], [-97.8675, 30.1911], [-97.8954, 30.2052], [-97.9105, 30.2369], [-97.9114, 30.2497]]]}}, {"type": "Feature", "properties": {}, "geometry": {"type": "Polygon", "coordinates": [[[-89.6996, 30.5474], [-89.6831, 30.5607], [-89.6647, 30.5494], [-89.6583, 30.5322], [-89.6656, 30.5135], [-89.6983, 30.5258], [-89.6996, 30.5474]]]}}, {"type": "Feature", "properties": {}, "geometry": {"type": "Polygon", "coordinates": [[[-90.5141, 30.5112], [-90.5003, 30.5396], [-90.4819, 30.5475], [-90.4599, 30.5412], [-90.4438, 30.5181], [-90.4425, 30.4809], [-90.4722, 30.4774], [-90.4993, 30.4876], [-90.5141, 30.5112]]]}}, {"type": "Feature", "properties": {}, "geometry": {"type": "Polygon", "coordinates": [[[-90.1444, 30.3859], [-90.1358, 30.3929], [-90.1195, 30.4201], [-90.1134, 30.4469], [-90.1161, 30.4657], [-90.1256, 30.4898], [-90.1237, 30.5054], [-90.1089, 30.5074], [-90.0994, 30.5051], [-90.0845, 30.4946], [-90.0656, 30.4949], [-90.0625, 30.4839], [-90.0656, 30.4584], [-90.0606, 30.4521], [-90.0536, 30.4494], [-90.0536, 30.4287], [-90.0422, 30.4113], [-90.0423, 30.4038], [-90.0631, 30.3722], [-90.0649, 30.3626], [-90.1444, 30.3859]]]}}, {"type": "Feature", "properties": {}, "geometry": {"type": "Polygon", "coordinates": [[[-89.1797, 30.4049], [-89.1742, 30.419], [-89.1642, 30.4307], [-89.127, 30.4418], [-89.1244, 30.4486], [-89.1225, 30.4951], [-89.1081, 30.4956], [-89.0877, 30.4739], [-89.0421, 30.4753], [-89.0322, 30.4725], [-89.0292, 30.4634], [-89.0233, 30.4598], [-88.9786, 30.4509], [-88.9545, 30.4515], [-88.9452, 30.4616], [-88.9268, 30.4617], [-88.9115, 30.4728], [-88.8004, 30.4729], [-88.7921, 30.4634], [-88.7635, 30.4454], [-88.7691, 30.4135], [-88.7842, 30.3819], [-88.8459, 30.4226], [-88.9276, 30.4422], [-88.9519, 30.4324], [-88.9823, 30.4285], [-88.9823, 30.4223], [-88.8594, 30.4081], [-88.8761, 30.3952], [-88.9071, 30.3928], [-88.9686, 30.395], [-89.0134, 30.3774], [-89.0436, 30.3727], [-89.1502, 30.3439], [-89.1671, 30.3712], [-89.1625, 30.3786], [-89.1623, 30.3858], [-89.1797, 30.4049]]]}}, {"type": "Feature", "properties": {}, "geometry": {"type": "Polygon", "coordinates": [[[-93.3569, 30.3713], [-93.3553, 30.3997], [-93.3315, 30.4111], [-93.3104, 30.4052], [-93.3198, 30.381], [-93.3266, 30.3758], [-93.3542, 30.3689], [-93.3569, 30.3713]]]}}, {"type": "Feature", "properties": {}, "geometry": {"type": "Polygon", "coordinates": [[[-95.5342, 30.3711], [-95.5089, 30.3734], [-95.4784, 30.3836], [-95.4662, 30.3951], [-95.4108, 30.3822], [-95.3882, 30.3951], [-95.3797, 30.3909], [-95.375, 30.3628], [-95.3637, 30.3379], [-95.3644, 30.3269], [-95.3746, 30.302], [-95.3687, 30.2664], [-95.3765, 30.2578], [-95.3915, 30.2641], [-95.3977, 30.2723], [-95.3974, 30.2841], [-95.4069, 30.2911], [-95.4201, 30.2901], [-95.4586, 30.2718], [-95.4889, 30.2692], [-95.4953, 30.2765], [-95.5019, 30.305], [-95.5305, 30.3497], [-95.5342, 30.3711]]]}}, {"type": "Feature", "properties": {}, "geometry": {"type": "Polygon", "coordinates": [[[-91.256, 30.2948], [-91.2522, 30.3605], [-91.2573, 30.3928], [-91.2548, 30.3951], [-91.2308, 30.3748], [-91.22, 30.3402], [-91.22, 30.3032], [-91.2328, 30.2689], [-91.256, 30.2948]]]}}, {"type": "Feature", "properties": {}, "geometry": {"type": "Polygon", "coordinates": [[[-94.09, 30.3492], [-94.0702, 30.3766], [-94.0545, 30.3838], [-94.0307, 30.3826], [-94.0562, 30.3475], [-94.0717, 30.3393], [-94.09, 30.3492]]]}}, {"type": "Feature", "properties": {}, "geometry": {"type": "Polygon", "coordinates": [[[-89.8369, 30.3082], [-89.8339, 30.3284], [-89.8191, 30.3308], [-89.7785, 30.3251], [-89.7506, 30.3405], [-89.7433, 30.3392], [-89.7393, 30.3349], [-89.7291, 30.3156], [-89.709, 30.304], [-89.7113, 30.2951], [-89.7327, 30.2779], [-89.7463, 30.2424], [-89.7476, 30.2313], [-89.7515, 30.2374], [-89.7703, 30.2397], [-89.8047, 30.2299], [-89.8158, 30.2312], [-89.8059, 30.2458], [-89.8084, 30.2713], [-89.8369, 30.3082]]]}}, {"type": "Feature", "properties": {}, "geometry": {"type": "Polygon", "coordinates": [[[-89.413, 30.3381], [-89.3879, 30.3341], [-89.3539, 30.3378], [-89.3314, 30.3258], [-89.3471, 30.3147], [-89.3789, 30.3102], [-89.4065, 30.3166], [-89.413, 30.3381]]]}}, {"type": "Feature", "properties": {}, "geometry": {"type": "Polygon", "coordinates": [[[-93.4013, 30.2265], [-93.3951, 30.2381], [-93.3071, 30.3034], [-93.2887, 30.3063], [-93.2671, 30.301], [-93.2503, 30.2898], [-93.2379, 30.2726], [-93.2336, 30.2613], [-93.2275, 30.2575], [-93.2178, 30.2613], [-93.2012, 30.2829], [-93.1878, 30.295], [-93.1534, 30.2833], [-93.1498, 30.2687], [-93.1332, 30.252], [-93.1359, 30.2375], [-93.1531, 30.2143], [-93.1731, 30.2044], [-93.1873, 30.1803], [-93.2044, 30.178], [-93.2103, 30.1689], [-93.2341, 30.1682], [-93.263, 30.1569], [-93.2885, 30.1599], [-93.2986, 30.1468], [-93.3222, 30.1562], [-93.3419, 30.1402], [-93.3497, 30.1401], [-93.3677, 30.1477], [-93.368, 30.1792], [-93.3713, 30.1866], [-93.3791, 30.1924], [-93.3789, 30.2105], [-93.3838, 30.2166], [-93.4013, 30.2265]], [[-93.294, 30.1785], [-93.2863, 30.1799], [-93.2725, 30.196], [-93.2719, 30.2036], [-93.277, 30.2094], [-93.2914, 30.2072], [-93.3048, 30.1939], [-93.304, 30.1857], [-93.294, 30.1785]]]}}, {"type": "Feature", "properties": {}, "geometry": {"type": "Polygon", "coordinates": [[[-92.1011, 30.2166], [-92.0785, 30.2503], [-92.0602, 30.2597], [-92.0565, 30.2723], [-92.0448, 30.2754], [-92.031, 30.2991], [-92.02, 30.3044], [-91.999, 30.2951], [-91.9948, 30.2829], [-91.9755, 30.2718], [-91.9858, 30.2333], [-91.9753, 30.2155], [-91.9782, 30.1962], [-91.9872, 30.1804], [-92.0067, 30.1706], [-92.0376, 30.1668], [-92.0692, 30.1698], [-92.1003, 30.1802], [-92.1011, 30.2166]]]}}, {"type": "Feature", "properties": {}, "geometry": {"type": "Polygon", "coordinates": [[[-91.1349, 30.2604], [-91.1195, 30.2817], [-91.1108, 30.284], [-91.1015, 30.2738], [-91.0919, 30.2729], [-91.0767, 30.2802], [-91.0563, 30.2988], [-91.0432, 30.2949], [-91.0394, 30.2835], [-91.0435, 30.251], [-91.0411, 30.243], [-91.0255, 30.2397], [-91.0006, 30.2473], [-90.9867, 30.2382], [-90.9855, 30.2192], [-90.9921, 30.1908], [-90.9995, 30.18], [-91.0252, 30.1818], [-91.0369, 30.1857], [-91.0568, 30.203], [-91.0592, 30.2251], [-91.0674, 30.2293], [-91.1, 30.2355], [-91.1349, 30.2604]]]}}, {"type": "Feature", "properties": {}, "geometry": {"type": "Polygon", "coordinates": [[[-94.2678, 30.0825], [-94.2556, 30.1035], [-94.2169, 30.105], [-94.2047, 30.113], [-94.2009, 30.1385], [-94.1799, 30.1493], [-94.1718, 30.1757], [-94.166, 30.1841], [-94.1587, 30.1835], [-94.1488, 30.1698], [-94.1132, 30.1548], [-94.0942, 30.1368], [-94.0778, 30.1291], [-94.0482, 30.1283], [-94.0393, 30.1319], [-94.0324, 30.1396], [-94.0249, 30.135], [-94.0203, 30.1251], [-94.0194, 30.1038], [-94.041, 30.0834], [-94.0326, 30.0524], [-94.0175, 30.0446], [-93.988, 30.0459], [-93.9658, 30.0397], [-93.9556, 30.0281], [-93.931, 30.0179], [-93.9192, 30.0018], [-93.9074, 29.9933], [-93.8785, 30.0026], [-93.8722, 29.9917], [-93.8561, 29.977], [-93.8675, 29.95], [-93.9244, 29.8656], [-93.9381, 29.8059], [-93.9341, 29.7841], [-93.9605, 29.8185], [-93.9728, 29.8209], [-93.989, 29.8326], [-94.0191, 29.8964], [-94.0174, 29.9108], [-94.0021, 29.9488], [-94.0072, 29.9625], [-94.0139, 29.9658], [-94.0443, 29.969], [-94.0567, 29.9899], [-94.0781, 29.9915], [-94.1002, 30.0134], [-94.1081, 30.0299], [-94.1142, 30.0353], [-94.1222, 30.0345], [-94.1323, 30.0246], [-94.144, 30.0279], [-94.213, 30.0797], [-94.22, 30.0801], [-94.2439, 30.0689], [-94.2678, 30.0825]]]}}, {"type": "Feature", "properties": {}, "geometry": {"type": "Polygon", "coordinates": [[[-95.6572, 30.1219], [-95.6544, 30.1433], [-95.6434, 30.1618], [-95.6037, 30.1413], [-95.597, 30.1268], [-95.5983, 30.1102], [-95.6069, 30.0954], [-95.6219, 30.0848], [-95.6434, 30.0801], [-95.6545, 30.0987], [-95.6572, 30.1219]]]}}, {"type": "Feature", "properties": {}, "geometry": {"type": "Polygon", "coordinates": [[[-93.8005, 30.0471], [-93.7983, 30.0566], [-93.7803, 30.062], [-93.7717, 30.0724], [-93.7719, 30.0811], [-93.7835, 30.0941], [-93.7897, 30.1084], [-93.7788, 30.1275], [-93.759, 30.1456], [-93.7095, 30.1615], [-93.7096, 30.1456], [-93.7276, 30.1315], [-93.7305, 30.1192], [-93.7267, 30.1112], [-93.7086, 30.1005], [-93.7085, 30.0924], [-93.7183, 30.0664], [-93.7341, 30.045], [-93.7611, 30.0356], [-93.8005, 30.0471]]]}}, {"type": "Feature", "properties": {}, "geometry": {"type": "Polygon", "coordinates": [[[-90.9791, 30.1169], [-90.9703, 30.1326], [-90.9558, 30.1452], [-90.9367, 30.1513], [-90.9106, 30.1507], [-90.8999, 30.1323], [-90.897, 30.1088], [-90.9001, 30.0862], [-90.9097, 30.0692], [-90.9306, 30.0684], [-90.9457, 30.095], [-90.9785, 30.1137], [-90.9791, 30.1169]]]}}, {"type": "Feature", "properties": {}, "geometry": {"type": "Polygon", "coordinates": [[[-90.6238, 30.1049], [-90.6016, 30.1036], [-90.5783, 30.0791], [-90.5589, 30.072], [-90.5492, 30.0766], [-90.5424, 30.0948], [-90.5345, 30.1058], [-90.52, 30.1086], [-90.466, 30.1062], [-90.4629, 30.0868], [-90.4742, 30.077], [-90.4948, 30.0699], [-90.4991, 30.0578], [-90.5784, 30.0495], [-90.6, 30.0356], [-90.6115, 30.0495], [-90.6238, 30.1049]]]}}, {"type": "Feature", "properties": {}, "geometry": {"type": "Polygon", "coordinates": [[[-99.1891, 30.0937], [-99.1156, 30.0929], [-99.0966, 30.0814], [-99.1175, 30.053], [-99.1499, 30.0413], [-99.1785, 30.0528], [-99.1891, 30.0937]]]}}, {"type": "Feature", "properties": {}, "geometry": {"type": "Polygon", "coordinates": [[[-90.6912, 30.0608], [-90.6826, 30.0764], [-90.6673, 30.0839], [-90.6424, 30.0717], [-90.6464, 30.0565], [-90.6695, 30.046], [-90.6771, 30.0357], [-90.6907, 30.0438], [-90.6912, 30.0608]]]}}, {"type": "Feature", "properties": {}, "geometry": {"type": "Polygon", "coordinates": [[[-90.5018, 29.9824], [-90.5015, 30.0386], [-90.4901, 30.0397], [-90.4762, 30.0492], [-90.467, 30.0507], [-90.4512, 30.03], [-90.4374, 30.0314], [-90.4126, 30.0415], [-90.3984, 30.0391], [-90.3921, 30.0313], [-90.377, 29.9969], [-90.3542, 29.9838], [-90.3505, 29.9693], [-90.3424, 29.9631], [-90.3172, 29.9693], [-90.3037, 29.9849], [-90.2983, 30.0012], [-90.2991, 30.0128], [-90.3129, 30.0268], [-90.3044, 30.0461], [-90.2922, 30.0622], [-90.2662, 30.0601], [-90.231, 30.0397], [-90.1684, 30.0245], [-90.1452, 30.0238], [-90.1045, 30.0351], [-90.037, 30.0403], [-90.0163, 30.0446], [-89.9964, 30.0524], [-89.9414, 30.0867], [-89.904, 30.0636], [-89.8868, 30.0263], [-89.9245, 30.0043], [-89.9334, 30.0023], [-89.9424, 30.0116], [-89.9609, 30.0103], [-89.9736, 30.0057], [-89.9845, 29.9938], [-89.9825, 29.9809], [-89.9754, 29.9744], [-89.9414, 29.9718], [-89.9225, 29.9671], [-89.9195, 29.9342], [-89.9415, 29.8832], [-89.9724, 29.8361], [-90.0006, 29.8133], [-90.0261, 29.8157], [-90.0491, 29.8273], [-90.0586, 29.837], [-90.0816, 29.8478], [-90.1019, 29.8495], [-90.108, 29.844], [-90.1092, 29.8366], [-90.1123, 29.8361], [-90.1366, 29.8518], [-90.1503, 29.8654], [-90.1603, 29.8911], [-90.1655, 29.8967], [-90.1922, 29.8951], [-90.2118, 29.9025], [-90.2475, 29.9555], [-90.2668, 29.9674], [-90.3179, 29.9481], [-90.3325, 29.9303], [-90.346, 29.9227], [-90.3848, 29.9276], [-90.3941, 29.9384], [-90.3996, 29.9614], [-90.4049, 29.968], [-90.4813, 29.9708], [-90.5018, 29.9824]]]}}, {"type": "Feature", "properties": {}, "geometry": {"type": "Polygon", "coordinates": [[[-90.8571, 30.0717], [-90.8378, 30.0635], [-90.8255, 30.0497], [-90.8217, 30.0319], [-90.8319, 30.0137], [-90.8478, 30.0191], [-90.8554, 30.0319], [-90.8571, 30.0717]]]}}, {"type": "Feature", "properties": {}, "geometry": {"type": "Polygon", "coordinates": [[[-91.8368, 30.023], [-91.8169, 30.0371], [-91.7865, 30.0383], [-91.7878, 30.0138], [-91.7959, 29.9964], [-91.8123, 29.9844], [-91.8349, 29.9816], [-91.8439, 30.0021], [-91.8368, 30.023]]]}}, {"type": "Feature", "properties": {}, "geometry": {"type": "Polygon", "coordinates": [[[-97.9775, 29.9281], [-97.954, 29.9393], [-97.9348, 29.9404], [-97.9203, 29.9322], [-97.9046, 29.909], [-97.8967, 29.9049], [-97.9026, 29.8874], [-97.9191, 29.8716], [-97.9371, 29.8617], [-97.9551, 29.858], [-97.9775, 29.9281]]]}}, {"type": "Feature", "properties": {}, "geometry": {"type": "Polygon", "coordinates": [[[-98.1451, 29.7045], [-98.1331, 29.7504], [-98.1132, 29.7502], [-98.0969, 29.7357], [-98.0899, 29.7146], [-98.0975, 29.6915], [-98.136, 29.6985], [-98.1451, 29.7045]]]}}, {"type": "Feature", "properties": {}, "geometry": {"type": "Polygon", "coordinates": [[[-91.1335, 29.682], [-91.1054, 29.6896], [-91.0857, 29.6769], [-91.0984, 29.6361], [-91.1144, 29.6365], [-91.1346, 29.6567], [-91.1458, 29.6591], [-91.1335, 29.682]]]}}, {"type": "Feature", "properties": {}, "geometry": {"type": "Polygon", "coordinates": [[[-90.7791, 29.6497], [-90.7583, 29.6608], [-90.7436, 29.6646], [-90.7315, 29.661], [-90.7303, 29.6472], [-90.7245, 29.6411], [-90.6965, 29.6418], [-90.6874, 29.6392], [-90.6678, 29.6107], [-90.6647, 29.5922], [-90.6862, 29.5917], [-90.6946, 29.5864], [-90.7098, 29.5583], [-90.7248, 29.5641], [-90.7447, 29.6008], [-90.7781, 29.6303], [-90.7791, 29.6497]]]}}, {"type": "Feature", "properties": {}, "geometry": {"type": "Polygon", "coordinates": [[[-95.09, 29.482], [-95.0875, 29.4841], [-95.0663, 29.4823], [-95.0566, 29.4697], [-95.0505, 29.4528], [-95.0423, 29.4409], [-95.0203, 29.4394], [-94.9988, 29.4102], [-94.9855, 29.4151], [-94.955, 29.4563], [-94.9482, 29.452], [-94.9429, 29.422], [-94.9173, 29.4211], [-94.9173, 29.4286], [-94.922, 29.434], [-94.9173, 29.4423], [-94.8896, 29.4008], [-94.8788, 29.3939], [-94.8649, 29.3914], [-94.8673, 29.3801], [-94.8888, 29.376], [-94.8966, 29.3569], [-94.955, 29.3371], [-94.9738, 29.3421], [-95.0004, 29.3584], [-95.0062, 29.3672], [-95.024, 29.3745], [-95.0553, 29.4131], [-95.0828, 29.435], [-95.0913, 29.4523], [-95.09, 29.482]]]}}, {"type": "Feature", "properties": {}, "geometry": {"type": "Polygon", "coordinates": [[[-94.8956, 29.2335], [-94.8944, 29.2391], [-94.9003, 29.2525], [-94.899, 29.268], [-94.8751, 29.2846], [-94.862, 29.3051], [-94.8398, 29.3105], [-94.828, 29.3176], [-94.8216, 29.3311], [-94.8243, 29.3433], [-94.8415, 29.3461], [-94.8415, 29.3529], [-94.8365, 29.3524], [-94.8341, 29.3598], [-94.8279, 29.3598], [-94.827, 29.3539], [-94.7244, 29.3332], [-94.8933, 29.224], [-94.8956, 29.2335]]]}}, {"type": "Feature", "properties": {}, "geometry": {"type": "Polygon", "coordinates": [[[-95.2375, 29.2541], [-95.234, 29.2721], [-95.2115, 29.2741], [-95.1886, 29.3063], [-95.1539, 29.2951], [-95.1446, 29.2798], [-95.1421, 29.2586], [-95.1664, 29.2563], [-95.1993, 29.245], [-95.2014, 29.2382], [-95.1979, 29.2286], [-95.198, 29.2138], [-95.2231, 29.2192], [-95.2349, 29.2344], [-95.2375, 29.2541]]]}}, {"type": "Feature", "properties": {}, "geometry": {"type": "Polygon", "coordinates": [[[-95.401, 29.1714], [-95.3972, 29.1905], [-95.3887, 29.2042], [-95.374, 29.2138], [-95.3533, 29.217], [-95.3561, 29.1966], [-95.3652, 29.1818], [-95.3796, 29.1727], [-95.3982, 29.1691], [-95.401, 29.1714]]]}}, {"type": "Feature", "properties": {}, "geometry": {"type": "Polygon", "coordinates": [[[-95.7782, 29.0587], [-95.7748, 29.0936], [-95.7545, 29.1043], [-95.7335, 29.0929], [-95.7309, 29.0587], [-95.7782, 29.0587]]]}}, {"type": "Feature", "properties": {}, "geometry": {"type": "Polygon", "coordinates": [[[-95.4835, 29.0551], [-95.4856, 29.0836], [-95.4783, 29.1056], [-95.4511, 29.1044], [-95.432, 29.094], [-95.4201, 29.0701], [-95.4139, 29.0651], [-95.4061, 29.0662], [-95.3988, 29.073], [-95.389, 29.069], [-95.3744, 29.0506], [-95.3537, 29.0506], [-95.3404, 29.0402], [-95.2818, 29.0383], [-95.2637, 29.0261], [-95.2821, 28.9598], [-95.3139, 28.9284], [-95.3677, 28.8872], [-95.3794, 28.8806], [-95.3887, 28.8796], [-95.3909, 28.8978], [-95.3805, 28.9363], [-95.3865, 28.9668], [-95.4074, 28.9837], [-95.4616, 29.0073], [-95.4745, 29.0261], [-95.4835, 29.0551]]]}}, {"type": "Feature", "properties": {}, "geometry": {"type": "Polygon", "coordinates": [[[-97.0562, 28.8163], [-97.0529, 28.8281], [-97.0251, 28.8391], [-97.0228, 28.8609], [-97.0108, 28.8646], [-96.9987, 28.8843], [-96.9744, 28.8778], [-96.9627, 28.8419], [-96.9412, 28.8154], [-96.9443, 28.8078], [-96.9664, 28.8013], [-96.9759, 28.7915], [-97.0008, 28.7896], [-97.0235, 28.7943], [-97.0403, 28.8023], [-97.0562, 28.8163]]]}}, {"type": "Feature", "properties": {}, "geometry": {"type": "Polygon", "coordinates": [[[-96.5714, 28.7337], [-96.5666, 28.7395], [-96.5503, 28.743], [-96.5271, 28.741], [-96.5065, 28.7322], [-96.4939, 28.7105], [-96.4861, 28.7055], [-96.4931, 28.6733], [-96.5233, 28.6415], [-96.5363, 28.6461], [-96.5499, 28.6455], [-96.5602, 28.6602], [-96.5672, 28.6965], [-96.5799, 28.7131], [-96.5714, 28.7337]]]}}, {"type": "Feature", "properties": {}, "geometry": {"type": "Polygon", "coordinates": [[[-96.6525, 28.6341], [-96.6504, 28.6465], [-96.6384, 28.6738], [-96.6051, 28.631], [-96.636, 28.6142], [-96.6512, 28.6261], [-96.6525, 28.6341]]]}}, {"type": "Feature", "properties": {}, "geometry": {"type": "Polygon", "coordinates": [[[-97.7113, 28.4169], [-97.6927, 28.4277], [-97.673, 28.428], [-97.6301, 28.4153], [-97.6446, 28.3999], [-97.6736, 28.3899], [-97.7009, 28.3924], [-97.7113, 28.4169]]]}}, {"type": "Feature", "properties": {}, "geometry": {"type": "Polygon", "coordinates": [[[-97.0723, 28.0274], [-97.0544, 28.0719], [-97.0261, 28.0707], [-97.025, 28.0414], [-97.0484, 28.0123], [-97.0634, 28.0181], [-97.0723, 28.0274]]]}}, {"type": "Feature", "properties": {}, "geometry": {"type": "Polygon", "coordinates": [[[-97.3147, 27.8684], [-97.2951, 27.9002], [-97.2689, 27.9213], [-97.2392, 27.9309], [-97.2193, 27.9168], [-97.2122, 27.8711], [-97.1825, 27.8386], [-97.2063, 27.8217], [-97.2325, 27.8248], [-97.2325, 27.8322], [-97.212, 27.8322], [-97.2359, 27.8638], [-97.2503, 27.8746], [-97.2672, 27.8794], [-97.2908, 27.8767], [-97.3147, 27.8684]]]}}, {"type": "Feature", "properties": {}, "geometry": {"type": "Polygon", "coordinates": [[[-97.6444, 27.8541], [-97.6424, 27.8638], [-97.6207, 27.9013], [-97.5771, 27.8884], [-97.5634, 27.8784], [-97.5562, 27.8631], [-97.5498, 27.857], [-97.5311, 27.8569], [-97.5248, 27.8459], [-97.4964, 27.8425], [-97.487, 27.8353], [-97.464, 27.8317], [-97.4317, 27.8384], [-97.4222, 27.8327], [-97.4098, 27.8323], [-97.3982, 27.8369], [-97.3907, 27.8459], [-97.3856, 27.8301], [-97.394, 27.8017], [-97.3718, 27.7553], [-97.3561, 27.7418], [-97.2672, 27.7081], [-97.2596, 27.6951], [-97.2628, 27.6793], [-97.2688, 27.6695], [-97.3129, 27.6679], [-97.3414, 27.6554], [-97.3501, 27.6682], [-97.3635, 27.6746], [-97.4252, 27.6688], [-97.4436, 27.6753], [-97.4461, 27.6832], [-97.4453, 27.7097], [-97.4524, 27.7213], [-97.4712, 27.74], [-97.478, 27.7549], [-97.4771, 27.7699], [-97.4809, 27.7784], [-97.509, 27.7939], [-97.5284, 27.8004], [-97.5342, 27.8175], [-97.5545, 27.8196], [-97.5602, 27.8274], [-97.5675, 27.8306], [-97.578, 27.8265], [-97.5919, 27.7988], [-97.6043, 27.7856], [-97.6325, 27.7864], [-97.6325, 27.8022], [-97.6142, 27.8166], [-97.6117, 27.8315], [-97.6165, 27.8397], [-97.6355, 27.8465], [-97.6444, 27.8541]]]}}, {"type": "Feature", "properties": {}, "geometry": {"type": "Polygon", "coordinates": [[[-97.072, 27.8261], [-97.0675, 27.8409], [-97.0526, 27.8442], [-97.045, 27.8363], [-97.0574, 27.8284], [-97.072, 27.8261]]]}}, {"type": "Feature", "properties": {}, "geometry": {"type": "Polygon", "coordinates": [[[-97.0269, 27.874], [-97.0287, 27.8715], [-97.0344, 27.852], [-97.043, 27.8703], [-97.0399, 27.8775], [-97.0269, 27.874]]]}}, {"type": "Feature", "properties": {}, "geometry": {"type": "Polygon", "coordinates": [[[-99.578, 27.5609], [-99.5617, 27.558], [-99.5538, 27.5396], [-99.5485, 27.5343], [-99.5378, 27.5362], [-99.5339, 27.5577], [-99.5447, 27.5831], [-99.5351, 27.5965], [-99.5082, 27.612], [-99.4985, 27.6289], [-99.4804, 27.6168], [-99.4699, 27.6005], [-99.4601, 27.5542], [-99.453, 27.5514], [-99.4385, 27.562], [-99.4204, 27.5622], [-99.4179, 27.5468], [-99.4406, 27.5256], [-99.4448, 27.494], [-99.4494, 27.4818], [-99.5029, 27.4455], [-99.5092, 27.4361], [-99.5191, 27.4391], [-99.5354, 27.4594], [-99.5597, 27.465], [-99.5666, 27.4701], [-99.5739, 27.4911], [-99.578, 27.5609]]]}}, {"type": "Feature", "properties": {}, "geometry": {"type": "Polygon", "coordinates": [[[-98.8449, 26.4163], [-98.8236, 26.4143], [-98.8092, 26.4052], [-98.8002, 26.391], [-98.797, 26.3703], [-98.8178, 26.3731], [-98.8323, 26.3822], [-98.841, 26.396], [-98.8449, 26.4163]]]}}, {"type": "Feature", "properties": {}, "geometry": {"type": "Polygon", "coordinates": [[[-98.3624, 26.2285], [-98.3357, 26.2497], [-98.3328, 26.2622], [-98.2784, 26.2609], [-98.2723, 26.2657], [-98.2555, 26.2952], [-98.2236, 26.2857], [-98.2105, 26.2963], [-98.1887, 26.3286], [-98.1751, 26.3288], [-98.1575, 26.3193], [-98.1416, 26.3173], [-98.1452, 26.2951], [-98.1586, 26.2816], [-98.1867, 26.272], [-98.1893, 26.2605], [-98.1833, 26.2549], [-98.1524, 26.2505], [-98.1421, 26.2301], [-98.1225, 26.2044], [-98.1078, 26.1931], [-98.123, 26.1789], [-98.1902, 26.184], [-98.2167, 26.1804], [-98.2246, 26.1709], [-98.2325, 26.1695], [-98.2465, 26.1731], [-98.2792, 26.192], [-98.3321, 26.1917], [-98.3382, 26.2], [-98.3668, 26.2147], [-98.3624, 26.2285]]]}}, {"type": "Feature", "properties": {}, "geometry": {"type": "Polygon", "coordinates": [[[-97.7475, 26.1968], [-97.7354, 26.2246], [-97.7401, 26.2519], [-97.7313, 26.2623], [-97.7179, 26.2569], [-97.6984, 26.2336], [-97.6635, 26.2168], [-97.6524, 26.1845], [-97.6219, 26.1683], [-97.6079, 26.1573], [-97.6082, 26.1371], [-97.6248, 26.1268], [-97.6496, 26.1261], [-97.6578, 26.1335], [-97.6664, 26.155], [-97.6777, 26.1587], [-97.6834, 26.1692], [-97.7332, 26.1755], [-97.745, 26.182], [-97.7475, 26.1968]]]}}, {"type": "Feature", "properties": {}, "geometry": {"type": "Polygon", "coordinates": [[[-98.0795, 26.1836], [-98.0615, 26.1913], [-98.0304, 26.1934], [-98.0203, 26.2068], [-97.9978, 26.2037], [-97.9814, 26.1952], [-97.9523, 26.1709], [-97.9627, 26.153], [-97.9725, 26.1463], [-97.9847, 26.1456], [-98.0129, 26.15], [-98.0352, 26.1661], [-98.0769, 26.1585], [-98.0795, 26.1836]]]}}, {"type": "Feature", "properties": {}, "geometry": {"type": "Polygon", "coordinates": [[[-98.3449, 26.0614], [-98.3327, 26.1401], [-98.294, 26.1404], [-98.2766, 26.1365], [-98.2635, 26.128], [-98.2626, 26.1179], [-98.2374, 26.0925], [-98.2313, 26.078], [-98.255, 26.025], [-98.288, 26.0252], [-98.3013, 26.047], [-98.3364, 26.0522], [-98.3449, 26.0614]]]}}, {"type": "Feature", "properties": {}, "geometry": {"type": "Polygon", "coordinates": [[[-97.1599, 26.0633], [-97.1528, 26.0369], [-97.1807, 26.0449], [-97.1754, 26.0709], [-97.1718, 26.0729], [-97.1599, 26.0633]]]}}, {"type": "Feature", "properties": {}, "geometry": {"type": "Polygon", "coordinates": [[[-98.1339, 25.994], [-98.1207, 26.017], [-98.1, 26.023], [-98.0823, 26.0108], [-98.0744, 25.9825], [-98.0907, 25.9728], [-98.1042, 25.9765], [-98.1339, 25.994]]]}}, {"type": "Feature", "properties": {}, "geometry": {"type": "Polygon", "coordinates": [[[-97.574, 25.9104], [-97.573, 25.9196], [-97.5671, 25.9281], [-97.5505, 25.9429], [-97.5635, 25.9777], [-97.5584, 25.9867], [-97.5435, 25.9957], [-97.5234, 25.9953], [-97.5094, 26.0046], [-97.4991, 26.001], [-97.4677, 25.976], [-97.4609, 25.9738], [-97.4378, 25.9759], [-97.4053, 25.9923], [-97.3856, 25.9831], [-97.4024, 25.9203], [-97.4175, 25.897], [-97.4405, 25.8793], [-97.4404, 25.8608], [-97.4332, 25.8398], [-97.4427, 25.8252], [-97.4718, 25.8269], [-97.5213, 25.8185], [-97.5444, 25.8256], [-97.5515, 25.835], [-97.5554, 25.8649], [-97.5655, 25.8761], [-97.5677, 25.8943], [-97.574, 25.9104]]]}}, {"type": "Feature", "properties": {}, "geometry": {"type": "Polygon", "coordinates": [[[-100.5192, 25.6893], [-100.5097, 25.7217], [-100.5104, 25.751], [-100.4821, 25.7407], [-100.4408, 25.7417], [-100.4287, 25.7493], [-100.4193, 25.7795], [-100.4113, 25.7944], [-100.3906, 25.8187], [-100.3779, 25.829], [-100.3591, 25.8365], [-100.3091, 25.8403], [-100.3024, 25.8287], [-100.2737, 25.8227], [-100.2463, 25.8066], [-100.2273, 25.7869], [-100.1912, 25.795], [-100.172, 25.7948], [-100.152, 25.7832], [-100.1641, 25.7186], [-100.16, 25.69], [-100.1408, 25.6722], [-100.1454, 25.6594], [-100.1789, 25.6508], [-100.1871, 25.6363], [-100.2021, 25.6359], [-100.224, 25.6442], [-100.2323, 25.6437], [-100.2433, 25.6282], [-100.2455, 25.5981], [-100.2532, 25.5808], [-100.3088, 25.6184], [-100.3646, 25.625], [-100.3745, 25.6356], [-100.4097, 25.6363], [-100.4144, 25.6449], [-100.421, 25.6477], [-100.4721, 25.6492], [-100.4885, 25.659], [-100.5002, 25.6762], [-100.5192, 25.6893]]]}}, {"type": "Feature", "properties": {}, "geometry": {"type": "Polygon", "coordinates": [[[-100.0111, 25.5928], [-100.0069, 25.605], [-99.9989, 25.6143], [-99.9625, 25.6366], [-99.9493, 25.6393], [-99.9351, 25.6369], [-99.9112, 25.6237], [-99.9034, 25.6247], [-99.8891, 25.6356], [-99.8813, 25.6357], [-99.8631, 25.6275], [-99.8632, 25.5821], [-99.8994, 25.5693], [-99.9414, 25.57], [-99.9809, 25.5791], [-100.0111, 25.5928]]]}}, {"type": "Feature", "properties": {}, "geometry": {"type": "Polygon", "coordinates": [[[-90.4203, 34.8438], [-90.4068, 34.8485], [-90.3965, 34.864], [-90.3372, 34.8954], [-90.3209, 34.894], [-90.3182, 34.8817], [-90.3045, 34.8709], [-90.2983, 34.8612], [-90.2992, 34.846], [-90.3312, 34.8365], [-90.3452, 34.835], [-90.3901, 34.8447], [-90.4106, 34.8349], [-90.4205, 34.8411], [-90.4203, 34.8438]]]}}, {"type": "Feature", "properties": {}, "geometry": {"type": "Polygon", "coordinates": [[[-96.6991, 33.2375], [-96.6869, 33.2611], [-96.6711, 33.2533], [-96.6563, 33.2241], [-96.6424, 33.2199], [-96.6367, 33.2249], [-96.6341, 33.2488], [-96.6225, 33.2719], [-96.5996, 33.2634], [-96.5874, 33.2724], [-96.5781, 33.2644], [-96.5775, 33.2538], [-96.586, 33.236], [-96.5976, 33.2244], [-96.6066, 33.2235], [-96.6122, 33.2183], [-96.6125, 33.2107], [-96.6081, 33.2027], [-96.6206, 33.1797], [-96.6438, 33.1906], [-96.6537, 33.2022], [-96.667, 33.2023], [-96.6946, 33.2224], [-96.6991, 33.2375]]]}}, {"type": "Feature", "properties": {}, "geometry": {"type": "Polygon", "coordinates": [[[-96.4009, 30.7154], [-96.3659, 30.7174], [-96.352, 30.6952], [-96.2978, 30.6836], [-96.2939, 30.6581], [-96.2422, 30.617], [-96.2393, 30.6105], [-96.2119, 30.5866], [-96.2083, 30.5698], [-96.2227, 30.5737], [-96.2395, 30.589], [-96.2562, 30.5906], [-96.3099, 30.5799], [-96.3204, 30.5901], [-96.3443, 30.5913], [-96.364, 30.6125], [-96.3773, 30.6124], [-96.388, 30.6022], [-96.4105, 30.6132], [-96.4107, 30.6197], [-96.4016, 30.6377], [-96.412, 30.6597], [-96.4009, 30.7154]]]}}, {"type": "Feature", "properties": {}, "geometry": {"type": "Polygon", "coordinates": [[[-91.3358, 29.6979], [-91.291, 29.7061], [-91.2809, 29.7149], [-91.2676, 29.7339], [-91.2557, 29.7394], [-91.2447, 29.7396], [-91.2315, 29.7293], [-91.1893, 29.7203], [-91.1707, 29.7081], [-91.1644, 29.6816], [-91.1995, 29.6786], [-91.2211, 29.6868], [-91.2575, 29.7118], [-91.2679, 29.7071], [-91.2735, 29.6986], [-91.2757, 29.6699], [-91.292, 29.6699], [-91.3126, 29.6801], [-91.3343, 29.6807], [-91.3358, 29.6979]]]}}, {"type": "Feature", "properties": {}, "geometry": {"type": "Polygon", "coordinates": [[[-95.835, 29.5755], [-95.8131, 29.5948], [-95.8113, 29.6171], [-95.7948, 29.6198], [-95.7713, 29.6162], [-95.7551, 29.6284], [-95.7463, 29.6243], [-95.7456, 29.6195], [-95.7504, 29.6117], [-95.7446, 29.5832], [-95.7481, 29.5726], [-95.7702, 29.5563], [-95.7758, 29.547], [-95.7952, 29.5449], [-95.8321, 29.5516], [-95.8454, 29.5598], [-95.8423, 29.5696], [-95.835, 29.5755]]]}}, {"type": "Feature", "properties": {}, "geometry": {"type": "Polygon", "coordinates": [[[-96.1559, 36.1636], [-96.1439, 36.183], [-96.1215, 36.1796], [-96.1109, 36.1672], [-96.1039, 36.1643], [-96.0969, 36.1671], [-96.0883, 36.1831], [-96.0353, 36.1934], [-96.0212, 36.2048], [-95.9881, 36.2497], [-95.9452, 36.2282], [-95.9244, 36.23], [-95.8935, 36.2415], [-95.8762, 36.2386], [-95.8691, 36.2305], [-95.8665, 36.2114], [-95.8619, 36.2028], [-95.8426, 36.194], [-95.8193, 36.172], [-95.8175, 36.1209], [-95.8065, 36.1034], [-95.7749, 36.0821], [-95.7764, 36.0631], [-95.7982, 36.0238], [-95.8118, 36.0234], [-95.847, 36.0458], [-95.8698, 36.0466], [-95.8775, 36.0388], [-95.8749, 36.0288], [-95.8767, 36.0123], [-95.8942, 36.0069], [-95.9067, 36.027], [-95.9199, 36.0338], [-95.9307, 36.035], [-95.9374, 36.0328], [-95.9423, 36.0239], [-95.9665, 36.0126], [-95.9803, 36.0216], [-96.0007, 36.0468], [-96.0023, 36.0687], [-96.0139, 36.0758], [-96.0455, 36.0849], [-96.0562, 36.0913], [-96.0476, 36.1127], [-96.0504, 36.1201], [-96.0578, 36.1232], [-96.0908, 36.1224], [-96.1329, 36.1125], [-96.1386, 36.1319], [-96.1498, 36.1482], [-96.1559, 36.1636]]]}}, {"type": "Feature", "properties": {}, "geometry": {"type": "Polygon", "coordinates": [[[-97.5116, 32.816], [-97.4888, 32.8193], [-97.4779, 32.8458], [-97.4426, 32.8578], [-97.4243, 32.8555], [-97.4112, 32.843], [-97.3987, 32.8457], [-97.3936, 32.854], [-97.3963, 32.8782], [-97.3881, 32.8946], [-97.3769, 32.89], [-97.3648, 32.8771], [-97.3557, 32.874], [-97.3488, 32.8788], [-97.3447, 32.894], [-97.3385, 32.8967], [-97.3327, 32.9058], [-97.3183, 32.9079], [-97.2806, 32.9053], [-97.2725, 32.9105], [-97.2622, 32.9313], [-97.2546, 32.9391], [-97.2092, 32.9397], [-97.2003, 32.9517], [-97.1953, 32.9835], [-97.1885, 32.9945], [-97.1333, 32.991], [-97.1262, 32.9933], [-97.1188, 33.0138], [-97.1003, 33.0404], [-97.1006, 33.0602], [-97.0903, 33.0702], [-97.0785, 33.1043], [-97.0681, 33.1173], [-97.0672, 33.1381], [-97.0507, 33.143], [-97.0334, 33.141], [-96.9968, 33.1267], [-96.9882, 33.113], [-96.992, 33.1026], [-97.0055, 33.0837], [-96.9999, 33.0733], [-96.932, 33.0724], [-96.9205, 33.062], [-96.8979, 33.0611], [-96.8897, 33.0485], [-96.8828, 33.0462], [-96.8762, 33.0492], [-96.8674, 33.0678], [-96.8561, 33.0827], [-96.8389, 33.0854], [-96.8225, 33.105], [-96.805, 33.1078], [-96.7995, 33.1167], [-96.7319, 33.1174], [-96.7194, 33.132], [-96.7046, 33.1404], [-96.6968, 33.1375], [-96.6938, 33.1206], [-96.6813, 33.1178], [-96.6471, 33.1347], [-96.6305, 33.127], [-96.6253, 33.1107], [-96.6466, 33.0833], [-96.6514, 33.072], [-96.6513, 33.0595], [-96.6364, 33.0399], [-96.6344, 33.0177], [-96.6294, 33.0036], [-96.6078, 32.9819], [-96.5986, 32.9635], [-96.5758, 32.9612], [-96.5634, 32.9435], [-96.5517, 32.9398], [-96.5308, 32.9447], [-96.4936, 32.9686], [-96.4653, 32.9725], [-96.4614, 32.9568], [-96.4417, 32.9491], [-96.4393, 32.9317], [-96.4449, 32.918], [-96.4619, 32.9033], [-96.4637, 32.8919], [-96.4726, 32.8865], [-96.4757, 32.8798], [-96.5104, 32.8905], [-96.5228, 32.8894], [-96.5357, 32.8813], [-96.5383, 32.8701], [-96.5364, 32.846], [-96.5412, 32.8148], [-96.5691, 32.8051], [-96.5729, 32.7989], [-96.5707, 32.7878], [-96.5561, 32.7667], [-96.5532, 32.7467], [-96.5861, 32.7457], [-96.5908, 32.7385], [-96.5933, 32.7216], [-96.5977, 32.7133], [-96.6299, 32.7126], [-96.6423, 32.691], [-96.6853, 32.6851], [-96.6976, 32.6789], [-96.7027, 32.6703], [-96.7249, 32.6593], [-96.7637, 32.6461], [-96.7694, 32.6356], [-96.7704, 32.6148], [-96.7748, 32.6028], [-96.7977, 32.6006], [-96.8043, 32.5903], [-96.8098, 32.5685], [-96.8724, 32.5817], [-96.8886, 32.5909], [-96.8983, 32.6009], [-96.9175, 32.5983], [-96.9536, 32.5811], [-96.9769, 32.5797], [-96.9836, 32.5934], [-97.0029, 32.5975], [-97.0118, 32.6034], [-97.0105, 32.6172], [-97.001, 32.6382], [-97.0022, 32.6502], [-97.0066, 32.6581], [-97.0116, 32.6625], [-97.0532, 32.6783], [-97.0621, 32.6733], [-97.0668, 32.6489], [-97.0755, 32.6355], [-97.0993, 32.6343], [-97.1095, 32.6241], [-97.2171, 32.6549], [-97.2525, 32.6572], [-97.281, 32.6501], [-97.2867, 32.6354], [-97.3153, 32.6316], [-97.3237, 32.6241], [-97.3226, 32.6164], [-97.3079, 32.6032], [-97.3083, 32.5924], [-97.3167, 32.5801], [-97.3182, 32.5718], [-97.2981, 32.552], [-97.2971, 32.536], [-97.3438, 32.5353], [-97.3516, 32.5533], [-97.3439, 32.5831], [-97.3449, 32.6006], [-97.3644, 32.632], [-97.371, 32.6363], [-97.3991, 32.6352], [-97.4125, 32.6571], [-97.4547, 32.6575], [-97.4606, 32.6657], [-97.4756, 32.6764], [-97.5004, 32.7797], [-97.5126, 32.805], [-97.5116, 32.816]]]}}, {"type": "Feature", "properties": {}, "geometry": {"type": "Polygon", "coordinates": [[[-90.3316, 32.3649], [-90.2466, 32.3833], [-90.2267, 32.3941], [-90.2185, 32.4021], [-90.2051, 32.4276], [-90.1717, 32.4401], [-90.1585, 32.4495], [-90.1588, 32.4768], [-90.1559, 32.4836], [-90.1432, 32.4863], [-90.114, 32.4824], [-90.0993, 32.4836], [-90.1001, 32.4633], [-90.1131, 32.4532], [-90.114, 32.4447], [-90.0759, 32.416], [-90.0743, 32.4047], [-90.0839, 32.3903], [-90.0854, 32.3824], [-90.0794, 32.3749], [-90.0606, 32.3667], [-90.0537, 32.3604], [-90.063, 32.3264], [-90.0537, 32.3149], [-90.0447, 32.3095], [-90.0316, 32.3059], [-89.993, 32.3037], [-89.9867, 32.2931], [-89.9873, 32.2793], [-89.9957, 32.2715], [-90.0097, 32.2686], [-90.0327, 32.2705], [-90.053, 32.2792], [-90.0773, 32.2686], [-90.0966, 32.2691], [-90.1179, 32.2536], [-90.1413, 32.2222], [-90.1667, 32.2131], [-90.1775, 32.2328], [-90.1798, 32.25], [-90.1862, 32.2549], [-90.1983, 32.2531], [-90.2275, 32.2375], [-90.2437, 32.2352], [-90.2536, 32.2459], [-90.2677, 32.2468], [-90.2978, 32.2923], [-90.304, 32.3163], [-90.335, 32.3213], [-90.346, 32.3363], [-90.3433, 32.3555], [-90.3316, 32.3649]]]}}, {"type": "Feature", "properties": {}, "geometry": {"type": "Polygon", "coordinates": [[[-95.7898, 29.7936], [-95.7773, 29.8116], [-95.7238, 29.8386], [-95.6997, 29.8617], [-95.6797, 29.872], [-95.6787, 29.905], [-95.6711, 29.9105], [-95.6677, 29.9181], [-95.6677, 29.9579], [-95.6755, 29.9841], [-95.6715, 29.9937], [-95.6573, 30.0047], [-95.6515, 30.0148], [-95.6365, 30.0204], [-95.6224, 30.0392], [-95.6051, 30.0416], [-95.5997, 30.0505], [-95.5659, 30.0507], [-95.557, 30.0421], [-95.5492, 30.0425], [-95.5353, 30.0527], [-95.536, 30.0759], [-95.5335, 30.0837], [-95.5067, 30.0839], [-95.5012, 30.0888], [-95.4992, 30.1051], [-95.5015, 30.1254], [-95.5477, 30.1749], [-95.5565, 30.1939], [-95.5494, 30.2301], [-95.5447, 30.239], [-95.525, 30.2396], [-95.5104, 30.2506], [-95.4967, 30.2507], [-95.4879, 30.2618], [-95.4535, 30.2503], [-95.4485, 30.2354], [-95.411, 30.2111], [-95.4074, 30.1734], [-95.3862, 30.1607], [-95.385, 30.1272], [-95.3834, 30.1226], [-95.3649, 30.1074], [-95.3558, 30.0708], [-95.3085, 30.0436], [-95.2909, 30.0425], [-95.2855, 30.0537], [-95.3, 30.0849], [-95.3007, 30.1054], [-95.289, 30.1171], [-95.2755, 30.1176], [-95.2697, 30.1218], [-95.2675, 30.1384], [-95.2552, 30.1426], [-95.2435, 30.1655], [-95.2341, 30.1754], [-95.2204, 30.1727], [-95.2142, 30.1659], [-95.2072, 30.1368], [-95.1905, 30.1118], [-95.1769, 30.0999], [-95.1503, 30.09], [-95.1447, 30.0783], [-95.1409, 30.0367], [-95.1303, 30.0156], [-95.137, 30.0013], [-95.1774, 29.9902], [-95.2196, 29.9585], [-95.2387, 29.948], [-95.2417, 29.9367], [-95.2512, 29.9261], [-95.2515, 29.9188], [-95.2467, 29.9133], [-95.1875, 29.9062], [-95.1802, 29.8972], [-95.1459, 29.8846], [-95.0945, 29.8972], [-95.0761, 29.895], [-95.0749, 29.8732], [-95.0814, 29.8506], [-95.0769, 29.8432], [-95.0688, 29.8418], [-95.0461, 29.8475], [-95.0276, 29.8484], [-95.0096, 29.8397], [-94.9989, 29.8292], [-94.9683, 29.8235], [-94.9625, 29.8124], [-94.9552, 29.81], [-94.9484, 29.8135], [-94.9463, 29.8234], [-94.9497, 29.831], [-94.9614, 29.8348], [-94.9659, 29.8423], [-94.9675, 29.8831], [-94.9534, 29.8987], [-94.9327, 29.9063], [-94.9126, 29.9061], [-94.8966, 29.9179], [-94.8882, 29.9175], [-94.8816, 29.9083], [-94.8754, 29.9057], [-94.868, 29.8935], [-94.8637, 29.8492], [-94.866, 29.8467], [-94.8916, 29.8459], [-94.8971, 29.8401], [-94.8973, 29.8256], [-94.9097, 29.7921], [-94.9075, 29.7839], [-94.8869, 29.7726], [-94.8866, 29.7695], [-94.9025, 29.7497], [-94.9577, 29.7221], [-94.9711, 29.7062], [-95.0155, 29.7203], [-95.034, 29.7485], [-95.0523, 29.7497], [-95.0641, 29.7129], [-95.0368, 29.7043], [-95.0288, 29.6975], [-95.0089, 29.6935], [-94.9858, 29.675], [-95.0087, 29.6597], [-95.0157, 29.6445], [-95.01, 29.626], [-94.9845, 29.6061], [-94.9892, 29.5944], [-95.016, 29.5689], [-95.0239, 29.5422], [-95.0189, 29.5381], [-95.0761, 29.5047], [-95.1206, 29.4913], [-95.1558, 29.5027], [-95.1665, 29.5222], [-95.1728, 29.5249], [-95.185, 29.5245], [-95.2049, 29.5153], [-95.2221, 29.5136], [-95.2335, 29.5376], [-95.2358, 29.5621], [-95.2414, 29.5679], [-95.2674, 29.564], [-95.289, 29.5471], [-95.3063, 29.5642], [-95.3059, 29.6161], [-95.3116, 29.6324], [-95.3189, 29.6359], [-95.3589, 29.6322], [-95.4032, 29.6119], [-95.4089, 29.6027], [-95.4262, 29.6003], [-95.4317, 29.5913], [-95.465, 29.5911], [-95.4803, 29.5963], [-95.4902, 29.5953], [-95.5371, 29.5672], [-95.5432, 29.558], [-95.5985, 29.574], [-95.6176, 29.5699], [-95.6284, 29.5627], [-95.6394, 29.5735], [-95.6505, 29.5781], [-95.6888, 29.5803], [-95.6897, 29.6384], [-95.6867, 29.6454], [-95.6738, 29.6571], [-95.6733, 29.6672], [-95.6841, 29.6781], [-95.6924, 29.7059], [-95.6989, 29.7157], [-95.7224, 29.736], [-95.7278, 29.745], [-95.7338, 29.7474], [-95.7383, 29.7563], [-95.7545, 29.7579], [-95.7674, 29.7641], [-95.7898, 29.7936]]]}}, {"type": "Feature", "properties": {}, "geometry": {"type": "Polygon", "coordinates": [[[-98.7224, 29.4611], [-98.7054, 29.4966], [-98.7002, 29.5166], [-98.6905, 29.5281], [-98.689, 29.5942], [-98.6718, 29.5974], [-98.6678, 29.6035], [-98.6667, 29.6168], [-98.6605, 29.6194], [-98.6555, 29.6279], [-98.6441, 29.6313], [-98.639, 29.6376], [-98.6169, 29.6489], [-98.5926, 29.6501], [-98.5521, 29.6304], [-98.5426, 29.6347], [-98.5197, 29.6728], [-98.4935, 29.6663], [-98.4793, 29.6549], [-98.4715, 29.6557], [-98.4651, 29.6619], [-98.4397, 29.6553], [-98.4302, 29.6499], [-98.4187, 29.6339], [-98.4114, 29.6295], [-98.3982, 29.6294], [-98.3746, 29.6389], [-98.3567, 29.6273], [-98.3456, 29.6146], [-98.3333, 29.5896], [-98.3281, 29.5847], [-98.3068, 29.5851], [-98.2754, 29.6028], [-98.2634, 29.5939], [-98.2675, 29.573], [-98.276, 29.5648], [-98.296, 29.558], [-98.3032, 29.5482], [-98.3305, 29.5416], [-98.3369, 29.5366], [-98.3375, 29.5285], [-98.3296, 29.5063], [-98.33, 29.4927], [-98.3514, 29.4903], [-98.3614, 29.4818], [-98.3651, 29.4706], [-98.3633, 29.4371], [-98.3962, 29.4141], [-98.3966, 29.3817], [-98.4195, 29.3606], [-98.5658, 29.347], [-98.5751, 29.3595], [-98.5788, 29.4033], [-98.5963, 29.4174], [-98.6034, 29.4308], [-98.6111, 29.4334], [-98.6182, 29.4294], [-98.6189, 29.4145], [-98.6312, 29.3913], [-98.6559, 29.3906], [-98.675, 29.395], [-98.6918, 29.4079], [-98.7003, 29.4256], [-98.7021, 29.4475], [-98.7215, 29.458], [-98.7224, 29.4611]]]}}, {"type": "Feature", "properties": {}, "geometry": {"type": "Polygon", "coordinates": [[[-72.7803, 46.5775], [-72.7589, 46.6036], [-72.74, 46.613], [-72.7379, 46.6355], [-72.7256, 46.6396], [-72.715, 46.6587], [-72.7042, 46.6601], [-72.6799, 46.6488], [-72.6416, 46.6549], [-72.6341, 46.6472], [-72.6408, 46.6316], [-72.6767, 46.6013], [-72.6789, 46.5892], [-72.691, 46.584], [-72.716, 46.5805], [-72.7218, 46.5749], [-72.7234, 46.5669], [-72.7319, 46.562], [-72.7349, 46.5556], [-72.7447, 46.5508], [-72.746, 46.5111], [-72.758, 46.5148], [-72.7645, 46.5234], [-72.7805, 46.5658], [-72.7803, 46.5775]]]}}, {"type": "Feature", "properties": {}, "geometry": {"type": "Polygon", "coordinates": [[[-84.4249, 46.5579], [-84.4095, 46.5783], [-84.3495, 46.5932], [-84.333, 46.6035], [-84.3213, 46.5988], [-84.2927, 46.5422], [-84.2858, 46.5399], [-84.2598, 46.5469], [-84.2538, 46.5274], [-84.3014, 46.5173], [-84.3518, 46.5306], [-84.3997, 46.5236], [-84.4011, 46.5272], [-84.3896, 46.5426], [-84.3909, 46.5507], [-84.3978, 46.5551], [-84.4233, 46.5554], [-84.4249, 46.5579]]]}}, {"type": "Feature", "properties": {}, "geometry": {"type": "Polygon", "coordinates": [[[-87.4578, 46.5473], [-87.4471, 46.5628], [-87.4327, 46.5749], [-87.3973, 46.5915], [-87.3904, 46.5918], [-87.3828, 46.5398], [-87.4175, 46.5314], [-87.4385, 46.5342], [-87.4578, 46.5473]]]}}, {"type": "Feature", "properties": {}, "geometry": {"type": "Polygon", "coordinates": [[[-81.1028, 46.5139], [-81.0947, 46.5206], [-81.0747, 46.5282], [-81.0578, 46.559], [-81.0417, 46.5558], [-81.0355, 46.5473], [-81.0275, 46.5465], [-81.0024, 46.5602], [-80.9975, 46.5686], [-80.989, 46.5704], [-80.9773, 46.5691], [-80.976, 46.536], [-80.9692, 46.5277], [-80.9619, 46.5281], [-80.9379, 46.5387], [-80.9104, 46.5354], [-80.9123, 46.5191], [-80.9503, 46.4926], [-80.955, 46.4785], [-80.9615, 46.4755], [-80.967, 46.4666], [-80.9785, 46.4644], [-80.9894, 46.4495], [-81.0027, 46.443], [-81.0459, 46.4441], [-81.0521, 46.4534], [-81.0721, 46.4689], [-81.0858, 46.4756], [-81.102, 46.4777], [-81.1028, 46.5139]]]}}, {"type": "Feature", "properties": {}, "geometry": {"type": "Polygon", "coordinates": [[[-87.6699, 46.4414], [-87.6589, 46.4517], [-87.6572, 46.4698], [-87.6301, 46.4698], [-87.6244, 46.474], [-87.6256, 46.5034], [-87.6233, 46.5146], [-87.6085, 46.5154], [-87.6035, 46.5088], [-87.5997, 46.4945], [-87.5768, 46.4716], [-87.5763, 46.4562], [-87.5971, 46.447], [-87.6669, 46.4331], [-87.6699, 46.4414]]]}}, {"type": "Feature", "properties": {}, "geometry": {"type": "Polygon", "coordinates": [[[-72.6934, 46.3903], [-72.6911, 46.3927], [-72.6477, 46.3927], [-72.6326, 46.3835], [-72.6225, 46.3829], [-72.6075, 46.3913], [-72.6037, 46.4144], [-72.5683, 46.4156], [-72.5501, 46.4324], [-72.5374, 46.4362], [-72.5255, 46.4343], [-72.5119, 46.425], [-72.5018, 46.4059], [-72.4985, 46.3884], [-72.4993, 46.3757], [-72.5904, 46.3101], [-72.6077, 46.3191], [-72.6262, 46.3216], [-72.6462, 46.317], [-72.6736, 46.3023], [-72.6914, 46.2997], [-72.6934, 46.3026], [-72.691, 46.32], [-72.6834, 46.3316], [-72.6711, 46.3401], [-72.6667, 46.3471], [-72.6692, 46.3551], [-72.6928, 46.3708], [-72.6934, 46.3903]]]}}, {"type": "Feature", "properties": {}, "geometry": {"type": "Polygon", "coordinates": [[[-79.5332, 46.3328], [-79.5172, 46.3493], [-79.4836, 46.3693], [-79.4792, 46.3813], [-79.4637, 46.3779], [-79.4255, 46.3604], [-79.4005, 46.3591], [-79.3942, 46.3385], [-79.3971, 46.3161], [-79.4058, 46.2957], [-79.4197, 46.2802], [-79.4466, 46.265], [-79.4837, 46.3088], [-79.5019, 46.3225], [-79.5332, 46.3328]]]}}, {"type": "Feature", "properties": {}, "geometry": {"type": "Polygon", "coordinates": [[[-70.7154, 46.1476], [-70.6903, 46.1594], [-70.6697, 46.1525], [-70.6342, 46.1235], [-70.653, 46.1017], [-70.6826, 46.1013], [-70.7082, 46.1173], [-70.7154, 46.1476]]]}}, {"type": "Feature", "properties": {}, "geometry": {"type": "Polygon", "coordinates": [[[-71.338, 46.1132], [-71.3328, 46.1185], [-71.2951, 46.135], [-71.2831, 46.1375], [-71.2676, 46.1358], [-71.2676, 46.112], [-71.2831, 46.0761], [-71.2909, 46.0667], [-71.3108, 46.0679], [-71.3266, 46.0804], [-71.337, 46.0982], [-71.338, 46.1132]]]}}, {"type": "Feature", "properties": {}, "geometry": {"type": "Polygon", "coordinates": [[[-73.5261, 46.1031], [-73.5178, 46.1047], [-73.5069, 46.0908], [-73.4531, 46.0738], [-73.4448, 46.0576], [-73.4315, 46.0148], [-73.4346, 45.989], [-73.4491, 45.9893], [-73.4587, 45.9951], [-73.4808, 46.0323], [-73.5111, 46.0559], [-73.5253, 46.076], [-73.5261, 46.1031]]]}}, {"type": "Feature", "properties": {}, "geometry": {"type": "Polygon", "coordinates": [[[-74.3154, 46.0457], [-74.3028, 46.0686], [-74.2861, 46.0758], [-74.2665, 46.0713], [-74.2449, 46.0581], [-74.2573, 46.035], [-74.2739, 46.0278], [-74.2941, 46.0324], [-74.3154, 46.0457]]]}}, {"type": "Feature", "properties": {}, "geometry": {"type": "Polygon", "coordinates": [[[-72.0157, 46.0576], [-72.0005, 46.0779], [-71.9708, 46.0818], [-71.9436, 46.0708], [-71.9339, 46.0462], [-71.9362, 46.0442], [-71.9998, 46.0471], [-72.0157, 46.0576]]]}}, {"type": "Feature", "properties": {}, "geometry": {"type": "Polygon", "coordinates": [[[-73.1557, 46.0445], [-73.1272, 46.049], [-73.1146, 46.0592], [-73.1027, 46.0584], [-73.079, 46.0478], [-73.0769, 46.0338], [-73.0842, 46.0274], [-73.0978, 46.0223], [-73.102, 46.0109], [-73.1203, 46.0029], [-73.137, 46.0024], [-73.1544, 46.0098], [-73.1709, 46.0232], [-73.1673, 46.0369], [-73.1557, 46.0445]]]}}, {"type": "Feature", "properties": {}, "geometry": {"type": "Polygon", "coordinates": [[[-74.2153, 45.912], [-74.2134, 45.9149], [-74.158, 45.9149], [-74.1512, 45.9177], [-74.1476, 45.939], [-74.1662, 45.9701], [-74.1708, 45.9913], [-74.1549, 45.9926], [-74.1232, 45.9606], [-74.101, 45.9589], [-74.0992, 45.9221], [-74.091, 45.9044], [-74.0698, 45.8744], [-74.0671, 45.8569], [-74.1025, 45.8553], [-74.1408, 45.8689], [-74.1526, 45.8781], [-74.1915, 45.8821], [-74.2092, 45.8905], [-74.2153, 45.912]]]}}, {"type": "Feature", "properties": {}, "geometry": {"type": "Polygon", "coordinates": [[[-77.3259, 45.9359], [-77.292, 45.9361], [-77.2688, 45.9159], [-77.2666, 45.9012], [-77.2857, 45.8913], [-77.3084, 45.8942], [-77.3239, 45.9086], [-77.3259, 45.9359]]]}}, {"type": "Feature", "properties": {}, "geometry": {"type": "Polygon", "coordinates": [[[-72.5375, 45.914], [-72.5009, 45.9128], [-72.4341, 45.8677], [-72.4621, 45.8452], [-72.502, 45.847], [-72.5342, 45.8705], [-72.5375, 45.914]]]}}, {"type": "Feature", "properties": {}, "geometry": {"type": "Polygon", "coordinates": [[[-88.102, 45.858], [-88.0595, 45.8506], [-88.0466, 45.8238], [-88.0603, 45.7964], [-88.1019, 45.7898], [-88.0952, 45.8262], [-88.102, 45.858]]]}}, {"type": "Feature", "properties": {}, "geometry": {"type": "Polygon", "coordinates": [[[-74.0931, 45.7679], [-74.0937, 45.7826], [-74.072, 45.803], [-74.0731, 45.8379], [-74.0704, 45.8477], [-74.034, 45.8492], [-74.0124, 45.8577], [-73.9932, 45.8613], [-73.9673, 45.8584], [-73.9575, 45.8335], [-73.954, 45.8067], [-73.9571, 45.785], [-73.9681, 45.7667], [-73.9894, 45.7584], [-74.0605, 45.7578], [-74.0931, 45.7679]]]}}, {"type": "Feature", "properties": {}, "geometry": {"type": "Polygon", "coordinates": [[[-87.1151, 45.7885], [-87.1014, 45.8257], [-87.0734, 45.815], [-87.0634, 45.7937], [-87.0693, 45.7772], [-87.0751, 45.7374], [-87.1035, 45.74], [-87.1129, 45.745], [-87.1184, 45.7654], [-87.1151, 45.7885]]]}}, {"type": "Feature", "properties": {}, "geometry": {"type": "Polygon", "coordinates": [[[-73.5166, 45.7264], [-73.4918, 45.7498], [-73.4811, 45.7702], [-73.4629, 45.7704], [-73.4547, 45.7795], [-73.4385, 45.7857], [-73.4147, 45.8045], [-73.3831, 45.801], [-73.4203, 45.7651], [-73.4954, 45.7279], [-73.5166, 45.7264]]]}}, {"type": "Feature", "properties": {}, "geometry": {"type": "Polygon", "coordinates": [[[-73.0268, 45.6565], [-73.0241, 45.6593], [-72.9246, 45.6373], [-72.9228, 45.6346], [-72.9399, 45.6075], [-72.9602, 45.6045], [-72.9824, 45.6162], [-73.0048, 45.634], [-73.0209, 45.6393], [-73.0271, 45.6448], [-73.0268, 45.6565]]]}}, {"type": "Feature", "properties": {}, "geometry": {"type": "Polygon", "coordinates": [[[-72.0017, 45.3962], [-71.9948, 45.4033], [-71.9926, 45.4258], [-71.9633, 45.4374], [-71.9586, 45.4705], [-71.9501, 45.4675], [-71.9461, 45.4501], [-71.9381, 45.4409], [-71.9026, 45.4269], [-71.8907, 45.4317], [-71.8834, 45.4427], [-71.8853, 45.4508], [-71.8935, 45.4576], [-71.8909, 45.4676], [-71.8806, 45.4706], [-71.8667, 45.4667], [-71.8516, 45.4559], [-71.8402, 45.4417], [-71.834, 45.4243], [-71.841, 45.396], [-71.846, 45.3891], [-71.8567, 45.3845], [-71.8627, 45.3627], [-71.8692, 45.3554], [-71.8803, 45.3552], [-71.9156, 45.3666], [-71.9835, 45.3682], [-72.0044, 45.3787], [-72.0061, 45.3896], [-72.0017, 45.3962]]]}}, {"type": "Feature", "properties": {}, "geometry": {"type": "Polygon", "coordinates": [[[-72.7821, 45.3918], [-72.7721, 45.4169], [-72.7449, 45.4305], [-72.7132, 45.4326], [-72.6897, 45.425], [-72.6974, 45.3949], [-72.7224, 45.3797], [-72.7536, 45.3777], [-72.7812, 45.389], [-72.7821, 45.3918]]]}}, {"type": "Feature", "properties": {}, "geometry": {"type": "Polygon", "coordinates": [[[-74.0476, 45.4148], [-74.0058, 45.4035], [-73.9822, 45.3722], [-73.9876, 45.3684], [-74.0151, 45.368], [-74.0405, 45.3835], [-74.0476, 45.4148]]]}}, {"type": "Feature", "properties": {}, "geometry": {"type": "Polygon", "coordinates": [[[-73.771, 45.3466], [-73.7469, 45.3795], [-73.7281, 45.3909], [-73.7013, 45.3924], [-73.7, 45.3794], [-73.6892, 45.3686], [-73.701, 45.3491], [-73.7221, 45.3375], [-73.7474, 45.335], [-73.771, 45.3466]]]}}, {"type": "Feature", "properties": {}, "geometry": {"type": "Polygon", "coordinates": [[[-73.299, 45.3311], [-73.2991, 45.3441], [-73.2917, 45.3516], [-73.2743, 45.3587], [-73.2684, 45.3705], [-73.2453, 45.3586], [-73.2453, 45.3378], [-73.2228, 45.3123], [-73.2399, 45.2859], [-73.2582, 45.2745], [-73.2807, 45.2777], [-73.2876, 45.2855], [-73.299, 45.3311]]]}}, {"type": "Feature", "properties": {}, "geometry": {"type": "Polygon", "coordinates": [[[-75.9814, 45.2699], [-75.9564, 45.3014], [-75.9472, 45.3039], [-75.9398, 45.2928], [-75.9186, 45.2888], [-75.9078, 45.2783], [-75.913, 45.2555], [-75.934, 45.2552], [-75.9581, 45.2661], [-75.9806, 45.2668], [-75.9814, 45.2699]]]}}, {"type": "Feature", "properties": {}, "geometry": {"type": "Polygon", "coordinates": [[[-74.165, 45.2786], [-74.1111, 45.2812], [-74.0916, 45.2927], [-74.076, 45.2839], [-74.081, 45.2723], [-74.1006, 45.2522], [-74.1466, 45.2526], [-74.1587, 45.2601], [-74.165, 45.2697], [-74.165, 45.2786]]]}}, {"type": "Feature", "properties": {}, "geometry": {"type": "Polygon", "coordinates": [[[-72.1602, 45.2576], [-72.1586, 45.2761], [-72.1494, 45.2878], [-72.1327, 45.2931], [-72.112, 45.2917], [-72.1134, 45.272], [-72.1227, 45.2604], [-72.1382, 45.2552], [-72.1602, 45.2576]]]}}, {"type": "Feature", "properties": {}, "geometry": {"type": "Polygon", "coordinates": [[[-87.6911, 45.0905], [-87.6857, 45.1071], [-87.6564, 45.1236], [-87.6421, 45.1432], [-87.6305, 45.1491], [-87.6241, 45.1585], [-87.6208, 45.1586], [-87.6104, 45.143], [-87.6036, 45.0951], [-87.6176, 45.0789], [-87.6731, 45.08], [-87.6911, 45.0905]]]}}, {"type": "Feature", "properties": {}, "geometry": {"type": "Polygon", "coordinates": [[[-83.5028, 45.0572], [-83.49, 45.104], [-83.4766, 45.1058], [-83.4673, 45.0895], [-83.46, 45.086], [-83.4368, 45.0945], [-83.4224, 45.0927], [-83.4129, 45.0771], [-83.4327, 45.0634], [-83.4448, 45.0445], [-83.4651, 45.0447], [-83.4752, 45.0372], [-83.5028, 45.0572]]]}}, {"type": "Feature", "properties": {}, "geometry": {"type": "Polygon", "coordinates": [[[-79.336, 45.0337], [-79.3296, 45.0841], [-79.3256, 45.0917], [-79.3, 45.0894], [-79.2872, 45.0641], [-79.2959, 45.0395], [-79.336, 45.0337]]]}}, {"type": "Feature", "properties": {}, "geometry": {"type": "Polygon", "coordinates": [[[-74.7931, 45.0245], [-74.7893, 45.0322], [-74.7348, 45.0479], [-74.7114, 45.0482], [-74.6893, 45.0361], [-74.6958, 45.0208], [-74.7059, 45.0102], [-74.7193, 45.0031], [-74.7346, 45.0], [-74.7553, 45.001], [-74.7683, 45.0059], [-74.7931, 45.0245]]]}}, {"type": "Feature", "properties": {}, "geometry": {"type": "Polygon", "coordinates": [[[-74.9225, 44.9433], [-74.907, 44.9639], [-74.8783, 44.9696], [-74.8829, 44.9474], [-74.8831, 44.9273], [-74.89, 44.9114], [-74.9197, 44.9199], [-74.9225, 44.9433]]]}}, {"type": "Feature", "properties": {}, "geometry": {"type": "Polygon", "coordinates": [[[-76.0382, 44.9181], [-76.0257, 44.9479], [-75.9892, 44.9474], [-75.9882, 44.9225], [-76.0148, 44.9036], [-76.023, 44.8893], [-76.0377, 44.8985], [-76.0382, 44.9181]]]}}, {"type": "Feature", "properties": {}, "geometry": {"type": "Polygon", "coordinates": [[[-68.8483, 44.8246], [-68.8406, 44.8354], [-68.799, 44.8498], [-68.7919, 44.8596], [-68.7672, 44.8607], [-68.7123, 44.835], [-68.7433, 44.7859], [-68.781, 44.7666], [-68.7987, 44.7692], [-68.8238, 44.7868], [-68.8306, 44.7858], [-68.8402, 44.7731], [-68.8464, 44.7731], [-68.8483, 44.8246]]]}}, {"type": "Feature", "properties": {}, "geometry": {"type": "Polygon", "coordinates": [[[-85.6686, 44.7922], [-85.6608, 44.7963], [-85.6555, 44.8039], [-85.6466, 44.8013], [-85.6302, 44.7803], [-85.6111, 44.771], [-85.6026, 44.7709], [-85.5931, 44.7767], [-85.5713, 44.7582], [-85.5663, 44.7489], [-85.5653, 44.7348], [-85.6047, 44.7265], [-85.6329, 44.7352], [-85.655, 44.7578], [-85.6686, 44.7922]]]}}, {"type": "Feature", "properties": {}, "geometry": {"type": "Polygon", "coordinates": [[[-73.5152, 44.7253], [-73.5044, 44.7293], [-73.4613, 44.7319], [-73.4457, 44.7258], [-73.4421, 44.7123], [-73.4455, 44.6671], [-73.4751, 44.6699], [-73.4979, 44.6783], [-73.5128, 44.6955], [-73.5152, 44.7253]]]}}, {"type": "Feature", "properties": {}, "geometry": {"type": "Polygon", "coordinates": [[[-79.4524, 44.6193], [-79.4134, 44.6262], [-79.4107, 44.6247], [-79.4235, 44.5897], [-79.4463, 44.5971], [-79.4524, 44.6193]]]}}, {"type": "Feature", "properties": {}, "geometry": {"type": "Polygon", "coordinates": [[[-75.7373, 44.6027], [-75.7281, 44.6204], [-75.7085, 44.6246], [-75.6922, 44.6139], [-75.689, 44.5903], [-75.7053, 44.5805], [-75.7146, 44.5843], [-75.7373, 44.6027]]]}}, {"type": "Feature", "properties": {}, "geometry": {"type": "Polygon", "coordinates": [[[-88.1506, 44.5358], [-88.1456, 44.5592], [-88.114, 44.5597], [-88.1057, 44.5624], [-88.0748, 44.6084], [-88.0345, 44.6245], [-88.0224, 44.6264], [-88.0224, 44.6153], [-88.0352, 44.5778], [-88.0329, 44.5712], [-88.0121, 44.556], [-87.9933, 44.5472], [-87.9701, 44.5433], [-87.9364, 44.5473], [-87.928, 44.5101], [-87.9427, 44.4792], [-87.9548, 44.4669], [-87.965, 44.465], [-87.9765, 44.4739], [-87.9834, 44.4751], [-88.0643, 44.4278], [-88.089, 44.4222], [-88.1243, 44.4682], [-88.1188, 44.4859], [-88.1506, 44.5358]]]}}, {"type": "Feature", "properties": {}, "geometry": {"type": "Polygon", "coordinates": [[[-80.9708, 44.5789], [-80.9498, 44.6009], [-80.9389, 44.6044], [-80.9279, 44.5973], [-80.9217, 44.5786], [-80.9215, 44.5683], [-80.9297, 44.5629], [-80.9339, 44.5557], [-80.9431, 44.5556], [-80.9689, 44.567], [-80.9708, 44.5789]]]}}, {"type": "Feature", "properties": {}, "geometry": {"type": "Polygon", "coordinates": [[[-69.6885, 44.5588], [-69.6595, 44.5815], [-69.646, 44.5821], [-69.6374, 44.5925], [-69.6153, 44.5992], [-69.5978, 44.5936], [-69.5866, 44.577], [-69.5788, 44.5464], [-69.6922, 44.5334], [-69.6952, 44.5472], [-69.6885, 44.5588]]]}}, {"type": "Feature", "properties": {}, "geometry": {"type": "Polygon", "coordinates": [[[-79.757, 44.3729], [-79.748, 44.3834], [-79.7474, 44.4033], [-79.7367, 44.4097], [-79.7306, 44.4371], [-79.7229, 44.4371], [-79.7128, 44.4296], [-79.6921, 44.4371], [-79.6794, 44.4374], [-79.6741, 44.4252], [-79.6543, 44.4184], [-79.6464, 44.4109], [-79.6505, 44.3972], [-79.6451, 44.3897], [-79.6439, 44.3682], [-79.6518, 44.3497], [-79.6647, 44.341], [-79.6857, 44.34], [-79.7482, 44.3503], [-79.759, 44.3574], [-79.7605, 44.3667], [-79.757, 44.3729]]]}}, {"type": "Feature", "properties": {}, "geometry": {"type": "Polygon", "coordinates": [[[-69.844, 44.3699], [-69.8355, 44.3817], [-69.827, 44.3793], [-69.8128, 44.36], [-69.7986, 44.3568], [-69.7696, 44.3565], [-69.7568, 44.3475], [-69.7552, 44.3367], [-69.7674, 44.3228], [-69.7744, 44.2958], [-69.7796, 44.2894], [-69.7925, 44.2895], [-69.8261, 44.3023], [-69.8376, 44.3116], [-69.8399, 44.3201], [-69.8385, 44.3442], [-69.844, 44.3699]]]}}, {"type": "Feature", "properties": {}, "geometry": {"type": "Polygon", "coordinates": [[[-78.3814, 44.2806], [-78.3742, 44.3154], [-78.3528, 44.3367], [-78.32, 44.3468], [-78.2778, 44.3476], [-78.2745, 44.3114], [-78.2991, 44.2813], [-78.3376, 44.2673], [-78.3795, 44.2778], [-78.3814, 44.2806]]]}}, {"type": "Feature", "properties": {}, "geometry": {"type": "Polygon", "coordinates": [[[-76.6394, 44.2388], [-76.6409, 44.2791], [-76.6372, 44.2916], [-76.624, 44.2984], [-76.5947, 44.2982], [-76.5666, 44.3143], [-76.5481, 44.3144], [-76.5265, 44.299], [-76.5127, 44.2945], [-76.4666, 44.2914], [-76.4666, 44.2683], [-76.47, 44.2615], [-76.503, 44.2375], [-76.5232, 44.2281], [-76.544, 44.2233], [-76.616, 44.2213], [-76.6377, 44.2338], [-76.6394, 44.2388]]]}}, {"type": "Feature", "properties": {}, "geometry": {"type": "Polygon", "coordinates": [[[-88.5242, 44.1791], [-88.5225, 44.1884], [-88.502, 44.2062], [-88.5031, 44.221], [-88.4964, 44.2341], [-88.5048, 44.2569], [-88.5021, 44.2692], [-88.4818, 44.2863], [-88.4786, 44.2928], [-88.4618, 44.2949], [-88.4562, 44.304], [-88.4226, 44.305], [-88.3646, 44.291], [-88.3434, 44.2939], [-88.3342, 44.3039], [-88.3202, 44.3033], [-88.2939, 44.2956], [-88.2782, 44.304], [-88.2538, 44.2915], [-88.2689, 44.2652], [-88.2875, 44.2614], [-88.313, 44.2628], [-88.3416, 44.2562], [-88.4173, 44.2008], [-88.445, 44.2003], [-88.4485, 44.1896], [-88.4426, 44.1791], [-88.4468, 44.165], [-88.4549, 44.1552], [-88.4677, 44.1522], [-88.4897, 44.1557], [-88.5242, 44.1791]]]}}, {"type": "Feature", "properties": {}, "geometry": {"type": "Polygon", "coordinates": [[[-77.4464, 44.1886], [-77.4261, 44.2037], [-77.4108, 44.2373], [-77.4014, 44.2374], [-77.3958, 44.2288], [-77.3791, 44.2263], [-77.3677, 44.2188], [-77.3355, 44.2263], [-77.3332, 44.2247], [-77.3382, 44.1794], [-77.3443, 44.1759], [-77.3769, 44.1702], [-77.4227, 44.1553], [-77.4255, 44.1563], [-77.4286, 44.1678], [-77.4477, 44.1785], [-77.4464, 44.1886]]]}}, {"type": "Feature", "properties": {}, "geometry": {"type": "Polygon", "coordinates": [[[-87.6173, 44.1532], [-87.6036, 44.1682], [-87.584, 44.1749], [-87.5662, 44.1694], [-87.5553, 44.1453], [-87.613, 44.1214], [-87.6202, 44.1316], [-87.6173, 44.1532]]]}}, {"type": "Feature", "properties": {}, "geometry": {"type": "Polygon", "coordinates": [[[-77.6244, 44.0891], [-77.626, 44.1135], [-77.61, 44.1505], [-77.6027, 44.1594], [-77.5821, 44.1586], [-77.5698, 44.1443], [-77.5657, 44.1163], [-77.5802, 44.1005], [-77.584, 44.0892], [-77.6244, 44.0891]]]}}, {"type": "Feature", "properties": {}, "geometry": {"type": "Polygon", "coordinates": [[[-70.2587, 44.1181], [-70.2368, 44.1373], [-70.2194, 44.1394], [-70.2149, 44.1483], [-70.1949, 44.1446], [-70.1764, 44.1322], [-70.1631, 44.1142], [-70.1565, 44.0904], [-70.1892, 44.0693], [-70.203, 44.0668], [-70.2336, 44.0729], [-70.2561, 44.0928], [-70.2587, 44.1181]]]}}, {"type": "Feature", "properties": {}, "geometry": {"type": "Polygon", "coordinates": [[[-87.7356, 44.1242], [-87.7245, 44.1306], [-87.675, 44.1242], [-87.629, 44.1075], [-87.6591, 44.0626], [-87.7174, 44.0844], [-87.7356, 44.1242]]]}}, {"type": "Feature", "properties": {}, "geometry": {"type": "Polygon", "coordinates": [[[-79.5369, 44.0463], [-79.5348, 44.0616], [-79.5152, 44.0914], [-79.5212, 44.1149], [-79.5133, 44.1262], [-79.4939, 44.1248], [-79.4831, 44.1163], [-79.477, 44.0998], [-79.4763, 44.0882], [-79.4709, 44.0827], [-79.4574, 44.0826], [-79.4358, 44.0897], [-79.4222, 44.0811], [-79.4216, 44.0576], [-79.4293, 44.0416], [-79.4446, 44.0336], [-79.4562, 44.0326], [-79.4626, 44.0245], [-79.4556, 43.9937], [-79.4321, 43.955], [-79.4335, 43.934], [-79.465, 43.9339], [-79.4796, 43.9379], [-79.4917, 43.9451], [-79.4943, 43.9621], [-79.5146, 43.9798], [-79.5135, 43.9933], [-79.5041, 44.014], [-79.5047, 44.0263], [-79.5133, 44.0419], [-79.5369, 44.0463]]]}}, {"type": "Feature", "properties": {}, "geometry": {"type": "Polygon", "coordinates": [[[-88.6029, 44.0646], [-88.6015, 44.0812], [-88.5747, 44.0813], [-88.5674, 44.104], [-88.5567, 44.1004], [-88.541, 44.0804], [-88.5206, 44.0699], [-88.5165, 44.0483], [-88.5175, 44.0242], [-88.5229, 44.0032], [-88.5319, 43.9897], [-88.5498, 43.9852], [-88.5723, 43.9969], [-88.5889, 43.989], [-88.6029, 43.9937], [-88.6021, 44.0145], [-88.5933, 44.0382], [-88.6029, 44.0646]]]}}, {"type": "Feature", "properties": {}, "geometry": {"type": "Polygon", "coordinates": [[[-75.8036, 44.0477], [-75.7947, 44.0525], [-75.7473, 44.0596], [-75.7446, 44.0576], [-75.7515, 44.0295], [-75.7568, 44.0225], [-75.775, 44.014], [-75.7941, 44.0176], [-75.8054, 44.0294], [-75.8036, 44.0477]]]}}, {"type": "Feature", "properties": {}, "geometry": {"type": "Polygon", "coordinates": [[[-75.9597, 43.958], [-75.9595, 43.9916], [-75.9387, 44.0032], [-75.8968, 43.9937], [-75.8668, 43.9914], [-75.8777, 43.9618], [-75.8988, 43.9503], [-75.9278, 43.9502], [-75.9597, 43.958]]]}}, {"type": "Feature", "properties": {}, "geometry": {"type": "Polygon", "coordinates": [[[-86.469, 43.9756], [-86.4556, 43.9815], [-86.437, 43.9795], [-86.4206, 43.9688], [-86.4284, 43.9516], [-86.445, 43.945], [-86.4561, 43.9461], [-86.4584, 43.9484], [-86.4579, 43.9621], [-86.469, 43.9756]]]}}, {"type": "Feature", "properties": {}, "geometry": {"type": "Polygon", "coordinates": [[[-78.9923, 43.9473], [-78.9557, 43.9408], [-78.9241, 43.9485], [-78.9041, 43.9481], [-78.8904, 43.9571], [-78.8479, 43.9383], [-78.7939, 43.9426], [-78.7778, 43.9366], [-78.7712, 43.9235], [-78.7949, 43.8905], [-78.7951, 43.8771], [-78.8535, 43.8615], [-78.8772, 43.8583], [-78.9511, 43.8635], [-78.9674, 43.8604], [-78.9891, 43.8951], [-78.9933, 43.9211], [-78.9923, 43.9473]]]}}, {"type": "Feature", "properties": {}, "geometry": {"type": "Polygon", "coordinates": [[[-70.0057, 43.9281], [-69.9931, 43.9592], [-69.9847, 43.9604], [-69.9751, 43.9463], [-69.9383, 43.9302], [-69.9195, 43.9149], [-69.9121, 43.8908], [-69.9147, 43.8891], [-69.9846, 43.9032], [-70.0044, 43.9118], [-70.0057, 43.9281]]]}}, {"type": "Feature", "properties": {}, "geometry": {"type": "Polygon", "coordinates": [[[-88.5018, 43.8254], [-88.4854, 43.8252], [-88.4523, 43.8039], [-88.4326, 43.8039], [-88.4226, 43.7887], [-88.4095, 43.7789], [-88.4378, 43.7532], [-88.4715, 43.7543], [-88.4965, 43.7789], [-88.5018, 43.8254]]]}}, {"type": "Feature", "properties": {}, "geometry": {"type": "Polygon", "coordinates": [[[-87.8237, 43.7258], [-87.8238, 43.738], [-87.8052, 43.7471], [-87.8014, 43.7593], [-87.7806, 43.7707], [-87.7791, 43.7934], [-87.7686, 43.8042], [-87.7463, 43.8167], [-87.7279, 43.8203], [-87.6986, 43.7791], [-87.6941, 43.7565], [-87.7028, 43.739], [-87.7003, 43.7265], [-87.7056, 43.717], [-87.7326, 43.7179], [-87.7763, 43.7251], [-87.8211, 43.7235], [-87.8237, 43.7258]]]}}, {"type": "Feature", "properties": {}, "geometry": {"type": "Polygon", "coordinates": [[[-70.4149, 43.6559], [-70.4103, 43.6744], [-70.3973, 43.6831], [-70.3559, 43.6857], [-70.3366, 43.6968], [-70.3068, 43.7205], [-70.2865, 43.7195], [-70.2608, 43.6768], [-70.2531, 43.6712], [-70.2428, 43.6542], [-70.2567, 43.6501], [-70.2869, 43.6505], [-70.2869, 43.6431], [-70.2413, 43.6412], [-70.2406, 43.6315], [-70.2639, 43.6045], [-70.2827, 43.6045], [-70.2969, 43.5935], [-70.3597, 43.5791], [-70.3772, 43.583], [-70.3786, 43.6162], [-70.4036, 43.6397], [-70.4149, 43.6559]]]}}, {"type": "Feature", "properties": {}, "geometry": {"type": "Polygon", "coordinates": [[[-84.2856, 43.6465], [-84.2671, 43.6709], [-84.2521, 43.672], [-84.2145, 43.6568], [-84.1767, 43.6312], [-84.184, 43.5993], [-84.2067, 43.5859], [-84.2327, 43.5838], [-84.257, 43.5891], [-84.26, 43.6018], [-84.2753, 43.6152], [-84.2806, 43.6239], [-84.2857, 43.6369], [-84.2856, 43.6465]]]}}, {"type": "Feature", "properties": {}, "geometry": {"type": "Polygon", "coordinates": [[[-79.9588, 43.6476], [-79.946, 43.6665], [-79.9186, 43.6725], [-79.889, 43.6691], [-79.8662, 43.658], [-79.881, 43.6328], [-79.904, 43.6266], [-79.9318, 43.6326], [-79.9588, 43.6476]]]}}, {"type": "Feature", "properties": {}, "geometry": {"type": "Polygon", "coordinates": [[[-84.8009, 43.6155], [-84.7776, 43.6257], [-84.7452, 43.6265], [-84.7417, 43.6119], [-84.7446, 43.6013], [-84.7553, 43.5892], [-84.7685, 43.5814], [-84.7839, 43.5799], [-84.7982, 43.5896], [-84.8009, 43.6155]]]}}, {"type": "Feature", "properties": {}, "geometry": {"type": "Polygon", "coordinates": [[[-80.3303, 43.5478], [-80.3175, 43.5604], [-80.2993, 43.5709], [-80.2884, 43.5886], [-80.273, 43.5931], [-80.2691, 43.6038], [-80.2582, 43.6034], [-80.2328, 43.5919], [-80.2272, 43.5822], [-80.2255, 43.5607], [-80.2213, 43.549], [-80.2046, 43.5437], [-80.1998, 43.5369], [-80.1993, 43.5135], [-80.23, 43.5009], [-80.3236, 43.5223], [-80.3303, 43.5478]]]}}, {"type": "Feature", "properties": {}, "geometry": {"type": "Polygon", "coordinates": [[[-71.5045, 43.5475], [-71.496, 43.5629], [-71.4766, 43.5768], [-71.4772, 43.5843], [-71.4825, 43.5906], [-71.4796, 43.5984], [-71.457, 43.6037], [-71.4492, 43.5778], [-71.4504, 43.5564], [-71.4679, 43.5119], [-71.4817, 43.5145], [-71.4903, 43.5388], [-71.5045, 43.5475]]]}}, {"type": "Feature", "properties": {}, "geometry": {"type": "Polygon", "coordinates": [[[-79.9367, 43.5241], [-79.9206, 43.5457], [-79.8914, 43.5485], [-79.868, 43.534], [-79.8662, 43.5016], [-79.8689, 43.5003], [-79.9367, 43.5241]]]}}, {"type": "Feature", "properties": {}, "geometry": {"type": "Polygon", "coordinates": [[[-80.6032, 43.4587], [-80.6004, 43.4674], [-80.5819, 43.482], [-80.5826, 43.5073], [-80.5802, 43.515], [-80.5686, 43.5169], [-80.5443, 43.514], [-80.5351, 43.5263], [-80.5192, 43.5271], [-80.4671, 43.504], [-80.4529, 43.4824], [-80.4333, 43.4814], [-80.4211, 43.4578], [-80.3907, 43.4189], [-80.3825, 43.4182], [-80.3683, 43.4233], [-80.3485, 43.4387], [-80.3252, 43.4505], [-80.2895, 43.4485], [-80.2669, 43.4092], [-80.2697, 43.3748], [-80.2913, 43.3476], [-80.3227, 43.3337], [-80.336, 43.3341], [-80.3549, 43.3471], [-80.364, 43.3636], [-80.3803, 43.3672], [-80.392, 43.3767], [-80.435, 43.3779], [-80.4461, 43.3853], [-80.4572, 43.378], [-80.4777, 43.3881], [-80.4916, 43.3896], [-80.4938, 43.3974], [-80.5004, 43.4023], [-80.5249, 43.4076], [-80.5557, 43.4216], [-80.5688, 43.4225], [-80.5905, 43.4536], [-80.6019, 43.4559], [-80.6032, 43.4587]]]}}, {"type": "Feature", "properties": {}, "geometry": {"type": "Polygon", "coordinates": [[[-70.4937, 43.48], [-70.4878, 43.5053], [-70.4693, 43.5217], [-70.4462, 43.5254], [-70.4235, 43.5143], [-70.4321, 43.4962], [-70.446, 43.4838], [-70.466, 43.4773], [-70.4937, 43.48]]]}}, {"type": "Feature", "properties": {}, "geometry": {"type": "Polygon", "coordinates": [[[-84.0598, 43.4317], [-84.0534, 43.4464], [-84.0582, 43.4575], [-84.0583, 43.4693], [-84.0423, 43.4808], [-84.0338, 43.482], [-84.0284, 43.4756], [-84.0208, 43.4736], [-84.0002, 43.4903], [-83.989, 43.493], [-83.974, 43.4899], [-83.9565, 43.4655], [-83.949, 43.4638], [-83.9381, 43.4743], [-83.9245, 43.5035], [-83.9084, 43.5054], [-83.9022, 43.4934], [-83.9011, 43.4772], [-83.8878, 43.4694], [-83.8882, 43.4425], [-83.8766, 43.424], [-83.8881, 43.3956], [-83.8891, 43.378], [-83.9125, 43.378], [-83.927, 43.3867], [-83.9528, 43.3783], [-83.9669, 43.3779], [-83.977, 43.3883], [-83.9901, 43.3891], [-84.0025, 43.3991], [-84.0365, 43.3979], [-84.046, 43.4004], [-84.0484, 43.4209], [-84.0598, 43.4317]]]}}, {"type": "Feature", "properties": {}, "geometry": {"type": "Polygon", "coordinates": [[[-88.2237, 43.4481], [-88.2151, 43.453], [-88.1763, 43.459], [-88.1697, 43.4244], [-88.1763, 43.3898], [-88.2115, 43.4134], [-88.2242, 43.43], [-88.2237, 43.4481]]]}}, {"type": "Feature", "properties": {}, "geometry": {"type": "Polygon", "coordinates": [[[-73.7205, 43.342], [-73.7042, 43.3699], [-73.6823, 43.3711], [-73.6689, 43.3656], [-73.6247, 43.336], [-73.5777, 43.3207], [-73.5688, 43.3108], [-73.5673, 43.2904], [-73.6031, 43.2781], [-73.6239, 43.2888], [-73.6885, 43.2917], [-73.7034, 43.3005], [-73.7089, 43.3094], [-73.7153, 43.3124], [-73.721, 43.3269], [-73.7205, 43.342]]]}}, {"type": "Feature", "properties": {}, "geometry": {"type": "Polygon", "coordinates": [[[-71.013, 43.3388], [-71.0032, 43.3597], [-70.9777, 43.352], [-70.9647, 43.3311], [-70.9617, 43.3086], [-70.9682, 43.2895], [-70.9947, 43.2969], [-71.0093, 43.3154], [-71.013, 43.3388]]]}}, {"type": "Feature", "properties": {}, "geometry": {"type": "Polygon", "coordinates": [[[-88.0037, 43.3183], [-88.0001, 43.3266], [-87.9765, 43.3271], [-87.9579, 43.3325], [-87.9447, 43.3298], [-87.9427, 43.3128], [-87.9509, 43.3054], [-88.0004, 43.2891], [-88.0037, 43.3183]]]}}, {"type": "Feature", "properties": {}, "geometry": {"type": "Polygon", "coordinates": [[[-86.2914, 43.1915], [-86.2845, 43.2187], [-86.2793, 43.2261], [-86.2651, 43.2343], [-86.263, 43.2424], [-86.272, 43.2591], [-86.2858, 43.2628], [-86.29, 43.2819], [-86.2533, 43.2843], [-86.2446, 43.2821], [-86.2387, 43.273], [-86.232, 43.2699], [-86.2274, 43.2596], [-86.1763, 43.2473], [-86.1762, 43.2321], [-86.198, 43.212], [-86.2031, 43.1765], [-86.2106, 43.1671], [-86.2309, 43.1652], [-86.2914, 43.1915]]]}}, {"type": "Feature", "properties": {}, "geometry": {"type": "Polygon", "coordinates": [[[-77.7918, 43.1299], [-77.7806, 43.1522], [-77.7826, 43.1703], [-77.7923, 43.1812], [-77.7866, 43.1915], [-77.7581, 43.2159], [-77.748, 43.2365], [-77.7269, 43.2474], [-77.7135, 43.2798], [-77.7015, 43.282], [-77.6716, 43.2754], [-77.6467, 43.2778], [-77.6372, 43.2816], [-77.6225, 43.273], [-77.5844, 43.2598], [-77.5421, 43.259], [-77.528, 43.2436], [-77.5056, 43.2331], [-77.4995, 43.2236], [-77.4996, 43.1925], [-77.4782, 43.1815], [-77.4755, 43.1752], [-77.4663, 43.1691], [-77.4564, 43.1511], [-77.4337, 43.1481], [-77.4327, 43.1265], [-77.4111, 43.1031], [-77.3998, 43.08], [-77.4108, 43.0712], [-77.4113, 43.0566], [-77.4201, 43.0385], [-77.4367, 43.0254], [-77.4605, 43.022], [-77.5144, 43.0454], [-77.5154, 43.0599], [-77.5212, 43.0655], [-77.5493, 43.0647], [-77.5587, 43.0675], [-77.5636, 43.0743], [-77.5706, 43.0755], [-77.6088, 43.0578], [-77.6245, 43.0559], [-77.6335, 43.0662], [-77.6676, 43.0774], [-77.7031, 43.0785], [-77.716, 43.0997], [-77.7726, 43.1048], [-77.7914, 43.1115], [-77.7918, 43.1299]]]}}, {"type": "Feature", "properties": {}, "geometry": {"type": "Polygon", "coordinates": [[[-70.9247, 43.2541], [-70.9113, 43.2578], [-70.9039, 43.2705], [-70.8879, 43.2739], [-70.8816, 43.2817], [-70.8732, 43.279], [-70.8675, 43.2575], [-70.8786, 43.2501], [-70.8795, 43.2384], [-70.8745, 43.2319], [-70.8343, 43.203], [-70.8425, 43.186], [-70.8462, 43.1672], [-70.8754, 43.1668], [-70.8899, 43.1699], [-70.9042, 43.1786], [-70.9092, 43.1871], [-70.9155, 43.1899], [-70.9181, 43.2006], [-70.9168, 43.2312], [-70.9253, 43.241], [-70.927, 43.2472], [-70.9247, 43.2541]]]}}, {"type": "Feature", "properties": {}, "geometry": {"type": "Polygon", "coordinates": [[[-71.5817, 43.2594], [-71.5057, 43.257], [-71.4899, 43.2477], [-71.4808, 43.2371], [-71.4689, 43.2132], [-71.4677, 43.2011], [-71.4914, 43.1882], [-71.5016, 43.1783], [-71.5194, 43.1758], [-71.5242, 43.1671], [-71.5341, 43.17], [-71.547, 43.1873], [-71.5709, 43.2009], [-71.5817, 43.2594]]]}}, {"type": "Feature", "properties": {}, "geometry": {"type": "Polygon", "coordinates": [[[-77.4701, 43.2258], [-77.4623, 43.2419], [-77.4459, 43.2483], [-77.4269, 43.2461], [-77.4109, 43.2357], [-77.4343, 43.2004], [-77.4448, 43.2032], [-77.4701, 43.2258]]]}}, {"type": "Feature", "properties": {}, "geometry": {"type": "Polygon", "coordinates": [[[-75.5036, 43.2367], [-75.45, 43.2469], [-75.4313, 43.242], [-75.4226, 43.2123], [-75.4439, 43.202], [-75.4743, 43.1995], [-75.4986, 43.2097], [-75.5036, 43.2367]]]}}, {"type": "Feature", "properties": {}, "geometry": {"type": "Polygon", "coordinates": [[[-79.3134, 43.1985], [-79.2917, 43.2124], [-79.2216, 43.2362], [-79.197, 43.2003], [-79.1875, 43.1764], [-79.1795, 43.1721], [-79.1556, 43.1702], [-79.1553, 43.1556], [-79.1614, 43.1464], [-79.1785, 43.1335], [-79.2081, 43.1036], [-79.2353, 43.0932], [-79.2686, 43.1002], [-79.2769, 43.1093], [-79.2825, 43.1479], [-79.3075, 43.1714], [-79.3134, 43.1985]]]}}, {"type": "Feature", "properties": {}, "geometry": {"type": "Polygon", "coordinates": [[[-78.9949, 42.93], [-78.9895, 42.9395], [-78.9636, 42.9478], [-78.9506, 42.9569], [-78.9256, 42.9475], [-78.9134, 42.932], [-78.9246, 42.9096], [-78.9424, 42.8972], [-78.9652, 42.8879], [-79.0014, 42.8818], [-78.9949, 42.93]]]}}, {"type": "Feature", "properties": {}, "geometry": {"type": "Polygon", "coordinates": [[[-78.9703, 43.0023], [-78.9167, 43.0397], [-78.9116, 43.046], [-78.9081, 43.0454], [-78.9112, 43.0354], [-78.9616, 42.9769], [-78.9725, 42.9863], [-78.9703, 43.0023]]]}}, {"type": "Feature", "properties": {}, "geometry": {"type": "Polygon", "coordinates": [[[-79.1478, 43.1047], [-79.1525, 43.1304], [-79.1476, 43.1588], [-79.1256, 43.161], [-79.113, 43.1709], [-79.0885, 43.1729], [-79.0827, 43.1799], [-79.0773, 43.201], [-79.0703, 43.2138], [-79.0592, 43.2126], [-79.0337, 43.1831], [-79.0109, 43.1811], [-79.0067, 43.1518], [-78.9976, 43.1388], [-78.9775, 43.1388], [-78.9673, 43.1484], [-78.9593, 43.1414], [-78.9508, 43.123], [-78.9435, 43.1152], [-78.9233, 43.1154], [-78.8858, 43.1003], [-78.8736, 43.1036], [-78.8673, 43.1151], [-78.8336, 43.0927], [-78.8269, 43.0673], [-78.8197, 43.0593], [-78.8012, 43.0598], [-78.7584, 43.0492], [-78.7381, 43.0496], [-78.722, 43.0417], [-78.7095, 43.0466], [-78.6903, 43.0488], [-78.6811, 43.0382], [-78.6674, 43.0373], [-78.6596, 43.0246], [-78.6599, 43.0004], [-78.6565, 42.9856], [-78.6461, 42.9757], [-78.6441, 42.9693], [-78.6441, 42.9466], [-78.6553, 42.9209], [-78.6532, 42.9098], [-78.6443, 42.9013], [-78.6562, 42.8855], [-78.7067, 42.8577], [-78.7084, 42.8492], [-78.7025, 42.8256], [-78.706, 42.815], [-78.7391, 42.7889], [-78.7485, 42.7611], [-78.7529, 42.7601], [-78.7636, 42.766], [-78.7814, 42.7654], [-78.7976, 42.7548], [-78.8188, 42.7216], [-78.8336, 42.7118], [-78.8577, 42.7167], [-78.8654, 42.7371], [-78.8658, 42.7796], [-78.8755, 42.7937], [-78.8696, 42.8219], [-78.8712, 42.8529], [-78.9035, 42.9073], [-78.9124, 42.9533], [-78.9335, 42.9692], [-78.9382, 42.9787], [-78.9297, 43.0031], [-78.8954, 43.0307], [-78.8915, 43.0452], [-78.8923, 43.052], [-78.9034, 43.0633], [-78.9142, 43.0865], [-78.9206, 43.0903], [-78.9374, 43.0913], [-78.9592, 43.0785], [-79.0266, 43.0845], [-79.0405, 43.0912], [-79.0486, 43.0916], [-79.055, 43.0819], [-79.0461, 43.0669], [-79.0773, 43.056], [-79.0907, 43.0558], [-79.1011, 43.0664], [-79.1275, 43.0732], [-79.1358, 43.0782], [-79.1478, 43.1047]]]}}, {"type": "Feature", "properties": {}, "geometry": {"type": "Polygon", "coordinates": [[[-78.7426, 43.1691], [-78.7366, 43.1921], [-78.7267, 43.2008], [-78.7248, 43.2151], [-78.6977, 43.1978], [-78.6827, 43.1922], [-78.6554, 43.1917], [-78.6562, 43.1682], [-78.6649, 43.1492], [-78.6847, 43.1349], [-78.7131, 43.1336], [-78.7302, 43.1402], [-78.7407, 43.1534], [-78.7426, 43.1691]]]}}, {"type": "Feature", "properties": {}, "geometry": {"type": "Polygon", "coordinates": [[[-80.315, 43.1523], [-80.3022, 43.1818], [-80.2831, 43.1974], [-80.2807, 43.2034], [-80.2545, 43.2045], [-80.2353, 43.189], [-80.225, 43.1646], [-80.2216, 43.1353], [-80.2421, 43.1243], [-80.2691, 43.1214], [-80.2939, 43.1243], [-80.314, 43.1344], [-80.315, 43.1523]]]}}, {"type": "Feature", "properties": {}, "geometry": {"type": "Polygon", "coordinates": [[[-76.2818, 43.0634], [-76.2737, 43.0651], [-76.2579, 43.0621], [-76.2412, 43.0851], [-76.2384, 43.1015], [-76.2429, 43.1078], [-76.2816, 43.1136], [-76.2466, 43.1599], [-76.2202, 43.1723], [-76.2025, 43.165], [-76.1782, 43.1736], [-76.168, 43.1708], [-76.1585, 43.1632], [-76.1208, 43.1726], [-76.1023, 43.171], [-76.0999, 43.1684], [-76.0995, 43.1382], [-76.0908, 43.1237], [-76.0679, 43.1063], [-76.0516, 43.111], [-76.033, 43.0861], [-76.0144, 43.0765], [-76.0, 43.0242], [-76.0103, 43.017], [-76.0331, 43.0111], [-76.0475, 43.0116], [-76.0678, 43.021], [-76.0812, 43.0219], [-76.1057, 43.0145], [-76.1478, 42.9926], [-76.1684, 42.9891], [-76.1784, 42.9993], [-76.2227, 43.0212], [-76.2363, 43.0227], [-76.2436, 43.0333], [-76.2758, 43.0357], [-76.2816, 43.046], [-76.2818, 43.0634]]]}}, {"type": "Feature", "properties": {}, "geometry": {"type": "Polygon", "coordinates": [[[-80.781, 43.1471], [-80.7627, 43.158], [-80.7411, 43.1583], [-80.7247, 43.1474], [-80.7215, 43.124], [-80.7398, 43.1131], [-80.7613, 43.1127], [-80.7778, 43.1237], [-80.781, 43.1471]]]}}, {"type": "Feature", "properties": {}, "geometry": {"type": "Polygon", "coordinates": [[[-75.3374, 43.0918], [-75.3346, 43.1101], [-75.3192, 43.1308], [-75.3264, 43.1467], [-75.3173, 43.1593], [-75.3012, 43.1594], [-75.24, 43.1405], [-75.2235, 43.1416], [-75.2011, 43.1483], [-75.1768, 43.1123], [-75.1791, 43.0894], [-75.2077, 43.09], [-75.2136, 43.0867], [-75.2237, 43.067], [-75.2668, 43.0658], [-75.2803, 43.0558], [-75.2897, 43.0552], [-75.3056, 43.0683], [-75.3226, 43.0708], [-75.3281, 43.0832], [-75.3374, 43.0918]]]}}, {"type": "Feature", "properties": {}, "geometry": {"type": "Polygon", "coordinates": [[[-73.8593, 43.0598], [-73.8529, 43.0702], [-73.8167, 43.0915], [-73.8042, 43.1143], [-73.7951, 43.1198], [-73.7927, 43.1259], [-73.778, 43.1293], [-73.7609, 43.1455], [-73.7436, 43.1485], [-73.723, 43.1369], [-73.7227, 43.1126], [-73.7281, 43.1021], [-73.755, 43.0798], [-73.7618, 43.0684], [-73.7725, 43.065], [-73.779, 43.0563], [-73.7924, 43.0567], [-73.8103, 43.0652], [-73.8237, 43.0662], [-73.8436, 43.0453], [-73.8575, 43.0447], [-73.8599, 43.0473], [-73.8593, 43.0598]]]}}, {"type": "Feature", "properties": {}, "geometry": {"type": "Polygon", "coordinates": [[[-83.8143, 43.0253], [-83.8136, 43.0365], [-83.8018, 43.0485], [-83.7841, 43.0485], [-83.7782, 43.053], [-83.7736, 43.075], [-83.7686, 43.0816], [-83.754, 43.0851], [-83.7282, 43.0852], [-83.7196, 43.0895], [-83.7177, 43.0964], [-83.725, 43.114], [-83.7118, 43.1376], [-83.6956, 43.1365], [-83.6844, 43.1305], [-83.6763, 43.1114], [-83.6701, 43.1063], [-83.6511, 43.1109], [-83.6343, 43.1264], [-83.6157, 43.1175], [-83.6146, 43.1059], [-83.6273, 43.0852], [-83.6263, 43.0781], [-83.6207, 43.0735], [-83.5996, 43.0705], [-83.5877, 43.0356], [-83.5944, 43.0084], [-83.599, 43.0013], [-83.6204, 42.9873], [-83.6224, 42.9302], [-83.6327, 42.912], [-83.6471, 42.9107], [-83.6688, 42.933], [-83.6817, 42.9345], [-83.7105, 42.931], [-83.7239, 42.9338], [-83.7289, 42.9414], [-83.734, 42.9617], [-83.7395, 42.9659], [-83.7795, 42.9641], [-83.7907, 42.9671], [-83.8143, 43.0253]]]}}, {"type": "Feature", "properties": {}, "geometry": {"type": "Polygon", "coordinates": [[[-88.4014, 43.097], [-88.4007, 43.1263], [-88.3456, 43.1228], [-88.3316, 43.114], [-88.3406, 43.0934], [-88.3739, 43.0995], [-88.3883, 43.0892], [-88.394, 43.089], [-88.4014, 43.097]]]}}, {"type": "Feature", "properties": {}, "geometry": {"type": "Polygon", "coordinates": [[[-70.8381, 43.1029], [-70.8294, 43.108], [-70.8247, 43.1154], [-70.818, 43.1144], [-70.812, 43.107], [-70.8051, 43.1046], [-70.7345, 43.1068], [-70.7545, 43.059], [-70.7302, 43.0624], [-70.768, 43.0446], [-70.7822, 43.0336], [-70.7909, 43.0393], [-70.8057, 43.0572], [-70.8257, 43.0702], [-70.8349, 43.082], [-70.8381, 43.1029]]]}}, {"type": "Feature", "properties": {}, "geometry": {"type": "Polygon", "coordinates": [[[-86.2656, 43.0627], [-86.2671, 43.0752], [-86.2404, 43.0856], [-86.2261, 43.087], [-86.2146, 43.0816], [-86.2095, 43.0717], [-86.2097, 43.046], [-86.2562, 43.0423], [-86.2656, 43.0627]]]}}, {"type": "Feature", "properties": {}, "geometry": {"type": "Polygon", "coordinates": [[[-83.3376, 43.0621], [-83.3216, 43.0744], [-83.305, 43.078], [-83.2879, 43.0693], [-83.2966, 43.0524], [-83.3109, 43.0392], [-83.3265, 43.0355], [-83.3473, 43.0463], [-83.3376, 43.0621]]]}}, {"type": "Feature", "properties": {}, "geometry": {"type": "Polygon", "coordinates": [[[-82.5078, 42.9277], [-82.4833, 42.9581], [-82.4841, 42.9662], [-82.492, 42.9806], [-82.4919, 42.9908], [-82.4807, 43.0042], [-82.4767, 43.0844], [-82.4727, 43.0983], [-82.4572, 43.0846], [-82.4238, 43.0272], [-82.4162, 43.0205], [-82.3787, 43.0242], [-82.3399, 43.0345], [-82.3444, 42.9561], [-82.402, 42.9346], [-82.4369, 42.9137], [-82.4508, 42.8909], [-82.4672, 42.8876], [-82.4899, 42.8909], [-82.5136, 42.9009], [-82.5129, 42.9171], [-82.5078, 42.9277]]]}}, {"type": "Feature", "properties": {}, "geometry": {"type": "Polygon", "coordinates": [[[-81.3587, 42.9575], [-81.3527, 42.9718], [-81.3339, 42.9878], [-81.3267, 43.0003], [-81.3241, 43.0264], [-81.311, 43.027], [-81.3023, 43.0372], [-81.2851, 43.0394], [-81.2792, 43.0487], [-81.2184, 43.0533], [-81.1977, 43.0625], [-81.1906, 43.0709], [-81.1661, 43.0586], [-81.1694, 43.0513], [-81.1799, 43.0448], [-81.1822, 43.0375], [-81.1765, 43.0272], [-81.157, 43.0137], [-81.155, 43.0013], [-81.1805, 42.9558], [-81.2262, 42.9304], [-81.2883, 42.9287], [-81.3587, 42.9575]]]}}, {"type": "Feature", "properties": {}, "geometry": {"type": "Polygon", "coordinates": [[[-79.3033, 43.0363], [-79.2335, 43.037], [-79.2339, 42.9672], [-79.2645, 42.9715], [-79.2858, 42.9845], [-79.299, 43.0063], [-79.3033, 43.0363]]]}}, {"type": "Feature", "properties": {}, "geometry": {"type": "Polygon", "coordinates": [[[-75.0708, 43.0131], [-75.0541, 43.0326], [-75.0104, 43.0313], [-74.9804, 43.0375], [-74.9779, 43.0355], [-74.9773, 43.0194], [-74.9886, 43.0148], [-75.0052, 43.0136], [-75.0128, 43.0003], [-75.0446, 43.0007], [-75.0708, 43.0131]]]}}, {"type": "Feature", "properties": {}, "geometry": {"type": "Polygon", "coordinates": [[[-78.2253, 43.0147], [-78.1957, 43.0273], [-78.1775, 43.0273], [-78.1664, 43.0126], [-78.1715, 42.9923], [-78.1959, 42.9858], [-78.2213, 42.9926], [-78.2253, 43.0147]]]}}, {"type": "Feature", "properties": {}, "geometry": {"type": "Polygon", "coordinates": [[[-70.962, 42.8519], [-70.96, 42.87], [-70.9444, 42.8802], [-70.9359, 42.882], [-70.919, 42.8749], [-70.909, 42.8788], [-70.905, 42.893], [-70.9047, 42.9252], [-70.894, 42.9311], [-70.8701, 42.9338], [-70.8635, 42.9375], [-70.8624, 42.9485], [-70.8715, 42.9576], [-70.8598, 42.9814], [-70.8432, 42.9827], [-70.8122, 42.97], [-70.8095, 42.9522], [-70.8222, 42.9422], [-70.8451, 42.9315], [-70.8566, 42.879], [-70.8754, 42.8679], [-70.8789, 42.8568], [-70.8846, 42.8511], [-70.8804, 42.8305], [-70.868, 42.8196], [-70.8677, 42.8125], [-70.8752, 42.8086], [-70.879, 42.801], [-70.8973, 42.8004], [-70.9087, 42.81], [-70.9266, 42.8335], [-70.9512, 42.8422], [-70.962, 42.8519]]]}}, {"type": "Feature", "properties": {}, "geometry": {"type": "Polygon", "coordinates": [[[-76.6034, 42.9232], [-76.6038, 42.9584], [-76.5889, 42.9679], [-76.5686, 42.9712], [-76.5495, 42.9684], [-76.5335, 42.9586], [-76.5404, 42.9334], [-76.5608, 42.92], [-76.585, 42.9167], [-76.6034, 42.9232]]]}}, {"type": "Feature", "properties": {}, "geometry": {"type": "Polygon", "coordinates": [[[-74.2372, 42.9702], [-74.1862, 42.9691], [-74.1703, 42.9589], [-74.1672, 42.9346], [-74.19, 42.9234], [-74.2141, 42.9277], [-74.2317, 42.9437], [-74.2372, 42.9702]]]}}, {"type": "Feature", "properties": {}, "geometry": {"type": "Polygon", "coordinates": [[[-72.3295, 42.938], [-72.3137, 42.9709], [-72.2933, 42.9682], [-72.273, 42.9461], [-72.2561, 42.9355], [-72.2573, 42.926], [-72.2701, 42.9141], [-72.288, 42.9067], [-72.3035, 42.9116], [-72.3113, 42.9214], [-72.3262, 42.923], [-72.3295, 42.938]]]}}, {"type": "Feature", "properties": {}, "geometry": {"type": "Polygon", "coordinates": [[[-88.1908, 42.9349], [-88.1892, 42.9487], [-88.1455, 42.9355], [-88.1286, 42.9237], [-88.1205, 42.9016], [-88.1359, 42.8985], [-88.1539, 42.8885], [-88.1674, 42.8893], [-88.1698, 42.9122], [-88.1888, 42.9279], [-88.1908, 42.9349]]]}}, {"type": "Feature", "properties": {}, "geometry": {"type": "Polygon", "coordinates": [[[-79.2869, 42.8978], [-79.2797, 42.9189], [-79.262, 42.9288], [-79.233, 42.9141], [-79.2404, 42.8937], [-79.2551, 42.8761], [-79.2724, 42.8751], [-79.2801, 42.8782], [-79.2869, 42.8978]]]}}, {"type": "Feature", "properties": {}, "geometry": {"type": "Polygon", "coordinates": [[[-73.8266, 42.8469], [-73.8228, 42.9015], [-73.8149, 42.9148], [-73.7912, 42.9091], [-73.774, 42.8972], [-73.7623, 42.8802], [-73.757, 42.8561], [-73.7693, 42.8486], [-73.7857, 42.8449], [-73.8238, 42.8447], [-73.8266, 42.8469]]]}}, {"type": "Feature", "properties": {}, "geometry": {"type": "Polygon", "coordinates": [[[-74.0377, 42.8473], [-74.0266, 42.8657], [-74.0089, 42.8649], [-73.9849, 42.8588], [-73.9663, 42.8602], [-73.9525, 42.8825], [-73.9431, 42.8914], [-73.935, 42.893], [-73.9275, 42.8784], [-73.9024, 42.8755], [-73.8902, 42.8707], [-73.8869, 42.8585], [-73.8566, 42.8373], [-73.8566, 42.8095], [-73.8524, 42.804], [-73.8129, 42.8042], [-73.7988, 42.7717], [-73.7573, 42.7715], [-73.7469, 42.7661], [-73.7394, 42.7696], [-73.7365, 42.7747], [-73.7425, 42.8055], [-73.7372, 42.8258], [-73.7291, 42.8281], [-73.7104, 42.823], [-73.7047, 42.8285], [-73.7039, 42.837], [-73.6877, 42.8475], [-73.6737, 42.8406], [-73.6562, 42.8144], [-73.6537, 42.7985], [-73.6575, 42.7665], [-73.6562, 42.7498], [-73.6451, 42.7343], [-73.6497, 42.7231], [-73.6579, 42.7147], [-73.7097, 42.6807], [-73.7155, 42.6653], [-73.7152, 42.6364], [-73.7226, 42.6238], [-73.7486, 42.6104], [-73.7589, 42.6005], [-73.7716, 42.6062], [-73.7879, 42.6251], [-73.8004, 42.6323], [-73.8255, 42.6339], [-73.8267, 42.653], [-73.8319, 42.6592], [-73.8695, 42.667], [-73.8761, 42.6757], [-73.898, 42.6864], [-73.9055, 42.7308], [-73.9124, 42.7414], [-73.9197, 42.742], [-73.9255, 42.7374], [-73.9228, 42.7124], [-73.934, 42.7108], [-73.941, 42.7141], [-73.9669, 42.7512], [-73.9816, 42.7565], [-73.984, 42.7624], [-74.0041, 42.7791], [-74.0074, 42.7903], [-74.026, 42.8009], [-74.0274, 42.835], [-74.0377, 42.8473]]]}}, {"type": "Feature", "properties": {}, "geometry": {"type": "Polygon", "coordinates": [[[-71.5931, 42.8037], [-71.5833, 42.8194], [-71.5523, 42.8357], [-71.5395, 42.8465], [-71.5349, 42.8547], [-71.5313, 42.8733], [-71.5257, 42.8819], [-71.51, 42.8805], [-71.4787, 42.8593], [-71.443, 42.8435], [-71.4351, 42.8375], [-71.4318, 42.8274], [-71.4416, 42.8141], [-71.4409, 42.8031], [-71.4118, 42.7689], [-71.4123, 42.6899], [-71.433, 42.689], [-71.5253, 42.7149], [-71.5382, 42.7245], [-71.5383, 42.7655], [-71.5456, 42.7816], [-71.5581, 42.7888], [-71.5749, 42.7914], [-71.5926, 42.8005], [-71.5931, 42.8037]]]}}, {"type": "Feature", "properties": {}, "geometry": {"type": "Polygon", "coordinates": [[[-82.5103, 42.8199], [-82.4917, 42.85], [-82.4915, 42.8702], [-82.4808, 42.8678], [-82.4765, 42.8372], [-82.4548, 42.8194], [-82.4552, 42.812], [-82.4654, 42.8052], [-82.4681, 42.7726], [-82.4784, 42.767], [-82.495, 42.7667], [-82.4997, 42.7777], [-82.5004, 42.793], [-82.5059, 42.7993], [-82.5139, 42.8013], [-82.5103, 42.8199]]]}}, {"type": "Feature", "properties": {}, "geometry": {"type": "Polygon", "coordinates": [[[-83.7686, 42.8112], [-83.7686, 42.8253], [-83.7581, 42.8476], [-83.7506, 42.8498], [-83.74, 42.8388], [-83.7216, 42.8371], [-83.7182, 42.8151], [-83.6926, 42.8065], [-83.7214, 42.7995], [-83.7302, 42.7888], [-83.7449, 42.7885], [-83.7613, 42.7977], [-83.7686, 42.8112]]]}}, {"type": "Feature", "properties": {}, "geometry": {"type": "Polygon", "coordinates": [[[-86.158, 42.8241], [-86.1293, 42.8377], [-86.1139, 42.8393], [-86.0994, 42.8374], [-86.0913, 42.8269], [-86.0659, 42.815], [-86.0637, 42.8037], [-86.076, 42.7897], [-86.0829, 42.763], [-86.0873, 42.7571], [-86.1129, 42.7542], [-86.1353, 42.7674], [-86.1519, 42.7921], [-86.158, 42.8241]]]}}, {"type": "Feature", "properties": {}, "geometry": {"type": "Polygon", "coordinates": [[[-84.6792, 42.7486], [-84.629, 42.7587], [-84.6177, 42.7693], [-84.5607, 42.7849], [-84.5331, 42.7819], [-84.5244, 42.7718], [-84.4963, 42.7733], [-84.4809, 42.7809], [-84.4634, 42.8003], [-84.4512, 42.803], [-84.4326, 42.7926], [-84.4318, 42.7763], [-84.4278, 42.7703], [-84.4049, 42.7639], [-84.3987, 42.7579], [-84.411, 42.724], [-84.4108, 42.7006], [-84.4356, 42.6991], [-84.47, 42.7107], [-84.4921, 42.7091], [-84.4962, 42.7017], [-84.4987, 42.6688], [-84.5087, 42.6589], [-84.5113, 42.6337], [-84.5328, 42.6374], [-84.5983, 42.6697], [-84.6237, 42.6737], [-84.6357, 42.6788], [-84.6453, 42.6969], [-84.6576, 42.7009], [-84.6699, 42.7156], [-84.6773, 42.73], [-84.6792, 42.7486]]]}}, {"type": "Feature", "properties": {}, "geometry": {"type": "Polygon", "coordinates": [[[-81.2104, 42.7795], [-81.2087, 42.7936], [-81.1923, 42.8036], [-81.1549, 42.8027], [-81.1554, 42.7782], [-81.1655, 42.7614], [-81.1835, 42.7576], [-81.2024, 42.7673], [-81.2104, 42.7795]]]}}, {"type": "Feature", "properties": {}, "geometry": {"type": "Polygon", "coordinates": [[[-88.302, 42.6808], [-88.2922, 42.6988], [-88.2728, 42.7047], [-88.2492, 42.7021], [-88.2315, 42.6915], [-88.2411, 42.6727], [-88.261, 42.6666], [-88.2847, 42.6693], [-88.302, 42.6808]]]}}, {"type": "Feature", "properties": {}, "geometry": {"type": "Polygon", "coordinates": [[[-83.625, 42.6574], [-83.617, 42.6727], [-83.6055, 42.6856], [-83.5898, 42.693], [-83.5658, 42.6921], [-83.5699, 42.672], [-83.5828, 42.6617], [-83.625, 42.6574]]]}}, {"type": "Feature", "properties": {}, "geometry": {"type": "Polygon", "coordinates": [[[-83.9673, 42.6037], [-83.9684, 42.6374], [-83.9489, 42.6391], [-83.9288, 42.6286], [-83.9099, 42.625], [-83.9192, 42.5957], [-83.9439, 42.5896], [-83.9673, 42.6037]]]}}, {"type": "Feature", "properties": {}, "geometry": {"type": "Polygon", "coordinates": [[[-71.8482, 42.5929], [-71.79, 42.6135], [-71.7661, 42.6126], [-71.7267, 42.5685], [-71.723, 42.5586], [-71.7246, 42.5435], [-71.7341, 42.5202], [-71.7344, 42.5012], [-71.7568, 42.5013], [-71.7761, 42.5106], [-71.8041, 42.5344], [-71.8149, 42.555], [-71.8379, 42.5617], [-71.8467, 42.5701], [-71.8482, 42.5929]]]}}, {"type": "Feature", "properties": {}, "geometry": {"type": "Polygon", "coordinates": [[[-72.0265, 42.5702], [-72.0193, 42.586], [-72.0023, 42.5929], [-71.9831, 42.5906], [-71.9673, 42.5804], [-71.9753, 42.5627], [-71.9918, 42.5563], [-72.0104, 42.5583], [-72.0265, 42.5702]]]}}, {"type": "Feature", "properties": {}, "geometry": {"type": "Polygon", "coordinates": [[[-83.825, 42.5139], [-83.8143, 42.5564], [-83.7816, 42.5676], [-83.7473, 42.5513], [-83.7321, 42.5135], [-83.7793, 42.5039], [-83.825, 42.5139]]]}}, {"type": "Feature", "properties": {}, "geometry": {"type": "Polygon", "coordinates": [[[-88.1463, 42.5034], [-88.1337, 42.5113], [-88.1168, 42.5153], [-88.076, 42.5136], [-88.0782, 42.4952], [-88.1, 42.4559], [-88.1415, 42.4829], [-88.1463, 42.5034]]]}}, {"type": "Feature", "properties": {}, "geometry": {"type": "Polygon", "coordinates": [[[-73.2934, 42.4471], [-73.2802, 42.4676], [-73.2325, 42.4762], [-73.2282, 42.4837], [-73.225, 42.5043], [-73.2153, 42.5051], [-73.2079, 42.5014], [-73.1939, 42.4825], [-73.1904, 42.4718], [-73.1922, 42.4581], [-73.2014, 42.445], [-73.2114, 42.4388], [-73.2443, 42.433], [-73.2565, 42.4229], [-73.2679, 42.4262], [-73.2809, 42.4399], [-73.2934, 42.4471]]]}}, {"type": "Feature", "properties": {}, "geometry": {"type": "Polygon", "coordinates": [[[-76.5442, 42.4588], [-76.5125, 42.4722], [-76.4912, 42.4933], [-76.4666, 42.4736], [-76.4733, 42.4446], [-76.4997, 42.4233], [-76.5366, 42.4231], [-76.5403, 42.4402], [-76.5483, 42.4462], [-76.5442, 42.4588]]]}}, {"type": "Feature", "properties": {}, "geometry": {"type": "Polygon", "coordinates": [[[-82.2321, 42.4001], [-82.2363, 42.425], [-82.2171, 42.4357], [-82.1905, 42.4375], [-82.1698, 42.4265], [-82.1659, 42.4017], [-82.1858, 42.3908], [-82.211, 42.3893], [-82.2321, 42.4001]]]}}, {"type": "Feature", "properties": {}, "geometry": {"type": "Polygon", "coordinates": [[[-72.5464, 42.3998], [-72.5356, 42.4154], [-72.5086, 42.3965], [-72.5038, 42.3829], [-72.512, 42.3679], [-72.5355, 42.37], [-72.5462, 42.3825], [-72.5464, 42.3998]]]}}, {"type": "Feature", "properties": {}, "geometry": {"type": "Polygon", "coordinates": [[[-71.878, 42.2739], [-71.8741, 42.283], [-71.8449, 42.305], [-71.8481, 42.3485], [-71.8243, 42.3423], [-71.7937, 42.3434], [-71.7706, 42.3381], [-71.7498, 42.3386], [-71.7377, 42.3286], [-71.7145, 42.335], [-71.7008, 42.3254], [-71.6925, 42.312], [-71.6851, 42.3099], [-71.6784, 42.3136], [-71.66, 42.3368], [-71.6389, 42.3478], [-71.6345, 42.3605], [-71.6332, 42.3829], [-71.6264, 42.3925], [-71.5991, 42.3956], [-71.5884, 42.4105], [-71.5743, 42.4165], [-71.5565, 42.4183], [-71.5357, 42.4154], [-71.5288, 42.4019], [-71.5079, 42.3975], [-71.5006, 42.3913], [-71.4983, 42.365], [-71.4897, 42.3583], [-71.5157, 42.3307], [-71.5881, 42.3069], [-71.602, 42.2671], [-71.6541, 42.2741], [-71.7027, 42.2678], [-71.7113, 42.2598], [-71.7057, 42.2346], [-71.7129, 42.2228], [-71.7372, 42.222], [-71.7693, 42.2112], [-71.7811, 42.2004], [-71.8131, 42.2109], [-71.853, 42.1824], [-71.8713, 42.191], [-71.8694, 42.2402], [-71.8712, 42.256], [-71.878, 42.2739]]]}}, {"type": "Feature", "properties": {}, "geometry": {"type": "Polygon", "coordinates": [[[-88.3236, 42.3706], [-88.2938, 42.372], [-88.2691, 42.3674], [-88.2544, 42.3528], [-88.2542, 42.3233], [-88.2998, 42.3361], [-88.3161, 42.3477], [-88.3236, 42.3706]]]}}, {"type": "Feature", "properties": {}, "geometry": {"type": "Polygon", "coordinates": [[[-85.3026, 42.3468], [-85.2876, 42.3642], [-85.2502, 42.3736], [-85.204, 42.3762], [-85.1677, 42.3711], [-85.1619, 42.3591], [-85.1362, 42.3485], [-85.1263, 42.3376], [-85.1209, 42.313], [-85.1744, 42.2907], [-85.2047, 42.2567], [-85.2236, 42.2561], [-85.2318, 42.265], [-85.2356, 42.2988], [-85.2461, 42.3147], [-85.3026, 42.3468]]]}}, {"type": "Feature", "properties": {}, "geometry": {"type": "Polygon", "coordinates": [[[-72.6927, 42.3374], [-72.6466, 42.3709], [-72.6259, 42.3622], [-72.6164, 42.3471], [-72.6153, 42.3281], [-72.623, 42.3124], [-72.6407, 42.3024], [-72.655, 42.3057], [-72.6924, 42.3339], [-72.6927, 42.3374]]]}}, {"type": "Feature", "properties": {}, "geometry": {"type": "Polygon", "coordinates": [[[-85.677, 42.2964], [-85.67, 42.304], [-85.6679, 42.3181], [-85.6622, 42.3209], [-85.6426, 42.3166], [-85.6232, 42.3265], [-85.5983, 42.3261], [-85.5898, 42.3376], [-85.5456, 42.3378], [-85.5391, 42.3225], [-85.5174, 42.3048], [-85.5129, 42.2904], [-85.521, 42.2681], [-85.5296, 42.262], [-85.5397, 42.2436], [-85.5492, 42.2125], [-85.557, 42.205], [-85.5889, 42.19], [-85.6, 42.1893], [-85.6063, 42.1971], [-85.6198, 42.2037], [-85.6249, 42.2191], [-85.6356, 42.2236], [-85.6573, 42.2666], [-85.6719, 42.2842], [-85.677, 42.2964]]]}}, {"type": "Feature", "properties": {}, "geometry": {"type": "Polygon", "coordinates": [[[-84.4674, 42.261], [-84.4635, 42.2733], [-84.4498, 42.2872], [-84.4253, 42.2943], [-84.4115, 42.2933], [-84.4056, 42.2849], [-84.361, 42.259], [-84.3552, 42.2493], [-84.3544, 42.2351], [-84.4142, 42.2164], [-84.4431, 42.2192], [-84.4688, 42.2344], [-84.4674, 42.261]]]}}, {"type": "Feature", "properties": {}, "geometry": {"type": "Polygon", "coordinates": [[[-76.8924, 42.1629], [-76.8831, 42.1718], [-76.8446, 42.1888], [-76.8344, 42.1861], [-76.8131, 42.1612], [-76.7889, 42.1474], [-76.7979, 42.1164], [-76.7941, 42.101], [-76.778, 42.0923], [-76.785, 42.0745], [-76.8022, 42.0676], [-76.8477, 42.0676], [-76.8437, 42.1002], [-76.846, 42.1229], [-76.8595, 42.1386], [-76.8918, 42.1451], [-76.8924, 42.1629]]]}}, {"type": "Feature", "properties": {}, "geometry": {"type": "Polygon", "coordinates": [[[-76.0929, 42.0803], [-76.0922, 42.097], [-76.082, 42.1095], [-76.0611, 42.1245], [-76.0478, 42.1483], [-76.0212, 42.1378], [-75.9384, 42.1378], [-75.9227, 42.1459], [-75.9015, 42.1821], [-75.8777, 42.1803], [-75.8733, 42.1667], [-75.8768, 42.1365], [-75.8698, 42.1263], [-75.8488, 42.1088], [-75.8444, 42.0913], [-76.0904, 42.0782], [-76.0929, 42.0803]]]}}, {"type": "Feature", "properties": {}, "geometry": {"type": "Polygon", "coordinates": [[[-71.5463, 42.1387], [-71.5486, 42.1593], [-71.5196, 42.172], [-71.4965, 42.1767], [-71.4792, 42.1706], [-71.4742, 42.1619], [-71.4566, 42.148], [-71.4481, 42.131], [-71.442, 42.1259], [-71.4141, 42.1267], [-71.363, 42.1138], [-71.3359, 42.1155], [-71.3328, 42.0985], [-71.3448, 42.0927], [-71.3678, 42.0891], [-71.3795, 42.0743], [-71.3917, 42.0686], [-71.4142, 42.0671], [-71.4309, 42.0712], [-71.4483, 42.0863], [-71.468, 42.0928], [-71.4951, 42.1334], [-71.5022, 42.134], [-71.5232, 42.1221], [-71.5359, 42.1226], [-71.5426, 42.1286], [-71.5463, 42.1387]]]}}, {"type": "Feature", "properties": {}, "geometry": {"type": "Polygon", "coordinates": [[[-80.1889, 42.1083], [-80.1643, 42.1202], [-80.1509, 42.1428], [-80.0898, 42.1763], [-80.0667, 42.169], [-80.0569, 42.1598], [-80.0192, 42.1687], [-79.9858, 42.1265], [-79.9874, 42.1241], [-80.0087, 42.1229], [-80.0174, 42.1191], [-80.0252, 42.1023], [-80.0328, 42.0939], [-80.0609, 42.0768], [-80.0901, 42.0448], [-80.0997, 42.0477], [-80.1102, 42.0636], [-80.1164, 42.068], [-80.1673, 42.0807], [-80.1827, 42.095], [-80.1889, 42.1083]]]}}, {"type": "Feature", "properties": {}, "geometry": {"type": "Polygon", "coordinates": [[[-86.5223, 42.0824], [-86.4942, 42.1308], [-86.4733, 42.1523], [-86.4564, 42.1459], [-86.444, 42.1361], [-86.4352, 42.1234], [-86.4207, 42.0802], [-86.4419, 42.0793], [-86.4906, 42.0694], [-86.5223, 42.0824]]]}}, {"type": "Feature", "properties": {}, "geometry": {"type": "Polygon", "coordinates": [[[-79.3251, 42.1261], [-79.293, 42.1165], [-79.2301, 42.1273], [-79.1995, 42.1132], [-79.2088, 42.0948], [-79.2237, 42.084], [-79.2444, 42.0785], [-79.2686, 42.0782], [-79.2864, 42.0874], [-79.3162, 42.0953], [-79.3233, 42.1054], [-79.3251, 42.1261]]]}}, {"type": "Feature", "properties": {}, "geometry": {"type": "Polygon", "coordinates": [[[-78.4677, 42.0849], [-78.4547, 42.1022], [-78.422, 42.1031], [-78.4233, 42.0672], [-78.4574, 42.0667], [-78.4677, 42.0849]]]}}, {"type": "Feature", "properties": {}, "geometry": {"type": "Polygon", "coordinates": [[[-82.664, 42.0447], [-82.6525, 42.058], [-82.6361, 42.0673], [-82.612, 42.0713], [-82.597, 42.0658], [-82.588, 42.0531], [-82.5852, 42.0356], [-82.5878, 42.0205], [-82.5911, 42.0191], [-82.625, 42.0362], [-82.662, 42.0413], [-82.664, 42.0447]]]}}, {"type": "Feature", "properties": {}, "geometry": {"type": "Polygon", "coordinates": [[[-74.0538, 41.9457], [-74.0366, 41.956], [-74.0286, 41.9663], [-74.0274, 41.9742], [-74.0332, 41.9938], [-74.0258, 42.0039], [-73.9784, 42.0035], [-73.9678, 41.9827], [-73.9672, 41.9597], [-73.979, 41.9119], [-74.0051, 41.9109], [-74.0262, 41.917], [-74.0592, 41.9343], [-74.0538, 41.9457]]]}}, {"type": "Feature", "properties": {}, "geometry": {"type": "Polygon", "coordinates": [[[-71.1534, 41.9639], [-71.1482, 41.9708], [-71.1207, 41.9723], [-71.1121, 41.97], [-71.0999, 41.9493], [-71.0884, 41.9477], [-71.06, 41.9512], [-71.0469, 41.9489], [-71.0394, 41.9399], [-71.0317, 41.9201], [-71.0231, 41.9129], [-71.0407, 41.8879], [-71.0682, 41.8765], [-71.1014, 41.877], [-71.1262, 41.8897], [-71.1314, 41.8984], [-71.1378, 41.9013], [-71.1385, 41.915], [-71.1492, 41.9241], [-71.1533, 41.9375], [-71.1534, 41.9639]]]}}, {"type": "Feature", "properties": {}, "geometry": {"type": "Polygon", "coordinates": [[[-88.802, 41.9364], [-88.7912, 41.9548], [-88.7672, 41.9611], [-88.7395, 41.9578], [-88.7203, 41.9466], [-88.7311, 41.9279], [-88.7551, 41.9216], [-88.7823, 41.9247], [-88.802, 41.9364]]]}}, {"type": "Feature", "properties": {}, "geometry": {"type": "Polygon", "coordinates": [[[-83.4388, 41.9231], [-83.4263, 41.9444], [-83.404, 41.9585], [-83.3781, 41.9598], [-83.3743, 41.9413], [-83.3666, 41.9374], [-83.3304, 41.8967], [-83.3348, 41.8854], [-83.3532, 41.8867], [-83.3755, 41.8708], [-83.3921, 41.8794], [-83.425, 41.8894], [-83.4334, 41.8957], [-83.4388, 41.9231]]]}}, {"type": "Feature", "properties": {}, "geometry": {"type": "Polygon", "coordinates": [[[-84.0687, 41.9127], [-84.0642, 41.9263], [-84.0555, 41.9376], [-84.0418, 41.9313], [-84.0253, 41.9119], [-84.0099, 41.9018], [-84.0155, 41.8876], [-84.0277, 41.8804], [-84.0675, 41.8782], [-84.0706, 41.8977], [-84.0687, 41.9127]]]}}, {"type": "Feature", "properties": {}, "geometry": {"type": "Polygon", "coordinates": [[[-80.8287, 41.9009], [-80.8112, 41.9046], [-80.7805, 41.9213], [-80.7508, 41.9266], [-80.75, 41.9117], [-80.7565, 41.8899], [-80.782, 41.8652], [-80.8008, 41.8561], [-80.8178, 41.8571], [-80.8292, 41.8736], [-80.8287, 41.9009]]]}}, {"type": "Feature", "properties": {}, "geometry": {"type": "Polygon", "coordinates": [[[-71.1931, 41.6567], [-71.1985, 41.666], [-71.1903, 41.6856], [-71.1356, 41.7555], [-71.1242, 41.7745], [-71.1185, 41.7681], [-71.1017, 41.7597], [-71.1038, 41.7494], [-71.1236, 41.7219], [-71.1341, 41.6907], [-71.1593, 41.6609], [-71.1746, 41.6532], [-71.1931, 41.6567]]]}}, {"type": "Feature", "properties": {}, "geometry": {"type": "Polygon", "coordinates": [[[-71.2489, 41.7811], [-71.225, 41.7786], [-71.2007, 41.7529], [-71.1811, 41.7498], [-71.1731, 41.7553], [-71.1674, 41.7821], [-71.1596, 41.7929], [-71.1483, 41.7872], [-71.1306, 41.7877], [-71.1695, 41.7333], [-71.1859, 41.722], [-71.208, 41.7292], [-71.2248, 41.7308], [-71.2415, 41.7485], [-71.2489, 41.7811]]]}}, {"type": "Feature", "properties": {}, "geometry": {"type": "Polygon", "coordinates": [[[-83.7646, 41.6957], [-83.761, 41.7028], [-83.7354, 41.7263], [-83.6991, 41.7389], [-83.6903, 41.7489], [-83.6015, 41.7613], [-83.5792, 41.7821], [-83.5663, 41.7742], [-83.5538, 41.7494], [-83.5417, 41.7452], [-83.5047, 41.7512], [-83.4582, 41.7708], [-83.4349, 41.7735], [-83.4227, 41.7666], [-83.4253, 41.7615], [-83.4493, 41.766], [-83.4583, 41.7602], [-83.4636, 41.7478], [-83.4629, 41.7326], [-83.4575, 41.7238], [-83.4198, 41.7124], [-83.4577, 41.6438], [-83.4663, 41.6009], [-83.4817, 41.5981], [-83.522, 41.6075], [-83.5307, 41.6068], [-83.5553, 41.5676], [-83.581, 41.5659], [-83.5994, 41.5455], [-83.6115, 41.5436], [-83.6322, 41.5261], [-83.6471, 41.5293], [-83.6686, 41.5451], [-83.6756, 41.5546], [-83.687, 41.5595], [-83.6923, 41.5758], [-83.7131, 41.5787], [-83.7182, 41.5873], [-83.7249, 41.5906], [-83.7273, 41.6018], [-83.758, 41.6234], [-83.7588, 41.6444], [-83.7442, 41.6581], [-83.7409, 41.6661], [-83.746, 41.6773], [-83.7646, 41.6957]]]}}, {"type": "Feature", "properties": {}, "geometry": {"type": "Polygon", "coordinates": [[[-86.3358, 41.6694], [-86.3358, 41.6943], [-86.3062, 41.7363], [-86.2901, 41.771], [-86.2645, 41.7695], [-86.2474, 41.7612], [-86.2365, 41.7464], [-86.2319, 41.7298], [-86.2249, 41.7258], [-86.1699, 41.7197], [-86.143, 41.7253], [-86.1431, 41.7135], [-86.1532, 41.6917], [-86.1414, 41.667], [-86.1435, 41.6566], [-86.2352, 41.6336], [-86.2444, 41.6228], [-86.2577, 41.6251], [-86.291, 41.6454], [-86.3262, 41.6601], [-86.3358, 41.6694]]]}}, {"type": "Feature", "properties": {}, "geometry": {"type": "Polygon", "coordinates": [[[-86.0561, 41.682], [-86.0573, 41.7039], [-86.0129, 41.7048], [-86.0075, 41.712], [-85.9981, 41.745], [-85.9902, 41.7543], [-85.9803, 41.7598], [-85.9655, 41.7595], [-85.9525, 41.7498], [-85.9325, 41.7484], [-85.9299, 41.7364], [-85.909, 41.7214], [-85.8996, 41.7047], [-85.8996, 41.6784], [-85.9173, 41.668], [-85.9634, 41.656], [-85.9897, 41.656], [-86.011, 41.6667], [-86.0425, 41.6707], [-86.0561, 41.682]]]}}, {"type": "Feature", "properties": {}, "geometry": {"type": "Polygon", "coordinates": [[[-72.2401, 41.732], [-72.2237, 41.7443], [-72.2006, 41.7475], [-72.2003, 41.7279], [-72.205, 41.7125], [-72.2171, 41.7021], [-72.2376, 41.7014], [-72.2454, 41.7173], [-72.2401, 41.732]]]}}, {"type": "Feature", "properties": {}, "geometry": {"type": "Polygon", "coordinates": [[[-71.016, 41.6471], [-71.0063, 41.6623], [-70.972, 41.6822], [-70.9683, 41.6977], [-70.9697, 41.7326], [-70.9581, 41.7489], [-70.9468, 41.7442], [-70.9378, 41.7363], [-70.9096, 41.6922], [-70.8905, 41.6818], [-70.8718, 41.6225], [-70.8728, 41.6205], [-70.881, 41.6279], [-70.9054, 41.64], [-70.9073, 41.6149], [-70.9298, 41.5834], [-71.016, 41.6471]]]}}, {"type": "Feature", "properties": {}, "geometry": {"type": "Polygon", "coordinates": [[[-86.9548, 41.7145], [-86.894, 41.7401], [-86.8586, 41.7201], [-86.8539, 41.7134], [-86.8551, 41.703], [-86.8606, 41.6958], [-86.8983, 41.6715], [-86.9072, 41.6696], [-86.9156, 41.6735], [-86.9295, 41.6909], [-86.9431, 41.7051], [-86.9547, 41.7115], [-86.9548, 41.7145]]]}}, {"type": "Feature", "properties": {}, "geometry": {"type": "Polygon", "coordinates": [[[-73.9691, 41.6766], [-73.9601, 41.6995], [-73.9707, 41.7244], [-73.9702, 41.7374], [-73.9468, 41.7378], [-73.9317, 41.7301], [-73.9113, 41.7393], [-73.9005, 41.7367], [-73.8928, 41.726], [-73.8893, 41.682], [-73.8834, 41.6636], [-73.8892, 41.6357], [-73.8959, 41.6253], [-73.8815, 41.5819], [-73.8902, 41.5675], [-73.9078, 41.5642], [-73.9196, 41.5696], [-73.9374, 41.5902], [-73.9474, 41.6087], [-73.9707, 41.6125], [-73.9599, 41.6373], [-73.9587, 41.6519], [-73.961, 41.6586], [-73.9709, 41.6686], [-73.9691, 41.6766]]]}}, {"type": "Feature", "properties": {}, "geometry": {"type": "Polygon", "coordinates": [[[-70.3603, 41.6913], [-70.3482, 41.7138], [-70.3242, 41.7149], [-70.2982, 41.7048], [-70.2794, 41.6925], [-70.2658, 41.6783], [-70.2595, 41.6677], [-70.2596, 41.6497], [-70.2623, 41.6461], [-70.303, 41.6348], [-70.3262, 41.6332], [-70.331, 41.652], [-70.3532, 41.6853], [-70.3603, 41.6913]]]}}, {"type": "Feature", "properties": {}, "geometry": {"type": "Polygon", "coordinates": [[[-80.1899, 41.6437], [-80.1923, 41.6577], [-80.1902, 41.6601], [-80.1565, 41.6591], [-80.1327, 41.6472], [-80.1445, 41.6289], [-80.1559, 41.623], [-80.1694, 41.6232], [-80.1733, 41.6301], [-80.1867, 41.6371], [-80.1899, 41.6437]]]}}, {"type": "Feature", "properties": {}, "geometry": {"type": "Polygon", "coordinates": [[[-86.767, 41.6378], [-86.7122, 41.634], [-86.6983, 41.6247], [-86.7116, 41.6046], [-86.7387, 41.5994], [-86.7635, 41.61], [-86.769, 41.6351], [-86.767, 41.6378]]]}}, {"type": "Feature", "properties": {}, "geometry": {"type": "Polygon", "coordinates": [[[-73.1489, 41.591], [-73.1425, 41.6086], [-73.1303, 41.613], [-73.0941, 41.6155], [-73.0797, 41.6266], [-73.0709, 41.6234], [-73.0544, 41.6036], [-73.0347, 41.5982], [-72.9678, 41.5928], [-72.9673, 41.5572], [-72.9904, 41.5229], [-73.0083, 41.5229], [-73.0175, 41.5131], [-73.0377, 41.5046], [-73.0575, 41.4832], [-73.0803, 41.4782], [-73.0933, 41.4918], [-73.0929, 41.499], [-73.0834, 41.5075], [-73.0831, 41.5219], [-73.0785, 41.5324], [-73.0805, 41.5397], [-73.1086, 41.5748], [-73.1489, 41.591]]]}}, {"type": "Feature", "properties": {}, "geometry": {"type": "Polygon", "coordinates": [[[-85.8484, 41.5988], [-85.83, 41.603], [-85.8139, 41.5933], [-85.8099, 41.5681], [-85.8254, 41.5586], [-85.8574, 41.5787], [-85.8484, 41.5988]]]}}, {"type": "Feature", "properties": {}, "geometry": {"type": "Polygon", "coordinates": [[[-72.138, 41.547], [-72.1204, 41.5679], [-72.0994, 41.5755], [-72.0451, 41.5696], [-72.0453, 41.5351], [-72.0662, 41.5241], [-72.0758, 41.4985], [-72.0853, 41.4881], [-72.1041, 41.49], [-72.1049, 41.5107], [-72.1108, 41.5253], [-72.138, 41.547]]]}}, {"type": "Feature", "properties": {}, "geometry": {"type": "Polygon", "coordinates": [[[-74.1262, 41.5371], [-74.1202, 41.5483], [-74.0782, 41.5382], [-74.0141, 41.5477], [-73.9904, 41.5376], [-73.9842, 41.5287], [-73.973, 41.5239], [-73.9671, 41.5019], [-73.9965, 41.5006], [-74.0152, 41.4914], [-74.0275, 41.4725], [-74.0343, 41.4455], [-74.0553, 41.4444], [-74.0705, 41.4709], [-74.0964, 41.4865], [-74.1112, 41.5174], [-74.1262, 41.5371]]]}}, {"type": "Feature", "properties": {}, "geometry": {"type": "Polygon", "coordinates": [[[-87.0783, 41.4748], [-87.069, 41.5092], [-87.0688, 41.5365], [-87.039, 41.529], [-87.0294, 41.4976], [-87.0383, 41.4659], [-87.0676, 41.4562], [-87.0783, 41.4748]]]}}, {"type": "Feature", "properties": {}, "geometry": {"type": "Polygon", "coordinates": [[[-71.2967, 41.531], [-71.2897, 41.5247], [-71.2917, 41.5046], [-71.3065, 41.4857], [-71.3254, 41.4805], [-71.3287, 41.4855], [-71.3088, 41.4954], [-71.3214, 41.5085], [-71.3256, 41.52], [-71.3223, 41.5304], [-71.317, 41.536], [-71.2967, 41.531]]]}}, {"type": "Feature", "properties": {}, "geometry": {"type": "Polygon", "coordinates": [[[-82.2461, 41.4039], [-82.226, 41.4409], [-82.2226, 41.4643], [-82.1731, 41.485], [-82.0414, 41.513], [-82.0346, 41.5123], [-82.0371, 41.495], [-82.079, 41.4746], [-82.0851, 41.4652], [-82.0586, 41.4033], [-82.055, 41.368], [-82.0986, 41.3466], [-82.1111, 41.3341], [-82.1312, 41.3463], [-82.1467, 41.3639], [-82.1664, 41.4058], [-82.1717, 41.4109], [-82.1889, 41.4112], [-82.2259, 41.4007], [-82.2444, 41.4012], [-82.2461, 41.4039]]]}}, {"type": "Feature", "properties": {}, "geometry": {"type": "Polygon", "coordinates": [[[-74.4485, 41.4701], [-74.4281, 41.4804], [-74.4013, 41.4833], [-74.375, 41.48], [-74.3559, 41.4692], [-74.3732, 41.4464], [-74.4063, 41.4341], [-74.4369, 41.4395], [-74.4485, 41.4701]]]}}, {"type": "Feature", "properties": {}, "geometry": {"type": "Polygon", "coordinates": [[[-82.7442, 41.4637], [-82.7207, 41.4697], [-82.6991, 41.4692], [-82.6658, 41.4457], [-82.6757, 41.4279], [-82.6938, 41.4219], [-82.7349, 41.4229], [-82.7442, 41.4637]]]}}, {"type": "Feature", "properties": {}, "geometry": {"type": "Polygon", "coordinates": [[[-73.5343, 41.401], [-73.5263, 41.426], [-73.4895, 41.4698], [-73.4792, 41.4709], [-73.4733, 41.462], [-73.4534, 41.4511], [-73.4421, 41.4533], [-73.4103, 41.4681], [-73.4005, 41.4585], [-73.3996, 41.4318], [-73.4154, 41.3799], [-73.424, 41.3673], [-73.446, 41.3633], [-73.5064, 41.3701], [-73.5267, 41.3797], [-73.5326, 41.3889], [-73.5343, 41.401]]]}}, {"type": "Feature", "properties": {}, "geometry": {"type": "Polygon", "coordinates": [[[-72.1474, 41.4155], [-72.1359, 41.4141], [-72.1002, 41.4207], [-72.0912, 41.4266], [-72.0755, 41.4186], [-72.0682, 41.3838], [-72.0604, 41.3749], [-72.035, 41.359], [-72.0308, 41.3519], [-72.0305, 41.3421], [-72.0402, 41.3328], [-72.0443, 41.3237], [-72.0834, 41.352], [-72.0951, 41.3461], [-72.1009, 41.3234], [-72.1237, 41.3401], [-72.148, 41.3452], [-72.1529, 41.3615], [-72.1474, 41.4155]]]}}, {"type": "Feature", "properties": {}, "geometry": {"type": "Polygon", "coordinates": [[[-83.6806, 41.3916], [-83.6676, 41.4046], [-83.654, 41.405], [-83.6409, 41.3978], [-83.6325, 41.3823], [-83.6325, 41.3569], [-83.6584, 41.3568], [-83.6743, 41.3644], [-83.6816, 41.3771], [-83.6806, 41.3916]]]}}, {"type": "Feature", "properties": {}, "geometry": {"type": "Polygon", "coordinates": [[[-83.1597, 41.353], [-83.1573, 41.371], [-83.1494, 41.3721], [-83.1349, 41.3821], [-83.1188, 41.3814], [-83.1062, 41.3735], [-83.0986, 41.358], [-83.0994, 41.3347], [-83.1307, 41.3327], [-83.1499, 41.3394], [-83.1597, 41.353]]]}}, {"type": "Feature", "properties": {}, "geometry": {"type": "Polygon", "coordinates": [[[-88.8797, 41.3579], [-88.868, 41.3662], [-88.8546, 41.3706], [-88.8399, 41.3723], [-88.8204, 41.3698], [-88.8248, 41.3388], [-88.846, 41.3263], [-88.8694, 41.3328], [-88.8797, 41.3579]]]}}, {"type": "Feature", "properties": {}, "geometry": {"type": "Polygon", "coordinates": [[[-73.951, 41.3101], [-73.9362, 41.3378], [-73.9077, 41.3261], [-73.8881, 41.3218], [-73.8707, 41.3269], [-73.8569, 41.345], [-73.8471, 41.349], [-73.8306, 41.3491], [-73.7894, 41.3365], [-73.8022, 41.3117], [-73.8197, 41.3216], [-73.8273, 41.3212], [-73.9154, 41.2787], [-73.9412, 41.2532], [-73.9458, 41.2429], [-73.957, 41.2578], [-73.9535, 41.2747], [-73.9451, 41.291], [-73.9473, 41.3111], [-73.951, 41.3101]]]}}, {"type": "Feature", "properties": {}, "geometry": {"type": "Polygon", "coordinates": [[[-80.8813, 41.2457], [-80.8704, 41.2697], [-80.8699, 41.2914], [-80.8676, 41.2934], [-80.8536, 41.2912], [-80.8143, 41.2975], [-80.8004, 41.2932], [-80.7811, 41.2727], [-80.7599, 41.2722], [-80.7474, 41.261], [-80.7337, 41.2598], [-80.7296, 41.2489], [-80.7286, 41.2182], [-80.7224, 41.2065], [-80.7003, 41.2043], [-80.6883, 41.1873], [-80.664, 41.1784], [-80.6427, 41.1589], [-80.6224, 41.1487], [-80.619, 41.1294], [-80.6012, 41.1268], [-80.5875, 41.1146], [-80.5665, 41.1039], [-80.5648, 41.0923], [-80.5742, 41.0753], [-80.566, 41.0574], [-80.566, 41.0449], [-80.5714, 41.0358], [-80.6202, 40.997], [-80.6478, 40.9851], [-80.6796, 40.9896], [-80.6929, 41.0114], [-80.7249, 41.0123], [-80.7298, 41.02], [-80.7467, 41.0327], [-80.7503, 41.0726], [-80.7554, 41.0842], [-80.7616, 41.0892], [-80.7805, 41.0899], [-80.7996, 41.116], [-80.8143, 41.1242], [-80.8133, 41.137], [-80.8035, 41.1592], [-80.8044, 41.1709], [-80.811, 41.1841], [-80.8172, 41.1892], [-80.8356, 41.1897], [-80.8638, 41.2167], [-80.8802, 41.2231], [-80.8813, 41.2457]], [[-80.7725, 41.1286], [-80.7639, 41.1168], [-80.7483, 41.119], [-80.7399, 41.1278], [-80.7374, 41.1495], [-80.7431, 41.1548], [-80.7576, 41.1543], [-80.7697, 41.1434], [-80.7725, 41.1286]]]}}, {"type": "Feature", "properties": {}, "geometry": {"type": "Polygon", "coordinates": [[[-80.5474, 41.2148], [-80.5365, 41.2589], [-80.5281, 41.2649], [-80.5087, 41.2681], [-80.5016, 41.2823], [-80.4871, 41.2808], [-80.4783, 41.2754], [-80.4438, 41.2362], [-80.4526, 41.2181], [-80.4708, 41.2071], [-80.5227, 41.1896], [-80.5302, 41.2002], [-80.5474, 41.2148]]]}}, {"type": "Feature", "properties": {}, "geometry": {"type": "Polygon", "coordinates": [[[-77.0687, 41.2713], [-77.0482, 41.2753], [-77.0173, 41.2741], [-76.9554, 41.2578], [-76.9752, 41.2365], [-77.0056, 41.2251], [-77.0402, 41.2235], [-77.0702, 41.235], [-77.0687, 41.2713]]]}}, {"type": "Feature", "properties": {}, "geometry": {"type": "Polygon", "coordinates": [[[-85.8802, 41.2698], [-85.8561, 41.2713], [-85.84, 41.2636], [-85.8317, 41.247], [-85.8324, 41.2233], [-85.8565, 41.2226], [-85.8722, 41.2304], [-85.8804, 41.2468], [-85.8802, 41.2698]]]}}, {"type": "Feature", "properties": {}, "geometry": {"type": "Polygon", "coordinates": [[[-83.4352, 41.1931], [-83.4187, 41.1848], [-83.4061, 41.1733], [-83.4021, 41.1604], [-83.4115, 41.1451], [-83.4333, 41.1476], [-83.4446, 41.1606], [-83.4449, 41.1775], [-83.4352, 41.1931]]]}}, {"type": "Feature", "properties": {}, "geometry": {"type": "Polygon", "coordinates": [[[-80.6033, 41.1688], [-80.5936, 41.188], [-80.5747, 41.1919], [-80.5581, 41.181], [-80.5549, 41.1575], [-80.5706, 41.1476], [-80.5808, 41.1518], [-80.6033, 41.1688]]]}}, {"type": "Feature", "properties": {}, "geometry": {"type": "Polygon", "coordinates": [[[-87.9131, 41.1588], [-87.9039, 41.1614], [-87.8951, 41.1701], [-87.8535, 41.1732], [-87.8436, 41.171], [-87.8424, 41.15], [-87.8311, 41.1237], [-87.8319, 41.1127], [-87.8551, 41.0895], [-87.8712, 41.0904], [-87.8857, 41.0984], [-87.8976, 41.1116], [-87.9022, 41.1344], [-87.9126, 41.1521], [-87.9131, 41.1588]]]}}, {"type": "Feature", "properties": {}, "geometry": {"type": "Polygon", "coordinates": [[[-81.9031, 41.1474], [-81.8907, 41.1697], [-81.8579, 41.1741], [-81.8275, 41.162], [-81.8213, 41.136], [-81.8236, 41.1339], [-81.8904, 41.1337], [-81.9031, 41.1474]]]}}, {"type": "Feature", "properties": {}, "geometry": {"type": "Polygon", "coordinates": [[[-83.2246, 41.1262], [-83.1832, 41.1346], [-83.1697, 41.126], [-83.1657, 41.1019], [-83.2069, 41.0995], [-83.2229, 41.1043], [-83.2246, 41.1262]]]}}, {"type": "Feature", "properties": {}, "geometry": {"type": "Polygon", "coordinates": [[[-83.6992, 41.0581], [-83.6899, 41.0645], [-83.6673, 41.0718], [-83.6577, 41.0819], [-83.6387, 41.0931], [-83.6324, 41.0924], [-83.6275, 41.0824], [-83.5983, 41.0772], [-83.5878, 41.0698], [-83.5986, 41.0538], [-83.6162, 41.0404], [-83.6561, 41.0228], [-83.6714, 41.0229], [-83.7011, 41.0448], [-83.6992, 41.0581]]]}}, {"type": "Feature", "properties": {}, "geometry": {"type": "Polygon", "coordinates": [[[-78.4592, 41.0251], [-78.4578, 41.049], [-78.3886, 41.0475], [-78.3928, 41.0256], [-78.4115, 41.0213], [-78.4569, 41.0227], [-78.4592, 41.0251]]]}}, {"type": "Feature", "properties": {}, "geometry": {"type": "Polygon", "coordinates": [[[-75.2375, 40.9697], [-75.2337, 41.0041], [-75.2204, 41.0342], [-75.1977, 41.0489], [-75.1677, 41.0375], [-75.1668, 41.0021], [-75.1824, 40.9829], [-75.2349, 40.9673], [-75.2375, 40.9697]]]}}, {"type": "Feature", "properties": {}, "geometry": {"type": "Polygon", "coordinates": [[[-80.3812, 40.9912], [-80.3815, 41.0107], [-80.3745, 41.0294], [-80.3594, 41.0408], [-80.3339, 41.0378], [-80.3282, 41.0287], [-80.322, 41.026], [-80.315, 41.0031], [-80.3219, 40.9838], [-80.3422, 40.9777], [-80.3812, 40.9912]]]}}, {"type": "Feature", "properties": {}, "geometry": {"type": "Polygon", "coordinates": [[[-76.0329, 40.9776], [-76.0296, 40.9943], [-76.0144, 41.0021], [-75.9877, 41.0047], [-75.9808, 41.0154], [-75.9626, 41.0155], [-75.9455, 40.9974], [-75.9379, 40.9709], [-75.9457, 40.9451], [-75.9965, 40.9339], [-76.0128, 40.9339], [-76.0186, 40.9388], [-76.0329, 40.9776]]]}}, {"type": "Feature", "properties": {}, "geometry": {"type": "Polygon", "coordinates": [[[-81.5588, 40.8246], [-81.5432, 40.835], [-81.4946, 40.8373], [-81.488, 40.8402], [-81.4856, 40.8505], [-81.492, 40.8584], [-81.4809, 40.8811], [-81.4609, 40.8917], [-81.4583, 40.9149], [-81.4409, 40.9269], [-81.4359, 40.9373], [-81.4259, 40.9386], [-81.4179, 40.9352], [-81.3753, 40.881], [-81.3329, 40.8705], [-81.3204, 40.8482], [-81.3116, 40.8431], [-81.3095, 40.8177], [-81.3113, 40.812], [-81.3227, 40.8086], [-81.3337, 40.7898], [-81.3469, 40.789], [-81.3558, 40.7786], [-81.3727, 40.7766], [-81.378, 40.7675], [-81.414, 40.7664], [-81.4346, 40.7562], [-81.4491, 40.7585], [-81.468, 40.7738], [-81.4817, 40.7781], [-81.4958, 40.7765], [-81.5297, 40.7652], [-81.5577, 40.7676], [-81.5646, 40.797], [-81.5588, 40.8246]]]}}, {"type": "Feature", "properties": {}, "geometry": {"type": "Polygon", "coordinates": [[[-81.1465, 40.9267], [-81.1225, 40.9373], [-81.0891, 40.9377], [-81.0904, 40.9038], [-81.1133, 40.8899], [-81.138, 40.8959], [-81.1465, 40.9267]]]}}, {"type": "Feature", "properties": {}, "geometry": {"type": "Polygon", "coordinates": [[[-76.8371, 40.9031], [-76.8128, 40.9052], [-76.7926, 40.9014], [-76.7799, 40.8903], [-76.778, 40.8681], [-76.7984, 40.8581], [-76.8171, 40.8629], [-76.8317, 40.8789], [-76.8371, 40.9031]]]}}, {"type": "Feature", "properties": {}, "geometry": {"type": "Polygon", "coordinates": [[[-79.9585, 40.8532], [-79.9558, 40.8682], [-79.9461, 40.8823], [-79.9224, 40.8758], [-79.8942, 40.8768], [-79.8772, 40.8694], [-79.8877, 40.8519], [-79.9037, 40.8373], [-79.9223, 40.8281], [-79.9452, 40.8229], [-79.9558, 40.8369], [-79.9585, 40.8532]]]}}, {"type": "Feature", "properties": {}, "geometry": {"type": "Polygon", "coordinates": [[[-81.9674, 40.8085], [-81.9579, 40.8597], [-81.9226, 40.86], [-81.9084, 40.8115], [-81.9365, 40.7922], [-81.9674, 40.8085]]]}}, {"type": "Feature", "properties": {}, "geometry": {"type": "Polygon", "coordinates": [[[-77.9255, 40.8038], [-77.9074, 40.8241], [-77.8435, 40.8318], [-77.8245, 40.8489], [-77.816, 40.844], [-77.8117, 40.8344], [-77.811, 40.8129], [-77.8241, 40.8066], [-77.8285, 40.7857], [-77.835, 40.7784], [-77.8588, 40.774], [-77.8839, 40.7806], [-77.9245, 40.8006], [-77.9255, 40.8038]]]}}, {"type": "Feature", "properties": {}, "geometry": {"type": "Polygon", "coordinates": [[[-72.9155, 40.8415], [-72.8723, 40.8437], [-72.8436, 40.8251], [-72.8336, 40.7949], [-72.8454, 40.7621], [-72.8744, 40.7712], [-72.8943, 40.7891], [-72.9074, 40.8128], [-72.9155, 40.8415]]]}}, {"type": "Feature", "properties": {}, "geometry": {"type": "Polygon", "coordinates": [[[-76.2488, 40.8098], [-76.2258, 40.829], [-76.1967, 40.8361], [-76.1667, 40.8249], [-76.1666, 40.8047], [-76.1789, 40.7959], [-76.2104, 40.7899], [-76.2372, 40.7741], [-76.2477, 40.7712], [-76.2595, 40.7804], [-76.2488, 40.8098]]]}}, {"type": "Feature", "properties": {}, "geometry": {"type": "Polygon", "coordinates": [[[-75.5739, 40.8228], [-75.5588, 40.8259], [-75.534, 40.8246], [-75.5273, 40.83], [-75.5245, 40.8379], [-75.5044, 40.8267], [-75.5072, 40.8097], [-75.5296, 40.7979], [-75.5692, 40.8006], [-75.5739, 40.8228]]]}}, {"type": "Feature", "properties": {}, "geometry": {"type": "Polygon", "coordinates": [[[-82.5803, 40.7817], [-82.5338, 40.7992], [-82.4768, 40.7917], [-82.4906, 40.7461], [-82.526, 40.7284], [-82.5625, 40.7394], [-82.5803, 40.7817]]]}}, {"type": "Feature", "properties": {}, "geometry": {"type": "Polygon", "coordinates": [[[-84.1804, 40.759], [-84.1665, 40.7781], [-84.128, 40.776], [-84.1168, 40.7814], [-84.1122, 40.7935], [-84.0877, 40.7899], [-84.066, 40.7794], [-84.052, 40.763], [-84.0432, 40.7359], [-84.0666, 40.7231], [-84.0873, 40.7229], [-84.1108, 40.7023], [-84.1282, 40.6995], [-84.1496, 40.7135], [-84.1662, 40.7157], [-84.1708, 40.741], [-84.1804, 40.759]]]}}, {"type": "Feature", "properties": {}, "geometry": {"type": "Polygon", "coordinates": [[[-76.2715, 40.7049], [-76.2643, 40.7106], [-76.2483, 40.7159], [-76.235, 40.7381], [-76.2184, 40.7407], [-76.1996, 40.739], [-76.1668, 40.7254], [-76.1776, 40.6925], [-76.2016, 40.6822], [-76.2693, 40.6896], [-76.2715, 40.7049]]]}}, {"type": "Feature", "properties": {}, "geometry": {"type": "Polygon", "coordinates": [[[-75.2925, 40.7151], [-75.2545, 40.7171], [-75.2232, 40.7306], [-75.2006, 40.7364], [-75.1781, 40.7145], [-75.1676, 40.6919], [-75.1669, 40.6797], [-75.25, 40.6595], [-75.2829, 40.6714], [-75.2925, 40.7151]]]}}, {"type": "Feature", "properties": {}, "geometry": {"type": "Polygon", "coordinates": [[[-74.597, 40.6882], [-74.5821, 40.7361], [-74.568, 40.7352], [-74.5574, 40.7065], [-74.5359, 40.6905], [-74.5246, 40.6768], [-74.5227, 40.6573], [-74.5411, 40.6555], [-74.5453, 40.6456], [-74.5624, 40.6267], [-74.5852, 40.6459], [-74.597, 40.6882]]]}}, {"type": "Feature", "properties": {}, "geometry": {"type": "Polygon", "coordinates": [[[-80.1401, 40.6976], [-80.1224, 40.7042], [-80.1043, 40.7021], [-80.0883, 40.6918], [-80.0961, 40.6743], [-80.1137, 40.6677], [-80.1318, 40.6698], [-80.1472, 40.6789], [-80.1401, 40.6976]]]}}, {"type": "Feature", "properties": {}, "geometry": {"type": "Polygon", "coordinates": [[[-75.5808, 40.6285], [-75.5737, 40.6324], [-75.5556, 40.6275], [-75.5257, 40.635], [-75.5195, 40.6396], [-75.5185, 40.6474], [-75.528, 40.6818], [-75.5241, 40.7046], [-75.4915, 40.7056], [-75.4741, 40.6916], [-75.4607, 40.6721], [-75.4442, 40.6625], [-75.3725, 40.6993], [-75.3349, 40.7045], [-75.3168, 40.643], [-75.3181, 40.6171], [-75.3346, 40.5897], [-75.4068, 40.5872], [-75.4324, 40.5793], [-75.5037, 40.5186], [-75.526, 40.5239], [-75.5284, 40.5457], [-75.5587, 40.5564], [-75.576, 40.5795], [-75.5824, 40.5962], [-75.5808, 40.6285]]]}}, {"type": "Feature", "properties": {}, "geometry": {"type": "Polygon", "coordinates": [[[-75.6426, 40.6044], [-75.624, 40.6102], [-75.59, 40.6043], [-75.5925, 40.5804], [-75.6051, 40.5692], [-75.6216, 40.5702], [-75.6367, 40.5789], [-75.6455, 40.5915], [-75.6426, 40.6044]]]}}, {"type": "Feature", "properties": {}, "geometry": {"type": "Polygon", "coordinates": [[[-83.1806, 40.5809], [-83.1632, 40.6013], [-83.1283, 40.6071], [-83.0967, 40.5972], [-83.0878, 40.5691], [-83.1627, 40.5696], [-83.1806, 40.5809]]]}}, {"type": "Feature", "properties": {}, "geometry": {"type": "Polygon", "coordinates": [[[-85.6979, 40.5839], [-85.6903, 40.5933], [-85.6722, 40.5915], [-85.6328, 40.571], [-85.6328, 40.5546], [-85.6522, 40.5356], [-85.6549, 40.5232], [-85.6768, 40.5262], [-85.6964, 40.5418], [-85.7071, 40.563], [-85.7026, 40.5807], [-85.6979, 40.5839]]]}}, {"type": "Feature", "properties": {}, "geometry": {"type": "Polygon", "coordinates": [[[-78.4493, 40.4844], [-78.4476, 40.4929], [-78.4366, 40.4987], [-78.4317, 40.5276], [-78.4253, 40.5374], [-78.4192, 40.5399], [-78.414, 40.5486], [-78.3978, 40.5522], [-78.3912, 40.5601], [-78.3778, 40.5554], [-78.3679, 40.5435], [-78.3623, 40.5249], [-78.3662, 40.5026], [-78.3882, 40.4889], [-78.3935, 40.4558], [-78.4002, 40.4457], [-78.415, 40.4455], [-78.424, 40.4513], [-78.4493, 40.4844]]]}}, {"type": "Feature", "properties": {}, "geometry": {"type": "Polygon", "coordinates": [[[-81.509, 40.543], [-81.5003, 40.549], [-81.4579, 40.5341], [-81.4445, 40.5265], [-81.4388, 40.5158], [-81.4334, 40.4787], [-81.4493, 40.4713], [-81.4639, 40.4755], [-81.4904, 40.5002], [-81.5011, 40.5057], [-81.5088, 40.5304], [-81.509, 40.543]]]}}, {"type": "Feature", "properties": {}, "geometry": {"type": "Polygon", "coordinates": [[[-86.1911, 40.4814], [-86.1874, 40.4902], [-86.1572, 40.5154], [-86.1341, 40.5233], [-86.1104, 40.5119], [-86.0986, 40.4847], [-86.1121, 40.4451], [-86.1381, 40.4472], [-86.1911, 40.4814]]]}}, {"type": "Feature", "properties": {}, "geometry": {"type": "Polygon", "coordinates": [[[-86.9579, 40.4914], [-86.9562, 40.4935], [-86.9468, 40.4909], [-86.9328, 40.4724], [-86.9105, 40.471], [-86.9071, 40.4622], [-86.9009, 40.4587], [-86.8687, 40.4612], [-86.8561, 40.4603], [-86.8466, 40.4556], [-86.8326, 40.443], [-86.8211, 40.4373], [-86.8199, 40.427], [-86.8225, 40.4204], [-86.8719, 40.3826], [-86.8894, 40.3784], [-86.8987, 40.3899], [-86.9234, 40.3898], [-86.9322, 40.4022], [-86.9354, 40.4436], [-86.9584, 40.4786], [-86.9579, 40.4914]]]}}, {"type": "Feature", "properties": {}, "geometry": {"type": "Polygon", "coordinates": [[[-80.6815, 40.3664], [-80.6801, 40.3821], [-80.61, 40.4123], [-80.6045, 40.4181], [-80.6052, 40.4308], [-80.6243, 40.4503], [-80.6245, 40.471], [-80.6142, 40.472], [-80.6079, 40.4693], [-80.5892, 40.4468], [-80.5661, 40.4316], [-80.5729, 40.397], [-80.5779, 40.3899], [-80.5988, 40.3767], [-80.5986, 40.3672], [-80.5898, 40.3497], [-80.5882, 40.3357], [-80.6112, 40.3011], [-80.6277, 40.3077], [-80.6477, 40.3451], [-80.6702, 40.3558], [-80.6815, 40.3664]]]}}, {"type": "Feature", "properties": {}, "geometry": {"type": "Polygon", "coordinates": [[[-75.371, 40.45], [-75.3694, 40.4712], [-75.3341, 40.4708], [-75.3339, 40.4236], [-75.3547, 40.4247], [-75.3658, 40.4336], [-75.371, 40.45]]]}}, {"type": "Feature", "properties": {}, "geometry": {"type": "Polygon", "coordinates": [[[-76.0373, 40.3132], [-76.0366, 40.3314], [-76.0025, 40.362], [-75.9922, 40.3931], [-75.9765, 40.4004], [-75.9705, 40.4067], [-75.9712, 40.4204], [-75.9593, 40.4593], [-75.9247, 40.4602], [-75.9216, 40.4463], [-75.9115, 40.4371], [-75.9095, 40.4198], [-75.9, 40.4141], [-75.8902, 40.3618], [-75.8718, 40.3449], [-75.8486, 40.3331], [-75.8295, 40.3185], [-75.8223, 40.2917], [-75.8247, 40.2895], [-75.9894, 40.2933], [-76.0373, 40.3132]]]}}, {"type": "Feature", "properties": {}, "geometry": {"type": "Polygon", "coordinates": [[[-76.4697, 40.3709], [-76.4509, 40.3782], [-76.4292, 40.3728], [-76.3889, 40.3465], [-76.4009, 40.3275], [-76.4238, 40.3218], [-76.4514, 40.3252], [-76.4704, 40.3352], [-76.4697, 40.3709]]]}}, {"type": "Feature", "properties": {}, "geometry": {"type": "Polygon", "coordinates": [[[-78.9658, 40.3525], [-78.9585, 40.3707], [-78.9442, 40.3722], [-78.9226, 40.3501], [-78.9099, 40.3521], [-78.9016, 40.3602], [-78.8784, 40.3489], [-78.8788, 40.3422], [-78.8874, 40.3301], [-78.8865, 40.3221], [-78.8727, 40.3065], [-78.8601, 40.3034], [-78.8334, 40.3039], [-78.84, 40.2748], [-78.8526, 40.2618], [-78.8631, 40.2603], [-78.8794, 40.2671], [-78.8926, 40.2775], [-78.9255, 40.2762], [-78.9359, 40.2787], [-78.9434, 40.2896], [-78.9485, 40.3256], [-78.9652, 40.3438], [-78.9658, 40.3525]]]}}, {"type": "Feature", "properties": {}, "geometry": {"type": "Polygon", "coordinates": [[[-77.0594, 40.2696], [-77.0371, 40.2852], [-76.9937, 40.2969], [-76.9607, 40.3143], [-76.9223, 40.3469], [-76.912, 40.3488], [-76.9037, 40.3389], [-76.8941, 40.3386], [-76.8401, 40.3592], [-76.7897, 40.3599], [-76.7697, 40.3284], [-76.7649, 40.3073], [-76.7649, 40.2906], [-76.7587, 40.2848], [-76.7332, 40.2881], [-76.6877, 40.3158], [-76.658, 40.3268], [-76.6464, 40.3113], [-76.6333, 40.3029], [-76.6506, 40.2645], [-76.6958, 40.2561], [-76.74, 40.2563], [-76.7469, 40.2537], [-76.75, 40.247], [-76.7478, 40.24], [-76.711, 40.214], [-76.7261, 40.1917], [-76.7467, 40.1872], [-76.7893, 40.2001], [-76.8099, 40.1997], [-76.8233, 40.2064], [-76.8309, 40.2049], [-76.8471, 40.1943], [-76.869, 40.1897], [-76.8744, 40.1974], [-76.9038, 40.2117], [-76.9181, 40.2107], [-76.9462, 40.2007], [-77.0461, 40.2007], [-77.0483, 40.2029], [-77.0472, 40.2252], [-77.0594, 40.2696]]]}}, {"type": "Feature", "properties": {}, "geometry": {"type": "Polygon", "coordinates": [[[-79.759, 40.3469], [-79.7567, 40.3491], [-79.6931, 40.3462], [-79.6773, 40.3361], [-79.6801, 40.3274], [-79.6899, 40.3174], [-79.7042, 40.3102], [-79.7137, 40.3122], [-79.7208, 40.3221], [-79.7448, 40.3228], [-79.7584, 40.3287], [-79.759, 40.3469]]]}}, {"type": "Feature", "properties": {}, "geometry": {"type": "Polygon", "coordinates": [[[-83.1135, 40.3263], [-83.0859, 40.3276], [-83.0658, 40.3212], [-83.0545, 40.3052], [-83.055, 40.2791], [-83.0795, 40.2721], [-83.0984, 40.2775], [-83.1104, 40.295], [-83.1135, 40.3263]]]}}, {"type": "Feature", "properties": {}, "geometry": {"type": "Polygon", "coordinates": [[[-74.5712, 40.28], [-74.5702, 40.3041], [-74.5116, 40.3035], [-74.5116, 40.2817], [-74.5149, 40.2731], [-74.5322, 40.2612], [-74.5536, 40.2646], [-74.5712, 40.28]]]}}, {"type": "Feature", "properties": {}, "geometry": {"type": "Polygon", "coordinates": [[[-75.7146, 40.2818], [-75.6708, 40.2887], [-75.633, 40.287], [-75.6046, 40.2717], [-75.589, 40.2357], [-75.6073, 40.2246], [-75.6286, 40.2229], [-75.6697, 40.2342], [-75.7033, 40.249], [-75.7135, 40.2613], [-75.7146, 40.2818]]]}}, {"type": "Feature", "properties": {}, "geometry": {"type": "Polygon", "coordinates": [[[-77.2482, 40.2143], [-77.2236, 40.2423], [-77.1447, 40.2608], [-77.114, 40.2821], [-77.1008, 40.2805], [-77.1004, 40.2608], [-77.1114, 40.2237], [-77.1212, 40.2213], [-77.1463, 40.2326], [-77.1609, 40.2264], [-77.1664, 40.2175], [-77.1676, 40.1897], [-77.1916, 40.1887], [-77.2118, 40.1942], [-77.2482, 40.2143]]]}}, {"type": "Feature", "properties": {}, "geometry": {"type": "Polygon", "coordinates": [[[-85.4574, 40.2265], [-85.4218, 40.2387], [-85.3833, 40.2334], [-85.3544, 40.2135], [-85.3433, 40.1795], [-85.3549, 40.1747], [-85.3719, 40.1565], [-85.3906, 40.1565], [-85.4331, 40.1707], [-85.4458, 40.1785], [-85.4512, 40.188], [-85.4574, 40.2265]]]}}, {"type": "Feature", "properties": {}, "geometry": {"type": "Polygon", "coordinates": [[[-80.298, 40.19], [-80.2791, 40.2158], [-80.2609, 40.2135], [-80.2216, 40.1912], [-80.2336, 40.1709], [-80.2515, 40.1589], [-80.2712, 40.1569], [-80.292, 40.1683], [-80.2997, 40.1798], [-80.298, 40.19]]]}}, {"type": "Feature", "properties": {}, "geometry": {"type": "Polygon", "coordinates": [[[-87.6687, 40.2035], [-87.6508, 40.2047], [-87.6296, 40.1696], [-87.5917, 40.1562], [-87.576, 40.1473], [-87.5878, 40.1264], [-87.6263, 40.1048], [-87.6445, 40.0897], [-87.6654, 40.105], [-87.6687, 40.2035]]]}}, {"type": "Feature", "properties": {}, "geometry": {"type": "Polygon", "coordinates": [[[-83.1916, 40.0369], [-83.172, 40.047], [-83.155, 40.0492], [-83.15, 40.055], [-83.1505, 40.0626], [-83.1575, 40.0696], [-83.1917, 40.0806], [-83.1826, 40.1066], [-83.1564, 40.1483], [-83.1485, 40.1671], [-83.1538, 40.1936], [-83.1467, 40.2041], [-83.1288, 40.1941], [-83.1177, 40.1791], [-83.1137, 40.1643], [-83.1072, 40.1601], [-83.0997, 40.1618], [-83.089, 40.1714], [-83.0785, 40.1701], [-83.0656, 40.1622], [-83.0579, 40.161], [-83.0517, 40.1657], [-83.0468, 40.1817], [-83.034, 40.1872], [-83.011, 40.186], [-82.9876, 40.1806], [-82.9661, 40.1711], [-82.8771, 40.1482], [-82.8767, 40.1363], [-82.8866, 40.1196], [-82.8866, 40.1113], [-82.8661, 40.0929], [-82.8636, 40.0756], [-82.8548, 40.0705], [-82.8558, 40.045], [-82.8531, 40.0352], [-82.8385, 40.0174], [-82.7934, 39.9791], [-82.7862, 39.9585], [-82.7878, 39.9251], [-82.8049, 39.9183], [-82.8457, 39.9113], [-82.8665, 39.89], [-82.8796, 39.8891], [-82.8856, 39.8853], [-82.89, 39.8673], [-82.9275, 39.868], [-82.9384, 39.8587], [-82.9462, 39.8564], [-82.9561, 39.859], [-82.9877, 39.8775], [-83.0029, 39.8762], [-83.0228, 39.8663], [-83.0352, 39.8677], [-83.0408, 39.8765], [-83.0475, 39.8792], [-83.0542, 39.8767], [-83.0593, 39.8694], [-83.0675, 39.8674], [-83.1619, 39.917], [-83.169, 39.9235], [-83.1717, 39.9345], [-83.1707, 39.9713], [-83.192, 40.0178], [-83.1916, 40.0369]]]}}, {"type": "Feature", "properties": {}, "geometry": {"type": "Polygon", "coordinates": [[[-84.2813, 40.1466], [-84.2596, 40.1688], [-84.2447, 40.1714], [-84.2351, 40.1569], [-84.2321, 40.136], [-84.2445, 40.1231], [-84.2537, 40.123], [-84.2797, 40.1343], [-84.2813, 40.1466]]]}}, {"type": "Feature", "properties": {}, "geometry": {"type": "Polygon", "coordinates": [[[-85.7247, 40.0912], [-85.7223, 40.1124], [-85.6928, 40.1395], [-85.6785, 40.1603], [-85.6655, 40.1568], [-85.6557, 40.1287], [-85.6383, 40.1151], [-85.631, 40.1016], [-85.6321, 40.0795], [-85.6494, 40.0679], [-85.656, 40.0563], [-85.6702, 40.0562], [-85.6909, 40.0782], [-85.7185, 40.0855], [-85.7247, 40.0912]]]}}, {"type": "Feature", "properties": {}, "geometry": {"type": "Polygon", "coordinates": [[[-88.313, 40.1146], [-88.2847, 40.1421], [-88.2399, 40.1491], [-88.1995, 40.1332], [-88.187, 40.0913], [-88.211, 40.0814], [-88.2441, 40.0763], [-88.2775, 40.0779], [-88.3015, 40.0902], [-88.3052, 40.1064], [-88.313, 40.1146]]]}}, {"type": "Feature", "properties": {}, "geometry": {"type": "Polygon", "coordinates": [[[-80.7574, 40.0313], [-80.7484, 40.0444], [-80.7558, 40.0822], [-80.746, 40.0959], [-80.7439, 40.112], [-80.7132, 40.123], [-80.7012, 40.1203], [-80.6851, 40.0964], [-80.6772, 40.0921], [-80.6824, 40.0683], [-80.7197, 40.0331], [-80.7339, 40.012], [-80.758, 40.0233], [-80.7574, 40.0313]]]}}, {"type": "Feature", "properties": {}, "geometry": {"type": "Polygon", "coordinates": [[[-82.4806, 40.037], [-82.4733, 40.0607], [-82.446, 40.0919], [-82.4351, 40.1157], [-82.4208, 40.1105], [-82.404, 40.0899], [-82.3832, 40.0799], [-82.3792, 40.0728], [-82.3783, 40.0563], [-82.4274, 40.0306], [-82.4529, 40.0239], [-82.479, 40.034], [-82.4806, 40.037]]]}}, {"type": "Feature", "properties": {}, "geometry": {"type": "Polygon", "coordinates": [[[-76.4322, 40.0736], [-76.4252, 40.0864], [-76.4143, 40.0932], [-76.3902, 40.0943], [-76.3806, 40.1046], [-76.3625, 40.1154], [-76.3561, 40.1153], [-76.3491, 40.1054], [-76.3204, 40.1047], [-76.3011, 40.1156], [-76.2866, 40.108], [-76.2658, 40.0892], [-76.2488, 40.0669], [-76.2445, 40.0464], [-76.2631, 40.0296], [-76.2913, 40.0224], [-76.3014, 40.0119], [-76.3129, 40.0122], [-76.3375, 40.0231], [-76.3778, 40.0274], [-76.4116, 40.0434], [-76.4365, 40.0455], [-76.4322, 40.0736]]]}}, {"type": "Feature", "properties": {}, "geometry": {"type": "Polygon", "coordinates": [[[-84.2532, 40.0444], [-84.2462, 40.0711], [-84.2256, 40.0689], [-84.2044, 40.0465], [-84.1876, 40.0358], [-84.2064, 40.0161], [-84.2339, 40.0235], [-84.2532, 40.0444]]]}}, {"type": "Feature", "properties": {}, "geometry": {"type": "Polygon", "coordinates": [[[-86.9353, 40.0372], [-86.928, 40.0532], [-86.9109, 40.0599], [-86.8921, 40.0577], [-86.8761, 40.0473], [-86.8841, 40.0298], [-86.9007, 40.0233], [-86.9199, 40.0255], [-86.9353, 40.0372]]]}}, {"type": "Feature", "properties": {}, "geometry": {"type": "Polygon", "coordinates": [[[-86.402, 39.7627], [-86.4008, 39.7825], [-86.3853, 39.7744], [-86.3721, 39.7725], [-86.3269, 39.7929], [-86.3245, 39.8146], [-86.3154, 39.8195], [-86.313, 39.8377], [-86.3036, 39.8492], [-86.3024, 39.8807], [-86.292, 39.9009], [-86.2972, 39.9475], [-86.29, 39.9602], [-86.2602, 39.9659], [-86.2429, 39.9623], [-86.211, 39.9396], [-86.1885, 39.9458], [-86.1696, 39.9672], [-86.1451, 40.0158], [-86.0714, 39.9893], [-86.0639, 39.9896], [-86.0587, 39.9949], [-86.0575, 40.0174], [-86.0224, 40.0603], [-86.0047, 40.0551], [-86.0041, 40.0431], [-86.0094, 40.0172], [-86.0028, 40.0034], [-85.9593, 39.9631], [-85.9449, 39.9585], [-85.9207, 39.9584], [-85.9201, 39.9399], [-85.93, 39.9314], [-85.9544, 39.9228], [-85.9839, 39.8925], [-85.954, 39.7692], [-86.0323, 39.7366], [-86.0558, 39.7348], [-86.0625, 39.7317], [-86.0652, 39.7249], [-86.0654, 39.6922], [-86.0809, 39.6385], [-86.0779, 39.6008], [-86.0906, 39.5991], [-86.1122, 39.5897], [-86.1222, 39.5907], [-86.1434, 39.6002], [-86.1798, 39.5987], [-86.1906, 39.6013], [-86.1967, 39.6089], [-86.2027, 39.6341], [-86.2243, 39.646], [-86.227, 39.6815], [-86.2338, 39.6944], [-86.2481, 39.7005], [-86.2785, 39.7008], [-86.2919, 39.7168], [-86.2989, 39.7206], [-86.3064, 39.7181], [-86.3113, 39.7119], [-86.3221, 39.718], [-86.3154, 39.7445], [-86.3248, 39.7532], [-86.3334, 39.7536], [-86.366, 39.7348], [-86.3779, 39.734], [-86.3868, 39.7485], [-86.402, 39.7627]]]}}, {"type": "Feature", "properties": {}, "geometry": {"type": "Polygon", "coordinates": [[[-76.8181, 39.9878], [-76.8044, 39.9922], [-76.7817, 39.9933], [-76.7703, 39.9986], [-76.7648, 40.0073], [-76.7705, 40.0183], [-76.7701, 40.0262], [-76.742, 40.0404], [-76.7352, 40.0491], [-76.7187, 40.0384], [-76.6906, 39.9963], [-76.6804, 39.9949], [-76.6595, 40.0038], [-76.6461, 40.0047], [-76.6411, 39.987], [-76.6483, 39.9736], [-76.692, 39.928], [-76.7148, 39.9191], [-76.7472, 39.9231], [-76.76, 39.9349], [-76.8012, 39.9502], [-76.826, 39.9689], [-76.8181, 39.9878]]]}}, {"type": "Feature", "properties": {}, "geometry": {"type": "Polygon", "coordinates": [[[-74.6373, 40.037], [-74.6084, 40.0511], [-74.5937, 40.0534], [-74.5786, 40.0485], [-74.5772, 40.0289], [-74.567, 40.0149], [-74.5668, 39.9998], [-74.5786, 39.9681], [-74.5967, 39.9659], [-74.6111, 39.9964], [-74.6195, 40.0004], [-74.6369, 40.0012], [-74.6391, 40.0101], [-74.6373, 40.037]]]}}, {"type": "Feature", "properties": {}, "geometry": {"type": "Polygon", "coordinates": [[[-82.0364, 39.9923], [-82.0197, 39.9944], [-81.9882, 39.9815], [-81.9868, 39.9613], [-81.997, 39.9418], [-82.0003, 39.9231], [-82.0242, 39.9262], [-82.0346, 39.9422], [-82.0364, 39.9923]]]}}, {"type": "Feature", "properties": {}, "geometry": {"type": "Polygon", "coordinates": [[[-83.8693, 39.9479], [-83.8604, 39.9554], [-83.8249, 39.9601], [-83.7907, 39.9732], [-83.7768, 39.9705], [-83.7631, 39.9425], [-83.7544, 39.9355], [-83.7792, 39.904], [-83.8165, 39.8947], [-83.8514, 39.9088], [-83.8693, 39.9479]]]}}, {"type": "Feature", "properties": {}, "geometry": {"type": "Polygon", "coordinates": [[[-77.6926, 39.9367], [-77.686, 39.9539], [-77.6672, 39.9676], [-77.6436, 39.971], [-77.6221, 39.959], [-77.6259, 39.9383], [-77.6352, 39.9241], [-77.649, 39.9155], [-77.6692, 39.9119], [-77.6725, 39.9197], [-77.6926, 39.9367]]]}}, {"type": "Feature", "properties": {}, "geometry": {"type": "Polygon", "coordinates": [[[-85.4037, 39.923], [-85.4001, 39.9302], [-85.3825, 39.9461], [-85.3672, 39.9492], [-85.3607, 39.9425], [-85.3544, 39.924], [-85.3542, 39.9133], [-85.3662, 39.901], [-85.3758, 39.9008], [-85.4008, 39.9115], [-85.4037, 39.923]]]}}, {"type": "Feature", "properties": {}, "geometry": {"type": "Polygon", "coordinates": [[[-84.336, 39.9034], [-84.294, 39.8961], [-84.2523, 39.844], [-84.2252, 39.8398], [-84.2148, 39.8456], [-84.214, 39.8658], [-84.2197, 39.8774], [-84.2411, 39.8953], [-84.2471, 39.914], [-84.2348, 39.924], [-84.2245, 39.9246], [-84.1983, 39.916], [-84.1781, 39.9158], [-84.1642, 39.8943], [-84.1148, 39.8915], [-84.0988, 39.8811], [-84.1054, 39.8454], [-84.1169, 39.8265], [-84.115, 39.8188], [-84.1082, 39.8149], [-84.0933, 39.8184], [-84.0711, 39.8166], [-84.0635, 39.8192], [-84.0603, 39.8266], [-84.0667, 39.8434], [-84.0676, 39.8566], [-84.0569, 39.8714], [-84.0414, 39.8638], [-84.0314, 39.854], [-84.0122, 39.8224], [-84.0098, 39.8137], [-84.0114, 39.799], [-84.0303, 39.78], [-84.0324, 39.7683], [-84.0466, 39.7609], [-84.052, 39.7539], [-84.0502, 39.7456], [-84.0313, 39.7323], [-84.0327, 39.7124], [-84.0941, 39.7118], [-84.1017, 39.7082], [-84.1039, 39.7001], [-84.0988, 39.6689], [-84.109, 39.659], [-84.1102, 39.635], [-84.1429, 39.6338], [-84.1556, 39.6121], [-84.2033, 39.6138], [-84.2124, 39.6009], [-84.2564, 39.6224], [-84.2966, 39.6117], [-84.3129, 39.6122], [-84.2999, 39.6711], [-84.2851, 39.6921], [-84.2635, 39.7025], [-84.2607, 39.712], [-84.2674, 39.7324], [-84.2915, 39.7467], [-84.2816, 39.7695], [-84.2906, 39.789], [-84.3024, 39.8018], [-84.3045, 39.8236], [-84.3248, 39.8354], [-84.336, 39.9034]]]}}, {"type": "Feature", "properties": {}, "geometry": {"type": "Polygon", "coordinates": [[[-84.9367, 39.8399], [-84.9233, 39.8714], [-84.8946, 39.8676], [-84.8574, 39.8486], [-84.8233, 39.8492], [-84.8209, 39.8469], [-84.8415, 39.8288], [-84.8711, 39.8155], [-84.9042, 39.8119], [-84.9354, 39.8236], [-84.9367, 39.8399]]]}}, {"type": "Feature", "properties": {}, "geometry": {"type": "Polygon", "coordinates": [[[-77.0261, 39.8253], [-77.0214, 39.8327], [-77.0117, 39.8372], [-76.9901, 39.838], [-76.9732, 39.8275], [-76.9615, 39.8103], [-76.9635, 39.7937], [-76.9907, 39.7896], [-77.0042, 39.7947], [-77.0137, 39.8117], [-77.0261, 39.8253]]]}}, {"type": "Feature", "properties": {}, "geometry": {"type": "Polygon", "coordinates": [[[-75.4009, 39.7844], [-75.3939, 39.7977], [-75.3756, 39.808], [-75.3447, 39.8146], [-75.3454, 39.7568], [-75.372, 39.7582], [-75.384, 39.7622], [-75.3929, 39.7685], [-75.4009, 39.7844]]]}}, {"type": "Feature", "properties": {}, "geometry": {"type": "Polygon", "coordinates": [[[-77.8235, 39.649], [-77.8039, 39.6582], [-77.7803, 39.6615], [-77.7623, 39.6694], [-77.7479, 39.696], [-77.734, 39.708], [-77.7118, 39.7044], [-77.7086, 39.6817], [-77.6819, 39.6715], [-77.6776, 39.6581], [-77.6804, 39.6426], [-77.6893, 39.6346], [-77.7227, 39.608], [-77.7533, 39.5945], [-77.7804, 39.601], [-77.7905, 39.6156], [-77.8014, 39.623], [-77.8251, 39.6233], [-77.8235, 39.649]]]}}, {"type": "Feature", "properties": {}, "geometry": {"type": "Polygon", "coordinates": [[[-85.1668, 39.6544], [-85.158, 39.6703], [-85.1495, 39.676], [-85.1287, 39.6771], [-85.1209, 39.67], [-85.1207, 39.6571], [-85.1306, 39.6395], [-85.1327, 39.6234], [-85.158, 39.6278], [-85.1672, 39.6389], [-85.1668, 39.6544]]]}}, {"type": "Feature", "properties": {}, "geometry": {"type": "Polygon", "coordinates": [[[-78.8033, 39.6484], [-78.7929, 39.667], [-78.769, 39.6754], [-78.745, 39.667], [-78.7329, 39.6361], [-78.7534, 39.6233], [-78.7681, 39.6244], [-78.7885, 39.6425], [-78.8023, 39.6453], [-78.8033, 39.6484]]]}}, {"type": "Feature", "properties": {}, "geometry": {"type": "Polygon", "coordinates": [[[-75.8529, 39.6272], [-75.83, 39.6402], [-75.8002, 39.6366], [-75.8038, 39.6153], [-75.833, 39.6036], [-75.8462, 39.5897], [-75.8608, 39.6083], [-75.8529, 39.6272]]]}}, {"type": "Feature", "properties": {}, "geometry": {"type": "Polygon", "coordinates": [[[-77.016, 39.578], [-77.0146, 39.5928], [-77.0066, 39.5975], [-77.0033, 39.6042], [-76.9877, 39.6051], [-76.9748, 39.5977], [-76.967, 39.5829], [-76.9665, 39.5581], [-76.994, 39.5575], [-77.0087, 39.5647], [-77.016, 39.578]]]}}, {"type": "Feature", "properties": {}, "geometry": {"type": "Polygon", "coordinates": [[[-76.4209, 39.5231], [-76.4218, 39.5308], [-76.4151, 39.5474], [-76.4063, 39.5542], [-76.3937, 39.5767], [-76.37, 39.5827], [-76.3011, 39.5824], [-76.2976, 39.5684], [-76.3166, 39.5576], [-76.3206, 39.5481], [-76.3002, 39.5149], [-76.291, 39.4792], [-76.2891, 39.4241], [-76.3252, 39.4137], [-76.3417, 39.4133], [-76.3583, 39.4231], [-76.3581, 39.4443], [-76.3413, 39.4605], [-76.3382, 39.4671], [-76.3387, 39.4827], [-76.3455, 39.4951], [-76.3643, 39.5085], [-76.3857, 39.5128], [-76.4138, 39.5121], [-76.4209, 39.5231]]]}}, {"type": "Feature", "properties": {}, "geometry": {"type": "Polygon", "coordinates": [[[-84.4314, 39.5249], [-84.4018, 39.5489], [-84.3823, 39.5581], [-84.3646, 39.561], [-84.3555, 39.5713], [-84.3382, 39.5573], [-84.3325, 39.5486], [-84.3313, 39.5349], [-84.3242, 39.5188], [-84.3246, 39.5109], [-84.3324, 39.5002], [-84.3322, 39.4798], [-84.3549, 39.4774], [-84.3624, 39.4704], [-84.3886, 39.457], [-84.4017, 39.4566], [-84.4068, 39.4679], [-84.4295, 39.4743], [-84.4359, 39.4798], [-84.4397, 39.5055], [-84.4314, 39.5249]]]}}, {"type": "Feature", "properties": {}, "geometry": {"type": "Polygon", "coordinates": [[[-85.8033, 39.5289], [-85.7899, 39.5602], [-85.7542, 39.5369], [-85.7599, 39.5219], [-85.769, 39.5146], [-85.7817, 39.5116], [-85.8019, 39.5125], [-85.8033, 39.5289]]]}}, {"type": "Feature", "properties": {}, "geometry": {"type": "Polygon", "coordinates": [[[-87.4555, 39.4659], [-87.4479, 39.4702], [-87.4406, 39.4824], [-87.4338, 39.5201], [-87.4247, 39.5364], [-87.4048, 39.5489], [-87.3991, 39.5488], [-87.3939, 39.5379], [-87.3548, 39.5268], [-87.352, 39.5143], [-87.3375, 39.5024], [-87.329, 39.4908], [-87.3318, 39.4797], [-87.3418, 39.4712], [-87.3427, 39.4579], [-87.3519, 39.4519], [-87.3544, 39.4458], [-87.3691, 39.4425], [-87.3919, 39.4216], [-87.4167, 39.4103], [-87.4464, 39.4131], [-87.4487, 39.4273], [-87.4572, 39.4446], [-87.4555, 39.4659]]]}}, {"type": "Feature", "properties": {}, "geometry": {"type": "Polygon", "coordinates": [[[-76.2039, 39.5254], [-76.1828, 39.5367], [-76.1575, 39.5377], [-76.1374, 39.5269], [-76.1337, 39.5016], [-76.154, 39.4911], [-76.1799, 39.4902], [-76.1996, 39.5003], [-76.2039, 39.5254]]]}}, {"type": "Feature", "properties": {}, "geometry": {"type": "Polygon", "coordinates": [[[-75.0929, 39.5259], [-75.0626, 39.5358], [-75.0306, 39.5371], [-75.0039, 39.5275], [-74.9891, 39.5034], [-74.9864, 39.4861], [-74.9986, 39.4763], [-75.0161, 39.4702], [-75.022, 39.4647], [-75.0219, 39.4566], [-75.0133, 39.4376], [-75.0112, 39.4248], [-75.0215, 39.4157], [-75.0348, 39.3787], [-75.0486, 39.3802], [-75.0658, 39.388], [-75.0819, 39.3913], [-75.0737, 39.427], [-75.0929, 39.5259]]]}}, {"type": "Feature", "properties": {}, "geometry": {"type": "Polygon", "coordinates": [[[-88.4132, 39.4809], [-88.4073, 39.4958], [-88.3937, 39.5034], [-88.3537, 39.503], [-88.3569, 39.4798], [-88.3725, 39.4693], [-88.3949, 39.4693], [-88.4132, 39.4809]]]}}, {"type": "Feature", "properties": {}, "geometry": {"type": "Polygon", "coordinates": [[[-78.0022, 39.4469], [-77.9969, 39.4732], [-77.9776, 39.4903], [-77.9446, 39.493], [-77.9467, 39.4672], [-77.9533, 39.445], [-77.9677, 39.4288], [-77.9913, 39.4232], [-78.0022, 39.4469]]]}}, {"type": "Feature", "properties": {}, "geometry": {"type": "Polygon", "coordinates": [[[-77.4697, 39.4488], [-77.4615, 39.4535], [-77.4584, 39.4712], [-77.4217, 39.4727], [-77.4123, 39.4825], [-77.3893, 39.4676], [-77.3815, 39.4563], [-77.3775, 39.4228], [-77.3666, 39.4134], [-77.389, 39.3795], [-77.4006, 39.3679], [-77.4205, 39.3725], [-77.4478, 39.3909], [-77.4681, 39.4167], [-77.4697, 39.4488]]]}}, {"type": "Feature", "properties": {}, "geometry": {"type": "Polygon", "coordinates": [[[-75.272, 39.4381], [-75.2701, 39.471], [-75.245, 39.4702], [-75.2264, 39.4609], [-75.2157, 39.4459], [-75.2112, 39.425], [-75.2361, 39.4121], [-75.2583, 39.4179], [-75.272, 39.4381]]]}}, {"type": "Feature", "properties": {}, "geometry": {"type": "Polygon", "coordinates": [[[-83.0166, 39.3358], [-83.0139, 39.359], [-82.9915, 39.3817], [-82.9734, 39.3757], [-82.9631, 39.357], [-82.9603, 39.3356], [-82.9662, 39.3125], [-83.0036, 39.3211], [-83.0166, 39.3358]]]}}, {"type": "Feature", "properties": {}, "geometry": {"type": "Polygon", "coordinates": [[[-81.603, 39.269], [-81.5997, 39.2823], [-81.5754, 39.2902], [-81.5686, 39.2977], [-81.5659, 39.3518], [-81.5584, 39.3706], [-81.5406, 39.37], [-81.5381, 39.3636], [-81.543, 39.3452], [-81.522, 39.2569], [-81.5424, 39.2462], [-81.5633, 39.2486], [-81.603, 39.269]]]}}, {"type": "Feature", "properties": {}, "geometry": {"type": "Polygon", "coordinates": [[[-85.9572, 39.2458], [-85.9495, 39.263], [-85.9356, 39.2721], [-85.9185, 39.2747], [-85.9, 39.2714], [-85.8966, 39.2509], [-85.8769, 39.2434], [-85.8656, 39.234], [-85.8653, 39.2133], [-85.9073, 39.1896], [-85.9239, 39.1902], [-85.9355, 39.2017], [-85.9492, 39.2401], [-85.9572, 39.2458]]]}}, {"type": "Feature", "properties": {}, "geometry": {"type": "Polygon", "coordinates": [[[-75.5878, 39.2279], [-75.5809, 39.2378], [-75.5735, 39.2392], [-75.5653, 39.2289], [-75.5451, 39.2264], [-75.5415, 39.2015], [-75.5044, 39.1705], [-75.4905, 39.1514], [-75.4896, 39.1237], [-75.5008, 39.1228], [-75.5156, 39.1133], [-75.5238, 39.112], [-75.5406, 39.1168], [-75.5579, 39.144], [-75.592, 39.1677], [-75.5828, 39.2005], [-75.5878, 39.2279]]]}}, {"type": "Feature", "properties": {}, "geometry": {"type": "Polygon", "coordinates": [[[-86.6033, 39.1577], [-86.5899, 39.1729], [-86.5794, 39.1934], [-86.5624, 39.1957], [-86.5571, 39.2045], [-86.5428, 39.2052], [-86.5334, 39.2158], [-86.4989, 39.2042], [-86.4969, 39.1921], [-86.4807, 39.1773], [-86.478, 39.1649], [-86.4879, 39.1459], [-86.4999, 39.1434], [-86.5106, 39.1298], [-86.5181, 39.1285], [-86.5361, 39.134], [-86.5531, 39.1333], [-86.5672, 39.1407], [-86.5777, 39.1343], [-86.584, 39.1359], [-86.6017, 39.1458], [-86.6033, 39.1577]]]}}, {"type": "Feature", "properties": {}, "geometry": {"type": "Polygon", "coordinates": [[[-78.2036, 39.1684], [-78.1883, 39.2057], [-78.1804, 39.2157], [-78.1645, 39.2175], [-78.122, 39.2036], [-78.1294, 39.1775], [-78.1443, 39.1619], [-78.1653, 39.1519], [-78.1913, 39.1454], [-78.2025, 39.1617], [-78.2036, 39.1684]]]}}, {"type": "Feature", "properties": {}, "geometry": {"type": "Polygon", "coordinates": [[[-88.6019, 39.1588], [-88.5765, 39.1611], [-88.549, 39.1419], [-88.5328, 39.1492], [-88.5186, 39.141], [-88.5243, 39.1251], [-88.5452, 39.1009], [-88.5954, 39.1353], [-88.6013, 39.1447], [-88.6019, 39.1588]]]}}, {"type": "Feature", "properties": {}, "geometry": {"type": "Polygon", "coordinates": [[[-76.7262, 39.0251], [-76.708, 39.0497], [-76.6822, 39.0478], [-76.6649, 39.0256], [-76.6797, 38.9897], [-76.7061, 38.996], [-76.714, 39.001], [-76.7262, 39.0251]]]}}, {"type": "Feature", "properties": {}, "geometry": {"type": "Polygon", "coordinates": [[[-87.7688, 39.0031], [-87.7598, 39.0214], [-87.7466, 39.0247], [-87.7093, 39.0145], [-87.7173, 38.9966], [-87.7327, 38.9905], [-87.7528, 38.9923], [-87.7688, 39.0031]]]}}, {"type": "Feature", "properties": {}, "geometry": {"type": "Polygon", "coordinates": [[[-76.6016, 39.0084], [-76.591, 39.0271], [-76.563, 39.0165], [-76.5244, 39.016], [-76.4862, 38.9865], [-76.4764, 38.9752], [-76.4717, 38.957], [-76.4804, 38.9454], [-76.4968, 38.9485], [-76.5074, 38.9571], [-76.5248, 38.9648], [-76.5363, 38.9634], [-76.5565, 38.9665], [-76.5686, 38.9525], [-76.5617, 38.9495], [-76.5559, 38.9406], [-76.5554, 38.9249], [-76.5581, 38.9232], [-76.5774, 38.9372], [-76.5874, 38.984], [-76.6036, 39.0018], [-76.6016, 39.0084]]]}}, {"type": "Feature", "properties": {}, "geometry": {"type": "Polygon", "coordinates": [[[-74.8504, 39.0004], [-74.847, 39.0049], [-74.8313, 39.0051], [-74.7918, 39.0145], [-74.7849, 39.0189], [-74.7834, 39.0151], [-74.8033, 38.9876], [-74.8242, 38.9722], [-74.8504, 39.0004]]]}}, {"type": "Feature", "properties": {}, "geometry": {"type": "Polygon", "coordinates": [[[-86.5333, 38.8775], [-86.5356, 38.8909], [-86.5337, 38.8938], [-86.5007, 38.893], [-86.4762, 38.881], [-86.4879, 38.8627], [-86.4992, 38.8568], [-86.5128, 38.857], [-86.5168, 38.8639], [-86.5299, 38.8706], [-86.5333, 38.8775]]]}}, {"type": "Feature", "properties": {}, "geometry": {"type": "Polygon", "coordinates": [[[-83.0243, 38.7381], [-83.001, 38.7716], [-82.9848, 38.7692], [-82.9637, 38.7607], [-82.9589, 38.7609], [-82.945, 38.7715], [-82.9349, 38.7502], [-82.9598, 38.7304], [-82.9949, 38.7228], [-83.024, 38.7344], [-83.0243, 38.7381]]]}}, {"type": "Feature", "properties": {}, "geometry": {"type": "Polygon", "coordinates": [[[-87.556, 38.678], [-87.5465, 38.7004], [-87.5228, 38.7114], [-87.4874, 38.7039], [-87.4894, 38.6761], [-87.4999, 38.6577], [-87.5182, 38.6476], [-87.546, 38.6459], [-87.556, 38.678]]]}}, {"type": "Feature", "properties": {}, "geometry": {"type": "Polygon", "coordinates": [[[-76.96, 38.6248], [-76.9242, 38.6647], [-76.9053, 38.6686], [-76.8778, 38.6593], [-76.8779, 38.6351], [-76.8929, 38.6004], [-76.9016, 38.5898], [-76.9121, 38.5888], [-76.9278, 38.6018], [-76.9536, 38.6082], [-76.9593, 38.6134], [-76.96, 38.6248]]]}}, {"type": "Feature", "properties": {}, "geometry": {"type": "Polygon", "coordinates": [[[-82.7912, 38.5711], [-82.7667, 38.5714], [-82.7559, 38.5628], [-82.7494, 38.5616], [-82.7244, 38.572], [-82.7115, 38.5715], [-82.6982, 38.5497], [-82.6665, 38.549], [-82.6489, 38.5212], [-82.6416, 38.515], [-82.6094, 38.5095], [-82.5998, 38.5046], [-82.5967, 38.4942], [-82.5978, 38.4566], [-82.5882, 38.4404], [-82.5669, 38.4271], [-82.5552, 38.4156], [-82.5538, 38.4003], [-82.5715, 38.3923], [-82.5773, 38.3794], [-82.5891, 38.3747], [-82.6146, 38.3741], [-82.6243, 38.3791], [-82.6175, 38.4167], [-82.6252, 38.4344], [-82.6435, 38.4441], [-82.669, 38.4459], [-82.6716, 38.4521], [-82.6917, 38.4687], [-82.7027, 38.5004], [-82.7356, 38.5014], [-82.7393, 38.5266], [-82.7486, 38.5354], [-82.7736, 38.5431], [-82.7863, 38.5505], [-82.7912, 38.5711]]]}}, {"type": "Feature", "properties": {}, "geometry": {"type": "Polygon", "coordinates": [[[-73.7481, 45.6425], [-73.7419, 45.6374], [-73.7233, 45.6368], [-73.7214, 45.6281], [-73.7159, 45.623], [-73.6958, 45.6154], [-73.6811, 45.6166], [-73.664, 45.6275], [-73.6491, 45.6586], [-73.6494, 45.667], [-73.6615, 45.6919], [-73.6383, 45.6891], [-73.5854, 45.7006], [-73.5743, 45.7016], [-73.5648, 45.6987], [-73.5638, 45.6923], [-73.6129, 45.6679], [-73.6365, 45.6493], [-73.6483, 45.6307], [-73.6846, 45.5875], [-73.7183, 45.5624], [-73.7472, 45.5524], [-73.7799, 45.5471], [-73.8427, 45.5458], [-73.8649, 45.5544], [-73.8664, 45.5608], [-73.8635, 45.5679], [-73.8277, 45.6012], [-73.806, 45.6131], [-73.7548, 45.6552], [-73.7481, 45.6425]]]}}, {"type": "Feature", "properties": {}, "geometry": {"type": "Polygon", "coordinates": [[[-73.7134, 45.4213], [-73.6874, 45.4312], [-73.6046, 45.4225], [-73.5818, 45.4283], [-73.5692, 45.428], [-73.5573, 45.4143], [-73.543, 45.4163], [-73.519, 45.4263], [-73.5026, 45.4479], [-73.5026, 45.4634], [-73.5227, 45.5045], [-73.522, 45.5399], [-73.4904, 45.5841], [-73.4651, 45.6036], [-73.445, 45.5999], [-73.434, 45.5917], [-73.4422, 45.5507], [-73.4361, 45.521], [-73.4278, 45.514], [-73.4151, 45.5131], [-73.4017, 45.5171], [-73.3917, 45.5249], [-73.366, 45.5551], [-73.3634, 45.5695], [-73.37, 45.6036], [-73.3466, 45.6039], [-73.3304, 45.5987], [-73.3151, 45.5896], [-73.3067, 45.5758], [-73.3116, 45.5569], [-73.3198, 45.5438], [-73.3116, 45.5237], [-73.3206, 45.5179], [-73.3232, 45.5116], [-73.338, 45.5053], [-73.3771, 45.5103], [-73.3849, 45.5085], [-73.3889, 45.5016], [-73.3849, 45.486], [-73.3854, 45.472], [-73.4358, 45.4664], [-73.4491, 45.4596], [-73.504, 45.3852], [-73.5273, 45.374], [-73.5563, 45.3697], [-73.6578, 45.3763], [-73.6812, 45.387], [-73.7134, 45.4213]]]}}, {"type": "Feature", "properties": {}, "geometry": {"type": "Polygon", "coordinates": [[[-73.9933, 45.5021], [-73.9913, 45.5175], [-73.9718, 45.5354], [-73.966, 45.5463], [-73.954, 45.5515], [-73.9482, 45.5699], [-73.9309, 45.5725], [-73.9243, 45.5817], [-73.9034, 45.5826], [-73.892, 45.5969], [-73.8738, 45.6107], [-73.8774, 45.6257], [-73.8967, 45.6517], [-73.9427, 45.6794], [-73.9479, 45.6882], [-73.9479, 45.7035], [-73.9227, 45.7156], [-73.9135, 45.7261], [-73.8734, 45.6996], [-73.8534, 45.6921], [-73.8434, 45.6965], [-73.837, 45.7144], [-73.8029, 45.7158], [-73.7968, 45.7186], [-73.792, 45.7259], [-73.775, 45.7177], [-73.7565, 45.7143], [-73.7542, 45.7005], [-73.743, 45.6814], [-73.7554, 45.6764], [-73.8627, 45.5926], [-73.8926, 45.5591], [-73.9024, 45.5408], [-73.9095, 45.5347], [-73.9342, 45.5299], [-73.9681, 45.5059], [-73.9901, 45.5001], [-73.9933, 45.5021]]]}}, {"type": "Feature", "properties": {}, "geometry": {"type": "Polygon", "coordinates": [[[-73.915, 45.4342], [-73.8927, 45.4811], [-73.8844, 45.4893], [-73.8707, 45.4963], [-73.8498, 45.5207], [-73.7668, 45.5272], [-73.7167, 45.5444], [-73.694, 45.5553], [-73.668, 45.5756], [-73.6207, 45.6383], [-73.5411, 45.6858], [-73.5241, 45.6995], [-73.4791, 45.6793], [-73.4996, 45.6268], [-73.5041, 45.6004], [-73.5267, 45.5764], [-73.5406, 45.5478], [-73.5437, 45.5255], [-73.5391, 45.4927], [-73.5414, 45.4826], [-73.572, 45.4666], [-73.5887, 45.4479], [-73.5982, 45.4431], [-73.6192, 45.4426], [-73.7169, 45.4645], [-73.7948, 45.4672], [-73.812, 45.4639], [-73.8504, 45.4489], [-73.915, 45.4342]]]}}, {"type": "Feature", "properties": {}, "geometry": {"type": "Polygon", "coordinates": [[[-73.7321, 45.7711], [-73.7279, 45.7838], [-73.7146, 45.7924], [-73.6899, 45.7882], [-73.6835, 45.7759], [-73.6835, 45.7593], [-73.6758, 45.7494], [-73.6368, 45.7507], [-73.62, 45.7462], [-73.5702, 45.7198], [-73.6774, 45.7082], [-73.6886, 45.7036], [-73.6997, 45.7054], [-73.7153, 45.7121], [-73.7154, 45.7311], [-73.7263, 45.7453], [-73.7321, 45.7711]]]}}, {"type": "Feature", "properties": {}, "geometry": {"type": "Polygon", "coordinates": [[[-73.3157, 45.4511], [-73.3129, 45.4636], [-73.3047, 45.4726], [-73.3033, 45.4926], [-73.2918, 45.5016], [-73.2655, 45.5104], [-73.2609, 45.5163], [-73.2619, 45.5372], [-73.2661, 45.5495], [-73.2725, 45.5569], [-73.2932, 45.5677], [-73.2836, 45.5866], [-73.2586, 45.6038], [-73.2222, 45.6025], [-73.2137, 45.615], [-73.1938, 45.6059], [-73.179, 45.5808], [-73.1672, 45.5691], [-73.1837, 45.5406], [-73.1901, 45.5336], [-73.2008, 45.5293], [-73.2235, 45.5267], [-73.2361, 45.5209], [-73.2737, 45.4821], [-73.3012, 45.4336], [-73.3091, 45.4362], [-73.3157, 45.4511]]]}}, {"type": "Feature", "properties": {}, "geometry": {"type": "Polygon", "coordinates": [[[-75.9442, 45.3418], [-75.9381, 45.3465], [-75.9287, 45.3456], [-75.9202, 45.3386], [-75.9013, 45.34], [-75.863, 45.3277], [-75.8495, 45.3264], [-75.8371, 45.3309], [-75.8292, 45.3393], [-75.8185, 45.3617], [-75.8183, 45.3697], [-75.8252, 45.3768], [-75.8555, 45.3811], [-75.8705, 45.3898], [-75.8814, 45.4119], [-75.8818, 45.4464], [-75.8459, 45.4483], [-75.8314, 45.4374], [-75.8127, 45.4372], [-75.8111, 45.4197], [-75.8075, 45.4139], [-75.791, 45.4074], [-75.7812, 45.4118], [-75.7827, 45.4356], [-75.8021, 45.4565], [-75.8151, 45.5344], [-75.8134, 45.5372], [-75.7974, 45.536], [-75.7661, 45.5129], [-75.7484, 45.5049], [-75.7236, 45.5038], [-75.7173, 45.4949], [-75.7028, 45.4887], [-75.6859, 45.4734], [-75.6478, 45.4632], [-75.6407, 45.4639], [-75.6293, 45.4721], [-75.6257, 45.5033], [-75.601, 45.5051], [-75.5911, 45.515], [-75.5776, 45.4963], [-75.5879, 45.4879], [-75.6037, 45.4829], [-75.6076, 45.4761], [-75.6018, 45.4642], [-75.5903, 45.4579], [-75.5732, 45.4588], [-75.5674, 45.4619], [-75.5569, 45.4859], [-75.5462, 45.4928], [-75.5169, 45.4934], [-75.4892, 45.4806], [-75.5159, 45.4526], [-75.6194, 45.4119], [-75.6225, 45.405], [-75.6224, 45.391], [-75.6031, 45.3664], [-75.6002, 45.3458], [-75.6278, 45.3333], [-75.6469, 45.3306], [-75.6688, 45.3332], [-75.6854, 45.3413], [-75.698, 45.3365], [-75.7194, 45.318], [-75.735, 45.311], [-75.7475, 45.3116], [-75.7698, 45.3219], [-75.8124, 45.3159], [-75.8244, 45.3088], [-75.8462, 45.2777], [-75.8712, 45.2891], [-75.9055, 45.2945], [-75.9146, 45.3006], [-75.9195, 45.3091], [-75.9261, 45.312], [-75.9294, 45.3279], [-75.9442, 45.3418]]]}}, {"type": "Feature", "properties": {}, "geometry": {"type": "Polygon", "coordinates": [[[-73.2725, 44.529], [-73.2697, 44.5372], [-73.2529, 44.5398], [-73.2459, 44.529], [-73.2406, 44.5117], [-73.2304, 44.5036], [-73.2028, 44.5151], [-73.1584, 44.5042], [-73.1459, 44.5149], [-73.1356, 44.5035], [-73.1297, 44.4829], [-73.1287, 44.4603], [-73.1343, 44.4451], [-73.1523, 44.4395], [-73.2023, 44.4393], [-73.2224, 44.4347], [-73.2262, 44.4777], [-73.2301, 44.4893], [-73.2378, 44.4955], [-73.2651, 44.5064], [-73.2725, 44.529]]]}}, {"type": "Feature", "properties": {}, "geometry": {"type": "Polygon", "coordinates": [[[-71.549, 43.0029], [-71.5369, 43.0189], [-71.495, 43.0469], [-71.4703, 43.0818], [-71.4241, 43.0818], [-71.4189, 43.0258], [-71.4098, 43.0136], [-71.3896, 43.0021], [-71.3913, 42.9865], [-71.4015, 42.9609], [-71.4004, 42.9479], [-71.3887, 42.9365], [-71.3481, 42.9161], [-71.3165, 42.9112], [-71.3035, 42.903], [-71.3013, 42.8787], [-71.3337, 42.8648], [-71.3484, 42.8673], [-71.3577, 42.8969], [-71.3646, 42.9011], [-71.3899, 42.9045], [-71.4028, 42.9121], [-71.4054, 42.9257], [-71.4119, 42.9309], [-71.424, 42.9291], [-71.4521, 42.9128], [-71.4706, 42.9119], [-71.4736, 42.9293], [-71.4796, 42.9331], [-71.4931, 42.9342], [-71.509, 42.9538], [-71.5155, 42.9568], [-71.5368, 42.9958], [-71.549, 43.0029]]]}}, {"type": "Feature", "properties": {}, "geometry": {"type": "Polygon", "coordinates": [[[-87.9122, 42.5766], [-87.8987, 42.5888], [-87.8668, 42.6064], [-87.8417, 42.6498], [-87.8303, 42.6601], [-87.8316, 42.6682], [-87.8415, 42.6811], [-87.8904, 42.7068], [-87.9019, 42.7365], [-87.8898, 42.7388], [-87.8654, 42.7363], [-87.8595, 42.7403], [-87.8577, 42.7583], [-87.8475, 42.767], [-87.8462, 42.7813], [-87.8364, 42.7884], [-87.8359, 42.831], [-87.832, 42.8363], [-87.8231, 42.8388], [-87.806, 42.8372], [-87.7811, 42.8126], [-87.7693, 42.7906], [-87.768, 42.7718], [-87.7784, 42.7038], [-87.7993, 42.6716], [-87.8086, 42.6515], [-87.8085, 42.6197], [-87.8004, 42.6007], [-87.8085, 42.5643], [-87.8262, 42.5396], [-87.834, 42.5337], [-87.8664, 42.5504], [-87.8844, 42.556], [-87.9123, 42.5562], [-87.9122, 42.5766]]]}}, {"type": "Feature", "properties": {}, "geometry": {"type": "Polygon", "coordinates": [[[-82.014, 41.4034], [-82.007, 41.4186], [-81.979, 41.4378], [-81.9695, 41.4514], [-81.9712, 41.4617], [-81.9937, 41.4932], [-81.9944, 41.5129], [-81.8766, 41.4921], [-81.8418, 41.4936], [-81.8077, 41.5117], [-81.7686, 41.4984], [-81.7419, 41.5002], [-81.7086, 41.5155], [-81.6716, 41.5249], [-81.3496, 41.7311], [-81.2627, 41.7622], [-81.2533, 41.7466], [-81.2364, 41.7315], [-81.2344, 41.7196], [-81.2436, 41.7019], [-81.2751, 41.6738], [-81.2779, 41.6673], [-81.3025, 41.666], [-81.3119, 41.656], [-81.3473, 41.655], [-81.3932, 41.6329], [-81.4162, 41.6131], [-81.433, 41.5884], [-81.4348, 41.5711], [-81.4233, 41.5421], [-81.4214, 41.5243], [-81.4462, 41.5026], [-81.4535, 41.4924], [-81.4547, 41.469], [-81.4637, 41.4548], [-81.4637, 41.4499], [-81.4604, 41.4397], [-81.4325, 41.4028], [-81.4334, 41.3866], [-81.4401, 41.3744], [-81.4605, 41.3651], [-81.463, 41.3551], [-81.4328, 41.3148], [-81.4227, 41.2832], [-81.3993, 41.2699], [-81.4009, 41.2518], [-81.4162, 41.235], [-81.4204, 41.2247], [-81.4158, 41.2121], [-81.3913, 41.1808], [-81.3842, 41.1776], [-81.3769, 41.1804], [-81.369, 41.1973], [-81.3583, 41.204], [-81.3405, 41.2045], [-81.3247, 41.189], [-81.3103, 41.1798], [-81.3204, 41.1486], [-81.3464, 41.1358], [-81.3815, 41.1358], [-81.4124, 41.1441], [-81.4192, 41.1403], [-81.4238, 41.1256], [-81.4244, 41.1036], [-81.4218, 41.0973], [-81.4104, 41.0921], [-81.3993, 41.0511], [-81.3992, 41.0357], [-81.4508, 41.0067], [-81.4514, 40.9777], [-81.456, 40.9674], [-81.4762, 40.9646], [-81.5253, 40.9782], [-81.5609, 40.9765], [-81.5687, 40.9785], [-81.5742, 40.9875], [-81.5873, 40.9954], [-81.5957, 40.9944], [-81.6013, 40.9894], [-81.6196, 40.9882], [-81.6575, 41.0118], [-81.6527, 41.0272], [-81.6528, 41.0653], [-81.6473, 41.0814], [-81.6387, 41.0809], [-81.6293, 41.057], [-81.6181, 41.0542], [-81.606, 41.0616], [-81.6042, 41.0824], [-81.6084, 41.089], [-81.6809, 41.1467], [-81.6636, 41.1689], [-81.6137, 41.1436], [-81.596, 41.1486], [-81.5905, 41.16], [-81.5558, 41.1611], [-81.5465, 41.1674], [-81.524, 41.1934], [-81.5064, 41.2025], [-81.4742, 41.2087], [-81.4679, 41.2127], [-81.4645, 41.2229], [-81.4695, 41.2369], [-81.4575, 41.2489], [-81.4435, 41.2467], [-81.4378, 41.2514], [-81.436, 41.2665], [-81.4417, 41.2746], [-81.4487, 41.2788], [-81.5468, 41.3009], [-81.5765, 41.3629], [-81.5962, 41.3861], [-81.6095, 41.3893], [-81.6178, 41.3849], [-81.621, 41.377], [-81.6206, 41.3679], [-81.612, 41.3456], [-81.6115, 41.3302], [-81.6223, 41.312], [-81.657, 41.3117], [-81.6694, 41.3219], [-81.701, 41.3227], [-81.7114, 41.3331], [-81.72, 41.3332], [-81.7419, 41.3248], [-81.7567, 41.3006], [-81.7703, 41.3064], [-81.7818, 41.3187], [-81.7898, 41.3196], [-81.8003, 41.3105], [-81.8061, 41.2955], [-81.7881, 41.2352], [-81.8209, 41.2325], [-81.8419, 41.2375], [-81.8569, 41.2521], [-81.8937, 41.366], [-81.9339, 41.4101], [-81.9513, 41.4168], [-81.9824, 41.4044], [-82.0112, 41.4006], [-82.014, 41.4034]]]}}, {"type": "Feature", "properties": {}, "geometry": {"type": "Polygon", "coordinates": [[[-76.0152, 41.2031], [-76.0143, 41.2175], [-76.0063, 41.2234], [-75.983, 41.2264], [-75.9758, 41.2306], [-75.9742, 41.2505], [-75.9698, 41.2597], [-75.9394, 41.2696], [-75.9255, 41.293], [-75.9035, 41.2954], [-75.8982, 41.3028], [-75.884, 41.3076], [-75.8696, 41.3265], [-75.853, 41.3286], [-75.8365, 41.3487], [-75.8004, 41.3562], [-75.7908, 41.3611], [-75.7025, 41.4493], [-75.7007, 41.461], [-75.7071, 41.4661], [-75.7206, 41.4699], [-75.7261, 41.4797], [-75.7222, 41.5042], [-75.7054, 41.5141], [-75.6577, 41.5157], [-75.6549, 41.4993], [-75.6586, 41.4874], [-75.6531, 41.4784], [-75.6459, 41.4777], [-75.6239, 41.4838], [-75.6004, 41.4813], [-75.6018, 41.4648], [-75.597, 41.43], [-75.601, 41.4119], [-75.6509, 41.3823], [-75.6568, 41.3673], [-75.6918, 41.3595], [-75.7195, 41.3469], [-75.7345, 41.323], [-75.7548, 41.3234], [-75.775, 41.3137], [-75.7784, 41.3011], [-75.8016, 41.2878], [-75.8088, 41.2731], [-75.8167, 41.2436], [-75.8229, 41.2344], [-75.8393, 41.2297], [-75.8684, 41.2288], [-75.8791, 41.2216], [-75.8831, 41.2138], [-75.8905, 41.2116], [-75.9061, 41.2129], [-75.9346, 41.2221], [-75.9559, 41.2232], [-75.9659, 41.2164], [-75.9685, 41.2005], [-76.0131, 41.2005], [-76.0152, 41.2031]]]}}, {"type": "Feature", "properties": {}, "geometry": {"type": "Polygon", "coordinates": [[[-80.3582, 40.6737], [-80.3413, 40.6943], [-80.3367, 40.7056], [-80.337, 40.7244], [-80.3473, 40.7667], [-80.3478, 40.7909], [-80.345, 40.7935], [-80.3244, 40.7888], [-80.311, 40.7737], [-80.2899, 40.7393], [-80.2558, 40.7154], [-80.2531, 40.7031], [-80.2307, 40.6806], [-80.239, 40.6553], [-80.2334, 40.6415], [-80.2216, 40.6363], [-80.2187, 40.5879], [-80.2113, 40.5735], [-80.1888, 40.5707], [-80.1663, 40.5481], [-80.1548, 40.5276], [-80.1455, 40.5251], [-80.1124, 40.5269], [-80.0934, 40.5163], [-80.0809, 40.5208], [-80.0611, 40.5424], [-80.0635, 40.5565], [-80.0798, 40.5941], [-80.0684, 40.6157], [-80.0506, 40.6158], [-80.0247, 40.5888], [-79.9782, 40.5711], [-79.9617, 40.5511], [-79.9553, 40.5481], [-79.9447, 40.5278], [-79.9302, 40.5238], [-79.9021, 40.5241], [-79.8882, 40.5183], [-79.8736, 40.5288], [-79.8727, 40.5434], [-79.8764, 40.5653], [-79.8691, 40.5822], [-79.842, 40.5649], [-79.8269, 40.5593], [-79.7999, 40.5615], [-79.7943, 40.57], [-79.7923, 40.6026], [-79.7879, 40.6078], [-79.773, 40.614], [-79.7643, 40.625], [-79.7422, 40.636], [-79.713, 40.6491], [-79.7008, 40.649], [-79.6956, 40.6403], [-79.6883, 40.6356], [-79.6911, 40.6263], [-79.7095, 40.6129], [-79.7113, 40.5898], [-79.7456, 40.5666], [-79.7696, 40.5398], [-79.7905, 40.5315], [-79.812, 40.5324], [-79.8189, 40.5242], [-79.8172, 40.5171], [-79.8078, 40.51], [-79.7666, 40.4929], [-79.766, 40.4671], [-79.7604, 40.4612], [-79.7466, 40.4618], [-79.7168, 40.4776], [-79.6997, 40.4703], [-79.7011, 40.449], [-79.7099, 40.4399], [-79.7325, 40.4344], [-79.7494, 40.4251], [-79.7751, 40.4175], [-79.779, 40.4114], [-79.7777, 40.4013], [-79.809, 40.3597], [-79.811, 40.3348], [-79.823, 40.3309], [-79.834, 40.3119], [-79.8515, 40.3074], [-79.8672, 40.3096], [-79.8761, 40.3065], [-79.8788, 40.2988], [-79.8785, 40.2785], [-79.9, 40.289], [-79.9248, 40.29], [-79.9271, 40.3207], [-79.9334, 40.3244], [-79.954, 40.3276], [-79.9946, 40.327], [-80.0233, 40.3183], [-80.029, 40.3136], [-80.0329, 40.2906], [-80.0358, 40.2898], [-80.0552, 40.2979], [-80.1127, 40.3447], [-80.1362, 40.357], [-80.1376, 40.3687], [-80.1276, 40.3925], [-80.1265, 40.4107], [-80.1518, 40.4416], [-80.1589, 40.4433], [-80.167, 40.4386], [-80.1908, 40.4334], [-80.2474, 40.4348], [-80.2468, 40.4501], [-80.2332, 40.4606], [-80.2315, 40.471], [-80.2365, 40.4762], [-80.2581, 40.4787], [-80.2811, 40.4916], [-80.2712, 40.5093], [-80.2466, 40.5314], [-80.2388, 40.544], [-80.2378, 40.5513], [-80.2426, 40.5711], [-80.2501, 40.5785], [-80.2694, 40.579], [-80.2733, 40.5915], [-80.292, 40.6017], [-80.2954, 40.6176], [-80.3033, 40.6247], [-80.2989, 40.6331], [-80.282, 40.6282], [-80.2722, 40.6328], [-80.2691, 40.648], [-80.2742, 40.6675], [-80.2794, 40.675], [-80.2872, 40.6769], [-80.3012, 40.6739], [-80.3318, 40.6569], [-80.3569, 40.6561], [-80.3582, 40.6737]], [[-80.1652, 40.4668], [-80.1551, 40.4589], [-80.155, 40.4532], [-80.1501, 40.4466], [-80.1413, 40.4461], [-80.1352, 40.4527], [-80.1304, 40.469], [-80.1222, 40.4811], [-80.1232, 40.4914], [-80.1312, 40.4978], [-80.155, 40.5026], [-80.186, 40.4964], [-80.1955, 40.4834], [-80.1942, 40.4756], [-80.1876, 40.4712], [-80.1652, 40.4668]]]}}, {"type": "Feature", "properties": {}, "geometry": {"type": "Polygon", "coordinates": [[[-75.8145, 39.7153], [-75.7983, 39.7253], [-75.7664, 39.7169], [-75.7514, 39.7161], [-75.7382, 39.725], [-75.7375, 39.7696], [-75.7204, 39.7799], [-75.7178, 39.7863], [-75.729, 39.8243], [-75.7263, 39.8473], [-75.7196, 39.8601], [-75.7165, 39.86], [-75.7119, 39.8493], [-75.7106, 39.8148], [-75.6977, 39.7986], [-75.6584, 39.7921], [-75.6162, 39.7973], [-75.5947, 39.8134], [-75.5876, 39.8271], [-75.5608, 39.8367], [-75.5462, 39.8544], [-75.5351, 39.8627], [-75.5154, 39.8574], [-75.495, 39.8701], [-75.4929, 39.8896], [-75.5028, 39.9085], [-75.5045, 39.9278], [-75.5148, 39.9348], [-75.5143, 39.9378], [-75.5055, 39.9438], [-75.474, 39.9292], [-75.4665, 39.9294], [-75.4466, 39.9413], [-75.4435, 39.9498], [-75.4436, 39.97], [-75.4191, 39.9708], [-75.4119, 39.975], [-75.4104, 39.9832], [-75.4152, 40.0026], [-75.4092, 40.0228], [-75.4147, 40.0338], [-75.4326, 40.0375], [-75.4801, 40.023], [-75.5375, 40.0332], [-75.5506, 40.0231], [-75.5447, 39.9971], [-75.5448, 39.9572], [-75.5884, 39.9353], [-75.6033, 39.9343], [-75.6302, 39.9466], [-75.6777, 39.9859], [-75.715, 39.9908], [-75.7045, 40.0432], [-75.704, 40.1033], [-75.636, 40.0847], [-75.6167, 40.0668], [-75.6184, 40.0433], [-75.6131, 40.0388], [-75.6004, 40.0388], [-75.5859, 40.0505], [-75.5693, 40.0824], [-75.5429, 40.0828], [-75.508, 40.0742], [-75.4984, 40.0816], [-75.5047, 40.1043], [-75.5094, 40.1095], [-75.5396, 40.1192], [-75.5706, 40.1354], [-75.5613, 40.1544], [-75.5664, 40.188], [-75.5587, 40.2044], [-75.5323, 40.1975], [-75.5105, 40.1618], [-75.492, 40.1509], [-75.485, 40.1526], [-75.4808, 40.1623], [-75.4929, 40.1909], [-75.4902, 40.2066], [-75.4689, 40.238], [-75.4514, 40.2356], [-75.4492, 40.2037], [-75.4416, 40.1934], [-75.4239, 40.1936], [-75.3804, 40.1827], [-75.3531, 40.182], [-75.3375, 40.1879], [-75.3321, 40.194], [-75.333, 40.2021], [-75.3643, 40.2549], [-75.3664, 40.2641], [-75.3598, 40.2819], [-75.3597, 40.2917], [-75.3547, 40.2994], [-75.3604, 40.3145], [-75.3597, 40.3252], [-75.3407, 40.3371], [-75.3372, 40.3481], [-75.3271, 40.3529], [-75.3229, 40.3793], [-75.3127, 40.3824], [-75.2853, 40.375], [-75.2844, 40.3537], [-75.2884, 40.3272], [-75.2791, 40.3075], [-75.2722, 40.3047], [-75.1723, 40.3053], [-75.1636, 40.317], [-75.1664, 40.3365], [-75.1631, 40.3551], [-75.1235, 40.3611], [-75.114, 40.3712], [-75.099, 40.3659], [-75.1, 40.35], [-75.1076, 40.3301], [-75.1013, 40.3201], [-75.0993, 40.297], [-75.1041, 40.2802], [-75.1, 40.2742], [-75.0819, 40.2665], [-75.0662, 40.2478], [-75.0525, 40.2423], [-75.0362, 40.2588], [-75.0132, 40.2714], [-74.9776, 40.2744], [-74.8771, 40.2637], [-74.8608, 40.2703], [-74.8467, 40.2826], [-74.8019, 40.2945], [-74.7802, 40.3269], [-74.7284, 40.3104], [-74.707, 40.3091], [-74.6936, 40.3122], [-74.6865, 40.3194], [-74.6874, 40.3547], [-74.6919, 40.3646], [-74.7042, 40.3697], [-74.6819, 40.4036], [-74.6701, 40.4153], [-74.6509, 40.4169], [-74.6005, 40.4037], [-74.5991, 40.3935], [-74.6105, 40.369], [-74.5983, 40.3206], [-74.6006, 40.3016], [-74.6246, 40.3018], [-74.653, 40.3092], [-74.6652, 40.2989], [-74.6632, 40.2861], [-74.6362, 40.2282], [-74.6448, 40.202], [-74.655, 40.1923], [-74.6561, 40.1685], [-74.6872, 40.1655], [-74.6903, 40.1576], [-74.6892, 40.1355], [-74.7016, 40.1119], [-74.7211, 40.1142], [-74.7355, 40.1283], [-74.7463, 40.1327], [-74.7561, 40.1279], [-74.7682, 40.1122], [-74.7843, 40.0995], [-74.8039, 40.0992], [-74.8097, 40.0933], [-74.8081, 40.0648], [-74.7697, 40.0198], [-74.7669, 39.9807], [-74.8133, 39.9682], [-74.8416, 39.967], [-74.8469, 39.9616], [-74.8447, 39.9507], [-74.8223, 39.9362], [-74.8172, 39.9216], [-74.8115, 39.8686], [-74.8449, 39.8657], [-74.8938, 39.8726], [-74.9057, 39.8691], [-74.9093, 39.863], [-74.9063, 39.8501], [-74.8761, 39.8091], [-74.8672, 39.8038], [-74.8779, 39.7693], [-74.8976, 39.758], [-74.9055, 39.7479], [-74.9125, 39.7453], [-74.9324, 39.7444], [-74.9424, 39.7518], [-74.9532, 39.7502], [-74.9615, 39.7367], [-74.9538, 39.7162], [-74.9559, 39.702], [-74.9728, 39.7071], [-74.9801, 39.7047], [-74.9844, 39.6873], [-74.9902, 39.6787], [-75.0101, 39.6798], [-75.0344, 39.706], [-75.0779, 39.7213], [-75.0918, 39.7143], [-75.1036, 39.6987], [-75.1184, 39.6878], [-75.1474, 39.6899], [-75.1619, 39.7495], [-75.1698, 39.7555], [-75.1924, 39.757], [-75.2103, 39.7914], [-75.216, 39.7963], [-75.2656, 39.8133], [-75.2923, 39.8123], [-75.2972, 39.8195], [-75.3015, 39.8445], [-75.2291, 39.8546], [-75.1929, 39.8675], [-75.1662, 39.8734], [-75.1608, 39.8786], [-75.1442, 39.8749], [-75.1294, 39.8839], [-75.1148, 39.8972], [-75.0987, 39.9064], [-75.1137, 39.9221], [-75.1202, 39.9407], [-75.116, 39.9526], [-75.0987, 39.9475], [-75.085, 39.9611], [-75.0788, 39.9536], [-75.0394, 40.0026], [-75.0236, 40.0163], [-75.0465, 40.0091], [-75.08, 39.9864], [-75.1197, 39.9742], [-75.1329, 39.9561], [-75.1387, 39.9336], [-75.1334, 39.9127], [-75.1478, 39.9026], [-75.2079, 39.8854], [-75.2487, 39.8673], [-75.2731, 39.8641], [-75.2974, 39.8717], [-75.3589, 39.8483], [-75.3917, 39.8396], [-75.4276, 39.8034], [-75.463, 39.7846], [-75.4767, 39.7721], [-75.4877, 39.7317], [-75.5007, 39.7143], [-75.5458, 39.6702], [-75.5511, 39.6662], [-75.5868, 39.656], [-75.6052, 39.6167], [-75.6027, 39.6079], [-75.5935, 39.6006], [-75.6098, 39.5898], [-75.6427, 39.5843], [-75.737, 39.5904], [-75.7698, 39.6011], [-75.7735, 39.6131], [-75.7929, 39.6245], [-75.7991, 39.6572], [-75.8131, 39.6878], [-75.8145, 39.7153]]]}}, {"type": "Feature", "properties": {}, "geometry": {"type": "Polygon", "coordinates": [[[-79.637, 40.3203], [-79.6363, 40.3374], [-79.6198, 40.3386], [-79.6002, 40.3208], [-79.59, 40.3165], [-79.5424, 40.3258], [-79.52, 40.3219], [-79.5106, 40.2911], [-79.5596, 40.2791], [-79.5814, 40.2814], [-79.6033, 40.2907], [-79.6037, 40.3069], [-79.6075, 40.3127], [-79.6272, 40.3155], [-79.637, 40.3203]]]}}, {"type": "Feature", "properties": {}, "geometry": {"type": "Polygon", "coordinates": [[[-79.9366, 40.2144], [-79.9035, 40.2154], [-79.8438, 40.1804], [-79.8574, 40.1588], [-79.8756, 40.1421], [-79.9003, 40.1346], [-79.9256, 40.1471], [-79.9185, 40.1621], [-79.8971, 40.1742], [-79.8956, 40.1848], [-79.9045, 40.1907], [-79.934, 40.1916], [-79.9366, 40.2144]]]}}, {"type": "Feature", "properties": {}, "geometry": {"type": "Polygon", "coordinates": [[[-74.3154, 39.7586], [-74.2674, 39.7596], [-74.2457, 39.6949], [-74.2236, 39.6718], [-74.2231, 39.6569], [-74.285, 39.6909], [-74.31, 39.7146], [-74.3154, 39.7586]]]}}, {"type": "Feature", "properties": {}, "geometry": {"type": "Polygon", "coordinates": [[[-74.6239, 39.2596], [-74.6155, 39.278], [-74.6052, 39.2752], [-74.5506, 39.2895], [-74.5506, 39.2827], [-74.579, 39.2678], [-74.6049, 39.2402], [-74.6239, 39.2596]]]}}, {"type": "Feature", "properties": {}, "geometry": {"type": "Polygon", "coordinates": [[[-74.6708, 39.4589], [-74.6595, 39.4782], [-74.6357, 39.4937], [-74.6093, 39.4932], [-74.5919, 39.5047], [-74.559, 39.494], [-74.5358, 39.4938], [-74.527, 39.4838], [-74.51, 39.4468], [-74.4982, 39.4348], [-74.4866, 39.4301], [-74.4606, 39.429], [-74.4675, 39.4121], [-74.4687, 39.3994], [-74.4503, 39.4064], [-74.4344, 39.395], [-74.4134, 39.3571], [-74.4444, 39.3471], [-74.5028, 39.3182], [-74.5301, 39.3106], [-74.5301, 39.3162], [-74.5211, 39.3304], [-74.4818, 39.3647], [-74.5096, 39.3789], [-74.5423, 39.3473], [-74.5552, 39.3293], [-74.5506, 39.3106], [-74.6206, 39.3111], [-74.6248, 39.3251], [-74.6179, 39.3391], [-74.6006, 39.3606], [-74.5999, 39.3694], [-74.6032, 39.3754], [-74.6151, 39.3797], [-74.6148, 39.4108], [-74.6245, 39.4255], [-74.6708, 39.4589]]]}}, {"type": "Feature", "properties": {}, "geometry": {"type": "Polygon", "coordinates": [[[-74.4111, 39.3917], [-74.4255, 39.3937], [-74.4482, 39.4199], [-74.4309, 39.4254], [-74.4134, 39.4047], [-74.4111, 39.3917]]]}}, {"type": "Feature", "properties": {}, "geometry": {"type": "Polygon", "coordinates": [[[-75.1427, 38.6962], [-75.132, 38.7082], [-75.1307, 38.7151], [-75.1482, 38.7486], [-75.1287, 38.7407], [-75.115, 38.7393], [-75.1074, 38.7419], [-75.1042, 38.7493], [-75.1047, 38.7577], [-75.1114, 38.7668], [-75.1391, 38.7745], [-75.1388, 38.7855], [-75.1304, 38.7828], [-75.0999, 38.788], [-75.0963, 38.7986], [-75.0855, 38.7976], [-75.0671, 38.6842], [-75.0767, 38.679], [-75.0776, 38.6865], [-75.0864, 38.6933], [-75.1209, 38.6838], [-75.1392, 38.6881], [-75.1377, 38.6858], [-75.1425, 38.6925], [-75.1427, 38.6962]]]}}, {"type": "Feature", "properties": {}, "geometry": {"type": "Polygon", "coordinates": [[[-80.0251, 43.2434], [-80.0118, 43.2503], [-79.98, 43.2818], [-79.9152, 43.2925], [-79.8838, 43.3142], [-79.8741, 43.3263], [-79.8705, 43.3384], [-79.8724, 43.348], [-79.8876, 43.3615], [-79.8913, 43.3817], [-79.8738, 43.3816], [-79.8561, 43.3902], [-79.8355, 43.395], [-79.8128, 43.4263], [-79.8016, 43.4238], [-79.779, 43.4087], [-79.7685, 43.4106], [-79.7658, 43.4209], [-79.7774, 43.4366], [-79.781, 43.4585], [-79.757, 43.4714], [-79.7198, 43.5008], [-79.7203, 43.5123], [-79.7586, 43.5344], [-79.7879, 43.5702], [-79.8032, 43.5789], [-79.7998, 43.6021], [-79.7741, 43.6265], [-79.7707, 43.6462], [-79.7786, 43.6604], [-79.8189, 43.6693], [-79.8366, 43.6793], [-79.8373, 43.7292], [-79.8306, 43.7495], [-79.813, 43.7596], [-79.7774, 43.7611], [-79.7474, 43.7792], [-79.735, 43.7819], [-79.722, 43.7659], [-79.7147, 43.7655], [-79.7012, 43.7708], [-79.6727, 43.7596], [-79.6557, 43.7606], [-79.6428, 43.768], [-79.6371, 43.7843], [-79.6361, 43.8369], [-79.606, 43.83], [-79.5969, 43.8311], [-79.5674, 43.8652], [-79.5177, 43.8699], [-79.5063, 43.8766], [-79.4978, 43.8762], [-79.457, 43.9264], [-79.4333, 43.9209], [-79.4078, 43.8928], [-79.3898, 43.8827], [-79.3716, 43.8851], [-79.3564, 43.8936], [-79.3451, 43.9072], [-79.3353, 43.9263], [-79.325, 43.9233], [-79.3095, 43.9048], [-79.3018, 43.9044], [-79.2794, 43.9131], [-79.2655, 43.9036], [-79.2453, 43.904], [-79.2365, 43.8903], [-79.2378, 43.8631], [-79.2338, 43.8521], [-79.2223, 43.8479], [-79.2199, 43.8419], [-79.211, 43.8366], [-79.2071, 43.827], [-79.1874, 43.8208], [-79.161, 43.8353], [-79.1471, 43.8593], [-79.1336, 43.86], [-79.1278, 43.8641], [-79.1258, 43.8803], [-79.1167, 43.8861], [-79.1138, 43.8926], [-79.101, 43.8982], [-79.0966, 43.9176], [-79.0907, 43.9263], [-79.0626, 43.9193], [-79.055, 43.9133], [-79.0514, 43.8962], [-79.034, 43.8927], [-79.0286, 43.8837], [-79.0225, 43.8815], [-79.0067, 43.8464], [-79.0077, 43.8434], [-79.0407, 43.8276], [-79.0623, 43.8235], [-79.0893, 43.8243], [-79.1054, 43.8181], [-79.1159, 43.8087], [-79.1344, 43.7825], [-79.2007, 43.7516], [-79.2787, 43.6974], [-79.3379, 43.6685], [-79.3704, 43.6429], [-79.4459, 43.6496], [-79.4695, 43.6456], [-79.4821, 43.6333], [-79.5069, 43.5983], [-79.5501, 43.5879], [-79.5708, 43.5799], [-79.589, 43.5685], [-79.6001, 43.5556], [-79.6067, 43.5371], [-79.6156, 43.4924], [-79.6816, 43.4138], [-79.7463, 43.3615], [-79.7735, 43.3258], [-79.7925, 43.3269], [-79.7997, 43.3226], [-79.8067, 43.3058], [-79.8172, 43.2941], [-79.8164, 43.2865], [-79.8106, 43.2817], [-79.7631, 43.2853], [-79.7378, 43.2629], [-79.6794, 43.2398], [-79.6795, 43.2367], [-79.699, 43.2192], [-79.7117, 43.2005], [-79.8051, 43.2071], [-79.8183, 43.2012], [-79.8223, 43.1897], [-79.8367, 43.1888], [-79.8461, 43.178], [-79.9007, 43.1997], [-79.9354, 43.2003], [-79.9462, 43.2192], [-79.9527, 43.2219], [-79.974, 43.2141], [-79.9784, 43.2004], [-79.991, 43.2007], [-80.0142, 43.2122], [-80.0154, 43.2253], [-80.0255, 43.2348], [-80.0251, 43.2434]]]}}, {"type": "Feature", "properties": {}, "geometry": {"type": "Polygon", "coordinates": [[[-83.934, 43.6255], [-83.925, 43.6497], [-83.9008, 43.6819], [-83.88, 43.6724], [-83.8353, 43.6586], [-83.8312, 43.6409], [-83.85, 43.5933], [-83.8851, 43.5603], [-83.9249, 43.568], [-83.9345, 43.5873], [-83.9364, 43.6], [-83.934, 43.6255]]]}}, {"type": "Feature", "properties": {}, "geometry": {"type": "Polygon", "coordinates": [[[-88.2687, 43.0357], [-88.2614, 43.0385], [-88.2342, 43.0381], [-88.223, 43.0449], [-88.2189, 43.0506], [-88.2158, 43.0728], [-88.1887, 43.071], [-88.1799, 43.0642], [-88.1723, 43.0656], [-88.168, 43.072], [-88.1665, 43.0862], [-88.156, 43.1042], [-88.1296, 43.093], [-88.1075, 43.1009], [-88.1023, 43.1071], [-88.1016, 43.1259], [-88.0789, 43.1429], [-88.0805, 43.1537], [-88.0889, 43.1571], [-88.146, 43.1452], [-88.1584, 43.1889], [-88.1688, 43.2024], [-88.1637, 43.2101], [-88.1437, 43.2167], [-88.1324, 43.2149], [-88.1187, 43.1931], [-88.0993, 43.1929], [-88.0738, 43.174], [-88.0664, 43.174], [-88.061, 43.1791], [-88.0567, 43.1929], [-88.0319, 43.193], [-88.0262, 43.1991], [-88.027, 43.2073], [-88.0358, 43.2235], [-88.0352, 43.2363], [-88.0253, 43.244], [-87.98, 43.2484], [-87.9362, 43.2639], [-87.9064, 43.2639], [-87.9035, 43.2304], [-87.8832, 43.1786], [-87.8971, 43.1242], [-87.8912, 43.1139], [-87.8746, 43.1031], [-87.8698, 43.0959], [-87.8728, 43.0766], [-87.8931, 43.0406], [-87.8975, 43.0231], [-87.8911, 43.0121], [-87.8644, 43.0053], [-87.8473, 42.9824], [-87.8392, 42.9589], [-87.8363, 42.8793], [-87.8327, 42.8663], [-87.8379, 42.8655], [-87.8838, 42.8895], [-87.9039, 42.8942], [-87.9231, 42.8919], [-87.9458, 42.8783], [-87.9544, 42.8827], [-87.9583, 42.9114], [-87.9897, 42.9216], [-88.0148, 42.918], [-88.0367, 42.9072], [-88.0557, 42.9044], [-88.0892, 42.9279], [-88.0939, 42.9455], [-88.1041, 42.9503], [-88.1179, 42.9513], [-88.1269, 42.9568], [-88.1547, 43.0155], [-88.166, 43.017], [-88.2454, 42.9782], [-88.2708, 43.0173], [-88.2687, 43.0357]]]}}, {"type": "Feature", "properties": {}, "geometry": {"type": "Polygon", "coordinates": [[[-85.8246, 42.9248], [-85.7953, 42.9297], [-85.7638, 42.9495], [-85.7471, 42.9492], [-85.7395, 42.9522], [-85.7376, 42.9638], [-85.7569, 42.9836], [-85.7576, 43.0033], [-85.732, 43.006], [-85.7139, 43.018], [-85.7094, 43.0271], [-85.7135, 43.0362], [-85.6911, 43.0701], [-85.6684, 43.0744], [-85.5775, 43.0708], [-85.5691, 43.051], [-85.5778, 43.0376], [-85.5901, 43.0291], [-85.5943, 43.0226], [-85.5873, 43.0076], [-85.5918, 42.993], [-85.5885, 42.9856], [-85.5768, 42.9843], [-85.5667, 42.9931], [-85.5363, 42.972], [-85.4919, 42.9791], [-85.4763, 42.9692], [-85.4888, 42.9177], [-85.4995, 42.9006], [-85.5308, 42.9001], [-85.5485, 42.8927], [-85.5534, 42.8873], [-85.5557, 42.867], [-85.5737, 42.87], [-85.5977, 42.888], [-85.611, 42.8886], [-85.6216, 42.8808], [-85.6382, 42.8524], [-85.6795, 42.8333], [-85.6898, 42.8337], [-85.6947, 42.8415], [-85.7022, 42.8455], [-85.7027, 42.8616], [-85.7073, 42.8671], [-85.768, 42.8671], [-85.7785, 42.8864], [-85.8016, 42.8895], [-85.8087, 42.8988], [-85.8194, 42.904], [-85.8246, 42.9248]]]}}, {"type": "Feature", "properties": {}, "geometry": {"type": "Polygon", "coordinates": [[[-83.8245, 42.2926], [-83.8152, 42.3003], [-83.8134, 42.3148], [-83.8018, 42.3181], [-83.7913, 42.337], [-83.7813, 42.3398], [-83.7638, 42.3267], [-83.7485, 42.3276], [-83.7348, 42.3224], [-83.711, 42.3375], [-83.6882, 42.3258], [-83.6857, 42.3086], [-83.6771, 42.3037], [-83.6613, 42.2845], [-83.6445, 42.2821], [-83.6395, 42.2732], [-83.6223, 42.2709], [-83.6084, 42.2606], [-83.5999, 42.2612], [-83.5785, 42.2711], [-83.5141, 42.2795], [-83.4974, 42.2897], [-83.4954, 42.2966], [-83.5026, 42.3125], [-83.5029, 42.3333], [-83.515, 42.3446], [-83.5294, 42.3651], [-83.536, 42.3681], [-83.5348, 42.4048], [-83.5473, 42.4133], [-83.5449, 42.4215], [-83.5345, 42.4293], [-83.5165, 42.4677], [-83.5171, 42.4748], [-83.5248, 42.4837], [-83.5533, 42.4925], [-83.569, 42.5011], [-83.5696, 42.5572], [-83.5607, 42.564], [-83.5579, 42.5815], [-83.5311, 42.5817], [-83.5251, 42.5864], [-83.5196, 42.626], [-83.5139, 42.6365], [-83.4982, 42.6331], [-83.4912, 42.636], [-83.4883, 42.6431], [-83.4922, 42.6519], [-83.4915, 42.6697], [-83.4621, 42.6873], [-83.4621, 42.715], [-83.4763, 42.7392], [-83.5028, 42.7574], [-83.4947, 42.7731], [-83.4814, 42.7716], [-83.4532, 42.7603], [-83.4227, 42.771], [-83.3879, 42.7612], [-83.3799, 42.7704], [-83.3726, 42.7709], [-83.366, 42.7629], [-83.3699, 42.7379], [-83.3672, 42.7318], [-83.3598, 42.728], [-83.3373, 42.7275], [-83.3315, 42.7327], [-83.332, 42.7444], [-83.3248, 42.7589], [-83.2997, 42.7634], [-83.291, 42.7817], [-83.2736, 42.7934], [-83.2737, 42.8007], [-83.2823, 42.8219], [-83.2802, 42.8368], [-83.2613, 42.8375], [-83.2451, 42.8329], [-83.2222, 42.8153], [-83.2136, 42.7995], [-83.2357, 42.7691], [-83.2423, 42.7468], [-83.2387, 42.7398], [-83.2135, 42.7279], [-83.1919, 42.7265], [-83.1558, 42.7405], [-83.1445, 42.7374], [-83.1362, 42.7275], [-83.1265, 42.7276], [-83.1134, 42.7219], [-83.0853, 42.7329], [-83.0651, 42.7267], [-83.0482, 42.7274], [-83.0366, 42.7166], [-82.9895, 42.7154], [-82.9779, 42.6966], [-82.9662, 42.6926], [-82.9617, 42.6831], [-82.9337, 42.682], [-82.9144, 42.6716], [-82.8965, 42.6796], [-82.8326, 42.6983], [-82.8114, 42.6979], [-82.8047, 42.6842], [-82.8288, 42.5713], [-82.8501, 42.5641], [-82.8601, 42.5575], [-82.8715, 42.5388], [-82.879, 42.5166], [-82.8807, 42.4949], [-82.8693, 42.4728], [-82.8677, 42.4619], [-82.8883, 42.4022], [-82.9048, 42.3859], [-82.9373, 42.3643], [-82.9799, 42.3572], [-83.0431, 42.338], [-83.0611, 42.3253], [-83.1228, 42.2681], [-83.1444, 42.231], [-83.1762, 42.1256], [-83.1897, 42.1007], [-83.201, 42.1011], [-83.2135, 42.1093], [-83.2225, 42.1109], [-83.2506, 42.0895], [-83.2689, 42.0896], [-83.2914, 42.0957], [-83.3021, 42.0896], [-83.3101, 42.0949], [-83.3123, 42.1037], [-83.2946, 42.1374], [-83.2925, 42.149], [-83.2975, 42.1652], [-83.307, 42.1785], [-83.3474, 42.2063], [-83.4017, 42.1864], [-83.4128, 42.1895], [-83.4229, 42.2041], [-83.4326, 42.2107], [-83.4476, 42.2103], [-83.4659, 42.202], [-83.4853, 42.2021], [-83.4922, 42.2116], [-83.5115, 42.2184], [-83.5059, 42.236], [-83.5124, 42.244], [-83.5251, 42.244], [-83.5373, 42.2345], [-83.5359, 42.2233], [-83.5196, 42.2149], [-83.5258, 42.2058], [-83.5569, 42.198], [-83.5687, 42.2007], [-83.5762, 42.2103], [-83.6015, 42.2116], [-83.6075, 42.2195], [-83.6151, 42.2223], [-83.6923, 42.2174], [-83.7228, 42.2284], [-83.743, 42.2116], [-83.7573, 42.2117], [-83.7904, 42.2445], [-83.8156, 42.2619], [-83.8277, 42.2763], [-83.8245, 42.2926]]]}}, {"type": "Feature", "properties": {}, "geometry": {"type": "Polygon", "coordinates": [[[-83.1226, 42.1037], [-83.116, 42.1322], [-83.0994, 42.1259], [-83.1056, 42.1093], [-83.1179, 42.1022], [-83.1226, 42.1037]]]}}, {"type": "Feature", "properties": {}, "geometry": {"type": "Polygon", "coordinates": [[[-83.1688, 42.1323], [-83.1529, 42.1892], [-83.1428, 42.1967], [-83.1452, 42.1711], [-83.1398, 42.1373], [-83.1428, 42.1116], [-83.1458, 42.1114], [-83.1552, 42.1218], [-83.1688, 42.1215], [-83.1688, 42.1323]]]}}, {"type": "Feature", "properties": {}, "geometry": {"type": "Polygon", "coordinates": [[[-83.1068, 42.2194], [-83.1003, 42.263], [-83.0916, 42.2865], [-83.0802, 42.3049], [-83.0435, 42.3258], [-83.0309, 42.3303], [-83.0078, 42.3221], [-82.9727, 42.3409], [-82.9476, 42.3453], [-82.8484, 42.3321], [-82.8446, 42.328], [-82.8473, 42.3138], [-82.8569, 42.306], [-82.9619, 42.2785], [-82.9655, 42.2615], [-82.9577, 42.2373], [-82.9668, 42.2228], [-83.0345, 42.2447], [-83.056, 42.255], [-83.0623, 42.2513], [-83.0778, 42.2228], [-83.0972, 42.2173], [-83.1068, 42.2194]]]}}, {"type": "Feature", "properties": {}, "geometry": {"type": "Polygon", "coordinates": [[[-88.3907, 41.7813], [-88.3741, 41.7863], [-88.364, 41.8021], [-88.3628, 41.8102], [-88.3686, 41.8251], [-88.3587, 41.8346], [-88.3573, 41.8591], [-88.3474, 41.8696], [-88.3527, 41.8965], [-88.3625, 41.9106], [-88.3798, 41.9241], [-88.3774, 41.9363], [-88.3527, 41.9452], [-88.3476, 41.9511], [-88.3459, 41.9595], [-88.3252, 41.9699], [-88.3182, 41.9981], [-88.3232, 42.0071], [-88.334, 42.0163], [-88.3686, 42.0355], [-88.3613, 42.0503], [-88.3433, 42.0667], [-88.3366, 42.0786], [-88.3354, 42.1365], [-88.3221, 42.1385], [-88.3158, 42.1471], [-88.3193, 42.1606], [-88.3261, 42.1685], [-88.3499, 42.1739], [-88.3575, 42.1793], [-88.3592, 42.2044], [-88.3766, 42.2272], [-88.3798, 42.2475], [-88.3038, 42.2615], [-88.2644, 42.2598], [-88.2434, 42.2374], [-88.2356, 42.2181], [-88.2002, 42.2155], [-88.1826, 42.2055], [-88.174, 42.2074], [-88.1579, 42.2258], [-88.1441, 42.2265], [-88.1285, 42.2177], [-88.1118, 42.2252], [-88.1004, 42.2266], [-88.0643, 42.2157], [-88.0393, 42.217], [-88.032, 42.2148], [-88.0241, 42.2004], [-88.0246, 42.1759], [-88.0188, 42.1701], [-88.0106, 42.1706], [-87.9867, 42.1997], [-87.9838, 42.2119], [-87.9933, 42.2226], [-88.0124, 42.2229], [-88.0223, 42.2374], [-88.0332, 42.2447], [-88.057, 42.2452], [-88.0505, 42.2752], [-88.0455, 42.282], [-88.0259, 42.2946], [-88.0005, 42.3044], [-87.9792, 42.3061], [-87.9675, 42.3264], [-87.938, 42.3149], [-87.9295, 42.3153], [-87.9241, 42.3238], [-87.9259, 42.332], [-87.9497, 42.345], [-87.9608, 42.364], [-87.9715, 42.3722], [-87.9814, 42.3665], [-87.9873, 42.3347], [-88.0006, 42.3313], [-88.0335, 42.3324], [-88.1931, 42.3806], [-88.234, 42.3782], [-88.2292, 42.4046], [-88.2193, 42.4257], [-88.2022, 42.442], [-88.1771, 42.4486], [-88.173, 42.4283], [-88.1551, 42.3958], [-88.1235, 42.3931], [-88.0989, 42.3983], [-88.0833, 42.4121], [-88.0786, 42.4486], [-88.0616, 42.4475], [-88.0372, 42.4365], [-88.0224, 42.4377], [-88.0197, 42.4116], [-88.0445, 42.3911], [-88.0419, 42.3805], [-88.0349, 42.3778], [-88.0128, 42.3823], [-87.9786, 42.4042], [-87.8878, 42.4139], [-87.8693, 42.4263], [-87.8669, 42.4353], [-87.8688, 42.4697], [-87.8514, 42.4817], [-87.8443, 42.4933], [-87.8346, 42.4859], [-87.8025, 42.4718], [-87.8101, 42.3852], [-87.82, 42.3716], [-87.8241, 42.3539], [-87.8205, 42.2807], [-87.8104, 42.24], [-87.7946, 42.206], [-87.7612, 42.158], [-87.7482, 42.1247], [-87.7235, 42.1003], [-87.6869, 42.087], [-87.6739, 42.0719], [-87.6592, 42.033], [-87.6454, 41.9437], [-87.617, 41.8948], [-87.593, 41.8217], [-87.575, 41.7889], [-87.491, 41.6988], [-87.4585, 41.6815], [-87.4258, 41.6895], [-87.4263, 41.6642], [-87.4213, 41.6558], [-87.406, 41.6477], [-87.3847, 41.642], [-87.2908, 41.6302], [-87.203, 41.6368], [-87.148, 41.6513], [-87.1095, 41.6353], [-87.1181, 41.6237], [-87.1417, 41.6123], [-87.1532, 41.6021], [-87.1771, 41.5675], [-87.1893, 41.5657], [-87.2144, 41.5688], [-87.2235, 41.5655], [-87.2509, 41.5242], [-87.3109, 41.5229], [-87.3178, 41.52], [-87.3209, 41.5075], [-87.3088, 41.4779], [-87.3108, 41.4562], [-87.3787, 41.4562], [-87.3867, 41.4703], [-87.396, 41.5009], [-87.401, 41.5093], [-87.4074, 41.5119], [-87.448, 41.5111], [-87.4584, 41.4883], [-87.4666, 41.4783], [-87.4812, 41.4758], [-87.5345, 41.4785], [-87.5445, 41.4937], [-87.5404, 41.5283], [-87.5458, 41.5331], [-87.565, 41.5338], [-87.5718, 41.531], [-87.575, 41.5243], [-87.571, 41.5101], [-87.5649, 41.5025], [-87.5711, 41.4939], [-87.6013, 41.4877], [-87.6303, 41.4627], [-87.6501, 41.4512], [-87.6677, 41.4562], [-87.6757, 41.4659], [-87.7122, 41.4646], [-87.7228, 41.4672], [-87.7357, 41.485], [-87.7462, 41.49], [-87.7318, 41.5345], [-87.742, 41.5512], [-87.7479, 41.5549], [-87.7839, 41.5499], [-87.8459, 41.5244], [-87.8907, 41.5236], [-87.8882, 41.5426], [-87.8765, 41.5526], [-87.8576, 41.5578], [-87.8535, 41.5638], [-87.8546, 41.571], [-87.8741, 41.5879], [-87.8824, 41.6057], [-87.9013, 41.612], [-87.9082, 41.6323], [-87.9355, 41.6468], [-87.923, 41.6653], [-87.8665, 41.6796], [-87.86, 41.685], [-87.8599, 41.6935], [-87.8691, 41.7166], [-87.8747, 41.7217], [-87.8845, 41.7221], [-87.9698, 41.6819], [-87.9773, 41.6672], [-88.0256, 41.6597], [-88.0306, 41.654], [-88.0324, 41.6452], [-88.0515, 41.6348], [-88.0529, 41.6238], [-88.0428, 41.6034], [-88.0439, 41.5778], [-88.041, 41.5681], [-88.0339, 41.5603], [-87.9983, 41.5366], [-88.0099, 41.5122], [-88.0178, 41.5133], [-88.0322, 41.5222], [-88.051, 41.5128], [-88.0549, 41.5007], [-88.0716, 41.4986], [-88.0777, 41.4893], [-88.1305, 41.4854], [-88.1399, 41.4796], [-88.1433, 41.4677], [-88.1638, 41.4569], [-88.1672, 41.4441], [-88.167, 41.4162], [-88.1763, 41.4012], [-88.1935, 41.401], [-88.2083, 41.4096], [-88.216, 41.4078], [-88.2228, 41.4006], [-88.2319, 41.4078], [-88.2328, 41.4172], [-88.2243, 41.4363], [-88.2049, 41.4471], [-88.2021, 41.4699], [-88.1816, 41.483], [-88.1789, 41.4902], [-88.1855, 41.4993], [-88.2239, 41.5125], [-88.1968, 41.5714], [-88.2015, 41.5857], [-88.2128, 41.5902], [-88.224, 41.6147], [-88.2087, 41.639], [-88.1949, 41.6482], [-88.1768, 41.6486], [-88.1421, 41.6338], [-88.132, 41.6261], [-88.1315, 41.6119], [-88.144, 41.5808], [-88.1371, 41.5725], [-88.1171, 41.5737], [-88.111, 41.579], [-88.1124, 41.5972], [-88.1057, 41.6084], [-88.113, 41.6281], [-88.113, 41.6436], [-88.0953, 41.665], [-88.0947, 41.6721], [-88.105, 41.6846], [-88.1444, 41.6893], [-88.1542, 41.6996], [-88.191, 41.6983], [-88.2016, 41.701], [-88.2129, 41.7124], [-88.213, 41.7277], [-88.2193, 41.7327], [-88.2388, 41.7246], [-88.2556, 41.7226], [-88.2621, 41.7308], [-88.2707, 41.7327], [-88.2876, 41.7281], [-88.337, 41.7042], [-88.3562, 41.7006], [-88.3873, 41.7576], [-88.3907, 41.7813]], [[-88.2652, 42.1554], [-88.2594, 42.1491], [-88.2438, 42.1487], [-88.2333, 42.1396], [-88.2209, 42.0941], [-88.203, 42.0689], [-88.1947, 42.0464], [-88.1831, 42.0448], [-88.1702, 42.055], [-88.1663, 42.0609], [-88.1674, 42.068], [-88.1793, 42.0787], [-88.1814, 42.0855], [-88.1653, 42.1143], [-88.1707, 42.1631], [-88.174, 42.1691], [-88.2151, 42.1857], [-88.2398, 42.1883], [-88.2609, 42.1796], [-88.2652, 42.1554]], [[-88.2807, 41.9995], [-88.287, 41.9903], [-88.287, 41.96], [-88.2802, 41.9506], [-88.263, 41.9511], [-88.221, 41.9378], [-88.2077, 41.9384], [-88.2025, 41.944], [-88.2019, 41.9591], [-88.1822, 41.9703], [-88.1781, 41.9762], [-88.1789, 41.9833], [-88.1844, 41.988], [-88.2017, 41.9883], [-88.2552, 41.9999], [-88.2807, 41.9995]], [[-88.26, 41.8929], [-88.2672, 41.8945], [-88.2736, 41.8907], [-88.2827, 41.8613], [-88.2821, 41.8542], [-88.2769, 41.8493], [-88.2491, 41.8449], [-88.2426, 41.8362], [-88.2414, 41.8149], [-88.23, 41.812], [-88.2173, 41.825], [-88.2163, 41.834], [-88.26, 41.8929]]]}}, {"type": "Feature", "properties": {}, "geometry": {"type": "Polygon", "coordinates": [[[-71.283, 41.7488], [-71.2674, 41.7469], [-71.2693, 41.6991], [-71.3037, 41.6942], [-71.2941, 41.7202], [-71.2809, 41.7414], [-71.283, 41.7488]]]}}, {"type": "Feature", "properties": {}, "geometry": {"type": "Polygon", "coordinates": [[[-71.6155, 41.7035], [-71.6029, 41.7069], [-71.5808, 41.7], [-71.5744, 41.7041], [-71.5634, 41.7272], [-71.5507, 41.7353], [-71.5114, 41.739], [-71.5057, 41.7446], [-71.5051, 41.7578], [-71.5084, 41.7651], [-71.5371, 41.7842], [-71.5492, 41.8025], [-71.5437, 41.8222], [-71.511, 41.8432], [-71.507, 41.8504], [-71.5094, 41.8581], [-71.5252, 41.8671], [-71.5367, 41.8665], [-71.5471, 41.856], [-71.5615, 41.8667], [-71.5488, 41.9148], [-71.4929, 41.8927], [-71.4653, 41.8882], [-71.4444, 41.8925], [-71.4402, 41.8987], [-71.4429, 41.9119], [-71.456, 41.9271], [-71.4694, 41.9302], [-71.4806, 41.9226], [-71.4885, 41.9266], [-71.4935, 41.9477], [-71.481, 41.9494], [-71.4754, 41.9536], [-71.4739, 41.9606], [-71.4773, 41.9666], [-71.5196, 41.9715], [-71.5367, 41.9782], [-71.5493, 41.9961], [-71.5599, 42.0016], [-71.5568, 42.0116], [-71.5155, 42.0428], [-71.5041, 42.048], [-71.4905, 42.0484], [-71.4847, 42.0348], [-71.4565, 42.0256], [-71.4543, 42.0167], [-71.456, 41.9834], [-71.4456, 41.9616], [-71.4129, 41.9315], [-71.4048, 41.9278], [-71.3918, 41.9277], [-71.3672, 41.9385], [-71.3529, 41.9613], [-71.3604, 41.9801], [-71.3708, 42.0371], [-71.3457, 42.0216], [-71.3297, 42.0198], [-71.3148, 42.0277], [-71.3103, 42.0359], [-71.2881, 42.0464], [-71.2775, 42.0583], [-71.2722, 42.0695], [-71.2745, 42.0851], [-71.2818, 42.098], [-71.2943, 42.107], [-71.3159, 42.1132], [-71.313, 42.1345], [-71.2863, 42.1533], [-71.2852, 42.1649], [-71.3221, 42.1802], [-71.3269, 42.2028], [-71.2922, 42.2155], [-71.2823, 42.2053], [-71.2623, 42.2087], [-71.2427, 42.2367], [-71.2409, 42.2458], [-71.2444, 42.2519], [-71.2738, 42.2755], [-71.293, 42.2785], [-71.3246, 42.2671], [-71.3704, 42.2662], [-71.3801, 42.2559], [-71.4164, 42.2496], [-71.4246, 42.243], [-71.4364, 42.2226], [-71.443, 42.2245], [-71.4518, 42.2334], [-71.4703, 42.2339], [-71.4733, 42.2403], [-71.4936, 42.2575], [-71.4948, 42.2645], [-71.4894, 42.2697], [-71.4881, 42.277], [-71.5028, 42.2938], [-71.5046, 42.314], [-71.4843, 42.3185], [-71.4637, 42.3405], [-71.4519, 42.3475], [-71.4494, 42.3655], [-71.457, 42.3897], [-71.4482, 42.404], [-71.4238, 42.3929], [-71.4101, 42.3716], [-71.3792, 42.3698], [-71.367, 42.3623], [-71.366, 42.3476], [-71.3615, 42.342], [-71.3373, 42.3442], [-71.3301, 42.3478], [-71.3266, 42.359], [-71.3177, 42.3644], [-71.3152, 42.3705], [-71.3072, 42.3722], [-71.3018, 42.3781], [-71.2986, 42.4116], [-71.2878, 42.4391], [-71.2893, 42.4508], [-71.3091, 42.4721], [-71.3042, 42.5239], [-71.3097, 42.5419], [-71.3411, 42.5693], [-71.3594, 42.5785], [-71.3701, 42.5978], [-71.3766, 42.6005], [-71.4217, 42.6021], [-71.4378, 42.6125], [-71.4383, 42.6276], [-71.4149, 42.6506], [-71.4106, 42.6824], [-71.4041, 42.6926], [-71.3494, 42.7047], [-71.3373, 42.7261], [-71.3227, 42.7277], [-71.3101, 42.7057], [-71.2903, 42.7037], [-71.273, 42.6833], [-71.2627, 42.6859], [-71.2447, 42.7026], [-71.2434, 42.7095], [-71.2491, 42.7243], [-71.2504, 42.7456], [-71.2824, 42.7684], [-71.2698, 42.8019], [-71.2709, 42.8258], [-71.2277, 42.8279], [-71.1998, 42.8165], [-71.1649, 42.7881], [-71.155, 42.7864], [-71.1385, 42.8026], [-71.1341, 42.8475], [-71.1269, 42.8697], [-71.1103, 42.8698], [-71.1013, 42.8637], [-71.08, 42.8273], [-71.0501, 42.8043], [-71.036, 42.7849], [-71.0341, 42.7583], [-71.0361, 42.7558], [-71.0876, 42.7522], [-71.0985, 42.7463], [-71.1007, 42.7046], [-71.0929, 42.6823], [-71.0928, 42.6729], [-71.1015, 42.6562], [-71.1205, 42.6322], [-71.1265, 42.6173], [-71.1238, 42.6082], [-71.1179, 42.6043], [-71.1023, 42.6042], [-71.0887, 42.5861], [-71.0743, 42.5776], [-71.0615, 42.5836], [-71.06, 42.6033], [-71.0401, 42.6198], [-71.0375, 42.626], [-71.0083, 42.6262], [-70.9983, 42.6365], [-70.9808, 42.6367], [-70.968, 42.6324], [-70.9432, 42.6064], [-70.9241, 42.6104], [-70.9041, 42.6208], [-70.8872, 42.6254], [-70.8675, 42.6141], [-70.8323, 42.556], [-70.8614, 42.5469], [-70.878, 42.5375], [-70.8706, 42.5307], [-70.8851, 42.52], [-70.8917, 42.5028], [-70.8778, 42.5079], [-70.8541, 42.5237], [-70.8501, 42.5137], [-70.8382, 42.4992], [-70.8553, 42.4951], [-70.8917, 42.4693], [-70.9155, 42.4694], [-70.9221, 42.4656], [-70.9254, 42.4532], [-70.9176, 42.4428], [-70.8917, 42.4283], [-70.9164, 42.4224], [-70.9437, 42.447], [-70.963, 42.4383], [-70.9734, 42.4251], [-70.9744, 42.4164], [-70.9662, 42.4004], [-70.9603, 42.369], [-70.9525, 42.3594], [-70.9673, 42.3607], [-70.9836, 42.3766], [-70.9972, 42.3806], [-71.0072, 42.3776], [-71.0058, 42.3708], [-70.9872, 42.3594], [-71.006, 42.3571], [-71.0369, 42.3725], [-71.0487, 42.3594], [-71.0277, 42.3536], [-71.0146, 42.3389], [-71.0299, 42.3378], [-71.0423, 42.3318], [-71.0468, 42.3215], [-71.0384, 42.3079], [-71.0272, 42.3005], [-71.0178, 42.3002], [-70.9935, 42.311], [-70.9989, 42.2838], [-70.9835, 42.2796], [-70.9629, 42.2802], [-70.9525, 42.2672], [-70.9662, 42.2538], [-70.9662, 42.2496], [-70.9618, 42.2462], [-70.9495, 42.2428], [-70.9469, 42.2465], [-70.9405, 42.246], [-70.9106, 42.2568], [-70.8968, 42.2195], [-70.8437, 42.1731], [-70.8345, 42.1601], [-70.8221, 42.1529], [-70.8229, 42.1466], [-70.8343, 42.1401], [-70.8397, 42.1246], [-70.863, 42.1422], [-70.8851, 42.1427], [-70.8988, 42.1201], [-70.9194, 42.1059], [-70.9311, 42.0712], [-70.9472, 42.0671], [-70.9559, 42.0759], [-70.9674, 42.0738], [-70.9844, 42.0593], [-70.9969, 42.0323], [-71.0363, 42.0441], [-71.0701, 42.0323], [-71.093, 42.0342], [-71.0988, 42.0475], [-71.1186, 42.0517], [-71.1269, 42.0573], [-71.1195, 42.0901], [-71.1264, 42.1042], [-71.1698, 42.1401], [-71.1849, 42.1473], [-71.197, 42.1454], [-71.202, 42.1339], [-71.2221, 42.1342], [-71.2366, 42.1248], [-71.2544, 42.0948], [-71.253, 42.0818], [-71.249, 42.0765], [-71.2391, 42.0737], [-71.219, 42.0743], [-71.2014, 42.0704], [-71.1976, 42.0537], [-71.1897, 42.0474], [-71.19, 42.0219], [-71.2109, 41.9928], [-71.2133, 41.9672], [-71.2263, 41.9795], [-71.2307, 41.9962], [-71.2378, 42.0083], [-71.2532, 42.0112], [-71.2606, 42.0084], [-71.2675, 41.9974], [-71.2679, 41.9345], [-71.279, 41.9265], [-71.3132, 41.9193], [-71.324, 41.9086], [-71.323, 41.8797], [-71.3362, 41.846], [-71.3337, 41.8375], [-71.3154, 41.8237], [-71.3119, 41.8139], [-71.3159, 41.7959], [-71.3261, 41.7803], [-71.3238, 41.7718], [-71.3022, 41.7497], [-71.3044, 41.73], [-71.3088, 41.722], [-71.3371, 41.7338], [-71.3556, 41.7463], [-71.364, 41.7598], [-71.3704, 41.7921], [-71.3913, 41.8188], [-71.3963, 41.7833], [-71.3913, 41.7425], [-71.3675, 41.7238], [-71.364, 41.7121], [-71.3844, 41.6742], [-71.3984, 41.6898], [-71.4186, 41.6946], [-71.4416, 41.6841], [-71.4468, 41.6772], [-71.422, 41.666], [-71.442, 41.6652], [-71.4476, 41.6589], [-71.4432, 41.6345], [-71.4135, 41.6111], [-71.4237, 41.5943], [-71.4328, 41.588], [-71.4465, 41.5903], [-71.4699, 41.6005], [-71.4813, 41.6216], [-71.5028, 41.6276], [-71.5044, 41.658], [-71.5077, 41.6646], [-71.5515, 41.6687], [-71.5634, 41.6549], [-71.5697, 41.656], [-71.5754, 41.6675], [-71.6001, 41.6747], [-71.6121, 41.6832], [-71.6155, 41.7035]]]}}, {"type": "Feature", "properties": {}, "geometry": {"type": "Polygon", "coordinates": [[[-73.3032, 41.1981], [-73.2891, 41.211], [-73.2865, 41.2357], [-73.2815, 41.2485], [-73.2608, 41.2588], [-73.2446, 41.2767], [-73.2298, 41.2768], [-73.2231, 41.2802], [-73.2207, 41.2872], [-73.2258, 41.3004], [-73.2257, 41.3154], [-73.2032, 41.3116], [-73.1664, 41.2971], [-73.1473, 41.294], [-73.1396, 41.2983], [-73.1359, 41.3155], [-73.1396, 41.329], [-73.1488, 41.3352], [-73.1477, 41.3519], [-73.1347, 41.3548], [-73.1171, 41.3509], [-73.1104, 41.355], [-73.0921, 41.4155], [-73.0699, 41.3978], [-73.0482, 41.3251], [-73.0436, 41.3193], [-73.0363, 41.3182], [-73.024, 41.3216], [-73.0096, 41.3377], [-73.0102, 41.3562], [-73.0267, 41.3693], [-73.0157, 41.3813], [-72.951, 41.3823], [-72.9414, 41.3879], [-72.938, 41.4176], [-72.9445, 41.4288], [-72.9369, 41.4485], [-72.9167, 41.4476], [-72.9004, 41.4307], [-72.8937, 41.4276], [-72.8814, 41.4277], [-72.8673, 41.4413], [-72.8663, 41.4611], [-72.8813, 41.4972], [-72.8907, 41.5001], [-72.8983, 41.4962], [-72.9134, 41.4672], [-72.9368, 41.4914], [-72.9281, 41.5198], [-72.9, 41.5384], [-72.8683, 41.5391], [-72.8628, 41.5455], [-72.8641, 41.5559], [-72.8808, 41.5654], [-72.9071, 41.5697], [-72.9265, 41.5792], [-72.916, 41.602], [-72.9171, 41.6153], [-72.9288, 41.6335], [-72.966, 41.6694], [-72.971, 41.6923], [-72.9628, 41.7167], [-72.9413, 41.7248], [-72.9317, 41.7367], [-72.9124, 41.7366], [-72.9065, 41.7404], [-72.8989, 41.7699], [-72.8748, 41.7725], [-72.844, 41.7688], [-72.8166, 41.7709], [-72.7908, 41.7855], [-72.7664, 41.8107], [-72.7598, 41.8589], [-72.7518, 41.8643], [-72.7344, 41.8983], [-72.714, 41.9044], [-72.709, 41.9092], [-72.7135, 41.9437], [-72.7041, 41.9593], [-72.6546, 41.953], [-72.6476, 41.9569], [-72.6392, 41.9679], [-72.6376, 41.9923], [-72.6276, 42.0008], [-72.6264, 42.0123], [-72.6289, 42.0193], [-72.6376, 42.0239], [-72.6307, 42.0419], [-72.6404, 42.0596], [-72.6586, 42.0671], [-72.6666, 42.0738], [-72.6798, 42.0727], [-72.6891, 42.0875], [-72.735, 42.0892], [-72.7449, 42.0995], [-72.7813, 42.1007], [-72.7957, 42.1291], [-72.8044, 42.1353], [-72.7941, 42.1536], [-72.7392, 42.1703], [-72.7156, 42.1924], [-72.7011, 42.1927], [-72.6819, 42.1515], [-72.6743, 42.1501], [-72.6679, 42.1546], [-72.6667, 42.1624], [-72.6711, 42.1809], [-72.6666, 42.1966], [-72.6508, 42.2197], [-72.6503, 42.2278], [-72.6583, 42.246], [-72.6687, 42.2548], [-72.6873, 42.2618], [-72.6936, 42.2674], [-72.6928, 42.2816], [-72.6492, 42.2846], [-72.6353, 42.2821], [-72.6229, 42.2697], [-72.6225, 42.2544], [-72.6141, 42.2477], [-72.5725, 42.2515], [-72.5573, 42.2486], [-72.5552, 42.2273], [-72.5471, 42.2177], [-72.5392, 42.2146], [-72.5235, 42.2151], [-72.5097, 42.2047], [-72.4907, 42.2043], [-72.4767, 42.1838], [-72.4655, 42.1741], [-72.4456, 42.1705], [-72.4894, 42.0796], [-72.4996, 42.0679], [-72.5009, 42.0458], [-72.5121, 42.0426], [-72.5336, 42.0456], [-72.5415, 42.0432], [-72.545, 42.0357], [-72.5453, 42.0123], [-72.5606, 41.9764], [-72.5682, 41.9674], [-72.6042, 41.9618], [-72.6123, 41.9502], [-72.6118, 41.9108], [-72.6005, 41.9021], [-72.6093, 41.8693], [-72.5926, 41.8546], [-72.5816, 41.851], [-72.5557, 41.8494], [-72.549, 41.8515], [-72.5427, 41.8587], [-72.5361, 41.86], [-72.5237, 41.8508], [-72.5091, 41.8612], [-72.5034, 41.882], [-72.4568, 41.8817], [-72.4574, 41.8691], [-72.4783, 41.8131], [-72.4896, 41.7985], [-72.4893, 41.7802], [-72.5047, 41.7754], [-72.5228, 41.7589], [-72.5404, 41.7535], [-72.5599, 41.7526], [-72.5639, 41.743], [-72.5552, 41.7265], [-72.5564, 41.7126], [-72.5768, 41.7021], [-72.5898, 41.679], [-72.6224, 41.6568], [-72.6228, 41.6239], [-72.6305, 41.6182], [-72.6336, 41.6103], [-72.624, 41.5619], [-72.6345, 41.5343], [-72.6713, 41.5419], [-72.74, 41.5847], [-72.7485, 41.5856], [-72.7552, 41.579], [-72.7534, 41.5612], [-72.7461, 41.5479], [-72.734, 41.5364], [-72.7371, 41.5247], [-72.7638, 41.5128], [-72.7674, 41.5014], [-72.7871, 41.4851], [-72.7898, 41.468], [-72.7996, 41.46], [-72.8007, 41.4459], [-72.8295, 41.4279], [-72.8348, 41.4209], [-72.8448, 41.3844], [-72.8444, 41.3589], [-72.835, 41.3467], [-72.803, 41.3475], [-72.7783, 41.3364], [-72.7863, 41.3187], [-72.7986, 41.3151], [-72.804, 41.3099], [-72.8043, 41.3025], [-72.799, 41.2948], [-72.8105, 41.2715], [-72.8027, 41.2597], [-72.8265, 41.2565], [-72.8429, 41.2585], [-72.8561, 41.2454], [-72.8924, 41.245], [-72.8953, 41.2659], [-72.9031, 41.2772], [-72.9058, 41.3005], [-72.91, 41.3051], [-72.9189, 41.2987], [-72.93, 41.2838], [-72.9673, 41.2564], [-73.0138, 41.2067], [-73.0384, 41.2052], [-73.0535, 41.2117], [-73.0945, 41.1913], [-73.1074, 41.1747], [-73.1106, 41.1619], [-73.1085, 41.1487], [-73.1342, 41.1472], [-73.1701, 41.1696], [-73.1841, 41.1741], [-73.1843, 41.1618], [-73.2089, 41.1567], [-73.2211, 41.1671], [-73.2252, 41.1633], [-73.2242, 41.1498], [-73.2338, 41.1367], [-73.2445, 41.128], [-73.2715, 41.1176], [-73.2783, 41.13], [-73.2865, 41.1345], [-73.2911, 41.1272], [-73.2927, 41.129], [-73.2929, 41.1412], [-73.285, 41.1526], [-73.2831, 41.1693], [-73.3043, 41.1907], [-73.3032, 41.1981]], [[-72.8299, 41.6498], [-72.8378, 41.6484], [-72.8536, 41.6386], [-72.8553, 41.6313], [-72.8505, 41.6059], [-72.8344, 41.5833], [-72.8171, 41.5723], [-72.799, 41.5718], [-72.7937, 41.5775], [-72.793, 41.5926], [-72.7805, 41.6019], [-72.779, 41.6125], [-72.8299, 41.6498]], [[-72.8875, 41.732], [-72.8938, 41.7287], [-72.8963, 41.7219], [-72.8922, 41.7124], [-72.8845, 41.7097], [-72.875, 41.7146], [-72.8726, 41.7222], [-72.8765, 41.7291], [-72.8875, 41.732]]]}}, {"type": "Feature", "properties": {}, "geometry": {"type": "Polygon", "coordinates": [[[-85.258, 41.0574], [-85.2578, 41.0926], [-85.2515, 41.0953], [-85.2456, 41.1045], [-85.2235, 41.0997], [-85.2163, 41.1023], [-85.2133, 41.1149], [-85.2036, 41.1308], [-85.1748, 41.1451], [-85.1656, 41.1539], [-85.1657, 41.1623], [-85.1793, 41.1782], [-85.1804, 41.191], [-85.1779, 41.1935], [-85.1397, 41.1916], [-85.098, 41.1607], [-85.0772, 41.1628], [-85.0664, 41.171], [-85.0505, 41.1521], [-85.0435, 41.1054], [-85.0218, 41.0734], [-85.0208, 41.0583], [-85.0332, 41.0552], [-85.0651, 41.0564], [-85.0847, 41.0462], [-85.0883, 41.0342], [-85.1053, 41.032], [-85.1111, 41.0229], [-85.1465, 41.0222], [-85.179, 41.0123], [-85.2007, 41.0152], [-85.2135, 41.0351], [-85.2141, 41.0444], [-85.2199, 41.0502], [-85.228, 41.0498], [-85.2351, 41.0452], [-85.258, 41.0574]]]}}, {"type": "Feature", "properties": {}, "geometry": {"type": "Polygon", "coordinates": [[[-74.7483, 40.926], [-74.7444, 40.9325], [-74.7221, 40.9396], [-74.7129, 40.9379], [-74.7028, 40.9311], [-74.6889, 40.9351], [-74.6795, 40.949], [-74.6648, 40.941], [-74.6393, 40.9102], [-74.6284, 40.9072], [-74.5852, 40.9232], [-74.5727, 40.9382], [-74.5687, 40.9713], [-74.5498, 40.9693], [-74.5394, 40.9612], [-74.5241, 40.939], [-74.5166, 40.9332], [-74.4793, 40.9267], [-74.4592, 40.9162], [-74.4459, 40.9172], [-74.4244, 40.9269], [-74.356, 40.9284], [-74.3396, 40.943], [-74.3303, 40.9617], [-74.3298, 40.9691], [-74.338, 40.976], [-74.3553, 40.9672], [-74.3711, 40.9688], [-74.3773, 40.9789], [-74.3811, 41.0041], [-74.393, 41.0133], [-74.3786, 41.0349], [-74.3681, 41.0377], [-74.3596, 41.0277], [-74.35, 41.0268], [-74.3027, 41.049], [-74.2307, 41.0459], [-74.2124, 41.0508], [-74.1976, 41.0663], [-74.1815, 41.1262], [-74.1276, 41.148], [-74.1144, 41.1599], [-74.0978, 41.1618], [-74.0811, 41.1821], [-74.0504, 41.1917], [-74.0426, 41.2022], [-74.0346, 41.2329], [-74.0262, 41.2481], [-74.0019, 41.267], [-73.9842, 41.2734], [-73.9688, 41.2165], [-73.9666, 41.1906], [-73.9591, 41.1686], [-73.9312, 41.1198], [-73.92, 41.1091], [-73.9064, 41.0163], [-73.9077, 40.9719], [-73.9181, 40.9315], [-73.9547, 40.8586], [-74.0143, 40.7658], [-74.0319, 40.7142], [-74.071, 40.6872], [-74.0893, 40.6693], [-74.096, 40.6548], [-74.131, 40.6452], [-74.1421, 40.6463], [-74.139, 40.6578], [-74.1056, 40.7052], [-74.1124, 40.7179], [-74.126, 40.7032], [-74.15, 40.6642], [-74.1608, 40.6625], [-74.1903, 40.6494], [-74.2096, 40.6342], [-74.2153, 40.5917], [-74.2217, 40.5721], [-74.249, 40.563], [-74.2605, 40.5518], [-74.2639, 40.5133], [-74.2696, 40.5049], [-74.2827, 40.4973], [-74.2696, 40.4831], [-74.2563, 40.46], [-74.2219, 40.4519], [-74.2059, 40.4429], [-74.1971, 40.4409], [-74.1459, 40.4477], [-74.1199, 40.4453], [-74.0323, 40.4216], [-74.011, 40.4112], [-74.0044, 40.3836], [-74.018, 40.3822], [-74.0227, 40.3762], [-74.0218, 40.3687], [-74.0093, 40.3458], [-74.0018, 40.3382], [-73.978, 40.3361], [-73.9773, 40.316], [-73.9905, 40.2825], [-73.9924, 40.2685], [-73.9861, 40.253], [-74.0182, 40.1409], [-74.0317, 40.0738], [-74.0871, 40.0579], [-74.1007, 40.0398], [-74.1021, 40.0321], [-74.0982, 40.0133], [-74.1037, 40.014], [-74.1095, 40.0028], [-74.1221, 39.9973], [-74.1261, 39.9816], [-74.1058, 39.9855], [-74.1023, 39.9709], [-74.1124, 39.9497], [-74.1329, 39.9338], [-74.113, 39.9296], [-74.1333, 39.9049], [-74.1542, 39.9002], [-74.1725, 39.9034], [-74.1841, 39.8917], [-74.185, 39.8799], [-74.1588, 39.8563], [-74.1559, 39.8355], [-74.2023, 39.8045], [-74.2256, 39.8011], [-74.2355, 39.8175], [-74.2455, 39.8455], [-74.2528, 39.8502], [-74.282, 39.8576], [-74.2749, 39.8744], [-74.2627, 39.881], [-74.2437, 39.8819], [-74.2361, 39.8857], [-74.2319, 39.9271], [-74.2374, 39.9316], [-74.2594, 39.9347], [-74.2693, 39.9549], [-74.2925, 39.968], [-74.3145, 39.9994], [-74.3373, 40.0016], [-74.3598, 40.0364], [-74.3506, 40.047], [-74.3473, 40.0602], [-74.3262, 40.057], [-74.3021, 40.038], [-74.2834, 40.038], [-74.2761, 40.0416], [-74.2642, 40.082], [-74.2697, 40.1091], [-74.2819, 40.1241], [-74.2821, 40.147], [-74.2705, 40.1532], [-74.2602, 40.1757], [-74.2445, 40.1831], [-74.2117, 40.1815], [-74.2022, 40.1637], [-74.2086, 40.131], [-74.1987, 40.1164], [-74.1876, 40.1175], [-74.1575, 40.1381], [-74.1176, 40.141], [-74.1065, 40.1475], [-74.1061, 40.1613], [-74.121, 40.1834], [-74.1266, 40.2025], [-74.1119, 40.2054], [-74.1056, 40.2141], [-74.1135, 40.241], [-74.1259, 40.2525], [-74.1264, 40.259], [-74.1186, 40.2666], [-74.1191, 40.2745], [-74.1373, 40.2906], [-74.1382, 40.3035], [-74.1422, 40.3095], [-74.1596, 40.3128], [-74.1592, 40.3419], [-74.1708, 40.3574], [-74.1768, 40.3826], [-74.1814, 40.3889], [-74.1886, 40.3902], [-74.2144, 40.3785], [-74.2318, 40.3811], [-74.2594, 40.3917], [-74.2676, 40.3876], [-74.2711, 40.3733], [-74.2509, 40.3469], [-74.2447, 40.3249], [-74.2526, 40.3191], [-74.2657, 40.2934], [-74.259, 40.2848], [-74.2342, 40.2818], [-74.2335, 40.2663], [-74.2546, 40.2455], [-74.2576, 40.2229], [-74.2764, 40.2184], [-74.2963, 40.2204], [-74.3361, 40.234], [-74.3488, 40.2583], [-74.3342, 40.2685], [-74.3323, 40.2762], [-74.3365, 40.2828], [-74.3592, 40.2985], [-74.3679, 40.3108], [-74.3729, 40.3306], [-74.3725, 40.3466], [-74.3768, 40.3522], [-74.3838, 40.3535], [-74.4092, 40.349], [-74.4608, 40.3275], [-74.5023, 40.3234], [-74.515, 40.3641], [-74.5221, 40.3678], [-74.5551, 40.3701], [-74.5657, 40.3776], [-74.5843, 40.4272], [-74.5818, 40.448], [-74.5736, 40.4534], [-74.5651, 40.4679], [-74.5408, 40.4907], [-74.542, 40.5023], [-74.5559, 40.5182], [-74.5737, 40.529], [-74.5995, 40.5334], [-74.6058, 40.5291], [-74.6116, 40.5126], [-74.6359, 40.499], [-74.65, 40.4817], [-74.6611, 40.4758], [-74.6819, 40.4797], [-74.6892, 40.5035], [-74.6835, 40.5183], [-74.664, 40.5436], [-74.6641, 40.5504], [-74.6712, 40.5583], [-74.6818, 40.5635], [-74.7261, 40.5682], [-74.7322, 40.5971], [-74.7259, 40.6261], [-74.6964, 40.6271], [-74.6768, 40.6237], [-74.6703, 40.6315], [-74.6645, 40.6649], [-74.647, 40.6712], [-74.6276, 40.6709], [-74.6167, 40.659], [-74.6104, 40.6353], [-74.5896, 40.6113], [-74.566, 40.6035], [-74.5341, 40.6056], [-74.5212, 40.615], [-74.5262, 40.6369], [-74.5071, 40.6473], [-74.5038, 40.6706], [-74.4924, 40.6797], [-74.4575, 40.6953], [-74.4396, 40.7194], [-74.4396, 40.7383], [-74.4451, 40.7506], [-74.4544, 40.7602], [-74.4996, 40.7794], [-74.5256, 40.8008], [-74.5367, 40.822], [-74.565, 40.8301], [-74.5705, 40.8348], [-74.5738, 40.8511], [-74.5876, 40.8584], [-74.5923, 40.8647], [-74.6062, 40.8665], [-74.6452, 40.8555], [-74.6588, 40.8564], [-74.6789, 40.8939], [-74.687, 40.8959], [-74.7019, 40.8895], [-74.716, 40.8939], [-74.7483, 40.926]], [[-74.4874, 40.4218], [-74.4929, 40.4168], [-74.4916, 40.406], [-74.4594, 40.384], [-74.4536, 40.3826], [-74.4467, 40.3858], [-74.4448, 40.3966], [-74.461, 40.4134], [-74.4763, 40.4213], [-74.4874, 40.4218]]]}}, {"type": "Feature", "properties": {}, "geometry": {"type": "Polygon", "coordinates": [[[-73.9087, 41.2174], [-73.8464, 41.2046], [-73.8244, 41.183], [-73.8136, 41.1773], [-73.8075, 41.1658], [-73.7995, 41.1647], [-73.7904, 41.1711], [-73.7675, 41.1593], [-73.7655, 41.1085], [-73.7589, 41.0815], [-73.7506, 41.074], [-73.722, 41.0803], [-73.6567, 41.0756], [-73.6278, 41.0817], [-73.6102, 41.0943], [-73.5868, 41.1305], [-73.5708, 41.1482], [-73.5572, 41.1571], [-73.546, 41.154], [-73.5324, 41.1426], [-73.5242, 41.1419], [-73.5182, 41.1477], [-73.5147, 41.1708], [-73.5019, 41.1757], [-73.4696, 41.1769], [-73.4592, 41.1828], [-73.4537, 41.1916], [-73.4474, 41.1934], [-73.4142, 41.1954], [-73.3327, 41.1825], [-73.3057, 41.1629], [-73.3021, 41.1355], [-73.3093, 41.1161], [-73.3641, 41.106], [-73.4746, 41.0548], [-73.4852, 41.0539], [-73.5042, 41.0426], [-73.5232, 41.0215], [-73.5371, 41.0313], [-73.5648, 41.0189], [-73.59, 41.0148], [-73.5969, 41.0237], [-73.6039, 41.0228], [-73.6111, 41.0113], [-73.6346, 41.0071], [-73.6503, 40.9966], [-73.648, 40.9921], [-73.6531, 40.9821], [-73.677, 40.9548], [-73.7108, 40.953], [-73.7644, 40.9101], [-73.7774, 40.8941], [-73.7828, 40.876], [-73.7882, 40.8718], [-73.8117, 40.871], [-73.817, 40.862], [-73.8199, 40.8391], [-73.8051, 40.8261], [-73.7977, 40.8132], [-73.866, 40.8118], [-73.8938, 40.8039], [-73.9268, 40.8048], [-73.9323, 40.8256], [-73.9088, 40.8686], [-73.9128, 40.8816], [-73.9219, 40.8868], [-73.898, 40.9305], [-73.8895, 40.9722], [-73.8754, 41.0133], [-73.8722, 41.0336], [-73.8716, 41.1068], [-73.8575, 41.1309], [-73.8607, 41.1405], [-73.8746, 41.1464], [-73.8859, 41.1876], [-73.8957, 41.2032], [-73.9109, 41.2156], [-73.9087, 41.2174]]]}}, {"type": "Feature", "properties": {}, "geometry": {"type": "Polygon", "coordinates": [[[-74.148, 40.5346], [-74.1924, 40.5115], [-74.243, 40.4994], [-74.2508, 40.5014], [-74.2529, 40.5074], [-74.2394, 40.5169], [-74.2416, 40.5392], [-74.2328, 40.5479], [-74.2072, 40.5603], [-74.2015, 40.5699], [-74.1918, 40.6283], [-74.1824, 40.6374], [-74.1709, 40.6434], [-74.1536, 40.6375], [-74.1261, 40.6335], [-74.0835, 40.6495], [-74.0767, 40.6487], [-74.0714, 40.638], [-74.0746, 40.634], [-74.0719, 40.6233], [-74.0615, 40.6146], [-74.0536, 40.6027], [-74.1021, 40.5546], [-74.1339, 40.5327], [-74.148, 40.5346]]]}}, {"type": "Feature", "properties": {}, "geometry": {"type": "Polygon", "coordinates": [[[-73.6315, 40.8989], [-73.5776, 40.8513], [-73.5708, 40.8488], [-73.5619, 40.8546], [-73.5577, 40.8765], [-73.5358, 40.879], [-73.4806, 40.8659], [-73.4681, 40.8704], [-73.4584, 40.8822], [-73.452, 40.8979], [-73.4382, 40.9125], [-73.4203, 40.9004], [-73.3887, 40.906], [-73.3709, 40.9001], [-73.3583, 40.9004], [-73.3547, 40.9141], [-73.3594, 40.9228], [-73.3417, 40.9303], [-73.2932, 40.9247], [-73.2634, 40.9136], [-73.2353, 40.9078], [-73.2182, 40.9098], [-73.2069, 40.8909], [-73.1892, 40.884], [-73.1637, 40.897], [-73.1071, 40.9638], [-73.1041, 40.971], [-73.0987, 40.9695], [-73.1044, 40.9488], [-73.0913, 40.9484], [-73.0821, 40.9516], [-73.0792, 40.9586], [-73.0846, 40.9693], [-73.0762, 40.9719], [-73.0484, 40.963], [-73.009, 40.9671], [-72.9438, 40.9648], [-72.9309, 40.9545], [-72.9532, 40.9412], [-72.9558, 40.9288], [-72.9117, 40.8852], [-72.9227, 40.8658], [-72.9335, 40.8662], [-72.9571, 40.8845], [-72.9679, 40.8856], [-72.9777, 40.8657], [-72.9769, 40.8574], [-72.965, 40.837], [-72.9422, 40.8095], [-72.9344, 40.7731], [-72.9567, 40.7627], [-72.9912, 40.7556], [-73.0018, 40.7484], [-73.0226, 40.7476], [-73.0334, 40.7314], [-73.0991, 40.7204], [-73.1147, 40.728], [-73.1294, 40.7301], [-73.2121, 40.7057], [-73.2333, 40.7145], [-73.275, 40.6869], [-73.3175, 40.6836], [-73.3722, 40.6624], [-73.5611, 40.638], [-73.6272, 40.6144], [-73.6529, 40.6014], [-73.6644, 40.6038], [-73.656, 40.6089], [-73.6554, 40.618], [-73.668, 40.626], [-73.6958, 40.6215], [-73.7109, 40.6102], [-73.7104, 40.5951], [-73.5755, 40.5932], [-73.5818, 40.5845], [-73.7073, 40.5828], [-73.7523, 40.5857], [-73.768, 40.5896], [-73.8126, 40.5837], [-73.9395, 40.542], [-73.9395, 40.5555], [-73.7898, 40.6003], [-73.7688, 40.6185], [-73.7714, 40.6233], [-73.7981, 40.6381], [-73.8296, 40.6488], [-73.8688, 40.6401], [-73.8913, 40.6236], [-73.8929, 40.6143], [-73.8835, 40.6004], [-73.8778, 40.5821], [-73.8919, 40.5769], [-73.8976, 40.5833], [-73.9264, 40.5837], [-73.9322, 40.5777], [-73.9416, 40.5746], [-73.9881, 40.5694], [-74.0038, 40.5706], [-74.0117, 40.5793], [-74.0007, 40.5833], [-73.9981, 40.5896], [-74.0049, 40.5972], [-74.03, 40.6055], [-74.04, 40.6198], [-74.0358, 40.6389], [-74.0238, 40.6492], [-74.0128, 40.6647], [-74.0155, 40.6778], [-73.9977, 40.6961], [-73.9693, 40.7087], [-73.9594, 40.7247], [-73.9568, 40.7432], [-73.9302, 40.7731], [-73.9086, 40.7887], [-73.8871, 40.7799], [-73.8703, 40.7823], [-73.8609, 40.7764], [-73.8231, 40.7974], [-73.779, 40.7922], [-73.7575, 40.7711], [-73.7501, 40.7913], [-73.7643, 40.81], [-73.7555, 40.8328], [-73.7398, 40.8343], [-73.7146, 40.8048], [-73.703, 40.8102], [-73.6969, 40.8219], [-73.7004, 40.8336], [-73.7331, 40.8437], [-73.7313, 40.8544], [-73.7202, 40.8662], [-73.7053, 40.8667], [-73.6744, 40.8568], [-73.6655, 40.8385], [-73.6533, 40.8239], [-73.6461, 40.8309], [-73.6534, 40.8678], [-73.6315, 40.8989]]]}}, {"type": "Feature", "properties": {}, "geometry": {"type": "Polygon", "coordinates": [[[-84.7468, 39.137], [-84.7279, 39.1559], [-84.7082, 39.1427], [-84.686, 39.1184], [-84.6744, 39.1207], [-84.6621, 39.174], [-84.6691, 39.1927], [-84.6625, 39.2012], [-84.6312, 39.2055], [-84.6259, 39.211], [-84.6299, 39.2379], [-84.6468, 39.2595], [-84.6366, 39.2781], [-84.6041, 39.2978], [-84.5988, 39.3052], [-84.5999, 39.3124], [-84.6056, 39.317], [-84.6263, 39.3103], [-84.6472, 39.3136], [-84.6388, 39.3435], [-84.6199, 39.3541], [-84.5979, 39.3582], [-84.5933, 39.3643], [-84.5944, 39.3719], [-84.6026, 39.3801], [-84.6051, 39.4069], [-84.6137, 39.4144], [-84.6021, 39.4329], [-84.5622, 39.4449], [-84.5458, 39.4603], [-84.5352, 39.4534], [-84.5311, 39.4123], [-84.5208, 39.4026], [-84.5206, 39.3711], [-84.4992, 39.3595], [-84.4932, 39.3479], [-84.4866, 39.3427], [-84.4783, 39.3444], [-84.4571, 39.3602], [-84.4387, 39.3602], [-84.4275, 39.355], [-84.4158, 39.3542], [-84.3958, 39.3622], [-84.3896, 39.3715], [-84.3819, 39.3694], [-84.3735, 39.3605], [-84.3558, 39.3603], [-84.349, 39.3517], [-84.3136, 39.3391], [-84.2783, 39.3382], [-84.2698, 39.3268], [-84.2761, 39.3053], [-84.2655, 39.2579], [-84.2807, 39.2552], [-84.3114, 39.2583], [-84.3238, 39.2556], [-84.3357, 39.2474], [-84.3396, 39.2394], [-84.3462, 39.191], [-84.3543, 39.1684], [-84.352, 39.1564], [-84.3224, 39.1322], [-84.3175, 39.1189], [-84.3062, 39.1193], [-84.2831, 39.1355], [-84.2658, 39.1262], [-84.2776, 39.081], [-84.2777, 39.0567], [-84.3145, 39.0631], [-84.3509, 39.0604], [-84.3812, 39.064], [-84.3979, 39.0807], [-84.4027, 39.0913], [-84.4051, 39.1095], [-84.4158, 39.1145], [-84.4262, 39.105], [-84.4285, 39.0979], [-84.4202, 39.0789], [-84.4097, 39.0715], [-84.422, 39.0456], [-84.4294, 39.047], [-84.4391, 39.0547], [-84.4464, 39.0546], [-84.4556, 39.0455], [-84.4772, 39.0436], [-84.4898, 39.0231], [-84.5023, 39.0243], [-84.5224, 39.0344], [-84.5575, 39.0281], [-84.567, 39.0223], [-84.6063, 38.9758], [-84.6232, 38.9675], [-84.6432, 38.9691], [-84.6569, 38.976], [-84.6974, 39.0163], [-84.6983, 39.0273], [-84.6918, 39.0469], [-84.6803, 39.0609], [-84.6821, 39.0821], [-84.7022, 39.0904], [-84.7137, 39.1108], [-84.7351, 39.1123], [-84.7392, 39.129], [-84.7468, 39.137]], [[-84.4017, 39.1317], [-84.4049, 39.1213], [-84.4002, 39.1154], [-84.3885, 39.1153], [-84.3818, 39.12], [-84.3808, 39.128], [-84.3862, 39.1342], [-84.4017, 39.1317]]]}}, {"type": "Feature", "properties": {}, "geometry": {"type": "Polygon", "coordinates": [[[-77.5814, 39.1254], [-77.5699, 39.1272], [-77.5542, 39.1374], [-77.545, 39.1379], [-77.5341, 39.1162], [-77.5159, 39.0975], [-77.5006, 39.0732], [-77.4787, 39.0714], [-77.4686, 39.0566], [-77.4592, 39.0503], [-77.4448, 39.0508], [-77.427, 39.0654], [-77.4129, 39.0716], [-77.3959, 39.0699], [-77.3745, 39.0591], [-77.3566, 39.0603], [-77.3436, 39.0264], [-77.3336, 39.014], [-77.2593, 38.9918], [-77.242, 38.9938], [-77.2371, 38.9986], [-77.2367, 39.0097], [-77.247, 39.0334], [-77.2483, 39.0472], [-77.2384, 39.0594], [-77.2451, 39.0798], [-77.2575, 39.0993], [-77.2688, 39.1066], [-77.2803, 39.133], [-77.3104, 39.1586], [-77.3149, 39.1689], [-77.314, 39.1844], [-77.2917, 39.2156], [-77.2622, 39.2199], [-77.2098, 39.1941], [-77.1825, 39.2038], [-77.1674, 39.2046], [-77.1245, 39.1331], [-77.1052, 39.1198], [-77.0971, 39.122], [-77.0923, 39.1333], [-77.094, 39.141], [-77.1035, 39.1485], [-77.0793, 39.1827], [-77.0581, 39.1668], [-77.0554, 39.1581], [-77.0673, 39.13], [-77.0657, 39.1231], [-77.0566, 39.1166], [-77.0228, 39.1177], [-77.0121, 39.1157], [-77.0024, 39.1095], [-76.9913, 39.116], [-76.9651, 39.1235], [-76.9463, 39.1382], [-76.9307, 39.1291], [-76.9235, 39.1295], [-76.8958, 39.1659], [-76.9036, 39.1936], [-76.9258, 39.2151], [-76.9162, 39.2324], [-76.876, 39.2404], [-76.8646, 39.2494], [-76.8677, 39.2614], [-76.8704, 39.3258], [-76.842, 39.3267], [-76.7997, 39.3175], [-76.7907, 39.3216], [-76.7857, 39.3277], [-76.7894, 39.3385], [-76.8146, 39.3571], [-76.8169, 39.374], [-76.8372, 39.3916], [-76.8351, 39.3999], [-76.817, 39.4233], [-76.8194, 39.4306], [-76.832, 39.4434], [-76.8356, 39.4553], [-76.8343, 39.4673], [-76.8261, 39.4813], [-76.7944, 39.4814], [-76.7781, 39.4654], [-76.761, 39.4368], [-76.7389, 39.4358], [-76.7311, 39.4147], [-76.7202, 39.4064], [-76.7135, 39.4064], [-76.6714, 39.43], [-76.6705, 39.4471], [-76.6897, 39.4715], [-76.6928, 39.4917], [-76.6545, 39.5136], [-76.646, 39.5271], [-76.6324, 39.5275], [-76.6221, 39.5045], [-76.6004, 39.4929], [-76.598, 39.476], [-76.5892, 39.4706], [-76.5786, 39.4515], [-76.5574, 39.4494], [-76.5524, 39.441], [-76.5455, 39.4382], [-76.5231, 39.438], [-76.468, 39.4253], [-76.4351, 39.427], [-76.4254, 39.4131], [-76.4226, 39.3981], [-76.4268, 39.3778], [-76.4255, 39.3707], [-76.416, 39.3661], [-76.3889, 39.3701], [-76.389, 39.3465], [-76.4022, 39.3319], [-76.4079, 39.3205], [-76.4245, 39.3237], [-76.4308, 39.3181], [-76.42, 39.3011], [-76.4311, 39.3012], [-76.4399, 39.2933], [-76.4507, 39.3021], [-76.4835, 39.3106], [-76.4429, 39.2436], [-76.4444, 39.2249], [-76.4485, 39.2187], [-76.4553, 39.2202], [-76.4695, 39.2075], [-76.4973, 39.2086], [-76.4925, 39.2275], [-76.5646, 39.265], [-76.5708, 39.2736], [-76.5911, 39.2635], [-76.6232, 39.2597], [-76.6026, 39.2483], [-76.5858, 39.2485], [-76.5703, 39.2447], [-76.5639, 39.2313], [-76.5636, 39.2158], [-76.5365, 39.2114], [-76.5303, 39.2034], [-76.5247, 39.1847], [-76.5, 39.159], [-76.5027, 39.1381], [-76.5198, 39.1085], [-76.5213, 39.0923], [-76.5165, 39.0756], [-76.4651, 39.0597], [-76.4566, 39.0356], [-76.4841, 39.0266], [-76.4928, 39.02], [-76.5076, 39.019], [-76.5119, 39.022], [-76.5246, 39.0454], [-76.5517, 39.0772], [-76.5631, 39.0744], [-76.5783, 39.088], [-76.6124, 39.0897], [-76.6319, 39.0941], [-76.6569, 39.1113], [-76.6678, 39.1114], [-76.6759, 39.1056], [-76.6816, 39.0791], [-76.6904, 39.0677], [-76.7048, 39.0728], [-76.7397, 39.0743], [-76.758, 39.0787], [-76.7722, 39.0966], [-76.7828, 39.1019], [-76.7893, 39.0991], [-76.7946, 39.0913], [-76.8291, 39.0821], [-76.8331, 39.0762], [-76.8334, 39.0576], [-76.8553, 39.0373], [-76.8556, 39.0288], [-76.848, 39.0154], [-76.8291, 39.0091], [-76.7524, 39.0208], [-76.7399, 39.0175], [-76.7232, 39.0047], [-76.7174, 38.9954], [-76.7114, 38.9928], [-76.7093, 38.9625], [-76.714, 38.9428], [-76.7246, 38.9231], [-76.7478, 38.9285], [-76.7734, 38.9566], [-76.7841, 38.9633], [-76.7918, 38.9643], [-76.7979, 38.9594], [-76.81, 38.9423], [-76.8092, 38.93], [-76.7815, 38.9119], [-76.7778, 38.8913], [-76.8401, 38.8581], [-76.8418, 38.8495], [-76.8355, 38.8253], [-76.8377, 38.8113], [-76.8562, 38.8012], [-76.8694, 38.7982], [-76.8723, 38.7906], [-76.8668, 38.7796], [-76.8782, 38.7571], [-76.8977, 38.7561], [-76.912, 38.761], [-76.9487, 38.7847], [-76.9684, 38.7786], [-76.9887, 38.7769], [-77.0105, 38.7454], [-77.0243, 38.7547], [-77.0281, 38.7653], [-77.0262, 38.7764], [-77.018, 38.7906], [-77.0274, 38.8199], [-77.0159, 38.8543], [-77.0259, 38.8726], [-77.0496, 38.8883], [-77.0601, 38.8991], [-77.0683, 38.9019], [-77.0637, 38.8913], [-77.039, 38.8683], [-77.033, 38.854], [-77.0328, 38.8453], [-77.037, 38.8398], [-77.0438, 38.8394], [-77.0376, 38.815], [-77.0384, 38.7963], [-77.0526, 38.7837], [-77.0477, 38.7764], [-77.0425, 38.7289], [-77.0478, 38.7157], [-77.07, 38.7107], [-77.1142, 38.7067], [-77.1275, 38.7273], [-77.1413, 38.7332], [-77.1602, 38.73], [-77.2007, 38.7134], [-77.2252, 38.7203], [-77.232, 38.7124], [-77.2335, 38.7016], [-77.2285, 38.6951], [-77.2224, 38.693], [-77.2236, 38.6851], [-77.2325, 38.6787], [-77.2443, 38.6466], [-77.2647, 38.6287], [-77.2956, 38.624], [-77.312, 38.6122], [-77.358, 38.6122], [-77.3636, 38.6211], [-77.3806, 38.6234], [-77.382, 38.6454], [-77.3924, 38.6569], [-77.4015, 38.6618], [-77.4037, 38.6685], [-77.4032, 38.6821], [-77.3771, 38.6789], [-77.3599, 38.6897], [-77.3356, 38.716], [-77.3139, 38.7134], [-77.2968, 38.7066], [-77.2869, 38.7114], [-77.2834, 38.7306], [-77.2914, 38.7407], [-77.2926, 38.7477], [-77.2842, 38.7552], [-77.2845, 38.7636], [-77.3012, 38.7778], [-77.3278, 38.7848], [-77.3369, 38.7908], [-77.3388, 38.7989], [-77.3366, 38.8187], [-77.3416, 38.8265], [-77.3798, 38.837], [-77.3848, 38.8346], [-77.39, 38.8233], [-77.4244, 38.8168], [-77.4326, 38.812], [-77.4352, 38.8039], [-77.4333, 38.7688], [-77.4418, 38.7634], [-77.4447, 38.746], [-77.4564, 38.7428], [-77.4677, 38.7233], [-77.494, 38.734], [-77.525, 38.7345], [-77.528, 38.741], [-77.5365, 38.746], [-77.5391, 38.7579], [-77.5547, 38.77], [-77.5606, 38.7814], [-77.5591, 38.8039], [-77.5454, 38.8128], [-77.5113, 38.826], [-77.4995, 38.8444], [-77.4854, 38.8524], [-77.4792, 38.8657], [-77.4723, 38.8717], [-77.4715, 38.8803], [-77.4788, 38.8977], [-77.4926, 38.9029], [-77.4763, 38.9411], [-77.4749, 38.9605], [-77.481, 38.9834], [-77.4962, 39.0086], [-77.5185, 39.0196], [-77.5283, 39.0367], [-77.531, 39.0587], [-77.5273, 39.0755], [-77.5285, 39.083], [-77.5405, 39.0888], [-77.5696, 39.0901], [-77.5784, 39.1057], [-77.5814, 39.1254]]]}}, {"type": "Feature", "properties": {}, "geometry": {"type": "Polygon", "coordinates": [[[-94.2901, 46.4131], [-94.2765, 46.4153], [-94.2661, 46.426], [-94.2319, 46.4148], [-94.2242, 46.4042], [-94.1705, 46.4022], [-94.153, 46.3917], [-94.1519, 46.3739], [-94.1612, 46.3646], [-94.1868, 46.3544], [-94.192, 46.3459], [-94.2213, 46.3346], [-94.2331, 46.3332], [-94.262, 46.3401], [-94.2883, 46.3579], [-94.3003, 46.3824], [-94.2901, 46.4131]]]}}, {"type": "Feature", "properties": {}, "geometry": {"type": "Polygon", "coordinates": [[[-89.4352, 45.6569], [-89.4144, 45.6695], [-89.3917, 45.6674], [-89.3764, 45.6522], [-89.376, 45.6231], [-89.4003, 45.6214], [-89.4202, 45.625], [-89.433, 45.6363], [-89.4352, 45.6569]]]}}, {"type": "Feature", "properties": {}, "geometry": {"type": "Polygon", "coordinates": [[[-94.2568, 45.5465], [-94.2513, 45.565], [-94.2244, 45.5775], [-94.2141, 45.5892], [-94.213, 45.6027], [-94.2234, 45.6129], [-94.2185, 45.6216], [-94.2095, 45.6248], [-94.1868, 45.6255], [-94.175, 45.6067], [-94.1306, 45.5688], [-94.147, 45.5363], [-94.1784, 45.5342], [-94.2568, 45.5465]]]}}, {"type": "Feature", "properties": {}, "geometry": {"type": "Polygon", "coordinates": [[[-98.5117, 45.4793], [-98.509, 45.4817], [-98.464, 45.4813], [-98.468, 45.4544], [-98.4871, 45.4456], [-98.506, 45.4537], [-98.5117, 45.4793]]]}}, {"type": "Feature", "properties": {}, "geometry": {"type": "Polygon", "coordinates": [[[-93.6007, 45.3476], [-93.5713, 45.3478], [-93.556, 45.3323], [-93.5538, 45.3096], [-93.5654, 45.2889], [-93.5813, 45.2972], [-93.5938, 45.3083], [-93.6008, 45.3233], [-93.6007, 45.3476]]]}}, {"type": "Feature", "properties": {}, "geometry": {"type": "Polygon", "coordinates": [[[-89.7352, 45.1798], [-89.7183, 45.2194], [-89.7121, 45.2258], [-89.6805, 45.2162], [-89.6707, 45.187], [-89.6872, 45.1648], [-89.7352, 45.1798]]]}}, {"type": "Feature", "properties": {}, "geometry": {"type": "Polygon", "coordinates": [[[-95.0789, 45.1352], [-95.0693, 45.1391], [-95.0502, 45.1399], [-95.0427, 45.1482], [-95.0309, 45.1437], [-95.0237, 45.1366], [-95.0226, 45.1252], [-95.0311, 45.1115], [-95.049, 45.1024], [-95.0681, 45.1051], [-95.0813, 45.1182], [-95.0789, 45.1352]]]}}, {"type": "Feature", "properties": {}, "geometry": {"type": "Polygon", "coordinates": [[[-92.8678, 45.0476], [-92.8559, 45.0646], [-92.8241, 45.0839], [-92.8115, 45.1036], [-92.7865, 45.0915], [-92.7876, 45.0848], [-92.7967, 45.0709], [-92.7916, 45.0332], [-92.7986, 45.0224], [-92.8221, 45.0226], [-92.8667, 45.0444], [-92.8678, 45.0476]]]}}, {"type": "Feature", "properties": {}, "geometry": {"type": "Polygon", "coordinates": [[[-89.7128, 44.9581], [-89.6897, 44.9662], [-89.6763, 44.9747], [-89.6649, 44.9872], [-89.658, 45.0052], [-89.664, 45.0267], [-89.6564, 45.0371], [-89.628, 45.0306], [-89.6204, 45.0252], [-89.6138, 45.0143], [-89.5996, 44.9738], [-89.5884, 44.9646], [-89.5827, 44.9441], [-89.5687, 44.9192], [-89.5646, 44.9017], [-89.6287, 44.8772], [-89.6452, 44.8557], [-89.6683, 44.8675], [-89.6668, 44.8749], [-89.6586, 44.8855], [-89.6596, 44.8938], [-89.6657, 44.9024], [-89.7062, 44.9343], [-89.7122, 44.9434], [-89.7128, 44.9581]]]}}, {"type": "Feature", "properties": {}, "geometry": {"type": "Polygon", "coordinates": [[[-92.7803, 44.9955], [-92.7672, 45.0258], [-92.747, 45.0138], [-92.7312, 44.9958], [-92.7242, 44.9763], [-92.7312, 44.9564], [-92.7578, 44.9599], [-92.7749, 44.9732], [-92.7803, 44.9955]]]}}, {"type": "Feature", "properties": {}, "geometry": {"type": "Polygon", "coordinates": [[[-91.435, 44.9237], [-91.4327, 44.9403], [-91.3974, 44.9456], [-91.3914, 44.9511], [-91.3889, 44.9594], [-91.3735, 44.9558], [-91.3685, 44.9465], [-91.3743, 44.9327], [-91.3979, 44.9181], [-91.4216, 44.9171], [-91.435, 44.9237]]]}}, {"type": "Feature", "properties": {}, "geometry": {"type": "Polygon", "coordinates": [[[-97.1729, 44.9305], [-97.1653, 44.9372], [-97.1204, 44.9174], [-97.1091, 44.9062], [-97.1084, 44.8896], [-97.141, 44.8889], [-97.1555, 44.8928], [-97.1665, 44.9003], [-97.1712, 44.9079], [-97.1741, 44.9195], [-97.1729, 44.9305]]]}}, {"type": "Feature", "properties": {}, "geometry": {"type": "Polygon", "coordinates": [[[-91.5532, 44.8048], [-91.5529, 44.8251], [-91.5343, 44.859], [-91.5263, 44.8606], [-91.5205, 44.8663], [-91.5096, 44.8932], [-91.5004, 44.9038], [-91.4768, 44.9053], [-91.466, 44.9151], [-91.4507, 44.906], [-91.4421, 44.8912], [-91.448, 44.8824], [-91.4624, 44.8716], [-91.4553, 44.8493], [-91.4171, 44.8181], [-91.4088, 44.7903], [-91.4669, 44.7662], [-91.4978, 44.7628], [-91.5225, 44.7667], [-91.5273, 44.782], [-91.5532, 44.8048]]]}}, {"type": "Feature", "properties": {}, "geometry": {"type": "Polygon", "coordinates": [[[-92.6013, 44.5584], [-92.5944, 44.5946], [-92.5881, 44.6041], [-92.5755, 44.6054], [-92.5511, 44.5803], [-92.5376, 44.5762], [-92.5303, 44.5693], [-92.5326, 44.5555], [-92.5992, 44.5555], [-92.6013, 44.5584]]]}}, {"type": "Feature", "properties": {}, "geometry": {"type": "Polygon", "coordinates": [[[-89.6242, 44.5575], [-89.6149, 44.5733], [-89.6055, 44.5811], [-89.5994, 44.5817], [-89.5943, 44.5745], [-89.5869, 44.5726], [-89.521, 44.5814], [-89.5094, 44.559], [-89.5035, 44.5394], [-89.5091, 44.5237], [-89.519, 44.5153], [-89.5211, 44.4752], [-89.5425, 44.4607], [-89.5541, 44.4615], [-89.5671, 44.4683], [-89.5795, 44.4791], [-89.5822, 44.5029], [-89.5919, 44.5123], [-89.6126, 44.5231], [-89.6143, 44.5472], [-89.6242, 44.5575]]]}}, {"type": "Feature", "properties": {}, "geometry": {"type": "Polygon", "coordinates": [[[-89.8666, 44.3999], [-89.8459, 44.4255], [-89.8273, 44.4355], [-89.8191, 44.4306], [-89.7992, 44.4043], [-89.7816, 44.391], [-89.7767, 44.3826], [-89.7759, 44.3678], [-89.8038, 44.3554], [-89.8341, 44.3558], [-89.8389, 44.3667], [-89.854, 44.3709], [-89.8603, 44.3849], [-89.8682, 44.3897], [-89.8666, 44.3999]]]}}, {"type": "Feature", "properties": {}, "geometry": {"type": "Polygon", "coordinates": [[[-89.9351, 44.335], [-89.9348, 44.3424], [-89.9271, 44.3481], [-89.8883, 44.3413], [-89.8672, 44.3484], [-89.8645, 44.3463], [-89.8668, 44.3304], [-89.8917, 44.3137], [-89.9054, 44.3147], [-89.9351, 44.335]]]}}, {"type": "Feature", "properties": {}, "geometry": {"type": "Polygon", "coordinates": [[[-94.0678, 44.1696], [-94.0649, 44.1828], [-94.0412, 44.193], [-94.0283, 44.2131], [-94.0195, 44.2107], [-93.9819, 44.1808], [-93.9758, 44.1716], [-93.9751, 44.1582], [-94.0094, 44.1447], [-94.027, 44.1448], [-94.0421, 44.1501], [-94.0678, 44.1696]]]}}, {"type": "Feature", "properties": {}, "geometry": {"type": "Polygon", "coordinates": [[[-92.5228, 44.0815], [-92.4876, 44.0765], [-92.4605, 44.0628], [-92.4444, 44.0384], [-92.4427, 44.0004], [-92.4824, 43.9884], [-92.5177, 44.006], [-92.5354, 44.0413], [-92.5228, 44.0815]]]}}, {"type": "Feature", "properties": {}, "geometry": {"type": "Polygon", "coordinates": [[[-91.7131, 44.0594], [-91.7068, 44.0657], [-91.667, 44.0815], [-91.6536, 44.0811], [-91.6188, 44.0346], [-91.6198, 44.0241], [-91.623, 44.0225], [-91.6434, 44.0289], [-91.679, 44.0459], [-91.7117, 44.0448], [-91.7131, 44.0594]]]}}, {"type": "Feature", "properties": {}, "geometry": {"type": "Polygon", "coordinates": [[[-91.3126, 43.8584], [-91.2847, 43.8495], [-91.2711, 43.8537], [-91.2585, 43.868], [-91.2508, 43.8961], [-91.2454, 43.9037], [-91.2214, 43.9054], [-91.2111, 43.9151], [-91.2048, 43.9129], [-91.1976, 43.8981], [-91.198, 43.8899], [-91.2051, 43.8773], [-91.1977, 43.8578], [-91.2065, 43.8494], [-91.2071, 43.8419], [-91.1886, 43.8052], [-91.1867, 43.7795], [-91.2137, 43.7777], [-91.2487, 43.7693], [-91.2669, 43.7779], [-91.2702, 43.7845], [-91.2793, 43.7903], [-91.2805, 43.8121], [-91.3004, 43.8271], [-91.3133, 43.8424], [-91.3126, 43.8584]]]}}, {"type": "Feature", "properties": {}, "geometry": {"type": "Polygon", "coordinates": [[[-93.3902, 43.6348], [-93.3977, 43.6506], [-93.3915, 43.6662], [-93.3759, 43.6774], [-93.3535, 43.6814], [-93.3526, 43.6609], [-93.3577, 43.6447], [-93.3699, 43.6349], [-93.3902, 43.6348]]]}}, {"type": "Feature", "properties": {}, "geometry": {"type": "Polygon", "coordinates": [[[-89.7991, 43.6454], [-89.7832, 43.6482], [-89.7684, 43.6457], [-89.7535, 43.6352], [-89.7667, 43.6162], [-89.7867, 43.605], [-89.8055, 43.6082], [-89.813, 43.6357], [-89.7991, 43.6454]]]}}, {"type": "Feature", "properties": {}, "geometry": {"type": "Polygon", "coordinates": [[[-96.7926, 43.5187], [-96.7871, 43.5307], [-96.7662, 43.5499], [-96.7556, 43.5705], [-96.7348, 43.5706], [-96.7175, 43.5825], [-96.7087, 43.5814], [-96.6736, 43.5492], [-96.6683, 43.5389], [-96.6759, 43.5266], [-96.7029, 43.5099], [-96.7098, 43.5002], [-96.788, 43.5002], [-96.7926, 43.5187]]]}}, {"type": "Feature", "properties": {}, "geometry": {"type": "Polygon", "coordinates": [[[-93.2458, 43.1361], [-93.2368, 43.1624], [-93.2151, 43.177], [-93.1935, 43.1738], [-93.1873, 43.1449], [-93.2115, 43.1342], [-93.2264, 43.1325], [-93.2436, 43.1335], [-93.2458, 43.1361]]]}}, {"type": "Feature", "properties": {}, "geometry": {"type": "Polygon", "coordinates": [[[-89.5463, 43.1139], [-89.5203, 43.1142], [-89.4935, 43.1254], [-89.4773, 43.1264], [-89.4651, 43.1147], [-89.4645, 43.099], [-89.4587, 43.0932], [-89.4435, 43.093], [-89.4114, 43.0814], [-89.3983, 43.0838], [-89.3846, 43.0974], [-89.3924, 43.1465], [-89.3908, 43.1803], [-89.3882, 43.182], [-89.3744, 43.1744], [-89.3702, 43.1467], [-89.3647, 43.1378], [-89.3538, 43.1335], [-89.3229, 43.1308], [-89.3095, 43.1256], [-89.3088, 43.1148], [-89.2926, 43.091], [-89.2863, 43.0753], [-89.2869, 43.0575], [-89.3129, 43.044], [-89.3227, 43.0336], [-89.3378, 43.0393], [-89.3496, 43.063], [-89.3681, 43.066], [-89.375, 43.058], [-89.3696, 43.0344], [-89.377, 43.0225], [-89.4082, 43.0224], [-89.4372, 43.0098], [-89.4457, 43.0118], [-89.449, 43.0183], [-89.457, 43.0214], [-89.478, 43.0127], [-89.4915, 43.0228], [-89.5123, 43.0228], [-89.5151, 43.0293], [-89.5352, 43.0461], [-89.54, 43.0605], [-89.5463, 43.1139]]]}}, {"type": "Feature", "properties": {}, "geometry": {"type": "Polygon", "coordinates": [[[-89.0632, 42.6903], [-89.0437, 42.7152], [-89.0165, 42.7248], [-88.9874, 42.7147], [-88.9831, 42.6929], [-89.0029, 42.6641], [-89.034, 42.6472], [-89.0682, 42.6567], [-89.0632, 42.6903]]]}}, {"type": "Feature", "properties": {}, "geometry": {"type": "Polygon", "coordinates": [[[-92.4953, 42.5581], [-92.4891, 42.5709], [-92.4626, 42.5689], [-92.4424, 42.5599], [-92.4319, 42.5597], [-92.4234, 42.5496], [-92.4095, 42.5484], [-92.407, 42.5409], [-92.3999, 42.5362], [-92.3321, 42.5264], [-92.3288, 42.5198], [-92.32, 42.5146], [-92.3176, 42.5029], [-92.3025, 42.4915], [-92.2966, 42.4801], [-92.2976, 42.457], [-92.3659, 42.453], [-92.3897, 42.4564], [-92.4144, 42.5001], [-92.4546, 42.4974], [-92.4681, 42.5015], [-92.478, 42.5218], [-92.4875, 42.5302], [-92.4962, 42.5512], [-92.4953, 42.5581]]]}}, {"type": "Feature", "properties": {}, "geometry": {"type": "Polygon", "coordinates": [[[-90.7462, 42.5029], [-90.7361, 42.5193], [-90.7056, 42.5313], [-90.6944, 42.543], [-90.6921, 42.5491], [-90.6958, 42.564], [-90.6925, 42.5727], [-90.6771, 42.571], [-90.6665, 42.5604], [-90.6311, 42.5472], [-90.629, 42.5296], [-90.6546, 42.4671], [-90.6765, 42.4787], [-90.7462, 42.5029]]]}}, {"type": "Feature", "properties": {}, "geometry": {"type": "Polygon", "coordinates": [[[-89.0776, 42.5069], [-89.0688, 42.5171], [-89.0697, 42.5324], [-89.0622, 42.5441], [-89.0637, 42.5546], [-89.0377, 42.5688], [-89.0248, 42.5678], [-89.0102, 42.5597], [-89.0064, 42.5477], [-88.9872, 42.5366], [-88.9921, 42.5202], [-89.0175, 42.4988], [-89.0218, 42.4781], [-89.0405, 42.4771], [-89.0688, 42.4836], [-89.0798, 42.4912], [-89.0812, 42.5004], [-89.0776, 42.5069]]]}}, {"type": "Feature", "properties": {}, "geometry": {"type": "Polygon", "coordinates": [[[-96.471, 42.5004], [-96.437, 42.5253], [-96.4204, 42.5486], [-96.3548, 42.4887], [-96.3416, 42.4569], [-96.4134, 42.4703], [-96.4448, 42.4845], [-96.4776, 42.4783], [-96.471, 42.5004]]]}}, {"type": "Feature", "properties": {}, "geometry": {"type": "Polygon", "coordinates": [[[-89.1576, 42.2911], [-89.0978, 42.3252], [-89.0778, 42.3488], [-89.0673, 42.382], [-89.0536, 42.3841], [-89.0438, 42.3636], [-89.0362, 42.3597], [-88.9991, 42.3709], [-88.9881, 42.3692], [-88.9648, 42.3586], [-88.9701, 42.344], [-88.9799, 42.3364], [-88.9996, 42.3326], [-89.0063, 42.3249], [-89.003, 42.3091], [-88.9785, 42.2748], [-88.9764, 42.2454], [-89.0763, 42.2073], [-89.1117, 42.2116], [-89.1179, 42.2175], [-89.1246, 42.2455], [-89.1573, 42.2782], [-89.1576, 42.2911]]]}}, {"type": "Feature", "properties": {}, "geometry": {"type": "Polygon", "coordinates": [[[-89.6573, 42.3142], [-89.6107, 42.3096], [-89.6121, 42.2865], [-89.6377, 42.278], [-89.6573, 42.3142]]]}}, {"type": "Feature", "properties": {}, "geometry": {"type": "Polygon", "coordinates": [[[-93.668, 42.0131], [-93.6653, 42.034], [-93.6431, 42.0542], [-93.6338, 42.0707], [-93.6081, 42.0554], [-93.5994, 42.0424], [-93.5974, 42.024], [-93.6112, 42.0152], [-93.6285, 42.0117], [-93.668, 42.0131]]]}}, {"type": "Feature", "properties": {}, "geometry": {"type": "Polygon", "coordinates": [[[-92.957, 42.0471], [-92.9504, 42.0628], [-92.932, 42.0716], [-92.91, 42.0715], [-92.8975, 42.0583], [-92.9008, 42.0371], [-92.9183, 42.0325], [-92.9426, 42.0375], [-92.957, 42.0471]]]}}, {"type": "Feature", "properties": {}, "geometry": {"type": "Polygon", "coordinates": [[[-91.7675, 42.0039], [-91.7595, 42.0083], [-91.756, 42.0265], [-91.7227, 42.0274], [-91.6962, 42.0466], [-91.6755, 42.0549], [-91.6545, 42.0487], [-91.6457, 42.0408], [-91.6098, 42.0497], [-91.5866, 42.0475], [-91.5867, 42.0304], [-91.6031, 42.0123], [-91.6443, 41.9337], [-91.6539, 41.9325], [-91.6699, 41.9447], [-91.6889, 41.9449], [-91.6973, 41.9547], [-91.734, 41.9533], [-91.7447, 41.9561], [-91.7579, 41.971], [-91.7657, 41.9853], [-91.7675, 42.0039]]]}}, {"type": "Feature", "properties": {}, "geometry": {"type": "Polygon", "coordinates": [[[-89.7352, 41.8031], [-89.7164, 41.8066], [-89.6969, 41.8168], [-89.6776, 41.8155], [-89.6755, 41.7873], [-89.7002, 41.7753], [-89.7268, 41.78], [-89.7352, 41.8031]]]}}, {"type": "Feature", "properties": {}, "geometry": {"type": "Polygon", "coordinates": [[[-91.5896, 41.6819], [-91.5208, 41.6829], [-91.4953, 41.6752], [-91.4866, 41.6463], [-91.5286, 41.6343], [-91.5488, 41.6344], [-91.5673, 41.6451], [-91.5728, 41.6542], [-91.5867, 41.6645], [-91.5903, 41.6728], [-91.5896, 41.6819]]]}}, {"type": "Feature", "properties": {}, "geometry": {"type": "Polygon", "coordinates": [[[-93.81, 41.5965], [-93.7354, 41.6366], [-93.7207, 41.6516], [-93.6974, 41.6613], [-93.6879, 41.6711], [-93.6603, 41.6642], [-93.6464, 41.6556], [-93.639, 41.658], [-93.6238, 41.6707], [-93.61, 41.671], [-93.6075, 41.6494], [-93.5991, 41.6393], [-93.5866, 41.6344], [-93.5615, 41.6331], [-93.5532, 41.6258], [-93.5514, 41.6135], [-93.5572, 41.5818], [-93.5642, 41.5682], [-93.5762, 41.5644], [-93.5865, 41.5459], [-93.6208, 41.5554], [-93.6277, 41.55], [-93.634, 41.5381], [-93.6438, 41.5338], [-93.672, 41.541], [-93.6787, 41.5458], [-93.6918, 41.5668], [-93.7245, 41.5649], [-93.7335, 41.5674], [-93.7415, 41.577], [-93.7693, 41.5762], [-93.7879, 41.5857], [-93.7998, 41.5783], [-93.81, 41.5965]]]}}, {"type": "Feature", "properties": {}, "geometry": {"type": "Polygon", "coordinates": [[[-90.651, 41.5054], [-90.6488, 41.522], [-90.6206, 41.5706], [-90.6072, 41.5804], [-90.5878, 41.5822], [-90.5115, 41.5688], [-90.4908, 41.5605], [-90.4312, 41.5741], [-90.409, 41.5699], [-90.4091, 41.5578], [-90.4191, 41.5361], [-90.4082, 41.5134], [-90.4093, 41.5012], [-90.4175, 41.4946], [-90.4517, 41.4797], [-90.4736, 41.4527], [-90.4879, 41.4451], [-90.5035, 41.4437], [-90.5248, 41.4539], [-90.5411, 41.4551], [-90.5611, 41.448], [-90.5646, 41.4351], [-90.5674, 41.434], [-90.6414, 41.4913], [-90.651, 41.5054]]]}}, {"type": "Feature", "properties": {}, "geometry": {"type": "Polygon", "coordinates": [[[-91.0677, 41.4418], [-91.0523, 41.4569], [-91.0307, 41.4592], [-91.0089, 41.4472], [-91.0278, 41.4196], [-91.0444, 41.4118], [-91.0676, 41.4121], [-91.0677, 41.4418]]]}}, {"type": "Feature", "properties": {}, "geometry": {"type": "Polygon", "coordinates": [[[-96.1893, 41.2371], [-96.1653, 41.2564], [-96.1412, 41.2624], [-96.1254, 41.2699], [-96.1158, 41.2807], [-96.108, 41.3024], [-96.0563, 41.3179], [-96.0359, 41.3161], [-96.0278, 41.3186], [-96.0229, 41.3279], [-96.0238, 41.3518], [-95.9793, 41.3724], [-95.9639, 41.3702], [-95.9583, 41.36], [-95.9454, 41.3472], [-95.9363, 41.33], [-95.9211, 41.3268], [-95.8953, 41.3155], [-95.8859, 41.3171], [-95.877, 41.3268], [-95.8423, 41.3153], [-95.8398, 41.3029], [-95.8233, 41.2877], [-95.8171, 41.2722], [-95.8194, 41.246], [-95.8348, 41.2359], [-95.8425, 41.223], [-95.8655, 41.2299], [-95.8845, 41.231], [-95.902, 41.2257], [-95.9144, 41.2157], [-95.9157, 41.209], [-95.913, 41.2027], [-95.8793, 41.1691], [-95.8747, 41.1584], [-95.8926, 41.1448], [-95.8993, 41.1339], [-95.9265, 41.1406], [-95.9329, 41.1449], [-95.9448, 41.1567], [-95.9459, 41.1665], [-95.9516, 41.1722], [-95.9596, 41.1718], [-95.9651, 41.1673], [-95.98, 41.1715], [-96.0051, 41.1931], [-96.0195, 41.1988], [-96.0265, 41.196], [-96.0429, 41.1673], [-96.0543, 41.1691], [-96.0751, 41.184], [-96.0904, 41.1892], [-96.1012, 41.1877], [-96.1196, 41.1796], [-96.1327, 41.1784], [-96.1416, 41.1886], [-96.155, 41.1895], [-96.1758, 41.2019], [-96.186, 41.216], [-96.1893, 41.2371]]]}}, {"type": "Feature", "properties": {}, "geometry": {"type": "Polygon", "coordinates": [[[-89.1348, 41.3483], [-89.1, 41.349], [-89.0658, 41.3267], [-89.0762, 41.3013], [-89.1235, 41.3208], [-89.1341, 41.3318], [-89.1348, 41.3483]]]}}, {"type": "Feature", "properties": {}, "geometry": {"type": "Polygon", "coordinates": [[[-92.439, 41.0338], [-92.4239, 41.0477], [-92.3977, 41.0478], [-92.3973, 41.0272], [-92.4019, 41.0126], [-92.4145, 41.002], [-92.434, 41.001], [-92.4419, 41.0169], [-92.439, 41.0338]]]}}, {"type": "Feature", "properties": {}, "geometry": {"type": "Polygon", "coordinates": [[[-90.4017, 40.9468], [-90.3967, 40.9686], [-90.3787, 40.9727], [-90.3312, 40.9695], [-90.3346, 40.9455], [-90.3567, 40.9333], [-90.3841, 40.9335], [-90.4017, 40.9468]]]}}, {"type": "Feature", "properties": {}, "geometry": {"type": "Polygon", "coordinates": [[[-98.3806, 40.9447], [-98.3603, 40.9524], [-98.3405, 40.944], [-98.3302, 40.9127], [-98.3489, 40.9019], [-98.3608, 40.9037], [-98.3777, 40.9219], [-98.3892, 40.9239], [-98.3806, 40.9447]]]}}, {"type": "Feature", "properties": {}, "geometry": {"type": "Polygon", "coordinates": [[[-96.764, 40.8043], [-96.7673, 40.8256], [-96.7588, 40.8333], [-96.7201, 40.8387], [-96.7107, 40.8489], [-96.6985, 40.8544], [-96.6652, 40.8557], [-96.6593, 40.8591], [-96.655, 40.8711], [-96.6328, 40.8581], [-96.6233, 40.847], [-96.6161, 40.8308], [-96.6079, 40.8247], [-96.6151, 40.7964], [-96.6195, 40.7903], [-96.6307, 40.7852], [-96.6371, 40.7625], [-96.6426, 40.7563], [-96.6606, 40.753], [-96.707, 40.7597], [-96.722, 40.7675], [-96.7322, 40.787], [-96.7556, 40.7899], [-96.764, 40.8043]]]}}, {"type": "Feature", "properties": {}, "geometry": {"type": "Polygon", "coordinates": [[[-91.1461, 40.8358], [-91.1188, 40.8388], [-91.098, 40.8325], [-91.0866, 40.8166], [-91.0869, 40.7905], [-91.1125, 40.7911], [-91.1326, 40.7974], [-91.1448, 40.8113], [-91.1461, 40.8358]]]}}, {"type": "Feature", "properties": {}, "geometry": {"type": "Polygon", "coordinates": [[[-89.0348, 40.4679], [-89.0219, 40.5165], [-88.9844, 40.5325], [-88.9463, 40.5159], [-88.9315, 40.4698], [-88.9552, 40.4569], [-88.982, 40.4559], [-89.0348, 40.4679]]]}}, {"type": "Feature", "properties": {}, "geometry": {"type": "Polygon", "coordinates": [[[-91.4088, 40.436], [-91.4008, 40.4597], [-91.3861, 40.4492], [-91.3783, 40.4328], [-91.3763, 40.3898], [-91.3983, 40.4014], [-91.4081, 40.4171], [-91.4088, 40.436]]]}}, {"type": "Feature", "properties": {}, "geometry": {"type": "Polygon", "coordinates": [[[-91.4344, 39.9326], [-91.4225, 39.9713], [-91.3532, 39.9472], [-91.3644, 39.9279], [-91.4036, 39.9134], [-91.4214, 39.9008], [-91.4364, 39.9141], [-91.4344, 39.9326]]]}}, {"type": "Feature", "properties": {}, "geometry": {"type": "Polygon", "coordinates": [[[-89.0031, 39.8626], [-88.9802, 39.8718], [-88.9699, 39.8971], [-88.9574, 39.908], [-88.9328, 39.9046], [-88.9121, 39.8834], [-88.8945, 39.8851], [-88.8712, 39.8953], [-88.8536, 39.8923], [-88.8751, 39.8493], [-88.9191, 39.823], [-88.9689, 39.8173], [-89.0115, 39.8341], [-89.0151, 39.8531], [-89.0031, 39.8626]]]}}, {"type": "Feature", "properties": {}, "geometry": {"type": "Polygon", "coordinates": [[[-89.7461, 39.8037], [-89.7414, 39.8122], [-89.7131, 39.8156], [-89.6932, 39.8259], [-89.6898, 39.849], [-89.6765, 39.8497], [-89.6668, 39.8604], [-89.6337, 39.869], [-89.5996, 39.8454], [-89.583, 39.7982], [-89.5984, 39.7349], [-89.6218, 39.734], [-89.6604, 39.7476], [-89.6727, 39.7567], [-89.7189, 39.76], [-89.734, 39.7675], [-89.7378, 39.7959], [-89.7461, 39.8037]]]}}, {"type": "Feature", "properties": {}, "geometry": {"type": "Polygon", "coordinates": [[[-91.3963, 39.7444], [-91.3906, 39.7586], [-91.3873, 39.76], [-91.369, 39.7499], [-91.3573, 39.7332], [-91.3541, 39.7106], [-91.3651, 39.6902], [-91.3841, 39.7025], [-91.3942, 39.7223], [-91.3963, 39.7444]]]}}, {"type": "Feature", "properties": {}, "geometry": {"type": "Polygon", "coordinates": [[[-90.2793, 39.7263], [-90.2719, 39.7422], [-90.255, 39.7488], [-90.236, 39.7466], [-90.22, 39.7363], [-90.2276, 39.719], [-90.2444, 39.7123], [-90.2636, 39.7144], [-90.2785, 39.7231], [-90.2793, 39.7263]]]}}, {"type": "Feature", "properties": {}, "geometry": {"type": "Polygon", "coordinates": [[[-94.8554, 38.8953], [-94.8501, 38.9066], [-94.8236, 38.9381], [-94.8234, 38.9698], [-94.8122, 38.9841], [-94.8121, 39.0037], [-94.8004, 39.0129], [-94.8022, 39.0232], [-94.8231, 39.0372], [-94.8133, 39.0553], [-94.7804, 39.0756], [-94.7688, 39.0923], [-94.773, 39.1131], [-94.8078, 39.1349], [-94.8122, 39.1589], [-94.8043, 39.1654], [-94.8001, 39.1823], [-94.7646, 39.1848], [-94.7537, 39.1824], [-94.7452, 39.1542], [-94.7365, 39.1494], [-94.7147, 39.1591], [-94.7111, 39.1712], [-94.7043, 39.1702], [-94.6955, 39.1638], [-94.688, 39.1642], [-94.6802, 39.178], [-94.6798, 39.2041], [-94.7031, 39.2304], [-94.7122, 39.2364], [-94.6951, 39.2649], [-94.689, 39.2712], [-94.6687, 39.2756], [-94.6276, 39.2765], [-94.6057, 39.2842], [-94.5993, 39.2937], [-94.5779, 39.2874], [-94.5033, 39.2316], [-94.4932, 39.2344], [-94.4678, 39.2614], [-94.4479, 39.2723], [-94.4199, 39.2597], [-94.4184, 39.2424], [-94.4523, 39.2234], [-94.4545, 39.2135], [-94.4529, 39.1799], [-94.468, 39.1697], [-94.4719, 39.1601], [-94.4625, 39.149], [-94.4543, 39.1468], [-94.4174, 39.1586], [-94.3972, 39.1593], [-94.3874, 39.1392], [-94.3691, 39.1232], [-94.3581, 39.1007], [-94.3514, 39.067], [-94.3527, 39.0474], [-94.4222, 39.0217], [-94.4622, 38.9806], [-94.4679, 38.9612], [-94.4693, 38.9196], [-94.4752, 38.9018], [-94.4841, 38.8965], [-94.5143, 38.8904], [-94.5186, 38.8851], [-94.5186, 38.8699], [-94.5116, 38.8483], [-94.5202, 38.8346], [-94.5396, 38.8455], [-94.5438, 38.8823], [-94.5626, 38.892], [-94.5727, 38.9017], [-94.581, 38.9019], [-94.6224, 38.8897], [-94.6617, 38.8892], [-94.67, 38.881], [-94.6769, 38.8787], [-94.7199, 38.8991], [-94.745, 38.9001], [-94.7515, 38.8949], [-94.7558, 38.87], [-94.7641, 38.8575], [-94.7888, 38.8511], [-94.8145, 38.856], [-94.8386, 38.867], [-94.856, 38.8793], [-94.8554, 38.8953]]]}}, {"type": "Feature", "properties": {}, "geometry": {"type": "Polygon", "coordinates": [[[-96.623, 39.2143], [-96.5944, 39.2205], [-96.5733, 39.2193], [-96.5599, 39.2075], [-96.5527, 39.1796], [-96.5735, 39.1703], [-96.5968, 39.1741], [-96.6162, 39.1897], [-96.623, 39.2143]]]}}, {"type": "Feature", "properties": {}, "geometry": {"type": "Polygon", "coordinates": [[[-95.8008, 39.0593], [-95.72, 39.0956], [-95.7114, 39.1044], [-95.6924, 39.1156], [-95.6865, 39.1155], [-95.6802, 39.1047], [-95.6415, 39.0999], [-95.631, 39.0933], [-95.6289, 39.0865], [-95.636, 39.0758], [-95.6304, 39.0576], [-95.6394, 39.0249], [-95.6493, 39.0093], [-95.6955, 38.989], [-95.7112, 38.99], [-95.7441, 39.0009], [-95.7782, 39.0172], [-95.7947, 39.0346], [-95.8008, 39.0593]]]}}, {"type": "Feature", "properties": {}, "geometry": {"type": "Polygon", "coordinates": [[[-94.3458, 39.0363], [-94.34, 39.0392], [-94.3266, 39.0384], [-94.3169, 39.048], [-94.2968, 39.0494], [-94.2873, 39.0604], [-94.2737, 39.0552], [-94.2622, 39.0444], [-94.255, 39.0303], [-94.2528, 39.0135], [-94.2884, 38.9983], [-94.3083, 39.0055], [-94.3436, 39.0008], [-94.3457, 39.0029], [-94.3458, 39.0363]]]}}, {"type": "Feature", "properties": {}, "geometry": {"type": "Polygon", "coordinates": [[[-95.3232, 38.9921], [-95.2957, 39.0112], [-95.2712, 39.0175], [-95.2506, 39.0121], [-95.2145, 38.9742], [-95.2136, 38.9541], [-95.2204, 38.9456], [-95.2424, 38.9442], [-95.254, 38.9291], [-95.2675, 38.9215], [-95.2885, 38.9232], [-95.292, 38.9409], [-95.3005, 38.9459], [-95.3029, 38.9579], [-95.3224, 38.9771], [-95.3232, 38.9921]]]}}, {"type": "Feature", "properties": {}, "geometry": {"type": "Polygon", "coordinates": [[[-92.3903, 38.9811], [-92.3051, 39.0047], [-92.2753, 38.9921], [-92.2904, 38.9449], [-92.3292, 38.927], [-92.3707, 38.9385], [-92.3903, 38.9811]]]}}, {"type": "Feature", "properties": {}, "geometry": {"type": "Polygon", "coordinates": [[[-90.235, 38.8926], [-90.2017, 38.9426], [-90.1872, 38.947], [-90.1806, 38.9524], [-90.1796, 38.9698], [-90.1768, 38.9714], [-90.1679, 38.9666], [-90.1662, 38.9448], [-90.1619, 38.9351], [-90.1511, 38.9273], [-90.1213, 38.9177], [-90.1118, 38.9083], [-90.0939, 38.9121], [-90.0613, 38.9344], [-90.0429, 38.9265], [-90.044, 38.9076], [-90.059, 38.8908], [-90.0635, 38.8807], [-90.059, 38.8705], [-90.044, 38.8538], [-90.0425, 38.8353], [-90.065, 38.8232], [-90.0848, 38.8231], [-90.1362, 38.8378], [-90.1558, 38.855], [-90.1679, 38.8571], [-90.1787, 38.8778], [-90.1863, 38.8801], [-90.2109, 38.8787], [-90.235, 38.8926]]]}}, {"type": "Feature", "properties": {}, "geometry": {"type": "Polygon", "coordinates": [[[-94.4261, 38.9436], [-94.4021, 38.9576], [-94.3305, 38.9586], [-94.3473, 38.9335], [-94.3702, 38.9121], [-94.4001, 38.9008], [-94.434, 38.9128], [-94.4261, 38.9436]]]}}, {"type": "Feature", "properties": {}, "geometry": {"type": "Polygon", "coordinates": [[[-97.6452, 38.8362], [-97.6336, 38.8818], [-97.6127, 38.8826], [-97.6011, 38.8711], [-97.5955, 38.848], [-97.597, 38.813], [-97.626, 38.8188], [-97.6452, 38.8362]]]}}, {"type": "Feature", "properties": {}, "geometry": {"type": "Polygon", "coordinates": [[[-89.9912, 38.7867], [-89.9763, 38.8148], [-89.952, 38.8262], [-89.9202, 38.8145], [-89.9233, 38.8015], [-89.9526, 38.7897], [-89.9586, 38.7597], [-89.9678, 38.7448], [-89.9907, 38.7469], [-89.9912, 38.7867]]]}}, {"type": "Feature", "properties": {}, "geometry": {"type": "Polygon", "coordinates": [[[-93.2901, 38.7147], [-93.2805, 38.7327], [-93.2619, 38.7367], [-93.2453, 38.7263], [-93.242, 38.7021], [-93.2581, 38.6926], [-93.2671, 38.6961], [-93.2901, 38.7147]]]}}, {"type": "Feature", "properties": {}, "geometry": {"type": "Polygon", "coordinates": [[[-90.0459, 38.693], [-90.0282, 38.7046], [-89.9802, 38.7122], [-89.9667, 38.7271], [-89.9479, 38.7091], [-89.9626, 38.682], [-89.9924, 38.6613], [-90.0213, 38.6566], [-90.0296, 38.6641], [-90.0376, 38.6856], [-90.0459, 38.693]]]}}, {"type": "Feature", "properties": {}, "geometry": {"type": "Polygon", "coordinates": [[[-90.0682, 38.5462], [-90.0605, 38.5647], [-90.0442, 38.571], [-90.0113, 38.5721], [-90.005, 38.5801], [-90.0089, 38.5932], [-90.0189, 38.6034], [-90.0573, 38.6244], [-90.0432, 38.6487], [-90.0257, 38.6434], [-90.0056, 38.6264], [-89.9854, 38.6161], [-89.8869, 38.6147], [-89.8947, 38.5857], [-89.9228, 38.5788], [-89.952, 38.5777], [-89.9684, 38.5704], [-89.9701, 38.5591], [-89.945, 38.5345], [-89.9423, 38.515], [-89.9645, 38.5035], [-89.9914, 38.4989], [-90.0161, 38.5015], [-90.0344, 38.5126], [-90.0591, 38.5435], [-90.0682, 38.5462]]]}}, {"type": "Feature", "properties": {}, "geometry": {"type": "Polygon", "coordinates": [[[-92.2676, 38.5793], [-92.2583, 38.5984], [-92.2277, 38.6164], [-92.2214, 38.6383], [-92.2032, 38.6341], [-92.1757, 38.5941], [-92.1467, 38.5856], [-92.1324, 38.577], [-92.131, 38.5581], [-92.1473, 38.5586], [-92.1861, 38.5522], [-92.2009, 38.557], [-92.2079, 38.5669], [-92.2245, 38.5675], [-92.2318, 38.5643], [-92.2367, 38.5569], [-92.2447, 38.5566], [-92.2566, 38.574], [-92.2676, 38.5793]]]}}, {"type": "Feature", "properties": {}, "geometry": {"type": "Polygon", "coordinates": [[[-91.0467, 38.5643], [-91.0253, 38.5801], [-91.0107, 38.5828], [-90.9866, 38.558], [-90.9913, 38.5431], [-91.0026, 38.5375], [-91.0181, 38.5381], [-91.0343, 38.5458], [-91.0458, 38.5573], [-91.0467, 38.5643]]]}}, {"type": "Feature", "properties": {}, "geometry": {"type": "Polygon", "coordinates": [[[-93.6132, 44.9189], [-93.6028, 44.9215], [-93.589, 44.9167], [-93.5749, 44.9161], [-93.5344, 44.9323], [-93.5288, 44.9378], [-93.5311, 44.9488], [-93.543, 44.9543], [-93.5889, 44.9556], [-93.5906, 44.9677], [-93.5872, 44.9743], [-93.5478, 45.0024], [-93.5447, 45.0148], [-93.5046, 45.0252], [-93.4938, 45.0347], [-93.4777, 45.038], [-93.4724, 45.0427], [-93.475, 45.0626], [-93.4982, 45.1055], [-93.5012, 45.1357], [-93.4745, 45.1426], [-93.4439, 45.1664], [-93.4428, 45.174], [-93.4457, 45.1798], [-93.44, 45.1929], [-93.4477, 45.2209], [-93.4456, 45.236], [-93.4177, 45.2404], [-93.399, 45.2706], [-93.3861, 45.2658], [-93.3785, 45.2566], [-93.374, 45.233], [-93.3684, 45.2273], [-93.3364, 45.2273], [-93.2806, 45.2074], [-93.2424, 45.2033], [-93.2488, 45.1726], [-93.2449, 45.1556], [-93.2391, 45.1496], [-93.2115, 45.1503], [-93.1323, 45.1705], [-93.1249, 45.1606], [-93.116, 45.1346], [-93.1062, 45.125], [-93.053, 45.1163], [-93.0475, 45.1214], [-93.0449, 45.1369], [-93.0248, 45.1397], [-92.9983, 45.1199], [-92.974, 45.1113], [-92.9689, 45.1019], [-92.963, 45.0675], [-92.9346, 45.0344], [-92.9307, 45.0136], [-92.9409, 45.0041], [-92.9521, 44.9808], [-92.9515, 44.954], [-92.9456, 44.9482], [-92.9196, 44.9352], [-92.9288, 44.9196], [-92.942, 44.9098], [-92.9717, 44.9005], [-92.9752, 44.8929], [-92.9752, 44.8612], [-92.9716, 44.8529], [-92.9651, 44.8487], [-92.9412, 44.8441], [-92.9308, 44.836], [-92.9424, 44.8116], [-92.949, 44.8121], [-92.965, 44.8217], [-93.0329, 44.8222], [-93.0668, 44.8335], [-93.0779, 44.8335], [-93.0941, 44.8517], [-93.1123, 44.8596], [-93.1352, 44.8637], [-93.1418, 44.8588], [-93.1426, 44.8474], [-93.1353, 44.8395], [-93.1187, 44.8333], [-93.1087, 44.825], [-93.1105, 44.8155], [-93.1277, 44.7998], [-93.119, 44.7794], [-93.1198, 44.7677], [-93.1383, 44.7569], [-93.1999, 44.7439], [-93.2168, 44.7344], [-93.2207, 44.7224], [-93.2427, 44.7213], [-93.2778, 44.6777], [-93.2921, 44.6783], [-93.3223, 44.71], [-93.3453, 44.7118], [-93.3505, 44.7262], [-93.3827, 44.7482], [-93.3956, 44.7646], [-93.4168, 44.7749], [-93.4324, 44.792], [-93.4553, 44.8307], [-93.4621, 44.833], [-93.5241, 44.8303], [-93.5448, 44.8336], [-93.5512, 44.841], [-93.5592, 44.8657], [-93.567, 44.8764], [-93.5891, 44.8779], [-93.5948, 44.8888], [-93.6098, 44.8937], [-93.6132, 44.9189]], [[-93.42, 45.1426], [-93.4489, 45.122], [-93.4517, 45.1029], [-93.4463, 45.0964], [-93.4301, 45.0976], [-93.3914, 45.1194], [-93.3637, 45.1269], [-93.3598, 45.134], [-93.3838, 45.1719], [-93.3926, 45.1783], [-93.4105, 45.1786], [-93.4172, 45.1751], [-93.42, 45.1426]]]}}, {"type": "Feature", "properties": {}, "geometry": {"type": "Polygon", "coordinates": [[[-89.7336, 44.7889], [-89.7352, 44.7912], [-89.7294, 44.8058], [-89.7192, 44.8148], [-89.6864, 44.8268], [-89.6783, 44.8372], [-89.6688, 44.8331], [-89.6695, 44.8278], [-89.6926, 44.7988], [-89.7083, 44.7902], [-89.7336, 44.7889]]]}}, {"type": "Feature", "properties": {}, "geometry": {"type": "Polygon", "coordinates": [[[-90.2352, 41.8475], [-90.2032, 41.8688], [-90.1986, 41.877], [-90.1948, 41.8962], [-90.1895, 41.9043], [-90.1659, 41.8915], [-90.1566, 41.8747], [-90.1611, 41.854], [-90.1877, 41.823], [-90.1991, 41.8198], [-90.2097, 41.8009], [-90.2438, 41.7996], [-90.2557, 41.7894], [-90.2648, 41.7989], [-90.2581, 41.8153], [-90.2352, 41.8475]]]}}, {"type": "Feature", "properties": {}, "geometry": {"type": "Polygon", "coordinates": [[[-89.7397, 40.5662], [-89.7283, 40.5733], [-89.7225, 40.5824], [-89.6938, 40.5706], [-89.6869, 40.5722], [-89.6804, 40.5812], [-89.6817, 40.6176], [-89.6735, 40.6366], [-89.6936, 40.6749], [-89.7019, 40.6801], [-89.6961, 40.6897], [-89.6803, 40.6825], [-89.6678, 40.683], [-89.6589, 40.6967], [-89.6612, 40.7439], [-89.6685, 40.7535], [-89.6907, 40.769], [-89.6796, 40.7924], [-89.6722, 40.7923], [-89.6564, 40.7833], [-89.6228, 40.8029], [-89.5963, 40.811], [-89.5651, 40.8039], [-89.5628, 40.7949], [-89.5633, 40.7563], [-89.5539, 40.7386], [-89.5343, 40.7204], [-89.5313, 40.7022], [-89.5526, 40.6998], [-89.558, 40.6944], [-89.558, 40.6868], [-89.5513, 40.6698], [-89.5541, 40.6567], [-89.5877, 40.6551], [-89.6175, 40.6339], [-89.6264, 40.6237], [-89.6293, 40.6156], [-89.6264, 40.6084], [-89.6064, 40.5991], [-89.5979, 40.5917], [-89.5998, 40.5805], [-89.6205, 40.5461], [-89.6341, 40.5434], [-89.6691, 40.5474], [-89.6856, 40.5373], [-89.6988, 40.5496], [-89.7172, 40.5567], [-89.7266, 40.5534], [-89.7339, 40.5452], [-89.7434, 40.5523], [-89.7441, 40.5596], [-89.7397, 40.5662]]]}}, {"type": "Feature", "properties": {}, "geometry": {"type": "Polygon", "coordinates": [[[-94.912, 39.713], [-94.9108, 39.729], [-94.9028, 39.7353], [-94.8809, 39.7385], [-94.8761, 39.7445], [-94.877, 39.7521], [-94.8898, 39.7753], [-94.8892, 39.7932], [-94.851, 39.801], [-94.8464, 39.8066], [-94.8441, 39.8268], [-94.7976, 39.8263], [-94.7957, 39.8009], [-94.7781, 39.7779], [-94.7753, 39.7573], [-94.8092, 39.7343], [-94.8675, 39.7296], [-94.8856, 39.7231], [-94.8927, 39.7133], [-94.912, 39.713]]]}}, {"type": "Feature", "properties": {}, "geometry": {"type": "Polygon", "coordinates": [[[-90.8801, 38.8128], [-90.8762, 38.8198], [-90.8516, 38.8364], [-90.8442, 38.8383], [-90.8283, 38.8352], [-90.8075, 38.8182], [-90.7875, 38.8183], [-90.7732, 38.8261], [-90.7614, 38.847], [-90.7306, 38.8383], [-90.7075, 38.8388], [-90.6286, 38.8262], [-90.6092, 38.8288], [-90.5982, 38.8455], [-90.5895, 38.8492], [-90.567, 38.8489], [-90.5575, 38.8455], [-90.549, 38.8309], [-90.5412, 38.8275], [-90.5323, 38.828], [-90.5217, 38.8382], [-90.4689, 38.823], [-90.4571, 38.8274], [-90.4432, 38.8452], [-90.4337, 38.8493], [-90.4219, 38.8484], [-90.4022, 38.8385], [-90.3758, 38.8468], [-90.3654, 38.8546], [-90.3557, 38.8715], [-90.343, 38.8689], [-90.3311, 38.8391], [-90.3219, 38.8365], [-90.2889, 38.8367], [-90.2808, 38.8429], [-90.2793, 38.8706], [-90.2616, 38.87], [-90.2284, 38.8461], [-90.19, 38.8303], [-90.1882, 38.8178], [-90.1912, 38.7998], [-90.185, 38.7867], [-90.1775, 38.7855], [-90.1611, 38.7905], [-90.1549, 38.8049], [-90.1438, 38.8026], [-90.135, 38.7949], [-90.1301, 38.7665], [-90.1249, 38.761], [-90.1115, 38.7609], [-90.0869, 38.7721], [-90.0648, 38.7705], [-90.0617, 38.7505], [-90.0691, 38.7382], [-90.0855, 38.7244], [-90.0872, 38.7017], [-90.1021, 38.6921], [-90.1073, 38.6836], [-90.1016, 38.6735], [-90.0764, 38.66], [-90.0672, 38.6339], [-90.0537, 38.6263], [-90.0535, 38.5912], [-90.0696, 38.5806], [-90.0915, 38.584], [-90.1134, 38.5776], [-90.1271, 38.5584], [-90.1572, 38.559], [-90.1635, 38.5536], [-90.1663, 38.5454], [-90.2069, 38.5669], [-90.2257, 38.5599], [-90.2308, 38.5538], [-90.2314, 38.5352], [-90.2639, 38.5129], [-90.2623, 38.4776], [-90.2653, 38.468], [-90.2798, 38.4609], [-90.3131, 38.4552], [-90.3351, 38.4192], [-90.3439, 38.412], [-90.3693, 38.4019], [-90.3996, 38.4009], [-90.4219, 38.4562], [-90.4258, 38.4823], [-90.4356, 38.4939], [-90.4897, 38.5012], [-90.5029, 38.525], [-90.5245, 38.5417], [-90.5426, 38.5488], [-90.5587, 38.5686], [-90.5759, 38.5745], [-90.6119, 38.5804], [-90.6348, 38.5907], [-90.6361, 38.6129], [-90.6251, 38.6547], [-90.6258, 38.6617], [-90.6389, 38.6823], [-90.6564, 38.6789], [-90.6673, 38.6832], [-90.6682, 38.7037], [-90.6201, 38.6978], [-90.5804, 38.7042], [-90.5736, 38.7087], [-90.5745, 38.7206], [-90.5947, 38.7339], [-90.6406, 38.7319], [-90.6564, 38.7346], [-90.6579, 38.749], [-90.662, 38.7547], [-90.679, 38.757], [-90.6847, 38.7652], [-90.6969, 38.7722], [-90.7049, 38.786], [-90.7266, 38.7982], [-90.7555, 38.7898], [-90.8775, 38.8008], [-90.8801, 38.8128]], [[-90.4479, 38.8226], [-90.4531, 38.8175], [-90.454, 38.8047], [-90.443, 38.7947], [-90.4132, 38.794], [-90.4036, 38.8009], [-90.4044, 38.8106], [-90.4126, 38.8186], [-90.4317, 38.8235], [-90.4479, 38.8226]]]}}]}