{"type": "FeatureCollection", "features": [{"type": "Feature", "properties": {}, "geometry": {"type": "Polygon", "coordinates": [[[6.1032, 58.9523], [6.1178, 58.9594], [6.2271, 58.9911], [6.3429, 59.0096], [6.3651, 59.0009], [6.217, 58.9436], [6.1381, 58.8729], [6.1004, 58.8684], [6.0683, 58.8798], [6.0625, 58.8857], [6.0514, 58.9084], [6.0433, 58.9094], [6.0319, 58.9043], [5.9806, 58.9512], [5.9732, 58.9636], [5.9829, 58.9854], [6.0068, 58.9931], [6.0174, 58.9898], [6.1032, 58.9523]]]}}, {"type": "Feature", "properties": {}, "geometry": {"type": "Polygon", "coordinates": [[[6.102, 59.399], [6.1, 59.3892], [6.051, 59.3659], [6.0021, 59.3318], [5.9939, 59.3333], [5.9941, 59.3415], [6.0077, 59.3493], [6.0286, 59.3759], [6.0408, 59.3856], [6.0719, 59.4014], [6.099, 59.402], [6.102, 59.399]]]}}, {"type": "Feature", "properties": {}, "geometry": {"type": "Polygon", "coordinates": [[[5.9979, 58.3907], [5.982, 58.4056], [5.9717, 58.4229], [5.9683, 58.436], [5.9784, 58.4335], [6.0223, 58.4009], [6.0215, 58.3984], [6.0079, 58.3974], [6.0021, 58.3914], [5.9979, 58.3907]]]}}, {"type": "Feature", "properties": {}, "geometry": {"type": "Polygon", "coordinates": [[[5.9881, 59.3966], [5.9941, 59.3895], [5.9968, 59.3799], [5.9499, 59.3587], [5.922, 59.3555], [5.9117, 59.3715], [5.9106, 59.3784], [5.9751, 59.4016], [5.9881, 59.3966]]]}}, {"type": "Feature", "properties": {}, "geometry": {"type": "Polygon", "coordinates": [[[5.8912, 59.0913], [5.8935, 59.061], [5.9631, 59.0207], [5.964, 59.017], [5.953, 59.0145], [5.9324, 59.0168], [5.9123, 59.0268], [5.8899, 59.0446], [5.8748, 59.0639], [5.8711, 59.0876], [5.8884, 59.1046], [5.9071, 59.1094], [5.8958, 59.0998], [5.8912, 59.0913]]]}}, {"type": "Feature", "properties": {}, "geometry": {"type": "Polygon", "coordinates": [[[5.9381, 59.237], [5.9281, 59.243], [5.9304, 59.2682], [5.948, 59.2821], [5.9405, 59.2392], [5.9381, 59.237]]]}}, {"type": "Feature", "properties": {}, "geometry": {"type": "Polygon", "coordinates": [[[5.8319, 58.9645], [5.8542, 58.967], [5.8835, 58.9611], [5.921, 58.9465], [5.9359, 58.9372], [5.9453, 58.9263], [5.8544, 58.9573], [5.8319, 58.9645]]]}}, {"type": "Feature", "properties": {}, "geometry": {"type": "Polygon", "coordinates": [[[5.77, 59.1739], [5.7808, 59.1783], [5.7885, 59.1742], [5.7965, 59.1758], [5.809, 59.1923], [5.8231, 59.2012], [5.8346, 59.2014], [5.8787, 59.1835], [5.8779, 59.1663], [5.8565, 59.155], [5.8391, 59.1382], [5.7986, 59.137], [5.7809, 59.1409], [5.7723, 59.152], [5.7717, 59.1618], [5.77, 59.1739]]]}}, {"type": "Feature", "properties": {}, "geometry": {"type": "Polygon", "coordinates": [[[5.8599, 59.3601], [5.8612, 59.3501], [5.8459, 59.3449], [5.7912, 59.3435], [5.8439, 59.3553], [5.8599, 59.3601]]]}}, {"type": "Feature", "properties": {}, "geometry": {"type": "Polygon", "coordinates": [[[5.8015, 58.4937], [5.8261, 58.4834], [5.8005, 58.4865], [5.798, 58.4911], [5.8015, 58.4937]]]}}, {"type": "Feature", "properties": {}, "geometry": {"type": "Polygon", "coordinates": [[[5.7006, 59.1229], [5.7219, 59.1276], [5.7401, 59.1262], [5.7756, 59.115], [5.7803, 59.1], [5.7763, 59.0796], [5.7507, 59.0705], [5.7004, 59.0871], [5.698, 59.0904], [5.698, 59.1196], [5.7006, 59.1229]]]}}, {"type": "Feature", "properties": {}, "geometry": {"type": "Polygon", "coordinates": [[[5.7545, 59.3364], [5.7527, 59.3344], [5.7505, 59.3359], [5.7521, 59.338], [5.7545, 59.3364]]]}}, {"type": "Feature", "properties": {}, "geometry": {"type": "Polygon", "coordinates": [[[5.6987, 59.3236], [5.6948, 59.3173], [5.6667, 59.3027], [5.6256, 59.2905], [5.6129, 59.291], [5.6098, 59.2937], [5.6088, 59.3011], [5.6111, 59.3029], [5.6563, 59.3121], [5.6987, 59.3236]]]}}, {"type": "Feature", "properties": {}, "geometry": {"type": "Polygon", "coordinates": [[[-4.7716, 48.3824], [-4.7695, 48.3902], [-4.7844, 48.4153], [-4.7866, 48.4375], [-4.7806, 48.4571], [-4.7652, 48.4774], [-4.7676, 48.4847], [-4.7762, 48.4928], [-4.7656, 48.5221], [-4.7427, 48.5504], [-4.7082, 48.5528], [-4.7028, 48.5582], [-4.7013, 48.5732], [-4.6742, 48.5815], [-4.6433, 48.5838], [-4.6086, 48.5782], [-4.603, 48.5881], [-4.6074, 48.6012], [-4.5949, 48.611], [-4.5757, 48.6079], [-4.5683, 48.6095], [-4.5642, 48.6158], [-4.5643, 48.6313], [-4.4862, 48.6316], [-4.4624, 48.6346], [-4.4318, 48.6452], [-4.4274, 48.6592], [-4.3974, 48.6634], [-4.3498, 48.6789], [-4.3472, 48.6582], [-4.3418, 48.6528], [-4.3082, 48.6528], [-4.2995, 48.6661], [-4.2985, 48.6495], [-4.2929, 48.6452], [-4.2851, 48.6451], [-4.2432, 48.6593], [-4.2217, 48.6569], [-4.2148, 48.6622], [-4.2078, 48.6737], [-4.1911, 48.685], [-4.174, 48.6932], [-4.1309, 48.7011], [-4.1094, 48.7002], [-4.0936, 48.6952], [-4.0801, 48.699], [-4.0666, 48.6898], [-4.0594, 48.6914], [-4.052, 48.702], [-3.9603, 48.7017], [-3.9581, 48.6901], [-3.9422, 48.6723], [-3.9138, 48.6827], [-3.891, 48.6796], [-3.8992, 48.6683], [-3.8962, 48.658], [-3.8603, 48.6422], [-3.8532, 48.6451], [-3.8502, 48.6522], [-3.8595, 48.6857], [-3.8451, 48.6886], [-3.8381, 48.7094], [-3.8314, 48.7189], [-3.8148, 48.7211], [-3.8102, 48.735], [-3.7934, 48.7225], [-3.7771, 48.7194], [-3.7307, 48.7207], [-3.6848, 48.7005], [-3.6379, 48.7066], [-3.6358, 48.6943], [-3.6284, 48.6877], [-3.6127, 48.6847], [-3.5835, 48.6854], [-3.5766, 48.6949], [-3.5858, 48.7283], [-3.5814, 48.7347], [-3.5588, 48.7386], [-3.5537, 48.7484], [-3.5573, 48.755], [-3.579, 48.7732], [-3.5831, 48.7915], [-3.571, 48.8013], [-3.5418, 48.8118], [-3.5161, 48.8434], [-3.497, 48.8389], [-3.4666, 48.8372], [-3.4346, 48.8248], [-3.419, 48.8231], [-3.4143, 48.8107], [-3.3998, 48.8092], [-3.3718, 48.8246], [-3.2893, 48.8451], [-3.2746, 48.8514], [-3.2603, 48.8508], [-3.2302, 48.874], [-3.2123, 48.8711], [-3.2058, 48.8573], [-3.2049, 48.8394], [-3.1963, 48.8328], [-3.146, 48.8641], [-3.1357, 48.8627], [-3.1186, 48.8749], [-3.1035, 48.8785], [-3.0918, 48.8736], [-3.0832, 48.864], [-3.0819, 48.8512], [-3.086, 48.8393], [-3.0738, 48.8277], [-3.0497, 48.8241], [-3.0275, 48.8306], [-3.008, 48.8236], [-3.0064, 48.8072], [-3.03, 48.7974], [-3.0322, 48.7899], [-3.0284, 48.7831], [-3.0044, 48.7761], [-2.9534, 48.7743], [-2.932, 48.7689], [-2.9314, 48.7459], [-2.9357, 48.7381], [-2.9336, 48.731], [-2.8981, 48.7069], [-2.8886, 48.6951], [-2.8256, 48.6587], [-2.8098, 48.6162], [-2.8123, 48.6048], [-2.8087, 48.5986], [-2.7696, 48.5808], [-2.7128, 48.5621], [-2.7186, 48.5386], [-2.6988, 48.5215], [-2.6916, 48.519], [-2.6847, 48.5223], [-2.6767, 48.542], [-2.6382, 48.5409], [-2.6226, 48.5449], [-2.6028, 48.5586], [-2.5699, 48.5907], [-2.4778, 48.6264], [-2.4722, 48.6321], [-2.4726, 48.64], [-2.4886, 48.6487], [-2.4884, 48.6516], [-2.4419, 48.661], [-2.4201, 48.6585], [-2.4085, 48.6472], [-2.3876, 48.6518], [-2.3578, 48.6647], [-2.3328, 48.6809], [-2.3164, 48.7004], [-2.309, 48.6863], [-2.3018, 48.6807], [-2.2804, 48.6788], [-2.2806, 48.6694], [-2.2894, 48.6635], [-2.2998, 48.6488], [-2.2962, 48.6377], [-2.2883, 48.636], [-2.2735, 48.6448], [-2.2502, 48.6517], [-2.244, 48.644], [-2.2379, 48.6206], [-2.2249, 48.6139], [-2.2132, 48.5942], [-2.2058, 48.5908], [-2.1963, 48.5977], [-2.1939, 48.6172], [-2.1912, 48.6171], [-2.1866, 48.6054], [-2.1753, 48.6026], [-2.1471, 48.6231], [-2.1444, 48.6386], [-2.0999, 48.6489], [-2.0534, 48.652], [-2.0432, 48.6419], [-2.0351, 48.6415], [-2.0185, 48.6625], [-1.9939, 48.673], [-1.9854, 48.6902], [-1.9525, 48.6939], [-1.9466, 48.7001], [-1.9354, 48.7019], [-1.8436, 48.7015], [-1.8346, 48.6905], [-1.8585, 48.6632], [-1.8579, 48.6424], [-1.8351, 48.6252], [-1.7967, 48.6181], [-1.7223, 48.6174], [-1.6456, 48.6253], [-1.5969, 48.6426], [-1.5806, 48.6452], [-1.5018, 48.6386], [-1.4478, 48.647], [-1.4426, 48.6559], [-1.4536, 48.6793], [-1.5024, 48.6932], [-1.5102, 48.7018], [-1.5186, 48.7234], [-1.555, 48.746], [-1.5637, 48.7694], [-1.5647, 48.7991], [-1.5701, 48.8233], [-1.5803, 48.8354], [-1.6047, 48.8413], [-1.6041, 48.8507], [-1.5885, 48.8567], [-1.5747, 48.8734], [-1.5659, 48.9214], [-1.5554, 48.9378], [-1.5556, 48.9455], [-1.5648, 48.9589], [-1.5551, 49.0156], [-1.5597, 49.022], [-1.5676, 49.023], [-1.58, 49.0114], [-1.5886, 49.0184], [-1.5983, 49.0358], [-1.5959, 49.0747], [-1.6017, 49.0829], [-1.603, 49.0932], [-1.6099, 49.1012], [-1.5911, 49.1404], [-1.6063, 49.1772], [-1.6131, 49.2129], [-1.6266, 49.2183], [-1.6408, 49.2292], [-1.6577, 49.2649], [-1.6734, 49.2792], [-1.6745, 49.293], [-1.6997, 49.3114], [-1.7128, 49.3356], [-1.7349, 49.345], [-1.7579, 49.3611], [-1.7753, 49.3679], [-1.7819, 49.3761], [-1.8073, 49.3751], [-1.818, 49.3827], [-1.8215, 49.3979], [-1.8178, 49.4317], [-1.8208, 49.4503], [-1.839, 49.4737], [-1.8465, 49.4937], [-1.8865, 49.531], [-1.8798, 49.5461], [-1.8536, 49.562], [-1.8468, 49.5707], [-1.8413, 49.6025], [-1.8426, 49.6214], [-1.8611, 49.6517], [-1.8681, 49.6581], [-1.9025, 49.664], [-1.9467, 49.6766], [-1.9404, 49.6996], [-1.9414, 49.7168], [-1.9361, 49.7255], [-1.9072, 49.7282], [-1.8686, 49.715], [-1.838, 49.7171], [-1.8243, 49.7109], [-1.8184, 49.697], [-1.8127, 49.6933], [-1.7961, 49.6937], [-1.7731, 49.6886], [-1.7079, 49.6822], [-1.6342, 49.6658], [-1.6166, 49.6661], [-1.6132, 49.6576], [-1.6065, 49.653], [-1.574, 49.6661], [-1.539, 49.6597], [-1.5136, 49.664], [-1.4965, 49.6744], [-1.4719, 49.6961], [-1.4572, 49.7037], [-1.4093, 49.7136], [-1.3906, 49.7146], [-1.2715, 49.7005], [-1.2619, 49.6969], [-1.2513, 49.6713], [-1.2312, 49.6434], [-1.2259, 49.6239], [-1.2513, 49.6103], [-1.2633, 49.5876], [-1.292, 49.5855], [-1.3003, 49.5771], [-1.3019, 49.5551], [-1.2744, 49.5211], [-1.2609, 49.4962], [-1.248, 49.4825], [-1.2487, 49.4487], [-1.288, 49.448], [-1.2972, 49.4418], [-1.298, 49.362], [-1.2918, 49.3528], [-1.2487, 49.3513], [-1.248, 49.312], [-1.2418, 49.3028], [-1.0582, 49.3028], [-1.052, 49.312], [-1.0513, 49.3513], [-0.9582, 49.3528], [-0.9528, 49.3582], [-0.952, 49.3916], [-0.9489, 49.3946], [-0.8208, 49.3646], [-0.6511, 49.3579], [-0.5857, 49.348], [-0.5454, 49.3607], [-0.4778, 49.3448], [-0.41, 49.3445], [-0.3616, 49.3268], [-0.3118, 49.319], [-0.2197, 49.2835], [-0.1934, 49.2974], [-0.035, 49.3219], [0.011, 49.3361], [0.0385, 49.3517], [0.0638, 49.3572], [0.0959, 49.3859], [0.1608, 49.4167], [0.3036, 49.4381], [0.3104, 49.4424], [0.3118, 49.4504], [0.303, 49.458], [0.2561, 49.4622], [0.1862, 49.4777], [0.1476, 49.4789], [0.1232, 49.4841], [0.1048, 49.4913], [0.0909, 49.5073], [0.0764, 49.5157], [0.0735, 49.5255], [0.0776, 49.5423], [0.1283, 49.6035], [0.1686, 49.6913], [0.1853, 49.7052], [0.2339, 49.7305], [0.3843, 49.7762], [0.3978, 49.7866], [0.5217, 49.8347], [0.5578, 49.8422], [0.5967, 49.8593], [0.6754, 49.8778], [0.7618, 49.8773], [1.1706, 49.9626], [1.1955, 49.9751], [1.222, 49.982], [1.2604, 50.0095], [1.391, 50.0775], [1.4556, 50.1262], [1.4636, 50.1351], [1.4708, 50.1513], [1.4951, 50.1549], [1.498, 50.162], [1.4984, 50.1972], [1.5203, 50.2164], [1.5569, 50.2193], [1.6319, 50.1957], [1.6424, 50.1987], [1.6449, 50.2059], [1.6388, 50.2185], [1.6104, 50.2298], [1.5924, 50.2542], [1.5515, 50.2675], [1.5396, 50.2791], [1.5413, 50.3108], [1.5493, 50.3484], [1.5759, 50.3855], [1.5734, 50.3925], [1.5538, 50.4035], [1.5532, 50.4103], [1.5715, 50.4484], [1.5722, 50.4921], [1.5772, 50.5326], [1.5972, 50.5448], [1.5998, 50.5518], [1.5968, 50.5587], [1.5827, 50.5725], [1.5763, 50.5872], [1.5717, 50.6345], [1.5611, 50.6788], [1.5607, 50.6982], [1.5656, 50.7168], [1.5867, 50.7569], [1.5971, 50.7704], [1.6028, 50.7873], [1.5976, 50.8116], [1.5816, 50.8484], [1.5786, 50.8677], [1.6048, 50.8831], [1.654, 50.8919], [1.6984, 50.9276], [1.7282, 50.9453], [1.7526, 50.952], [1.7918, 50.9528], [1.8005, 50.9655], [1.9199, 50.9984], [1.9366, 50.9968], [1.9551, 51.002], [2.0007, 51.0017], [2.002, 50.962], [2.0049, 50.9549], [2.012, 50.952], [2.0418, 50.9528], [2.048, 50.962], [2.0487, 51.0013], [2.0918, 51.0028], [2.0972, 51.0082], [2.0992, 51.0189], [2.1344, 51.0221], [2.3165, 51.0611], [2.3855, 51.0575], [2.4662, 51.0709], [2.5053, 51.0824], [2.5421, 51.0989], [2.5804, 51.1072], [2.6999, 51.1638], [2.7082, 51.1528], [2.7517, 51.1507], [2.7513, 51.0487], [2.6582, 51.0472], [2.652, 51.038], [2.6507, 50.9983], [2.5082, 50.9972], [2.502, 50.988], [2.5013, 50.9487], [2.4582, 50.9472], [2.452, 50.938], [2.4528, 50.9082], [2.462, 50.902], [2.688, 50.902], [2.6972, 50.9082], [2.6993, 50.9517], [2.8418, 50.9528], [2.848, 50.962], [2.8487, 51.0013], [2.888, 51.002], [2.8951, 51.0049], [2.898, 51.012], [2.8983, 51.1507], [2.938, 51.152], [2.9472, 51.1582], [2.9487, 51.2513], [3.0418, 51.2528], [3.048, 51.262], [3.048, 51.2977], [3.0514, 51.3015], [3.1918, 51.3028], [3.1972, 51.3082], [3.198, 51.3438], [3.2007, 51.3471], [3.2256, 51.352], [3.449, 51.352], [3.452, 51.349], [3.452, 51.312], [3.4582, 51.3028], [3.638, 51.302], [3.6472, 51.3082], [3.6487, 51.3513], [3.6918, 51.3528], [3.6972, 51.3582], [3.6995, 51.3757], [3.7339, 51.3582], [3.7545, 51.3524], [3.7955, 51.3521], [3.8328, 51.3455], [3.8569, 51.3473], [3.9565, 51.3747], [3.967, 51.3832], [3.9743, 51.404], [3.9852, 51.4124], [4.0067, 51.4116], [4.0301, 51.4059], [4.0455, 51.3993], [4.0693, 51.3735], [4.1047, 51.3682], [4.1213, 51.3616], [4.1555, 51.3604], [4.1796, 51.3793], [4.2009, 51.3777], [4.2442, 51.3579], [4.2568, 51.3323], [4.2677, 51.3221], [4.2781, 51.321], [4.283, 51.3261], [4.2819, 51.3468], [4.2736, 51.3571], [4.2556, 51.3695], [4.2469, 51.3847], [4.2441, 51.4068], [4.2355, 51.4135], [4.2221, 51.4073], [4.2005, 51.4034], [4.1102, 51.4051], [4.0698, 51.417], [4.0132, 51.4474], [3.9596, 51.4536], [3.9427, 51.4468], [3.9017, 51.4027], [3.8862, 51.3978], [3.8528, 51.3955], [3.8283, 51.3892], [3.8147, 51.3929], [3.7868, 51.4108], [3.7288, 51.4287], [3.6867, 51.4525], [3.6727, 51.453], [3.6487, 51.4479], [3.5756, 51.448], [3.5358, 51.457], [3.4946, 51.4984], [3.4616, 51.5169], [3.4506, 51.5273], [3.448, 51.5475], [3.4576, 51.5573], [3.559, 51.5962], [3.7488, 51.6093], [3.761, 51.602], [3.8007, 51.6017], [3.802, 51.562], [3.8082, 51.5528], [3.8706, 51.552], [3.967, 51.5451], [4.0158, 51.5329], [4.0502, 51.5144], [4.0549, 51.5049], [4.0664, 51.5005], [4.0907, 51.4611], [4.1083, 51.4471], [4.1302, 51.4435], [4.1797, 51.4478], [4.2031, 51.4421], [4.2774, 51.4487], [4.2843, 51.4535], [4.2921, 51.4666], [4.2928, 51.4752], [4.2847, 51.4926], [4.268, 51.5056], [4.2404, 51.5161], [4.1938, 51.5218], [4.1483, 51.5346], [4.148, 51.6836], [4.1508, 51.6904], [4.1483, 51.7007], [4.199, 51.702], [4.202, 51.699], [4.202, 51.612], [4.2082, 51.6028], [4.5007, 51.6017], [4.502, 51.512], [4.5082, 51.5028], [4.8007, 51.5017], [4.802, 51.412], [4.8082, 51.4028], [5.0013, 51.4013], [5.0028, 51.3082], [5.012, 51.302], [5.1013, 51.3013], [5.102, 51.212], [5.1082, 51.2028], [5.3013, 51.2013], [5.302, 51.112], [5.3049, 51.1049], [5.312, 51.102], [5.4007, 51.1017], [5.402, 51.012], [5.4049, 51.0049], [5.412, 51.002], [5.5017, 51.0007], [5.502, 50.812], [5.5049, 50.8049], [5.512, 50.802], [5.6017, 50.8007], [5.602, 50.301], [5.599, 50.298], [5.512, 50.298], [5.5028, 50.2918], [5.5013, 50.0987], [5.4082, 50.0972], [5.402, 50.088], [5.4013, 49.9987], [5.312, 49.998], [5.3049, 49.9951], [5.302, 49.988], [5.3013, 49.8987], [5.212, 49.898], [5.2049, 49.8951], [5.202, 49.888], [5.2013, 49.7987], [5.112, 49.798], [5.1028, 49.7918], [5.1013, 49.6987], [5.012, 49.698], [5.0049, 49.6951], [5.002, 49.688], [5.0013, 49.5987], [4.9082, 49.5972], [4.902, 49.588], [4.9013, 49.4987], [4.812, 49.498], [4.8049, 49.4951], [4.802, 49.488], [4.8013, 49.3987], [4.712, 49.398], [4.7049, 49.3951], [4.702, 49.388], [4.7017, 49.1993], [4.612, 49.198], [4.6028, 49.1918], [4.6013, 48.9987], [4.512, 48.998], [4.5049, 48.9951], [4.502, 48.988], [4.5013, 48.8987], [4.412, 48.898], [4.4028, 48.8918], [4.4013, 48.7987], [4.312, 48.798], [4.3049, 48.7951], [4.302, 48.788], [4.3013, 48.5987], [4.2082, 48.5972], [4.202, 48.588], [4.2013, 48.4987], [4.112, 48.498], [4.1049, 48.4951], [4.102, 48.488], [4.1013, 48.3987], [4.012, 48.398], [4.0049, 48.3951], [4.002, 48.388], [4.0013, 48.2987], [3.912, 48.298], [3.9028, 48.2918], [3.9013, 48.1987], [3.812, 48.198], [3.8049, 48.1951], [3.802, 48.188], [3.8013, 48.0987], [3.712, 48.098], [3.7028, 48.0918], [3.7013, 47.9987], [3.612, 47.998], [3.6049, 47.9951], [3.602, 47.988], [3.6017, 47.7993], [3.512, 47.798], [3.5028, 47.7918], [3.502, 47.712], [3.5049, 47.7049], [3.512, 47.702], [3.6017, 47.7007], [3.602, 47.612], [3.6082, 47.6028], [3.8013, 47.6013], [3.802, 47.512], [3.8082, 47.5028], [4.1013, 47.5013], [4.102, 47.412], [4.1049, 47.4049], [4.112, 47.402], [4.2007, 47.4017], [4.202, 47.312], [4.2049, 47.3049], [4.212, 47.302], [4.3017, 47.3007], [4.3013, 46.9987], [4.212, 46.998], [4.2049, 46.9951], [4.202, 46.988], [4.2017, 46.8993], [4.112, 46.898], [4.1049, 46.8951], [4.102, 46.888], [4.1007, 46.7983], [3.912, 46.798], [3.9049, 46.7951], [3.902, 46.788], [3.9007, 46.6983], [3.6082, 46.6972], [3.602, 46.688], [3.6007, 46.5983], [3.412, 46.598], [3.4049, 46.5951], [3.402, 46.588], [3.4013, 46.4987], [3.312, 46.498], [3.3049, 46.4951], [3.302, 46.488], [3.3013, 46.3987], [3.212, 46.398], [3.2028, 46.3918], [3.2013, 46.2987], [3.1082, 46.2972], [3.102, 46.288], [3.1013, 46.1987], [3.012, 46.198], [3.0049, 46.1951], [3.002, 46.188], [3.0013, 46.0987], [2.912, 46.098], [2.9028, 46.0918], [2.9013, 45.9987], [2.7082, 45.9972], [2.702, 45.988], [2.7013, 45.8987], [2.612, 45.898], [2.6028, 45.8918], [2.6013, 45.7987], [2.512, 45.798], [2.5049, 45.7951], [2.502, 45.788], [2.5013, 45.6987], [2.312, 45.698], [2.3049, 45.6951], [2.302, 45.688], [2.3013, 45.5987], [2.2082, 45.5972], [2.202, 45.588], [2.2013, 45.4987], [2.112, 45.498], [2.1028, 45.4918], [2.1013, 45.2987], [2.0082, 45.2972], [2.002, 45.288], [2.0013, 45.1987], [1.912, 45.198], [1.9049, 45.1951], [1.902, 45.188], [1.9013, 45.0987], [1.8082, 45.0972], [1.802, 45.088], [1.8013, 44.9987], [1.712, 44.998], [1.7049, 44.9951], [1.702, 44.988], [1.7013, 44.8987], [1.5082, 44.8972], [1.502, 44.888], [1.5013, 44.7987], [1.412, 44.798], [1.4028, 44.7918], [1.4007, 44.6983], [1.0082, 44.6972], [1.002, 44.688], [1.0007, 44.5983], [0.101, 44.598], [0.098, 44.601], [0.098, 44.688], [0.0918, 44.6972], [-0.3007, 44.6983], [-0.302, 44.788], [-0.3049, 44.7951], [-0.312, 44.798], [-0.5007, 44.7983], [-0.502, 44.888], [-0.5082, 44.8972], [-0.8007, 44.8983], [-0.802, 44.988], [-0.8082, 44.9972], [-1.1007, 44.9983], [-1.1028, 45.0918], [-1.112, 45.098], [-1.1507, 45.0983], [-1.152, 45.138], [-1.1549, 45.1451], [-1.162, 45.148], [-1.1936, 45.1498], [-1.1598, 45.2803], [-1.1415, 45.4916], [-1.135, 45.5064], [-1.1008, 45.5551], [-1.0877, 45.5693], [-1.0691, 45.5752], [-1.0588, 45.5718], [-1.0551, 45.5673], [-1.0553, 45.547], [-1.0602, 45.5349], [-1.0569, 45.5275], [-1.0396, 45.5097], [-0.9715, 45.4721], [-0.9131, 45.4513], [-0.7932, 45.3572], [-0.7654, 45.3282], [-0.7529, 45.2972], [-0.7496, 45.2754], [-0.7366, 45.2388], [-0.7179, 45.1458], [-0.6814, 45.079], [-0.6463, 45.0461], [-0.6085, 45.0209], [-0.5968, 45.0263], [-0.5771, 45.0267], [-0.5704, 45.0348], [-0.5747, 45.0444], [-0.6037, 45.052], [-0.6377, 45.0708], [-0.6581, 45.0989], [-0.6707, 45.1309], [-0.7088, 45.3225], [-0.7219, 45.361], [-0.7544, 45.4224], [-0.775, 45.4512], [-0.7975, 45.4762], [-0.8438, 45.5133], [-0.9835, 45.5847], [-0.9966, 45.6115], [-1.0321, 45.6217], [-1.0863, 45.659], [-1.1324, 45.6696], [-1.1496, 45.6769], [-1.1916, 45.7065], [-1.228, 45.703], [-1.2484, 45.7085], [-1.2324, 45.7786], [-1.2319, 45.7932], [-1.2154, 45.8004], [-1.2149, 45.8111], [-1.2291, 45.82], [-1.2434, 45.8544], [-1.2627, 45.8812], [-1.3193, 45.9258], [-1.3419, 45.9375], [-1.3635, 45.9557], [-1.38, 45.9754], [-1.3745, 45.9917], [-1.3756, 46.0006], [-1.3729, 46.002], [-1.2434, 46.0012], [-1.2315, 45.9916], [-1.228, 45.981], [-1.2289, 45.9642], [-1.2179, 45.9515], [-1.2171, 45.9336], [-1.1855, 45.9183], [-1.1755, 45.9061], [-1.1743, 45.8974], [-1.1821, 45.8564], [-1.1924, 45.8302], [-1.204, 45.8156], [-1.2032, 45.8074], [-1.1924, 45.8026], [-1.1648, 45.8085], [-1.1411, 45.8081], [-1.1349, 45.812], [-1.133, 45.8192], [-1.1383, 45.8419], [-1.1529, 45.8695], [-1.1403, 45.8752], [-1.1244, 45.8906], [-1.1041, 45.9014], [-1.0582, 45.9028], [-1.052, 45.912], [-1.0528, 46.0918], [-1.0582, 46.0972], [-1.0955, 46.098], [-1.1013, 46.1015], [-1.1017, 46.1507], [-1.062, 46.152], [-1.0549, 46.1549], [-1.052, 46.162], [-1.0513, 46.2013], [-1.0082, 46.2028], [-1.002, 46.212], [-1.0013, 46.2513], [-0.962, 46.252], [-0.9528, 46.2582], [-0.9528, 46.3418], [-0.962, 46.348], [-1.0013, 46.3487], [-1.002, 46.388], [-1.0049, 46.3951], [-1.012, 46.398], [-1.4732, 46.398], [-1.4845, 46.4075], [-1.5066, 46.4176], [-1.5984, 46.423], [-1.6251, 46.429], [-1.6274, 46.4315], [-1.6241, 46.4422], [-1.6322, 46.4511], [-1.6859, 46.4588], [-1.7195, 46.4784], [-1.7499, 46.4849], [-1.772, 46.4972], [-1.786, 46.4891], [-1.7975, 46.4938], [-1.8071, 46.5042], [-1.8286, 46.5751], [-1.8284, 46.5911], [-1.8408, 46.5986], [-1.8606, 46.6353], [-1.9, 46.6639], [-1.912, 46.69], [-1.9253, 46.6976], [-1.9552, 46.7022], [-1.9655, 46.7083], [-1.9974, 46.7516], [-2.0515, 46.7911], [-2.052, 46.949], [-2.049, 46.952], [-2.012, 46.952], [-2.0028, 46.9582], [-2.002, 47.0297], [-1.9936, 47.0434], [-1.9958, 47.0536], [-2.0049, 47.068], [-2.03, 47.0897], [-2.0895, 47.1128], [-2.1993, 47.1263], [-2.2049, 47.1451], [-2.2275, 47.1498], [-2.2071, 47.1626], [-2.175, 47.1662], [-2.1653, 47.1732], [-2.1612, 47.2038], [-2.1715, 47.2208], [-2.174, 47.2362], [-2.1685, 47.2606], [-2.1539, 47.2803], [-2.1273, 47.2888], [-2.0343, 47.2962], [-2.0287, 47.3001], [-2.0264, 47.3072], [-2.033, 47.3159], [-2.1493, 47.3106], [-2.1799, 47.2969], [-2.1939, 47.2792], [-2.2044, 47.2722], [-2.2333, 47.266], [-2.2576, 47.2504], [-2.2791, 47.2444], [-2.2975, 47.2446], [-2.3159, 47.2495], [-2.3552, 47.2774], [-2.3733, 47.2846], [-2.4059, 47.2835], [-2.4127, 47.2779], [-2.4185, 47.2644], [-2.4498, 47.265], [-2.4997, 47.2828], [-2.5082, 47.2972], [-2.5432, 47.2988], [-2.5425, 47.3086], [-2.5112, 47.3051], [-2.5041, 47.3091], [-2.5051, 47.3459], [-2.5185, 47.3644], [-2.5582, 47.3833], [-2.4785, 47.4171], [-2.458, 47.4156], [-2.4495, 47.4219], [-2.4467, 47.4382], [-2.4491, 47.4462], [-2.4576, 47.4504], [-2.4777, 47.4522], [-2.4906, 47.4585], [-2.485, 47.4752], [-2.4965, 47.4917], [-2.4762, 47.5046], [-2.475, 47.5117], [-2.4822, 47.5194], [-2.5185, 47.5263], [-2.5638, 47.5178], [-2.6016, 47.5176], [-2.6206, 47.5115], [-2.6387, 47.5237], [-2.6572, 47.5258], [-2.6635, 47.5208], [-2.6659, 47.5083], [-2.6806, 47.5023], [-2.7157, 47.5103], [-2.7313, 47.5094], [-2.7831, 47.4974], [-2.8166, 47.4972], [-2.8437, 47.51], [-2.8704, 47.5401], [-2.8926, 47.5455], [-2.8985, 47.5529], [-2.9108, 47.5575], [-2.8945, 47.5679], [-2.8665, 47.5686], [-2.8514, 47.5523], [-2.8442, 47.5509], [-2.8345, 47.5554], [-2.819, 47.5556], [-2.8097, 47.5694], [-2.7908, 47.5565], [-2.7699, 47.5519], [-2.7437, 47.5532], [-2.7351, 47.5563], [-2.7283, 47.5698], [-2.7123, 47.5857], [-2.7134, 47.5962], [-2.7285, 47.6066], [-2.7829, 47.631], [-2.8443, 47.6244], [-2.8552, 47.6186], [-2.8657, 47.6056], [-2.8864, 47.599], [-2.918, 47.5937], [-2.9284, 47.6002], [-2.9384, 47.5989], [-2.9442, 47.5885], [-2.9314, 47.5746], [-2.9396, 47.559], [-2.9518, 47.5694], [-2.9618, 47.5688], [-2.9823, 47.5816], [-2.994, 47.5743], [-3.0094, 47.5797], [-3.0308, 47.5801], [-3.0429, 47.5845], [-3.0744, 47.5744], [-3.0885, 47.5736], [-3.1067, 47.5803], [-3.1139, 47.5792], [-3.1184, 47.5736], [-3.1263, 47.5449], [-3.1218, 47.5219], [-3.1081, 47.4992], [-3.1415, 47.4983], [-3.1472, 47.5174], [-3.1355, 47.5463], [-3.1339, 47.5588], [-3.136, 47.5789], [-3.1423, 47.5956], [-3.1529, 47.6089], [-3.1665, 47.6198], [-3.1979, 47.632], [-3.2024, 47.6392], [-3.2013, 47.6511], [-3.2083, 47.6588], [-3.2262, 47.6552], [-3.2652, 47.6823], [-3.331, 47.6946], [-3.359, 47.6957], [-3.3594, 47.7095], [-3.3665, 47.7153], [-3.4452, 47.7028], [-3.4602, 47.7055], [-3.4957, 47.737], [-3.5098, 47.7568], [-3.5292, 47.7731], [-3.5553, 47.772], [-3.5901, 47.7778], [-3.6247, 47.7779], [-3.6474, 47.7908], [-3.6862, 47.7903], [-3.7057, 47.7948], [-3.7163, 47.8084], [-3.7231, 47.8107], [-3.7756, 47.7919], [-3.7936, 47.8012], [-3.8342, 47.7978], [-3.8525, 47.7994], [-3.8728, 47.8259], [-3.8889, 47.8376], [-3.8957, 47.8529], [-3.9145, 47.8613], [-3.9185, 47.8719], [-3.9352, 47.8854], [-3.9638, 47.8982], [-3.9752, 47.8963], [-3.9787, 47.8889], [-3.9779, 47.8812], [-3.9841, 47.8681], [-4.0085, 47.8495], [-4.0369, 47.8533], [-4.0646, 47.8683], [-4.0796, 47.8725], [-4.101, 47.8748], [-4.1104, 47.8676], [-4.1339, 47.8638], [-4.1506, 47.8531], [-4.1523, 47.8323], [-4.1837, 47.812], [-4.2006, 47.8051], [-4.2258, 47.8005], [-4.3726, 47.8056], [-4.374, 47.8339], [-4.3487, 47.8433], [-4.347, 47.851], [-4.3501, 47.8637], [-4.3637, 47.8872], [-4.3748, 47.9162], [-4.389, 47.9332], [-4.4368, 47.9745], [-4.5296, 48.0228], [-4.5443, 48.0196], [-4.5591, 48.0085], [-4.5722, 48.0042], [-4.605, 48.0239], [-4.6539, 48.0245], [-4.7275, 48.0384], [-4.7299, 48.0411], [-4.7215, 48.0472], [-4.7049, 48.0734], [-4.6999, 48.0768], [-4.6816, 48.0697], [-4.3631, 48.1176], [-4.3072, 48.1066], [-4.2949, 48.1089], [-4.2868, 48.1174], [-4.2785, 48.1436], [-4.2837, 48.1553], [-4.2966, 48.1673], [-4.3048, 48.1947], [-4.3188, 48.2039], [-4.3663, 48.2131], [-4.3846, 48.2282], [-4.4045, 48.2243], [-4.461, 48.2462], [-4.4865, 48.2382], [-4.5129, 48.2004], [-4.5307, 48.1815], [-4.5584, 48.1756], [-4.5494, 48.203], [-4.5652, 48.2309], [-4.5569, 48.2515], [-4.5588, 48.2587], [-4.5658, 48.2628], [-4.6282, 48.2663], [-4.6262, 48.2893], [-4.6142, 48.293], [-4.5863, 48.2895], [-4.5787, 48.2938], [-4.5784, 48.3096], [-4.5566, 48.3453], [-4.5598, 48.3566], [-4.5683, 48.3585], [-4.5981, 48.3485], [-4.6181, 48.3465], [-4.6851, 48.3594], [-4.6911, 48.3546], [-4.6945, 48.3435], [-4.7029, 48.3401], [-4.749, 48.3399], [-4.7578, 48.3474], [-4.7731, 48.3484], [-4.778, 48.3535], [-4.7852, 48.3765], [-4.7788, 48.3787], [-4.7716, 48.3824]], [[2.0951, 48.2451], [2.088, 48.248], [1.9987, 48.2487], [1.9972, 48.2918], [1.988, 48.298], [1.9487, 48.2987], [1.948, 48.338], [1.9418, 48.3472], [1.612, 48.348], [1.6028, 48.3418], [1.602, 48.312], [1.6049, 48.3049], [1.612, 48.302], [1.6517, 48.3007], [1.652, 48.262], [1.6582, 48.2528], [1.799, 48.252], [1.802, 48.249], [1.8013, 48.1487], [1.762, 48.148], [1.7549, 48.1451], [1.752, 48.138], [1.7507, 48.0983], [1.662, 48.098], [1.6549, 48.0951], [1.652, 48.088], [1.652, 48.062], [1.6582, 48.0528], [1.7918, 48.0528], [1.798, 48.062], [1.798, 48.099], [1.801, 48.102], [1.9418, 48.1028], [1.948, 48.112], [1.9493, 48.1517], [2.0918, 48.1528], [2.098, 48.162], [2.098, 48.238], [2.0951, 48.2451]], [[1.5049, 48.0451], [1.502, 48.038], [1.502, 47.962], [1.5082, 47.9528], [1.5918, 47.9528], [1.598, 47.962], [1.5987, 48.0013], [1.638, 48.002], [1.6472, 48.0082], [1.648, 48.038], [1.6418, 48.0472], [1.512, 48.048], [1.5049, 48.0451]], [[-1.8999, 47.2662], [-1.8977, 47.2586], [-1.8787, 47.2482], [-1.8512, 47.244], [-1.8412, 47.2489], [-1.8403, 47.2565], [-1.845, 47.2626], [-1.8828, 47.2823], [-1.8933, 47.2806], [-1.8978, 47.271], [-1.8999, 47.2662]], [[-2.0084, 47.3146], [-2.0127, 47.3087], [-2.0119, 47.3014], [-2.0048, 47.2945], [-1.9965, 47.2901], [-1.9708, 47.2855], [-1.9607, 47.2898], [-1.9606, 47.3008], [-1.9712, 47.3091], [-2.0011, 47.3159], [-2.0084, 47.3146]], [[-1.9861, 48.5902], [-1.9942, 48.5909], [-2.0001, 48.5854], [-2.0023, 48.5729], [-1.993, 48.5634], [-1.9858, 48.563], [-1.979, 48.5711], [-1.9812, 48.5837], [-1.9861, 48.5902]], [[-2.5012, 47.3148], [-2.5019, 47.304], [-2.4962, 47.2993], [-2.4779, 47.2934], [-2.457, 47.2949], [-2.4462, 47.3016], [-2.4425, 47.308], [-2.4484, 47.32], [-2.4735, 47.3376], [-2.4841, 47.3355], [-2.4949, 47.3187], [-2.5012, 47.3148]], [[-3.158, 47.7011], [-3.153, 47.6959], [-3.1255, 47.7018], [-3.1198, 47.7064], [-3.1208, 47.721], [-3.1277, 47.7256], [-3.1404, 47.7234], [-3.1422, 47.7343], [-3.1476, 47.7395], [-3.1599, 47.7372], [-3.1627, 47.73], [-3.1608, 47.7232], [-3.158, 47.7011]], [[-3.1897, 47.6922], [-3.1848, 47.6863], [-3.1742, 47.6865], [-3.1683, 47.6915], [-3.1677, 47.6992], [-3.1728, 47.705], [-3.1783, 47.7066], [-3.1865, 47.7029], [-3.1897, 47.6922]], [[-4.5406, 48.3571], [-4.5397, 48.3496], [-4.5283, 48.3417], [-4.5377, 48.3117], [-4.5343, 48.3048], [-4.517, 48.2984], [-4.4275, 48.302], [-4.4029, 48.2913], [-4.3881, 48.2891], [-4.3294, 48.299], [-4.2815, 48.3012], [-4.2724, 48.3081], [-4.2731, 48.316], [-4.279, 48.3211], [-4.3259, 48.3204], [-4.3171, 48.337], [-4.32, 48.3438], [-4.3303, 48.3486], [-4.3375, 48.3466], [-4.3524, 48.3499], [-4.3826, 48.3366], [-4.4054, 48.3335], [-4.4165, 48.3395], [-4.4549, 48.3341], [-4.4541, 48.3439], [-4.3998, 48.3886], [-4.3987, 48.3957], [-4.4059, 48.4033], [-4.4269, 48.4015], [-4.4563, 48.3931], [-4.5193, 48.3667], [-4.5326, 48.3643], [-4.5406, 48.3571]]]}}, {"type": "Feature", "properties": {}, "geometry": {"type": "Polygon", "coordinates": [[[5.5501, 58.9518], [5.5519, 58.9503], [5.5502, 58.9478], [5.5482, 58.9498], [5.5501, 58.9518]]]}}, {"type": "Feature", "properties": {}, "geometry": {"type": "Polygon", "coordinates": [[[5.4557, 59.2013], [5.468, 59.2045], [5.4686, 59.1986], [5.4579, 59.198], [5.4557, 59.2013]]]}}, {"type": "Feature", "properties": {}, "geometry": {"type": "Polygon", "coordinates": [[[5.2103, 59.4982], [5.1992, 59.4809], [5.1983, 59.5007], [5.208, 59.502], [5.2103, 59.4982]]]}}, {"type": "Feature", "properties": {}, "geometry": {"type": "Polygon", "coordinates": [[[3.7049, 51.7049], [3.712, 51.702], [3.8507, 51.7017], [3.8517, 51.6804], [3.8308, 51.6837], [3.8107, 51.6966], [3.8001, 51.6979], [3.7642, 51.6764], [3.7212, 51.6748], [3.701, 51.6784], [3.6851, 51.6921], [3.6882, 51.7264], [3.7013, 51.7306], [3.702, 51.712], [3.7049, 51.7049]]]}}, {"type": "Feature", "properties": {}, "geometry": {"type": "Polygon", "coordinates": [[[-6.3013, 56.6013], [-6.2582, 56.6028], [-6.2501, 56.6167], [-6.2402, 56.6115], [-6.2304, 56.6112], [-6.2251, 56.6159], [-6.2215, 56.6336], [-6.1905, 56.647], [-6.1492, 56.6539], [-6.1173, 56.6553], [-6.0572, 56.6416], [-6.0585, 56.6305], [-6.0554, 56.6243], [-6.0328, 56.6206], [-6.0205, 56.6145], [-6.0119, 56.6216], [-6.0097, 56.6432], [-5.9973, 56.6521], [-5.9832, 56.6548], [-5.9147, 56.6553], [-5.9095, 56.659], [-5.9053, 56.6542], [-5.8805, 56.6476], [-5.8703, 56.6505], [-5.8669, 56.668], [-5.8745, 56.676], [-5.9043, 56.6723], [-5.9084, 56.669], [-5.9151, 56.6747], [-5.9547, 56.6865], [-6.0257, 56.6838], [-6.0997, 56.6949], [-6.121, 56.6938], [-6.1501, 56.6807], [-6.152, 56.699], [-6.149, 56.702], [-6.0582, 56.7028], [-6.052, 56.712], [-6.0513, 56.7513], [-6.0082, 56.7528], [-6.0028, 56.7582], [-6.0013, 56.7745], [-5.9799, 56.7836], [-5.964, 56.7867], [-5.9489, 56.7846], [-5.9264, 56.7713], [-5.8953, 56.7621], [-5.8871, 56.7697], [-5.8871, 56.7865], [-5.8621, 56.7871], [-5.8413, 56.7812], [-5.8302, 56.7861], [-5.8264, 56.7973], [-5.8523, 56.8172], [-5.8526, 56.8301], [-5.8365, 56.8387], [-5.7883, 56.8432], [-5.7834, 56.8487], [-5.7848, 56.862], [-5.7641, 56.8801], [-5.7643, 56.8918], [-5.7817, 56.8966], [-5.8758, 56.8853], [-5.9204, 56.892], [-5.9226, 56.8951], [-5.8784, 56.9041], [-5.8758, 56.9143], [-5.8816, 56.923], [-5.8629, 56.9373], [-5.8319, 56.9994], [-5.8143, 57.0116], [-5.7872, 57.0223], [-5.7675, 57.0262], [-5.7609, 57.0307], [-5.7616, 57.0422], [-5.7926, 57.0584], [-5.778, 57.0768], [-5.7175, 57.1214], [-5.6718, 57.1221], [-5.6605, 57.1275], [-5.6573, 57.1378], [-5.6617, 57.1438], [-5.6707, 57.1469], [-5.6825, 57.1571], [-5.6751, 57.1793], [-5.6786, 57.1866], [-5.6863, 57.189], [-5.7412, 57.1667], [-5.7809, 57.1637], [-5.7864, 57.1583], [-5.7887, 57.1386], [-5.7979, 57.1237], [-5.8498, 57.102], [-5.9173, 57.0488], [-5.999, 57.048], [-6.002, 57.051], [-6.0016, 57.1014], [-5.9891, 57.1187], [-5.9636, 57.1432], [-5.9441, 57.1565], [-5.9417, 57.1636], [-5.9481, 57.1723], [-5.9915, 57.1749], [-6.0017, 57.2007], [-5.962, 57.202], [-5.9549, 57.2049], [-5.952, 57.212], [-5.9507, 57.2517], [-5.9094, 57.252], [-5.8996, 57.2454], [-5.8894, 57.2443], [-5.8751, 57.2516], [-5.856, 57.2532], [-5.8507, 57.2584], [-5.8225, 57.2595], [-5.7955, 57.2739], [-5.7674, 57.2794], [-5.7356, 57.2794], [-5.728, 57.2872], [-5.7309, 57.2991], [-5.7042, 57.3328], [-5.6952, 57.3386], [-5.6543, 57.3557], [-5.6358, 57.3425], [-5.6143, 57.3439], [-5.5973, 57.3489], [-5.5934, 57.3551], [-5.5973, 57.365], [-5.6417, 57.3734], [-5.6123, 57.3885], [-5.6127, 57.3993], [-5.6241, 57.4113], [-5.6395, 57.4059], [-5.7053, 57.3587], [-5.7327, 57.3507], [-5.7488, 57.3494], [-5.7576, 57.3521], [-5.752, 57.3609], [-5.7517, 57.4007], [-5.662, 57.402], [-5.6549, 57.4049], [-5.652, 57.412], [-5.6517, 57.4507], [-5.612, 57.452], [-5.6049, 57.4549], [-5.602, 57.462], [-5.6007, 57.5017], [-5.4082, 57.5028], [-5.402, 57.512], [-5.4013, 57.5513], [-5.362, 57.552], [-5.3528, 57.5582], [-5.3507, 57.6017], [-5.2993, 57.6017], [-5.298, 57.562], [-5.2951, 57.5549], [-5.288, 57.552], [-5.251, 57.552], [-5.248, 57.549], [-5.2483, 57.4493], [-5.2918, 57.4472], [-5.298, 57.438], [-5.2987, 57.3987], [-5.3418, 57.3972], [-5.348, 57.388], [-5.348, 57.362], [-5.3451, 57.3549], [-5.338, 57.352], [-5.2983, 57.3507], [-5.2983, 57.1493], [-5.338, 57.148], [-5.3451, 57.1451], [-5.348, 57.138], [-5.3493, 57.0983], [-5.388, 57.098], [-5.3951, 57.0951], [-5.398, 57.088], [-5.3993, 57.0483], [-5.538, 57.048], [-5.5451, 57.0451], [-5.548, 57.038], [-5.5472, 56.9582], [-5.538, 56.952], [-5.262, 56.952], [-5.2528, 56.9582], [-5.2507, 57.0017], [-5.162, 57.002], [-5.1549, 57.0049], [-5.152, 57.012], [-5.1513, 57.0513], [-5.112, 57.052], [-5.1028, 57.0582], [-5.1013, 57.1513], [-5.012, 57.152], [-5.0028, 57.1582], [-5.002, 57.349], [-4.999, 57.352], [-4.962, 57.352], [-4.9528, 57.3582], [-4.9517, 57.4507], [-4.862, 57.452], [-4.8528, 57.4582], [-4.8528, 57.5418], [-4.862, 57.548], [-4.9017, 57.5493], [-4.9013, 57.6513], [-4.8082, 57.6528], [-4.802, 57.662], [-4.802, 57.699], [-4.799, 57.702], [-4.5082, 57.7028], [-4.502, 57.712], [-4.5013, 57.7513], [-4.462, 57.752], [-4.4528, 57.7582], [-4.452, 57.838], [-4.4582, 57.8472], [-4.699, 57.848], [-4.702, 57.851], [-4.702, 57.888], [-4.7049, 57.8951], [-4.712, 57.898], [-4.7517, 57.8993], [-4.7513, 58.0013], [-4.5582, 58.0028], [-4.552, 58.012], [-4.5507, 58.0517], [-4.351, 58.052], [-4.348, 58.049], [-4.348, 58.012], [-4.3418, 58.0028], [-4.212, 58.002], [-4.2028, 58.0082], [-4.202, 58.049], [-4.199, 58.052], [-3.951, 58.052], [-3.948, 58.049], [-3.948, 58.012], [-3.9451, 58.0049], [-3.938, 58.002], [-3.8983, 58.0007], [-3.8991, 57.988], [-3.9179, 57.9851], [-3.9944, 57.9546], [-4.0022, 57.9309], [-3.998, 57.918], [-3.998, 57.8987], [-4.0098, 57.8832], [-4.0081, 57.8666], [-4.0247, 57.8661], [-4.0678, 57.8722], [-4.0793, 57.8678], [-4.1064, 57.8476], [-4.1061, 57.84], [-4.1005, 57.8347], [-4.0735, 57.825], [-4.043, 57.8206], [-3.9993, 57.837], [-3.9951, 57.8049], [-3.988, 57.802], [-3.9487, 57.8013], [-3.9484, 57.7232], [-3.9746, 57.7013], [-3.9936, 57.6974], [-4.0012, 57.6916], [-4.0047, 57.6844], [-4.0028, 57.6753], [-4.0245, 57.6533], [-4.0527, 57.6343], [-4.0835, 57.6206], [-4.1086, 57.5989], [-4.1116, 57.5885], [-4.1037, 57.578], [-4.1497, 57.5749], [-4.1683, 57.5694], [-4.1775, 57.5625], [-4.1771, 57.548], [-4.2022, 57.5459], [-4.2286, 57.5097], [-4.2275, 57.4991], [-4.2211, 57.4954], [-4.1966, 57.4937], [-4.1763, 57.4989], [-4.1501, 57.5195], [-4.1191, 57.5231], [-4.0843, 57.546], [-4.0578, 57.5543], [-4.0533, 57.5612], [-4.0555, 57.5691], [-4.0839, 57.5839], [-4.0845, 57.5878], [-4.0555, 57.5872], [-3.9639, 57.5949], [-3.8695, 57.5899], [-3.8391, 57.5947], [-3.6975, 57.6515], [-3.6346, 57.652], [-3.6283, 57.6404], [-3.6215, 57.6381], [-3.604, 57.6427], [-3.5982, 57.6517], [-3.5583, 57.6526], [-3.5508, 57.662], [-3.5349, 57.6644], [-3.5082, 57.6792], [-3.5004, 57.6899], [-3.5021, 57.6999], [-3.4993, 57.702], [-3.2279, 57.702], [-3.2088, 57.6958], [-3.0793, 57.6716], [-3.036, 57.6706], [-2.9941, 57.6778], [-2.9315, 57.7019], [-2.7515, 57.702], [-2.748, 57.6985], [-2.7472, 57.6582], [-2.738, 57.652], [-2.6082, 57.6528], [-2.6028, 57.6582], [-2.602, 57.6853], [-2.5985, 57.6882], [-2.5743, 57.6837], [-2.5493, 57.6838], [-2.5472, 57.6582], [-2.538, 57.652], [-2.201, 57.652], [-2.198, 57.649], [-2.198, 57.612], [-2.1918, 57.6028], [-1.9987, 57.6013], [-1.9983, 57.4493], [-2.0418, 57.4472], [-2.048, 57.438], [-2.048, 57.412], [-2.0451, 57.4049], [-2.038, 57.402], [-2.001, 57.402], [-1.998, 57.399], [-1.9987, 57.3487], [-2.0418, 57.3472], [-2.048, 57.338], [-2.0472, 57.2582], [-2.0418, 57.2528], [-2.0266, 57.2496], [-2.0433, 57.2247], [-2.0663, 57.1747], [-2.0718, 57.152], [-2.0693, 57.1393], [-2.0511, 57.1286], [-2.0476, 57.1182], [-2.0648, 57.0981], [-2.1542, 57.0198], [-2.184, 56.985], [-2.1974, 56.9487], [-2.1845, 56.9273], [-2.1855, 56.9125], [-2.2033, 56.8982], [-2.238, 56.898], [-2.2451, 56.8951], [-2.248, 56.888], [-2.2487, 56.8534], [-2.2616, 56.848], [-2.288, 56.848], [-2.2951, 56.8451], [-2.2983, 56.8204], [-2.3199, 56.7991], [-2.388, 56.798], [-2.3951, 56.7951], [-2.398, 56.788], [-2.3987, 56.7659], [-2.4268, 56.7484], [-2.4418, 56.7472], [-2.4472, 56.7418], [-2.4487, 56.6987], [-2.488, 56.698], [-2.4972, 56.6918], [-2.498, 56.6121], [-2.5082, 56.5986], [-2.5418, 56.5972], [-2.5472, 56.5918], [-2.5487, 56.5715], [-2.6056, 56.5485], [-2.6418, 56.5472], [-2.6472, 56.5418], [-2.6502, 56.5165], [-2.7034, 56.4983], [-2.7418, 56.4972], [-2.7472, 56.4918], [-2.7494, 56.4708], [-2.7661, 56.4736], [-2.8525, 56.4666], [-2.8609, 56.4605], [-2.8593, 56.4502], [-2.8516, 56.4451], [-2.814, 56.4421], [-2.8011, 56.4287], [-2.7995, 56.407], [-2.816, 56.3757], [-2.8022, 56.3496], [-2.776, 56.3417], [-2.7674, 56.335], [-2.7487, 56.3328], [-2.7472, 56.3082], [-2.7418, 56.3028], [-2.6983, 56.3007], [-2.6983, 56.2493], [-2.738, 56.248], [-2.7451, 56.2451], [-2.748, 56.238], [-2.7488, 56.2036], [-2.7636, 56.198], [-2.8613, 56.198], [-2.8938, 56.2069], [-2.9391, 56.2074], [-2.9612, 56.2041], [-2.9828, 56.1868], [-3.0354, 56.1656], [-3.0894, 56.1309], [-3.1287, 56.1189], [-3.1374, 56.1092], [-3.1511, 56.0768], [-3.1641, 56.0615], [-3.1792, 56.0561], [-3.2492, 56.0537], [-3.3429, 56.0251], [-3.3813, 56.0214], [-3.4207, 56.0229], [-3.5819, 56.0496], [-3.6811, 56.0499], [-3.686, 56.047], [-3.6932, 56.0529], [-3.7211, 56.0595], [-3.7281, 56.0565], [-3.7302, 56.0457], [-3.7162, 56.0317], [-3.6939, 56.0331], [-3.6881, 56.0361], [-3.6693, 56.0164], [-3.6578, 56.0126], [-3.5777, 56.019], [-3.406, 55.9919], [-3.3599, 55.9917], [-3.3317, 55.9961], [-3.3008, 55.9795], [-3.1227, 55.9713], [-3.092, 55.9513], [-3.0774, 55.9489], [-3.0151, 55.9527], [-2.9397, 55.9717], [-2.9167, 55.9833], [-2.8852, 56.0093], [-2.8703, 56.0143], [-2.8679, 56.0216], [-2.8723, 56.0319], [-2.8382, 56.0518], [-2.6127, 56.052], [-2.5879, 56.0337], [-2.5682, 56.0257], [-2.5718, 56.0106], [-2.5646, 56.0031], [-2.5455, 56.0045], [-2.5285, 56.0009], [-2.5076, 56.012], [-2.4529, 55.9876], [-2.4129, 55.9799], [-2.3495, 55.9498], [-2.3064, 55.9369], [-2.2492, 55.9303], [-2.2472, 55.9082], [-2.2418, 55.9028], [-2.1309, 55.9017], [-2.1227, 55.8895], [-2.0984, 55.8827], [-2.098, 55.862], [-2.0951, 55.8549], [-2.088, 55.852], [-2.0621, 55.8516], [-2.0491, 55.8377], [-2.048, 55.812], [-2.0451, 55.8049], [-2.038, 55.802], [-2.0172, 55.8016], [-1.9985, 55.7846], [-1.9972, 55.7082], [-1.988, 55.702], [-1.9487, 55.7013], [-1.948, 55.662], [-1.9451, 55.6549], [-1.938, 55.652], [-1.8493, 55.6517], [-1.848, 55.612], [-1.8418, 55.6028], [-1.6993, 55.6017], [-1.698, 55.562], [-1.6951, 55.5549], [-1.688, 55.552], [-1.6483, 55.5507], [-1.648, 55.512], [-1.6451, 55.5049], [-1.638, 55.502], [-1.5974, 55.502], [-1.5879, 55.4969], [-1.5829, 55.4831], [-1.5794, 55.4173], [-1.5869, 55.3753], [-1.5798, 55.3539], [-1.5565, 55.3285], [-1.5541, 55.3099], [-1.5658, 55.2896], [-1.5656, 55.2792], [-1.5533, 55.2549], [-1.5195, 55.2304], [-1.5235, 55.2156], [-1.5062, 55.1949], [-1.5086, 55.1851], [-1.5178, 55.1715], [-1.5171, 55.1605], [-1.4949, 55.1366], [-1.4902, 55.1124], [-1.4804, 55.0899], [-1.4583, 55.08], [-1.4459, 55.0543], [-1.4271, 55.0337], [-1.4132, 55.0048], [-1.3701, 54.9778], [-1.3617, 54.9669], [-1.3609, 54.9274], [-1.3579, 54.9191], [-1.3515, 54.9143], [-1.3521, 54.901], [-1.2954, 54.7816], [-1.2749, 54.7512], [-1.2383, 54.7229], [-1.2006, 54.7107], [-1.1931, 54.703], [-1.1706, 54.7007], [-1.171, 54.6925], [-1.1799, 54.6891], [-1.1831, 54.6826], [-1.1778, 54.667], [-1.163, 54.653], [-1.1747, 54.6371], [-1.1732, 54.6299], [-1.1643, 54.6205], [-1.1568, 54.6169], [-1.1492, 54.6203], [-1.1376, 54.6483], [-1.1186, 54.6343], [-1.1018, 54.6263], [-1.0426, 54.6191], [-0.992, 54.5999], [-0.788, 54.5628], [-0.5627, 54.4794], [-0.5326, 54.4616], [-0.5207, 54.4459], [-0.5207, 54.4277], [-0.5164, 54.4193], [-0.4624, 54.3911], [-0.4459, 54.3741], [-0.4292, 54.3508], [-0.4171, 54.3259], [-0.4134, 54.2994], [-0.402, 54.2886], [-0.3892, 54.2843], [-0.3906, 54.2687], [-0.3639, 54.2457], [-0.3483, 54.2411], [-0.3483, 54.1493], [-0.388, 54.148], [-0.3972, 54.1418], [-0.398, 54.062], [-0.3951, 54.0549], [-0.388, 54.052], [-0.2983, 54.0507], [-0.2983, 53.9993], [-0.338, 53.998], [-0.3451, 53.9951], [-0.348, 53.988], [-0.348, 53.962], [-0.3451, 53.9549], [-0.338, 53.952], [-0.2987, 53.9513], [-0.298, 53.912], [-0.2918, 53.9028], [-0.1509, 53.9017], [-0.0984, 53.8527], [-0.101, 53.848], [-0.138, 53.848], [-0.1451, 53.8451], [-0.148, 53.838], [-0.1493, 53.7983], [-0.2418, 53.7972], [-0.248, 53.788], [-0.2487, 53.7487], [-0.2926, 53.747], [-0.2994, 53.7375], [-0.3204, 53.7338], [-0.3246, 53.7277], [-0.3235, 53.7204], [-0.3176, 53.7159], [-0.2989, 53.7138], [-0.2918, 53.7028], [-0.2705, 53.7006], [-0.2484, 53.6781], [-0.2451, 53.6549], [-0.238, 53.652], [-0.2198, 53.6517], [-0.1854, 53.6215], [-0.1504, 53.6107], [-0.1431, 53.603], [-0.1329, 53.6012], [-0.1131, 53.587], [-0.0969, 53.5797], [-0.0506, 53.5734], [-0.0472, 53.5582], [-0.0418, 53.5528], [-0.0176, 53.5511], [0.002, 53.5343], [0.0028, 53.4582], [0.012, 53.452], [0.0513, 53.4513], [0.052, 53.412], [0.0549, 53.4049], [0.062, 53.402], [0.1507, 53.4017], [0.152, 53.362], [0.1549, 53.3549], [0.162, 53.352], [0.2007, 53.3517], [0.202, 53.312], [0.2049, 53.3049], [0.212, 53.302], [0.2517, 53.3007], [0.2507, 53.1483], [0.1082, 53.1472], [0.102, 53.138], [0.1007, 53.0983], [-0.0418, 53.0972], [-0.048, 53.088], [-0.048, 53.051], [-0.051, 53.048], [-0.2918, 53.0472], [-0.298, 53.038], [-0.2983, 52.9493], [-0.338, 52.948], [-0.3472, 52.9418], [-0.3472, 52.8582], [-0.338, 52.852], [-0.2983, 52.8507], [-0.298, 52.762], [-0.2951, 52.7549], [-0.288, 52.752], [-0.2487, 52.7513], [-0.2472, 52.7082], [-0.238, 52.702], [-0.1987, 52.7013], [-0.198, 52.662], [-0.1918, 52.6528], [-0.0983, 52.6507], [-0.0972, 52.4582], [-0.088, 52.452], [-0.0487, 52.4513], [-0.048, 52.412], [-0.0418, 52.4028], [0.188, 52.402], [0.1972, 52.4082], [0.1993, 52.4517], [0.338, 52.452], [0.3451, 52.4549], [0.348, 52.462], [0.348, 52.488], [0.3451, 52.4951], [0.338, 52.498], [0.2987, 52.4987], [0.2972, 52.5418], [0.288, 52.548], [0.2487, 52.5487], [0.248, 52.588], [0.2418, 52.5972], [0.0487, 52.5987], [0.0483, 52.7007], [0.088, 52.702], [0.0951, 52.7049], [0.098, 52.712], [0.0993, 52.7517], [0.2918, 52.7528], [0.298, 52.762], [0.298, 52.799], [0.301, 52.802], [0.336, 52.8016], [0.3642, 52.7816], [0.3721, 52.7824], [0.3786, 52.793], [0.3978, 52.8107], [0.4348, 52.8397], [0.4424, 52.8664], [0.4705, 52.9173], [0.4854, 52.9357], [0.5133, 52.952], [0.688, 52.952], [0.6972, 52.9582], [0.698, 52.9831], [0.7013, 52.986], [0.7499, 52.9765], [0.8353, 52.9764], [0.8755, 52.9702], [0.8995, 52.9631], [0.9039, 52.9558], [0.9118, 52.952], [0.9584, 52.9518], [0.9659, 52.9599], [0.9641, 52.9734], [0.9674, 52.9763], [1.2746, 52.9312], [1.3972, 52.8931], [1.6447, 52.7778], [1.6751, 52.7567], [1.6992, 52.7309], [1.7173, 52.6855], [1.7356, 52.656], [1.7487, 52.6268], [1.7434, 52.604], [1.7489, 52.588], [1.7507, 52.5693], [1.7497, 52.5358], [1.7729, 52.4859], [1.7673, 52.4746], [1.7549, 52.4639], [1.7325, 52.4177], [1.7292, 52.3946], [1.6855, 52.3239], [1.633, 52.2694], [1.6303, 52.2441], [1.6326, 52.1984], [1.627, 52.179], [1.61, 52.1465], [1.605, 52.1263], [1.592, 52.1019], [1.5885, 52.085], [1.5815, 52.0792], [1.5063, 52.0596], [1.4873, 52.0472], [1.4783, 52.0502], [1.4715, 52.0484], [1.4645, 52.0331], [1.4265, 52.0007], [1.4049, 51.9951], [1.4001, 51.9826], [1.3514, 51.9483], [1.3193, 51.9482], [1.2895, 51.9709], [1.2793, 51.9684], [1.276, 51.956], [1.2838, 51.9452], [1.28, 51.9269], [1.2207, 51.8888], [1.2163, 51.8826], [1.2174, 51.8752], [1.2234, 51.8707], [1.2513, 51.8666], [1.2517, 51.8493], [1.212, 51.848], [1.2049, 51.8451], [1.202, 51.838], [1.1999, 51.8015], [1.1901, 51.798], [1.062, 51.798], [1.0528, 51.7918], [1.0516, 51.776], [1.0475, 51.775], [1.0372, 51.7799], [1.0191, 51.8018], [0.9924, 51.8245], [0.9854, 51.8269], [0.9619, 51.8116], [0.9249, 51.8001], [0.8895, 51.7786], [0.8784, 51.7494], [0.8584, 51.7474], [0.8532, 51.743], [0.846, 51.7297], [0.852, 51.7174], [0.8513, 51.6987], [0.812, 51.698], [0.8028, 51.6918], [0.8013, 51.5487], [0.7582, 51.5472], [0.7528, 51.5418], [0.7516, 51.5297], [0.7488, 51.5285], [0.6927, 51.5342], [0.6482, 51.5335], [0.623, 51.5199], [0.5813, 51.5136], [0.568, 51.5017], [0.5699, 51.4938], [0.5769, 51.4898], [0.6999, 51.477], [0.7049, 51.4549], [0.7248, 51.4494], [0.7246, 51.4456], [0.7103, 51.4343], [0.7107, 51.427], [0.7159, 51.4219], [0.7356, 51.4228], [0.7516, 51.4463], [0.7683, 51.4497], [0.8011, 51.4421], [0.802, 51.412], [0.8082, 51.4028], [0.9297, 51.4018], [0.9439, 51.3834], [0.9354, 51.3629], [0.9382, 51.3565], [0.9446, 51.3535], [0.9784, 51.3515], [1.1011, 51.3753], [1.2989, 51.3868], [1.302, 51.3838], [1.3028, 51.3582], [1.3082, 51.3528], [1.4007, 51.3517], [1.4017, 51.329], [1.3868, 51.3269], [1.381, 51.3164], [1.3894, 51.2895], [1.4064, 51.261], [1.4148, 51.2203], [1.4069, 51.184], [1.3866, 51.1513], [1.3565, 51.1288], [1.2922, 51.1149], [1.2621, 51.1012], [1.2206, 51.0995], [1.1918, 51.0804], [1.1716, 51.0754], [1.1077, 51.0744], [1.0867, 51.0706], [1.0297, 51.0406], [0.9831, 50.9983], [0.8082, 50.9972], [0.802, 50.988], [0.8011, 50.9374], [0.7617, 50.9281], [0.666, 50.869], [0.6241, 50.8567], [0.4086, 50.8275], [0.3662, 50.8163], [0.3435, 50.7938], [0.3079, 50.7781], [0.2701, 50.7454], [0.2334, 50.7451], [0.1674, 50.7579], [0.1205, 50.7592], [0.0931, 50.7735], [0.0336, 50.7791], [0.0006, 50.7867], [-0.004, 50.7942], [-0.0118, 50.798], [-0.0489, 50.7982], [-0.1726, 50.8268], [-0.2039, 50.8289], [-0.235, 50.8203], [-0.2721, 50.8287], [-0.3981, 50.8001], [-0.5677, 50.8001], [-0.6503, 50.783], [-0.6549, 50.7951], [-0.662, 50.798], [-0.8706, 50.798], [-0.8733, 50.7994], [-0.8742, 50.8099], [-0.8951, 50.8239], [-0.9036, 50.826], [-0.9198, 50.8202], [-0.9301, 50.8214], [-0.9295, 50.8349], [-0.9417, 50.8411], [-0.9506, 50.8338], [-0.9494, 50.8259], [-0.9446, 50.8201], [-0.9542, 50.8064], [-0.9553, 50.7987], [-1.0015, 50.798], [-1.0041, 50.8008], [-0.9766, 50.8283], [-0.974, 50.8353], [-0.9802, 50.8443], [-1.0007, 50.8451], [-1.0219, 50.8386], [-1.0323, 50.8237], [-1.0414, 50.8002], [-1.0554, 50.7815], [-1.0817, 50.779], [-1.1101, 50.7977], [-1.1041, 50.7996], [-1.0944, 50.815], [-1.079, 50.8293], [-1.0767, 50.8407], [-1.0895, 50.8477], [-1.125, 50.8459], [-1.1316, 50.8429], [-1.1339, 50.8326], [-1.1221, 50.8196], [-1.1187, 50.8023], [-1.113, 50.7981], [-1.1358, 50.78], [-1.1507, 50.7794], [-1.1856, 50.7902], [-1.2008, 50.8058], [-1.2317, 50.8169], [-1.2546, 50.8293], [-1.3013, 50.8415], [-1.3386, 50.8699], [-1.3629, 50.8782], [-1.3718, 50.871], [-1.3708, 50.8631], [-1.3209, 50.826], [-1.3125, 50.8125], [-1.3163, 50.7987], [-1.3401, 50.7931], [-1.3971, 50.7892], [-1.4022, 50.7839], [-1.4041, 50.7731], [-1.4507, 50.7673], [-1.4882, 50.7556], [-1.5234, 50.7577], [-1.5602, 50.7171], [-1.5806, 50.7206], [-1.6041, 50.73], [-1.6702, 50.738], [-1.6919, 50.7379], [-1.7708, 50.7182], [-1.8344, 50.7256], [-1.858, 50.7248], [-1.8963, 50.7141], [-1.9431, 50.6878], [-1.949, 50.7081], [-1.9556, 50.7124], [-1.9889, 50.7181], [-2.0175, 50.7164], [-2.0231, 50.7113], [-2.0236, 50.7038], [-2.0116, 50.6896], [-1.9997, 50.6829], [-1.9488, 50.6798], [-1.9441, 50.6688], [-1.9465, 50.6545], [-1.9307, 50.6448], [-1.9629, 50.6172], [-1.9641, 50.6007], [-1.9944, 50.5976], [-2.0009, 50.5944], [-2.0658, 50.5936], [-2.0831, 50.596], [-2.1588, 50.6186], [-2.342, 50.6317], [-2.3798, 50.6453], [-2.4369, 50.6341], [-2.447, 50.625], [-2.461, 50.5984], [-2.502, 50.598], [-2.6926, 50.6904], [-2.8641, 50.7316], [-2.888, 50.7322], [-2.9609, 50.7215], [-2.9989, 50.7062], [-3.0228, 50.7046], [-3.0616, 50.7109], [-3.1241, 50.6836], [-3.1677, 50.6907], [-3.2561, 50.6731], [-3.2689, 50.664], [-3.2795, 50.6493], [-3.2961, 50.6353], [-3.3669, 50.6154], [-3.4071, 50.6192], [-3.422, 50.6267], [-3.4298, 50.6245], [-3.4333, 50.6172], [-3.4319, 50.6092], [-3.4653, 50.5847], [-3.4805, 50.5668], [-3.4934, 50.5464], [-3.5031, 50.5225], [-3.5024, 50.5], [-3.4861, 50.4582], [-3.5328, 50.4522], [-3.5475, 50.4446], [-3.5522, 50.4361], [-3.5496, 50.4215], [-3.5434, 50.4159], [-3.53, 50.4123], [-3.4862, 50.4129], [-3.4864, 50.4026], [-3.4969, 50.3826], [-3.5164, 50.3757], [-3.5271, 50.3475], [-3.5387, 50.3426], [-3.5673, 50.3482], [-3.5781, 50.3318], [-3.6177, 50.3206], [-3.6283, 50.313], [-3.6452, 50.2749], [-3.6506, 50.2538], [-3.6484, 50.2238], [-3.6606, 50.219], [-3.7173, 50.2104], [-3.77, 50.2206], [-3.7892, 50.2106], [-3.8279, 50.2329], [-3.8859, 50.2792], [-3.9589, 50.3196], [-4.0058, 50.307], [-4.0314, 50.2933], [-4.0547, 50.2984], [-4.0716, 50.3081], [-4.0755, 50.3213], [-4.1107, 50.3366], [-4.1205, 50.3515], [-4.119, 50.3574], [-4.122, 50.3648], [-4.1542, 50.3691], [-4.1654, 50.3741], [-4.1787, 50.3864], [-4.1932, 50.4177], [-4.1807, 50.4423], [-4.1844, 50.4495], [-4.196, 50.4528], [-4.218, 50.4341], [-4.2143, 50.4158], [-4.2202, 50.3999], [-4.2147, 50.3893], [-4.1917, 50.3784], [-4.1957, 50.3683], [-4.1927, 50.3613], [-4.1784, 50.3571], [-4.179, 50.3488], [-4.1935, 50.3419], [-4.1931, 50.3206], [-4.2158, 50.3215], [-4.2367, 50.3476], [-4.2519, 50.3541], [-4.339, 50.3686], [-4.3847, 50.3649], [-4.4551, 50.3365], [-4.4958, 50.3264], [-4.6532, 50.3205], [-4.6726, 50.3134], [-4.6877, 50.3378], [-4.6947, 50.3403], [-4.7102, 50.3341], [-4.7492, 50.3289], [-4.7558, 50.3243], [-4.7572, 50.3172], [-4.7537, 50.3011], [-4.7791, 50.2815], [-4.78, 50.2738], [-4.7748, 50.2657], [-4.7756, 50.2585], [-4.7886, 50.2355], [-4.7983, 50.2284], [-4.8513, 50.2321], [-4.8659, 50.2281], [-4.8855, 50.2139], [-4.9037, 50.2067], [-4.948, 50.1964], [-4.9602, 50.188], [-5.0017, 50.1425], [-5.0162, 50.1557], [-5.0231, 50.1901], [-5.0337, 50.1966], [-5.0466, 50.1942], [-5.051, 50.188], [-5.05, 50.1752], [-5.057, 50.1676], [-5.0581, 50.1607], [-5.0419, 50.1432], [-5.0571, 50.141], [-5.077, 50.1312], [-5.0791, 50.1168], [-5.0859, 50.1017], [-5.0829, 50.0952], [-5.0685, 50.0895], [-5.0554, 50.0587], [-5.0684, 50.0404], [-5.0972, 50.0127], [-5.1369, 50.0126], [-5.1459, 50.0085], [-5.1727, 49.9881], [-5.1908, 49.9574], [-5.211, 49.9648], [-5.2462, 49.9913], [-5.2547, 50.0112], [-5.2563, 50.0294], [-5.2893, 50.0657], [-5.3064, 50.079], [-5.3254, 50.0878], [-5.3837, 50.1057], [-5.4243, 50.1107], [-5.4736, 50.128], [-5.4963, 50.1274], [-5.5198, 50.1221], [-5.5335, 50.1152], [-5.5388, 50.1062], [-5.5329, 50.0817], [-5.5456, 50.0667], [-5.5632, 50.0576], [-5.6187, 50.0443], [-5.6665, 50.0409], [-5.7062, 50.0508], [-5.7175, 50.0828], [-5.7062, 50.0863], [-5.7012, 50.0924], [-5.7109, 50.1331], [-5.6845, 50.1638], [-5.6474, 50.1742], [-5.5846, 50.1976], [-5.5492, 50.2058], [-5.5101, 50.2215], [-5.4869, 50.2208], [-5.4583, 50.2032], [-5.4414, 50.1975], [-5.4205, 50.2034], [-5.404, 50.2192], [-5.3944, 50.2377], [-5.3893, 50.2415], [-5.3506, 50.2429], [-5.3169, 50.255], [-5.2018, 50.3322], [-5.1521, 50.3527], [-5.1478, 50.3677], [-5.1539, 50.4015], [-5.1416, 50.4065], [-5.1181, 50.4074], [-5.0526, 50.431], [-5.0402, 50.4506], [-5.0307, 50.5008], [-5.0082, 50.5028], [-5.0028, 50.5082], [-5.0001, 50.5481], [-4.9586, 50.5526], [-4.9487, 50.5642], [-4.9343, 50.5546], [-4.9267, 50.5562], [-4.9191, 50.571], [-4.9225, 50.5841], [-4.921, 50.5909], [-4.8947, 50.588], [-4.8223, 50.5911], [-4.7914, 50.5989], [-4.7791, 50.6103], [-4.7541, 50.6434], [-4.7573, 50.6593], [-4.7533, 50.6713], [-4.7422, 50.6767], [-4.7253, 50.6761], [-4.6599, 50.712], [-4.6485, 50.7234], [-4.6379, 50.7436], [-4.6195, 50.7568], [-4.5807, 50.7753], [-4.5545, 50.8072], [-4.5524, 50.8139], [-4.5566, 50.8991], [-4.546, 50.9387], [-4.5265, 50.9711], [-4.5333, 51.0077], [-4.5287, 51.0153], [-4.4378, 51.017], [-4.3962, 51.0028], [-4.3392, 50.9988], [-4.3191, 51.0024], [-4.3026, 51.0098], [-4.2368, 51.0563], [-4.2161, 51.0789], [-4.2165, 51.086], [-4.2328, 51.1241], [-4.2575, 51.151], [-4.2547, 51.1535], [-4.2211, 51.1521], [-4.214, 51.1569], [-4.2113, 51.169], [-4.217, 51.178], [-4.2298, 51.185], [-4.2296, 51.1938], [-4.152, 51.2136], [-3.9706, 51.2243], [-3.9137, 51.2353], [-3.8404, 51.2355], [-3.8184, 51.2384], [-3.7884, 51.2485], [-3.7698, 51.2497], [-3.6405, 51.2285], [-3.5586, 51.23], [-3.4349, 51.2119], [-3.4046, 51.1945], [-3.3831, 51.1883], [-3.2718, 51.1914], [-3.1995, 51.2055], [-3.1632, 51.2087], [-3.1493, 51.208], [-3.1397, 51.202], [-3.0358, 51.202], [-3.0252, 51.1974], [-3.0145, 51.202], [-2.9582, 51.2028], [-2.952, 51.212], [-2.952, 51.238], [-2.9549, 51.2451], [-2.962, 51.248], [-2.999, 51.248], [-3.002, 51.251], [-3.002, 51.3187], [-2.9918, 51.3281], [-2.9888, 51.3486], [-2.9677, 51.3697], [-2.9692, 51.3773], [-2.9762, 51.3852], [-2.9534, 51.4003], [-2.9185, 51.3983], [-2.8848, 51.4191], [-2.8181, 51.4748], [-2.7997, 51.4843], [-2.7809, 51.4911], [-2.7188, 51.501], [-2.6985, 51.5135], [-2.6099, 51.6081], [-2.5825, 51.6206], [-2.5758, 51.6373], [-2.564, 51.6544], [-2.5277, 51.6804], [-2.5233, 51.69], [-2.5267, 51.6963], [-2.5335, 51.6988], [-2.5816, 51.6794], [-2.6922, 51.5948], [-2.7115, 51.5852], [-2.7612, 51.5773], [-2.8164, 51.5535], [-2.8591, 51.5441], [-2.9426, 51.5406], [-2.9586, 51.5451], [-2.9717, 51.5579], [-2.9805, 51.558], [-3.0161, 51.5293], [-3.0893, 51.5027], [-3.129, 51.4797], [-3.1431, 51.4594], [-3.1617, 51.4513], [-3.1639, 51.4437], [-3.1583, 51.432], [-3.165, 51.4106], [-3.1797, 51.3988], [-3.2203, 51.4003], [-3.2903, 51.3823], [-3.4992, 51.3942], [-3.5087, 51.398], [-3.5424, 51.398], [-3.5573, 51.4029], [-3.6069, 51.4446], [-3.6618, 51.4733], [-3.675, 51.4749], [-3.6967, 51.4698], [-3.7179, 51.4765], [-3.7382, 51.4889], [-3.7503, 51.5015], [-3.7477, 51.5182], [-3.7722, 51.5626], [-3.7846, 51.5758], [-3.8178, 51.5946], [-3.8353, 51.6149], [-3.8537, 51.6216], [-3.9612, 51.6137], [-3.9879, 51.6052], [-3.9956, 51.5991], [-3.9967, 51.5913], [-3.973, 51.5622], [-4.0086, 51.561], [-4.0251, 51.5524], [-4.0357, 51.5627], [-4.0484, 51.5666], [-4.07, 51.5537], [-4.0893, 51.5602], [-4.1198, 51.5639], [-4.1325, 51.5605], [-4.1644, 51.5412], [-4.1889, 51.5462], [-4.2017, 51.5368], [-4.2144, 51.5373], [-4.2717, 51.5525], [-4.2907, 51.5539], [-4.2992, 51.5694], [-4.283, 51.5821], [-4.2844, 51.5904], [-4.2915, 51.601], [-4.2909, 51.6186], [-4.2547, 51.6274], [-4.2353, 51.6467], [-4.2224, 51.6289], [-4.2145, 51.6272], [-4.1898, 51.6323], [-4.1398, 51.6343], [-4.0957, 51.6412], [-4.086, 51.6496], [-4.0863, 51.6574], [-4.0922, 51.6626], [-4.1476, 51.6654], [-4.2004, 51.683], [-4.2155, 51.6776], [-4.2927, 51.6704], [-4.3167, 51.6759], [-4.3439, 51.6895], [-4.3686, 51.708], [-4.3811, 51.7271], [-4.368, 51.7308], [-4.3647, 51.7412], [-4.3769, 51.7634], [-4.3839, 51.7661], [-4.3974, 51.7601], [-4.4196, 51.7628], [-4.4255, 51.7572], [-4.4253, 51.7459], [-4.4615, 51.7338], [-4.4993, 51.7329], [-4.5735, 51.7391], [-4.6027, 51.7373], [-4.6435, 51.7304], [-4.6709, 51.7185], [-4.6759, 51.7136], [-4.6788, 51.6918], [-4.6885, 51.6869], [-4.7056, 51.6553], [-4.7007, 51.645], [-4.6764, 51.6371], [-4.6823, 51.6282], [-4.6912, 51.6274], [-4.7044, 51.6317], [-4.715, 51.6478], [-4.735, 51.6559], [-4.7607, 51.643], [-4.849, 51.6442], [-4.8765, 51.6363], [-4.9027, 51.6129], [-4.9223, 51.6065], [-4.9322, 51.598], [-4.9497, 51.598], [-5.0229, 51.6144], [-5.0471, 51.6256], [-5.0422, 51.6399], [-5.0527, 51.6544], [-5.0997, 51.6625], [-5.1213, 51.6775], [-5.1121, 51.6872], [-5.0522, 51.6826], [-5.0463, 51.6876], [-5.0443, 51.701], [-5.0531, 51.708], [-5.1514, 51.7167], [-5.1517, 51.7637], [-5.1255, 51.7712], [-5.1124, 51.7802], [-5.11, 51.7856], [-5.1156, 51.8294], [-5.1203, 51.8442], [-5.1327, 51.8576], [-5.1411, 51.8584], [-5.1466, 51.8554], [-5.167, 51.865], [-5.2013, 51.8686], [-5.2012, 51.945], [-5.1216, 51.9605], [-5.0945, 51.9748], [-5.0893, 51.9824], [-5.0834, 52.0205], [-5.0697, 52.0284], [-5.0259, 52.0293], [-4.9598, 52.0095], [-4.9416, 52.0098], [-4.9254, 52.0146], [-4.9214, 52.0203], [-4.9222, 52.0292], [-4.9192, 52.0304], [-4.8621, 52.0189], [-4.8431, 52.0178], [-4.8362, 52.027], [-4.8403, 52.0412], [-4.8394, 52.0503], [-4.8297, 52.055], [-4.7961, 52.059], [-4.7797, 52.0661], [-4.7394, 52.1027], [-4.7209, 52.1152], [-4.7077, 52.1155], [-4.6914, 52.1083], [-4.6832, 52.1081], [-4.6776, 52.1139], [-4.6769, 52.1282], [-4.6367, 52.1405], [-4.5153, 52.1377], [-4.5053, 52.1397], [-4.4866, 52.1569], [-4.4563, 52.1638], [-4.4363, 52.1719], [-4.3858, 52.2055], [-4.371, 52.2114], [-4.3151, 52.2189], [-4.1993, 52.2804], [-4.14, 52.3322], [-4.1118, 52.3658], [-4.0978, 52.3902], [-4.0894, 52.4302], [-4.081, 52.4534], [-4.0614, 52.4862], [-4.0659, 52.5102], [-4.057, 52.5382], [-4.1161, 52.5879], [-4.1272, 52.6035], [-4.1244, 52.6279], [-4.1068, 52.6554], [-4.0868, 52.6736], [-4.0664, 52.6837], [-4.0587, 52.7009], [-4.0504, 52.7063], [-4.0477, 52.714], [-4.0517, 52.7212], [-4.1258, 52.7763], [-4.1504, 52.8103], [-4.1472, 52.8218], [-4.1281, 52.8265], [-4.1207, 52.8344], [-4.1224, 52.8471], [-4.134, 52.8678], [-4.134, 52.8818], [-4.1313, 52.8903], [-4.1103, 52.9045], [-4.1106, 52.9122], [-4.1178, 52.9205], [-4.1267, 52.9207], [-4.1453, 52.9127], [-4.1712, 52.9115], [-4.2298, 52.9169], [-4.2993, 52.9038], [-4.3382, 52.89], [-4.4047, 52.8905], [-4.4256, 52.8844], [-4.4703, 52.8565], [-4.4745, 52.8494], [-4.4742, 52.8429], [-4.4877, 52.8374], [-4.4967, 52.8287], [-4.4983, 52.8152], [-4.4873, 52.8034], [-4.4955, 52.798], [-4.5421, 52.7982], [-4.5963, 52.8145], [-4.6075, 52.8122], [-4.6267, 52.8011], [-4.6517, 52.7993], [-4.6502, 52.8927], [-4.596, 52.9305], [-4.5253, 52.9459], [-4.4463, 52.983], [-4.4269, 53.0017], [-4.4076, 53.003], [-4.3998, 53.0142], [-4.3599, 53.0305], [-4.3514, 53.0439], [-4.3476, 53.0607], [-4.3459, 53.1006], [-4.3413, 53.1176], [-4.3434, 53.1245], [-4.3496, 53.1282], [-4.3857, 53.1344], [-4.4014, 53.1312], [-4.402, 53.1642], [-4.3966, 53.1775], [-4.4028, 53.1918], [-4.412, 53.198], [-4.4513, 53.1987], [-4.452, 53.238], [-4.4582, 53.2472], [-4.5013, 53.2487], [-4.5013, 53.3013], [-4.462, 53.302], [-4.4549, 53.3049], [-4.452, 53.312], [-4.4517, 53.3507], [-4.412, 53.352], [-4.4049, 53.3549], [-4.402, 53.362], [-4.4007, 53.4017], [-4.2773, 53.402], [-4.2741, 53.3998], [-4.2628, 53.3702], [-4.2333, 53.3591], [-4.2307, 53.3388], [-4.2125, 53.3236], [-4.2016, 53.3011], [-4.1894, 53.2987], [-4.1444, 53.3047], [-4.1274, 53.3171], [-4.1203, 53.3188], [-4.0993, 53.312], [-4.0683, 53.3123], [-4.0487, 53.3074], [-4.0456, 53.2989], [-4.0629, 53.2868], [-4.0949, 53.2494], [-4.0911, 53.2382], [-4.0701, 53.2318], [-4.0081, 53.2471], [-3.9745, 53.2639], [-3.8473, 53.2937], [-3.8441, 53.3002], [-3.846, 53.3072], [-3.8709, 53.3233], [-3.8796, 53.3357], [-3.8789, 53.3393], [-3.8395, 53.3346], [-3.8096, 53.3205], [-3.7889, 53.3251], [-3.7692, 53.3213], [-3.7478, 53.3098], [-3.7291, 53.2939], [-3.7177, 53.2896], [-3.603, 53.2909], [-3.562, 53.2966], [-3.3763, 53.3517], [-3.3311, 53.3538], [-3.2912, 53.3422], [-3.2713, 53.3328], [-3.2487, 53.3139], [-3.1221, 53.2644], [-3.1004, 53.2486], [-3.0927, 53.2486], [-3.0865, 53.2578], [-3.0894, 53.2776], [-3.1361, 53.3314], [-3.1725, 53.3604], [-3.1861, 53.3753], [-3.188, 53.3934], [-3.1751, 53.405], [-3.1585, 53.4105], [-3.096, 53.419], [-3.0602, 53.436], [-3.0332, 53.4363], [-3.0276, 53.4412], [-3.0285, 53.4519], [-3.0977, 53.5426], [-3.1033, 53.5561], [-3.1017, 53.5712], [-3.0888, 53.5894], [-3.0268, 53.6507], [-2.9582, 53.6528], [-2.952, 53.662], [-2.9513, 53.7013], [-2.912, 53.702], [-2.9028, 53.7082], [-2.902, 53.738], [-2.9049, 53.7451], [-2.912, 53.748], [-2.9517, 53.7493], [-2.952, 53.788], [-2.9549, 53.7951], [-2.962, 53.798], [-3.0013, 53.7987], [-3.0017, 53.8507], [-2.9082, 53.8528], [-2.902, 53.862], [-2.9013, 53.9013], [-2.862, 53.902], [-2.8549, 53.9049], [-2.852, 53.912], [-2.8519, 53.995], [-2.86, 54.0026], [-2.894, 54.0004], [-2.9014, 54.0036], [-2.9017, 54.046], [-2.8607, 54.0821], [-2.8259, 54.0922], [-2.816, 54.1011], [-2.8022, 54.1245], [-2.8519, 54.1826], [-2.8571, 54.1957], [-2.8643, 54.2003], [-2.9011, 54.1871], [-2.9206, 54.1599], [-2.9399, 54.1531], [-2.9862, 54.1519], [-2.9998, 54.1589], [-3.0121, 54.1721], [-3.0192, 54.1901], [-3.0136, 54.1987], [-3.0146, 54.2069], [-3.0241, 54.2182], [-3.0336, 54.2221], [-3.0427, 54.2155], [-3.0458, 54.1943], [-3.0587, 54.162], [-3.0762, 54.1482], [-3.2334, 54.1483], [-3.2375, 54.1584], [-3.2498, 54.1656], [-3.2501, 54.1743], [-3.2228, 54.1804], [-3.2151, 54.1875], [-3.2089, 54.2109], [-3.211, 54.2415], [-3.2143, 54.2483], [-3.2214, 54.2508], [-3.2283, 54.2476], [-3.2373, 54.226], [-3.2304, 54.2015], [-3.2463, 54.1957], [-3.3007, 54.1983], [-3.302, 54.238], [-3.3049, 54.2451], [-3.312, 54.248], [-3.3753, 54.2482], [-3.3951, 54.2625], [-3.4017, 54.2696], [-3.4026, 54.2916], [-3.4125, 54.2992], [-3.4068, 54.3182], [-3.418, 54.3426], [-3.4412, 54.3502], [-3.4743, 54.3903], [-3.4994, 54.4046], [-3.5914, 54.4801], [-3.6012, 54.4844], [-3.6049, 54.4951], [-3.62, 54.4985], [-3.6357, 54.5118], [-3.6286, 54.5214], [-3.6115, 54.5339], [-3.5927, 54.5645], [-3.566, 54.6427], [-3.5091, 54.7239], [-3.4704, 54.7365], [-3.4513, 54.7517], [-3.412, 54.752], [-3.4049, 54.7549], [-3.402, 54.762], [-3.4007, 54.8017], [-3.2582, 54.8028], [-3.252, 54.812], [-3.2513, 54.8513], [-3.212, 54.852], [-3.2049, 54.8549], [-3.202, 54.862], [-3.2028, 54.9418], [-3.212, 54.948], [-3.2401, 54.9487], [-3.2339, 54.9604], [-3.2396, 54.9698], [-3.4536, 54.9797], [-3.4956, 54.9894], [-3.503, 54.988], [-3.5097, 54.9795], [-3.5277, 54.9754], [-3.5682, 54.9886], [-3.5741, 54.9834], [-3.5796, 54.9703], [-3.5686, 54.9373], [-3.5684, 54.9007], [-3.5699, 54.8983], [-3.588, 54.898], [-3.5951, 54.8951], [-3.5994, 54.8764], [-3.6925, 54.8811], [-3.7165, 54.8784], [-3.7387, 54.8581], [-3.7923, 54.8626], [-3.8105, 54.8538], [-3.8299, 54.856], [-3.8394, 54.8469], [-3.8401, 54.8396], [-3.8224, 54.8258], [-3.8238, 54.8225], [-3.8858, 54.8042], [-3.9626, 54.7704], [-4.0113, 54.7662], [-4.0436, 54.7678], [-4.0484, 54.7754], [-4.0566, 54.7805], [-4.0502, 54.8145], [-4.0576, 54.8232], [-4.0727, 54.8249], [-4.0867, 54.8108], [-4.0907, 54.7932], [-4.083, 54.7754], [-4.1247, 54.7716], [-4.1512, 54.782], [-4.1528, 54.7918], [-4.1582, 54.7972], [-4.184, 54.7992], [-4.2108, 54.8254], [-4.2077, 54.8465], [-4.2121, 54.853], [-4.2198, 54.8543], [-4.2378, 54.8419], [-4.2543, 54.8367], [-4.2718, 54.8376], [-4.3572, 54.8635], [-4.3677, 54.8721], [-4.3854, 54.9006], [-4.4022, 54.9044], [-4.4147, 54.8923], [-4.4235, 54.8728], [-4.4156, 54.8473], [-4.4017, 54.8274], [-4.3712, 54.8235], [-4.3578, 54.8178], [-4.3461, 54.8083], [-4.3428, 54.7941], [-4.354, 54.7737], [-4.342, 54.7565], [-4.3534, 54.741], [-4.3487, 54.6987], [-4.3918, 54.6972], [-4.3972, 54.6918], [-4.3984, 54.6809], [-4.4012, 54.6797], [-4.4266, 54.6855], [-4.4601, 54.6989], [-4.4956, 54.6986], [-4.5057, 54.7025], [-4.5657, 54.7553], [-4.5983, 54.7738], [-4.6512, 54.7933], [-4.652, 54.838], [-4.6549, 54.8451], [-4.662, 54.848], [-4.7013, 54.8487], [-4.702, 55.038], [-4.7082, 55.0472], [-4.938, 55.048], [-4.9472, 55.0418], [-4.948, 54.962], [-4.9418, 54.9528], [-4.7987, 54.9513], [-4.7992, 54.8597], [-4.8226, 54.8646], [-4.8576, 54.8643], [-4.9065, 54.848], [-5.1314, 54.8493], [-5.1517, 54.871], [-5.152, 54.949], [-5.149, 54.952], [-5.112, 54.952], [-5.1049, 54.9549], [-5.102, 54.962], [-5.1006, 55.0219], [-5.0674, 54.9864], [-5.0625, 54.9748], [-5.0631, 54.9433], [-5.0575, 54.931], [-5.0322, 54.9143], [-5.0169, 54.912], [-4.9983, 54.921], [-4.9922, 54.9284], [-4.994, 54.9383], [-5.0312, 54.9839], [-5.0482, 55.0132], [-5.0523, 55.0276], [-5.0496, 55.056], [-5.0216, 55.1013], [-5.0177, 55.1241], [-5.0092, 55.1424], [-4.9915, 55.152], [-4.9582, 55.1528], [-4.9528, 55.1582], [-4.9512, 55.1682], [-4.8841, 55.2198], [-4.8698, 55.2266], [-4.8658, 55.2434], [-4.8407, 55.2829], [-4.8416, 55.3167], [-4.8386, 55.3274], [-4.8007, 55.3561], [-4.7762, 55.3696], [-4.7618, 55.3997], [-4.753, 55.4071], [-4.7512, 55.4145], [-4.717, 55.4326], [-4.6535, 55.4497], [-4.6272, 55.4724], [-4.6205, 55.4955], [-4.6309, 55.5202], [-4.6538, 55.5356], [-4.6886, 55.5431], [-4.6707, 55.5618], [-4.6697, 55.5688], [-4.6751, 55.5855], [-4.6927, 55.6024], [-4.7237, 55.6176], [-4.7757, 55.6306], [-4.8079, 55.6316], [-4.8179, 55.635], [-4.8198, 55.6377], [-4.8158, 55.6476], [-4.8191, 55.6543], [-4.869, 55.6736], [-4.9001, 55.6896], [-4.9223, 55.7084], [-4.8795, 55.7357], [-4.8639, 55.7574], [-4.8681, 55.7915], [-4.8848, 55.8218], [-4.8945, 55.8917], [-4.8887, 55.919], [-4.8744, 55.9376], [-4.8493, 55.9503], [-4.8001, 55.9598], [-4.7848, 55.9588], [-4.7228, 55.9423], [-4.6919, 55.9427], [-4.6625, 55.9349], [-4.6525, 55.9408], [-4.6524, 55.9488], [-4.6583, 55.9543], [-4.6752, 55.9606], [-4.7237, 55.9953], [-4.7655, 56.0051], [-4.7746, 56.0025], [-4.778, 55.99], [-4.7861, 55.9819], [-4.8275, 55.9803], [-4.8526, 55.9865], [-4.8645, 56.003], [-4.8707, 56.0648], [-4.8487, 56.0948], [-4.8471, 56.1018], [-4.8537, 56.1099], [-4.8853, 56.1104], [-4.8894, 56.1036], [-4.8834, 56.0678], [-4.8974, 56.0601], [-4.9014, 56.0538], [-4.8963, 56.0032], [-4.891, 55.989], [-4.913, 55.981], [-4.9158, 55.974], [-4.9118, 55.962], [-4.9151, 55.9483], [-4.9442, 55.9211], [-4.9583, 55.8881], [-4.9811, 55.8699], [-4.9956, 55.8679], [-5.0254, 55.8716], [-5.0426, 55.8824], [-5.0637, 55.9147], [-5.074, 55.9133], [-5.0881, 55.8966], [-5.0887, 55.8887], [-5.0796, 55.8807], [-5.0729, 55.8586], [-5.0482, 55.8465], [-5.0275, 55.8207], [-5.01, 55.7764], [-5.0112, 55.7674], [-5.0286, 55.7484], [-5.05, 55.748], [-5.118, 55.7844], [-5.128, 55.8006], [-5.1417, 55.8381], [-5.1765, 55.855], [-5.2019, 55.8936], [-5.2028, 55.9049], [-5.2077, 55.9107], [-5.2187, 55.9096], [-5.2314, 55.8991], [-5.235, 55.8923], [-5.2327, 55.8849], [-5.2067, 55.8508], [-5.1996, 55.8331], [-5.2021, 55.8295], [-5.2208, 55.8298], [-5.2988, 55.8517], [-5.3087, 55.8594], [-5.3158, 55.8837], [-5.3349, 55.8943], [-5.3397, 55.902], [-5.3401, 55.9325], [-5.3274, 55.9536], [-5.3265, 55.961], [-5.3398, 55.9977], [-5.3141, 56.0147], [-5.2184, 56.1086], [-5.2154, 56.1155], [-5.2211, 56.1248], [-5.2319, 56.1233], [-5.3089, 56.0571], [-5.3414, 56.0489], [-5.3542, 56.0197], [-5.3677, 56.0078], [-5.3909, 56.0037], [-5.4403, 56.0082], [-5.4469, 56.0002], [-5.4518, 55.9645], [-5.4503, 55.9577], [-5.4284, 55.948], [-5.4188, 55.9287], [-5.4123, 55.9041], [-5.3987, 55.8935], [-5.3984, 55.8827], [-5.3912, 55.8744], [-5.3937, 55.8679], [-5.392, 55.8602], [-5.3512, 55.8344], [-5.3262, 55.8108], [-5.3164, 55.7812], [-5.3245, 55.7671], [-5.3388, 55.7606], [-5.3709, 55.7547], [-5.3858, 55.7489], [-5.4328, 55.719], [-5.4517, 55.7001], [-5.4587, 55.6884], [-5.4673, 55.6528], [-5.4816, 55.6428], [-5.4795, 55.6103], [-5.4617, 55.6036], [-5.4536, 55.5903], [-5.46, 55.5775], [-5.4772, 55.5725], [-5.4832, 55.5668], [-5.4806, 55.5496], [-5.5081, 55.5142], [-5.5095, 55.4835], [-5.5217, 55.4803], [-5.5435, 55.4486], [-5.562, 55.4289], [-5.5599, 55.4218], [-5.543, 55.4089], [-5.5238, 55.3816], [-5.5135, 55.3748], [-5.5244, 55.3566], [-5.5731, 55.3204], [-5.6153, 55.3048], [-5.6408, 55.302], [-5.6792, 55.3093], [-5.7129, 55.298], [-5.7719, 55.2991], [-5.7851, 55.3141], [-5.7965, 55.3554], [-5.7986, 55.378], [-5.7936, 55.3981], [-5.7874, 55.402], [-5.7582, 55.4028], [-5.7528, 55.4082], [-5.7501, 55.4234], [-5.7276, 55.4385], [-5.7169, 55.4513], [-5.7082, 55.4528], [-5.7028, 55.4582], [-5.702, 55.5978], [-5.6749, 55.6431], [-5.6726, 55.6599], [-5.6826, 55.6752], [-5.6305, 55.7009], [-5.5962, 55.7521], [-5.6026, 55.7614], [-5.6139, 55.7626], [-5.6136, 55.7697], [-5.6177, 55.7765], [-5.6467, 55.7854], [-5.6607, 55.7951], [-5.67, 55.8121], [-5.6709, 55.8345], [-5.6757, 55.8467], [-5.6363, 55.8808], [-5.6328, 55.8875], [-5.6351, 55.8947], [-5.6456, 55.8979], [-5.6696, 55.8859], [-5.683, 55.8859], [-5.6956, 55.9034], [-5.6982, 55.9162], [-5.6948, 55.9258], [-5.6988, 55.9326], [-5.7068, 55.9368], [-5.708, 55.9492], [-5.6971, 55.9845], [-5.6617, 56.0243], [-5.5867, 56.0855], [-5.5786, 56.0985], [-5.5586, 56.1026], [-5.5551, 56.1099], [-5.5599, 56.1326], [-5.5233, 56.1713], [-5.5278, 56.1808], [-5.5369, 56.1819], [-5.5825, 56.1485], [-5.607, 56.1386], [-5.6015, 56.1606], [-5.5883, 56.1819], [-5.5577, 56.2137], [-5.5567, 56.2208], [-5.5611, 56.2304], [-5.5425, 56.2446], [-5.5392, 56.2547], [-5.5434, 56.2607], [-5.5506, 56.2621], [-5.582, 56.2469], [-5.6007, 56.252], [-5.6075, 56.2495], [-5.6268, 56.2181], [-5.636, 56.1882], [-5.6393, 56.188], [-5.6498, 56.1951], [-5.6685, 56.2227], [-5.6572, 56.235], [-5.6478, 56.2554], [-5.6339, 56.2685], [-5.6346, 56.2758], [-5.6425, 56.283], [-5.6477, 56.3009], [-5.6326, 56.3211], [-5.6193, 56.3261], [-5.6, 56.3241], [-5.5761, 56.3281], [-5.563, 56.3432], [-5.5416, 56.3564], [-5.53, 56.3773], [-5.5348, 56.3875], [-5.5587, 56.3845], [-5.5863, 56.3864], [-5.5758, 56.4038], [-5.5598, 56.4155], [-5.5259, 56.4157], [-5.503, 56.4229], [-5.4971, 56.4183], [-5.4891, 56.4179], [-5.4566, 56.4431], [-5.3989, 56.4561], [-5.397, 56.4668], [-5.4083, 56.4933], [-5.4165, 56.4994], [-5.4338, 56.4903], [-5.4543, 56.4679], [-5.4704, 56.4762], [-5.4359, 56.5236], [-5.4289, 56.5391], [-5.4178, 56.5424], [-5.4114, 56.5543], [-5.3972, 56.5642], [-5.3885, 56.5796], [-5.3624, 56.6073], [-5.3131, 56.6355], [-5.3107, 56.6426], [-5.3194, 56.6532], [-5.319, 56.6626], [-5.2888, 56.6762], [-5.2469, 56.677], [-5.2164, 56.6917], [-5.2124, 56.6979], [-5.2137, 56.7051], [-5.2378, 56.7144], [-5.2472, 56.7211], [-5.2688, 56.7109], [-5.3062, 56.7053], [-5.3201, 56.6952], [-5.341, 56.69], [-5.3587, 56.673], [-5.3879, 56.6531], [-5.4307, 56.6422], [-5.449, 56.6223], [-5.4823, 56.6111], [-5.5497, 56.5602], [-5.5549, 56.5951], [-5.562, 56.598], [-5.5918, 56.5972], [-5.598, 56.588], [-5.5972, 56.5582], [-5.5918, 56.5528], [-5.5689, 56.552], [-5.5665, 56.5489], [-5.5991, 56.527], [-5.6728, 56.4951], [-5.6827, 56.4984], [-5.6987, 56.5129], [-5.741, 56.5212], [-5.7584, 56.5279], [-5.7704, 56.5356], [-5.7772, 56.546], [-5.7847, 56.5468], [-5.7951, 56.5414], [-5.8559, 56.549], [-5.9924, 56.6115], [-5.9997, 56.6118], [-6.0054, 56.6071], [-6.0045, 56.5964], [-5.967, 56.5463], [-5.9582, 56.5279], [-5.8533, 56.5262], [-5.8293, 56.5139], [-5.8136, 56.5187], [-5.7949, 56.5187], [-5.7573, 56.4926], [-5.7228, 56.4921], [-5.7099, 56.4868], [-5.695, 56.4767], [-5.6788, 56.4548], [-5.6705, 56.4521], [-5.6569, 56.4531], [-5.6472, 56.4491], [-5.6467, 56.4464], [-5.6522, 56.4269], [-5.6623, 56.4185], [-5.6563, 56.3989], [-5.6684, 56.3925], [-5.6927, 56.3887], [-5.6957, 56.3818], [-5.6942, 56.3751], [-5.7005, 56.3644], [-5.7257, 56.3485], [-5.8515, 56.348], [-5.8644, 56.3561], [-5.9032, 56.348], [-5.988, 56.348], [-5.9972, 56.3418], [-5.9989, 56.3147], [-6.0472, 56.298], [-6.1513, 56.2987], [-6.152, 56.3443], [-6.1495, 56.351], [-6.152, 56.399], [-6.149, 56.402], [-6.062, 56.402], [-6.0549, 56.4049], [-6.052, 56.412], [-6.0528, 56.4418], [-6.0582, 56.4472], [-6.0745, 56.448], [-6.0771, 56.4508], [-6.0116, 56.4715], [-6.0055, 56.4862], [-6.0112, 56.4977], [-6.0214, 56.5002], [-6.1277, 56.4725], [-6.139, 56.479], [-6.1625, 56.5068], [-6.1741, 56.5142], [-6.1943, 56.521], [-6.2094, 56.522], [-6.2153, 56.5173], [-6.2146, 56.5064], [-6.2055, 56.4986], [-6.1707, 56.4834], [-6.1582, 56.4695], [-6.2006, 56.4666], [-6.2049, 56.4951], [-6.212, 56.498], [-6.2423, 56.4994], [-6.2243, 56.5093], [-6.2246, 56.5209], [-6.2316, 56.5248], [-6.2514, 56.5274], [-6.2528, 56.5418], [-6.2582, 56.5472], [-6.3007, 56.5483], [-6.3012, 56.5693], [-6.3013, 56.6013]], [[0.8194, 51.7225], [0.8183, 51.7301], [0.8123, 51.7347], [0.7928, 51.739], [0.7683, 51.7375], [0.7439, 51.7317], [0.7365, 51.7242], [0.74, 51.7142], [0.7504, 51.71], [0.762, 51.6989], [0.7898, 51.7123], [0.8111, 51.7152], [0.8194, 51.7225]], [[0.7068, 51.429], [0.6999, 51.4374], [0.6442, 51.4422], [0.6087, 51.423], [0.5725, 51.4168], [0.5677, 51.407], [0.5758, 51.3968], [0.5875, 51.3931], [0.6715, 51.3931], [0.6934, 51.3903], [0.6997, 51.3952], [0.6986, 51.41], [0.7048, 51.4217], [0.7068, 51.429]], [[0.5653, 51.4969], [0.5662, 51.5044], [0.5616, 51.5103], [0.5492, 51.5158], [0.5262, 51.5149], [0.4613, 51.5044], [0.4537, 51.4988], [0.4508, 51.4876], [0.4548, 51.4808], [0.4625, 51.4791], [0.5339, 51.4935], [0.5556, 51.4918], [0.5653, 51.4969]], [[-0.4884, 53.6988], [-0.4887, 53.7063], [-0.4978, 53.7123], [-0.5477, 53.7071], [-0.5544, 53.6989], [-0.5499, 53.6893], [-0.5297, 53.6802], [-0.5137, 53.6837], [-0.4935, 53.6933], [-0.4884, 53.6988]], [[-0.5747, 53.7073], [-0.5714, 53.7138], [-0.5735, 53.7209], [-0.583, 53.7262], [-0.5918, 53.7238], [-0.5951, 53.7167], [-0.5923, 53.7094], [-0.5853, 53.7056], [-0.5747, 53.7073]], [[-2.448, 54.649], [-2.448, 54.612], [-2.4418, 54.6028], [-2.3487, 54.6013], [-2.348, 54.562], [-2.3418, 54.5528], [-2.2487, 54.5513], [-2.2487, 54.4487], [-2.549, 54.448], [-2.552, 54.451], [-2.5528, 54.4918], [-2.562, 54.498], [-2.6918, 54.4972], [-2.698, 54.488], [-2.698, 54.462], [-2.6951, 54.4549], [-2.688, 54.452], [-2.5993, 54.4517], [-2.598, 54.412], [-2.5918, 54.4028], [-2.4993, 54.4017], [-2.498, 54.362], [-2.4951, 54.3549], [-2.488, 54.352], [-2.4487, 54.3513], [-2.448, 54.162], [-2.4451, 54.1549], [-2.438, 54.152], [-2.3493, 54.1517], [-2.348, 54.112], [-2.3451, 54.1049], [-2.338, 54.102], [-2.2493, 54.1017], [-2.2472, 54.0582], [-2.238, 54.052], [-2.1082, 54.0528], [-2.102, 54.062], [-2.102, 54.099], [-2.099, 54.102], [-1.862, 54.102], [-1.8549, 54.1049], [-1.852, 54.112], [-1.852, 54.188], [-1.8549, 54.1951], [-1.862, 54.198], [-1.9507, 54.1983], [-1.952, 54.238], [-1.9582, 54.2472], [-2.0517, 54.2493], [-2.0517, 54.4007], [-2.012, 54.402], [-2.0028, 54.4082], [-2.002, 54.488], [-2.0082, 54.4972], [-2.0513, 54.4987], [-2.052, 54.538], [-2.0582, 54.5472], [-2.1017, 54.5493], [-2.1017, 54.6507], [-2.062, 54.652], [-2.0528, 54.6582], [-2.052, 54.788], [-2.0582, 54.7972], [-2.1013, 54.7987], [-2.102, 54.838], [-2.1049, 54.8451], [-2.112, 54.848], [-2.588, 54.848], [-2.5951, 54.8451], [-2.598, 54.838], [-2.598, 54.812], [-2.5951, 54.8049], [-2.588, 54.802], [-2.5483, 54.8007], [-2.548, 54.712], [-2.5451, 54.7049], [-2.538, 54.702], [-2.4993, 54.7017], [-2.498, 54.662], [-2.4951, 54.6549], [-2.488, 54.652], [-2.451, 54.652], [-2.448, 54.649]], [[-2.0314, 50.7191], [-2.0301, 50.7262], [-2.0347, 50.7334], [-2.0419, 50.7352], [-2.0498, 50.7301], [-2.0526, 50.7227], [-2.0457, 50.7136], [-2.0371, 50.7147], [-2.0314, 50.7191]], [[-2.0528, 55.4082], [-2.0528, 55.4418], [-2.062, 55.448], [-2.1013, 55.4487], [-2.102, 55.488], [-2.1082, 55.4972], [-2.3418, 55.4972], [-2.348, 55.488], [-2.3487, 55.4487], [-2.388, 55.448], [-2.3972, 55.4418], [-2.3987, 55.3987], [-2.438, 55.398], [-2.4451, 55.3951], [-2.448, 55.388], [-2.4493, 55.3483], [-2.588, 55.348], [-2.5951, 55.3451], [-2.598, 55.338], [-2.5987, 55.2987], [-2.638, 55.298], [-2.6451, 55.2951], [-2.648, 55.288], [-2.6487, 55.2487], [-2.688, 55.248], [-2.6951, 55.2451], [-2.698, 55.238], [-2.6983, 55.1993], [-2.738, 55.198], [-2.7451, 55.1951], [-2.748, 55.188], [-2.7472, 55.1582], [-2.738, 55.152], [-2.6987, 55.1513], [-2.6972, 55.1082], [-2.688, 55.102], [-2.6487, 55.1013], [-2.648, 55.062], [-2.6418, 55.0528], [-2.4993, 55.0517], [-2.498, 55.012], [-2.4918, 55.0028], [-2.4082, 55.0028], [-2.402, 55.012], [-2.4017, 55.0507], [-2.362, 55.052], [-2.3549, 55.0549], [-2.352, 55.062], [-2.3528, 55.0918], [-2.362, 55.098], [-2.4013, 55.0987], [-2.402, 55.138], [-2.4082, 55.1472], [-2.4513, 55.1487], [-2.4513, 55.2013], [-2.412, 55.202], [-2.4049, 55.2049], [-2.402, 55.212], [-2.4007, 55.2517], [-2.2582, 55.2528], [-2.252, 55.262], [-2.2513, 55.3013], [-2.212, 55.302], [-2.2028, 55.3082], [-2.2013, 55.3513], [-2.162, 55.352], [-2.1549, 55.3549], [-2.152, 55.362], [-2.1513, 55.4013], [-2.062, 55.402], [-2.0528, 55.4082]], [[-2.2451, 55.2049], [-2.238, 55.202], [-2.1493, 55.2017], [-2.148, 55.162], [-2.1451, 55.1549], [-2.138, 55.152], [-2.112, 55.152], [-2.1028, 55.1582], [-2.102, 55.238], [-2.1082, 55.2472], [-2.2418, 55.2472], [-2.248, 55.238], [-2.248, 55.212], [-2.2451, 55.2049]], [[-2.5008, 51.7195], [-2.498, 51.7127], [-2.4876, 51.7102], [-2.47, 51.7242], [-2.4669, 51.7346], [-2.4715, 51.7405], [-2.479, 51.7415], [-2.4982, 51.7264], [-2.5008, 51.7195]], [[-2.5049, 55.7549], [-2.502, 55.762], [-2.502, 55.838], [-2.5082, 55.8472], [-2.688, 55.848], [-2.6972, 55.8418], [-2.698, 55.762], [-2.6918, 55.7528], [-2.512, 55.752], [-2.5049, 55.7549]], [[-4.2972, 57.2418], [-4.2987, 57.1987], [-4.338, 57.198], [-4.3472, 57.1918], [-4.3493, 57.1483], [-4.4918, 57.1472], [-4.498, 57.138], [-4.4993, 57.0983], [-4.5918, 57.0972], [-4.598, 57.088], [-4.5993, 57.0483], [-4.6918, 57.0472], [-4.698, 57.038], [-4.6987, 56.9987], [-4.738, 56.998], [-4.7451, 56.9951], [-4.748, 56.988], [-4.7472, 56.9582], [-4.738, 56.952], [-4.6987, 56.9513], [-4.698, 56.912], [-4.6951, 56.9049], [-4.688, 56.902], [-4.6483, 56.9007], [-4.6483, 56.8493], [-4.7418, 56.8472], [-4.748, 56.838], [-4.7493, 56.7983], [-4.838, 56.798], [-4.8451, 56.7951], [-4.848, 56.788], [-4.8483, 56.6493], [-4.938, 56.648], [-4.9451, 56.6451], [-4.948, 56.638], [-4.9487, 56.5987], [-4.988, 56.598], [-4.9972, 56.5918], [-4.998, 56.512], [-4.9951, 56.5049], [-4.988, 56.502], [-4.7493, 56.5017], [-4.7472, 56.4582], [-4.738, 56.452], [-4.5082, 56.4528], [-4.502, 56.462], [-4.5013, 56.5013], [-4.4582, 56.5028], [-4.452, 56.512], [-4.4528, 56.6418], [-4.462, 56.648], [-4.5013, 56.6487], [-4.502, 56.699], [-4.499, 56.702], [-4.462, 56.702], [-4.4549, 56.7049], [-4.452, 56.712], [-4.4513, 56.7513], [-4.2582, 56.7528], [-4.252, 56.762], [-4.252, 56.799], [-4.249, 56.802], [-4.0082, 56.8028], [-4.002, 56.812], [-4.002, 56.849], [-3.999, 56.852], [-3.7493, 56.8517], [-3.748, 56.812], [-3.7451, 56.8049], [-3.738, 56.802], [-3.6493, 56.8017], [-3.6472, 56.7582], [-3.638, 56.752], [-3.162, 56.752], [-3.1528, 56.7582], [-3.1507, 56.8017], [-2.8582, 56.8028], [-2.852, 56.812], [-2.8513, 56.8513], [-2.812, 56.852], [-2.8028, 56.8582], [-2.8007, 56.9017], [-2.662, 56.902], [-2.6528, 56.9082], [-2.652, 56.938], [-2.6582, 56.9472], [-2.7513, 56.9487], [-2.7528, 56.9918], [-2.762, 56.998], [-3.038, 56.998], [-3.0472, 56.9918], [-3.0493, 56.9483], [-3.249, 56.948], [-3.252, 56.951], [-3.252, 56.988], [-3.2582, 56.9972], [-3.4013, 56.9987], [-3.4013, 57.0513], [-3.3082, 57.0528], [-3.302, 57.062], [-3.3007, 57.1017], [-3.1582, 57.1028], [-3.152, 57.112], [-3.1513, 57.1513], [-3.112, 57.152], [-3.1028, 57.1582], [-3.1013, 57.2013], [-3.0582, 57.2028], [-3.052, 57.212], [-3.0513, 57.2513], [-3.012, 57.252], [-3.0028, 57.2582], [-3.002, 57.338], [-3.0082, 57.3472], [-3.188, 57.348], [-3.1972, 57.3418], [-3.1987, 57.2987], [-3.238, 57.298], [-3.2472, 57.2918], [-3.2487, 57.2487], [-3.288, 57.248], [-3.2951, 57.2451], [-3.298, 57.238], [-3.2993, 57.1983], [-3.4507, 57.1983], [-3.452, 57.238], [-3.4582, 57.2472], [-3.5418, 57.2472], [-3.548, 57.238], [-3.5493, 57.1983], [-3.6418, 57.1972], [-3.648, 57.188], [-3.6493, 57.1483], [-3.738, 57.148], [-3.7451, 57.1451], [-3.748, 57.138], [-3.7483, 57.0993], [-3.788, 57.098], [-3.7951, 57.0951], [-3.798, 57.088], [-3.7993, 57.0483], [-3.9418, 57.0472], [-3.948, 57.038], [-3.9493, 56.9983], [-4.0918, 56.9972], [-4.098, 56.988], [-4.0993, 56.9483], [-4.388, 56.948], [-4.3972, 56.9418], [-4.3993, 56.8983], [-4.5007, 56.8983], [-4.5007, 57.0017], [-4.4082, 57.0028], [-4.402, 57.012], [-4.4007, 57.0517], [-4.2582, 57.0528], [-4.252, 57.062], [-4.2507, 57.1017], [-4.1582, 57.1028], [-4.152, 57.112], [-4.1507, 57.1517], [-4.062, 57.152], [-4.0549, 57.1549], [-4.052, 57.162], [-4.0507, 57.2017], [-3.9582, 57.2028], [-3.952, 57.212], [-3.9513, 57.3013], [-3.8582, 57.3028], [-3.852, 57.312], [-3.8513, 57.3513], [-3.7582, 57.3528], [-3.752, 57.362], [-3.7528, 57.3918], [-3.762, 57.398], [-3.8918, 57.3972], [-3.898, 57.388], [-3.898, 57.351], [-3.901, 57.348], [-4.0918, 57.3472], [-4.098, 57.338], [-4.0993, 57.2983], [-4.2418, 57.2972], [-4.248, 57.288], [-4.2487, 57.2487], [-4.288, 57.248], [-4.2972, 57.2418]], [[-2.8209, 53.3136], [-2.8207, 53.3055], [-2.8146, 53.3002], [-2.805, 53.2986], [-2.7752, 53.3021], [-2.7609, 53.3072], [-2.755, 53.3126], [-2.754, 53.3372], [-2.7593, 53.3421], [-2.7666, 53.3422], [-2.7734, 53.3389], [-2.7828, 53.3241], [-2.7983, 53.3194], [-2.811, 53.3198], [-2.8209, 53.3136]], [[-3.648, 55.349], [-3.648, 55.312], [-3.6451, 55.3049], [-3.638, 55.302], [-3.612, 55.302], [-3.6028, 55.3082], [-3.6013, 55.3513], [-3.562, 55.352], [-3.5528, 55.3582], [-3.5507, 55.4017], [-3.351, 55.402], [-3.348, 55.399], [-3.348, 55.362], [-3.3451, 55.3549], [-3.338, 55.352], [-3.2983, 55.3507], [-3.298, 55.312], [-3.2951, 55.3049], [-3.288, 55.302], [-3.2487, 55.3013], [-3.248, 55.262], [-3.2418, 55.2528], [-2.951, 55.252], [-2.948, 55.249], [-2.948, 55.212], [-2.9418, 55.2028], [-2.812, 55.202], [-2.8049, 55.2049], [-2.802, 55.212], [-2.802, 55.288], [-2.8049, 55.2951], [-2.812, 55.298], [-2.8513, 55.2987], [-2.852, 55.338], [-2.8582, 55.3472], [-2.9513, 55.3487], [-2.952, 55.438], [-2.9549, 55.4451], [-2.962, 55.448], [-3.0013, 55.4487], [-3.002, 55.488], [-3.0082, 55.4972], [-3.1007, 55.4983], [-3.102, 55.538], [-3.1082, 55.5472], [-3.999, 55.548], [-4.002, 55.551], [-4.002, 55.588], [-4.0082, 55.5972], [-4.138, 55.598], [-4.1472, 55.5918], [-4.1472, 55.4582], [-4.138, 55.452], [-4.0987, 55.4513], [-4.098, 55.412], [-4.0918, 55.4028], [-3.751, 55.402], [-3.748, 55.399], [-3.748, 55.362], [-3.7418, 55.3528], [-3.651, 55.352], [-3.648, 55.349]], [[-2.9667, 53.3673], [-2.9709, 53.3571], [-2.9523, 53.3266], [-2.9348, 53.3117], [-2.9108, 53.2987], [-2.8827, 53.2908], [-2.8586, 53.2909], [-2.8521, 53.2936], [-2.8378, 53.3076], [-2.8369, 53.3147], [-2.8411, 53.3206], [-2.8877, 53.3319], [-2.9254, 53.348], [-2.9557, 53.3674], [-2.9667, 53.3673]], [[-2.9375, 56.4532], [-2.9474, 56.4589], [-3.0611, 56.4495], [-3.0994, 56.4397], [-3.1335, 56.4249], [-3.1931, 56.391], [-3.1981, 56.381], [-3.1907, 56.3727], [-3.1493, 56.3777], [-2.9525, 56.4333], [-2.9394, 56.442], [-2.9375, 56.4532]], [[-2.9549, 55.7049], [-2.952, 55.712], [-2.952, 55.738], [-2.9582, 55.7472], [-3.038, 55.748], [-3.0472, 55.7418], [-3.048, 55.712], [-3.0418, 55.7028], [-2.962, 55.702], [-2.9549, 55.7049]], [[-3.1952, 54.9632], [-3.1963, 54.9562], [-3.1924, 54.9502], [-3.1783, 54.9425], [-3.124, 54.9347], [-3.0993, 54.9388], [-3.0912, 54.9466], [-3.0936, 54.9653], [-3.1, 54.9707], [-3.136, 54.9661], [-3.1861, 54.9683], [-3.1952, 54.9632]], [[-3.7049, 52.2549], [-3.702, 52.262], [-3.702, 52.288], [-3.7049, 52.2951], [-3.712, 52.298], [-3.738, 52.298], [-3.7451, 52.2951], [-3.748, 52.288], [-3.748, 52.262], [-3.7451, 52.2549], [-3.738, 52.252], [-3.712, 52.252], [-3.7049, 52.2549]], [[-3.8049, 56.5451], [-3.812, 56.548], [-3.838, 56.548], [-3.8451, 56.5451], [-3.848, 56.538], [-3.848, 56.512], [-3.8451, 56.5049], [-3.838, 56.502], [-3.812, 56.502], [-3.8049, 56.5049], [-3.802, 56.512], [-3.802, 56.538], [-3.8049, 56.5451]], [[-3.9951, 56.4951], [-3.998, 56.488], [-3.998, 56.462], [-3.9918, 56.4528], [-3.862, 56.452], [-3.8528, 56.4582], [-3.852, 56.488], [-3.8582, 56.4972], [-3.988, 56.498], [-3.9951, 56.4951]], [[-4.0278, 52.5398], [-4.029, 52.5321], [-4.0207, 52.5246], [-3.9985, 52.5283], [-3.9899, 52.5358], [-3.9908, 52.5439], [-3.9974, 52.5486], [-4.0215, 52.5443], [-4.0278, 52.5398]], [[-4.5951, 55.1951], [-4.598, 55.188], [-4.598, 55.162], [-4.5951, 55.1549], [-4.588, 55.152], [-4.4993, 55.1517], [-4.498, 55.112], [-4.4918, 55.1028], [-4.3082, 55.1028], [-4.302, 55.112], [-4.3007, 55.2017], [-4.062, 55.202], [-4.0549, 55.2049], [-4.052, 55.212], [-4.0513, 55.2513], [-4.012, 55.252], [-4.0028, 55.2582], [-4.0028, 55.3418], [-4.012, 55.348], [-4.2918, 55.3472], [-4.298, 55.338], [-4.2987, 55.2987], [-4.338, 55.298], [-4.3472, 55.2918], [-4.3493, 55.2483], [-4.4918, 55.2472], [-4.498, 55.238], [-4.4993, 55.1983], [-4.588, 55.198], [-4.5951, 55.1951]], [[-4.0269, 57.6922], [-4.0304, 57.7076], [-4.0249, 57.7215], [-4.03, 57.7283], [-4.0467, 57.7345], [-4.0785, 57.7278], [-4.154, 57.691], [-4.1729, 57.6861], [-4.1777, 57.6758], [-4.1735, 57.6692], [-4.1659, 57.6654], [-4.0992, 57.6601], [-4.0329, 57.6865], [-4.0269, 57.6922]], [[-4.1483, 57.8563], [-4.1696, 57.8622], [-4.1774, 57.8612], [-4.182, 57.8548], [-4.1777, 57.8442], [-4.154, 57.8336], [-4.1427, 57.8366], [-4.141, 57.8481], [-4.1483, 57.8563]], [[-4.3066, 57.6431], [-4.2954, 57.6395], [-4.2572, 57.6582], [-4.2523, 57.669], [-4.2611, 57.6769], [-4.2884, 57.6783], [-4.2965, 57.6737], [-4.307, 57.654], [-4.3066, 57.6431]], [[-4.3201, 53.1121], [-4.3127, 53.1138], [-4.3055, 53.1257], [-4.3072, 53.1366], [-4.3141, 53.1398], [-4.3314, 53.1335], [-4.3345, 53.1261], [-4.329, 53.1176], [-4.3201, 53.1121]], [[-4.341, 57.629], [-4.3469, 57.6344], [-4.3549, 57.6337], [-4.4026, 57.6075], [-4.4084, 57.6023], [-4.4096, 57.5948], [-4.4016, 57.5872], [-4.3819, 57.5909], [-4.3656, 57.5993], [-4.3432, 57.6177], [-4.341, 57.629]], [[-4.8947, 51.7192], [-4.8853, 51.7126], [-4.8703, 51.7188], [-4.8673, 51.7252], [-4.8693, 51.7321], [-4.883, 51.7401], [-4.89, 51.7366], [-4.8941, 51.7272], [-4.8947, 51.7192]], [[-4.9013, 51.7528], [-4.8989, 51.7462], [-4.8901, 51.7414], [-4.8829, 51.7434], [-4.879, 51.7498], [-4.8816, 51.7613], [-4.8781, 51.7708], [-4.8815, 51.7775], [-4.8915, 51.7797], [-4.8985, 51.7763], [-4.9009, 51.769], [-4.8987, 51.763], [-4.9013, 51.7528]], [[-4.892, 56.1284], [-4.8849, 56.131], [-4.8811, 56.1485], [-4.8867, 56.1647], [-4.8974, 56.173], [-4.9057, 56.174], [-4.9121, 56.1698], [-4.9137, 56.1624], [-4.9009, 56.1347], [-4.892, 56.1284]], [[-4.9254, 50.5511], [-4.9322, 50.547], [-4.9339, 50.5392], [-4.9294, 50.5309], [-4.9221, 50.5292], [-4.914, 50.5334], [-4.912, 50.5406], [-4.9177, 50.5489], [-4.9254, 50.5511]], [[-5.0821, 55.9353], [-5.0747, 55.9369], [-5.0705, 55.9471], [-5.0756, 55.9598], [-5.0904, 55.9671], [-5.097, 55.9629], [-5.0986, 55.9552], [-5.0885, 55.9394], [-5.0821, 55.9353]], [[-5.1697, 56.1465], [-5.1702, 56.1392], [-5.1657, 56.1334], [-5.1584, 56.1324], [-5.1201, 56.1469], [-5.1141, 56.1561], [-5.117, 56.1631], [-5.1239, 56.1661], [-5.1642, 56.1514], [-5.1697, 56.1465]], [[-5.1717, 55.9275], [-5.1734, 55.9347], [-5.1848, 55.9494], [-5.193, 55.9503], [-5.2034, 55.9348], [-5.2038, 55.919], [-5.1968, 55.9149], [-5.1787, 55.9194], [-5.1717, 55.9275]], [[-5.5174, 57.3831], [-5.5155, 57.3757], [-5.5089, 57.3719], [-5.501, 57.3734], [-5.459, 57.3955], [-5.4544, 57.4079], [-5.4552, 57.4155], [-5.4612, 57.4204], [-5.4689, 57.4195], [-5.5136, 57.3897], [-5.5174, 57.3831]], [[-5.4974, 57.2634], [-5.4992, 57.2557], [-5.4852, 57.2428], [-5.4772, 57.2415], [-5.4708, 57.2466], [-5.4704, 57.2548], [-5.4865, 57.267], [-5.4974, 57.2634]], [[-5.541, 57.2829], [-5.5389, 57.2719], [-5.5151, 57.2613], [-5.5044, 57.2633], [-5.5013, 57.2702], [-5.5037, 57.2775], [-5.5013, 57.2837], [-5.5057, 57.2935], [-5.5129, 57.295], [-5.5355, 57.2883], [-5.541, 57.2829]], [[-5.6662, 55.9526], [-5.6557, 55.9543], [-5.5893, 56.0125], [-5.5836, 56.0218], [-5.5855, 56.0302], [-5.5949, 56.0346], [-5.6232, 56.0221], [-5.6302, 56.0048], [-5.6706, 55.9774], [-5.6723, 55.9615], [-5.6662, 55.9526]], [[-5.6789, 57.2827], [-5.6799, 57.2722], [-5.6745, 57.2673], [-5.646, 57.2658], [-5.653, 57.2471], [-5.6446, 57.2393], [-5.637, 57.2414], [-5.62, 57.2543], [-5.6016, 57.2614], [-5.5981, 57.2677], [-5.6023, 57.2772], [-5.6372, 57.2869], [-5.6554, 57.2891], [-5.6727, 57.2865], [-5.6789, 57.2827]], [[-5.6486, 57.23], [-5.6557, 57.2258], [-5.6627, 57.2083], [-5.658, 57.198], [-5.6467, 57.1988], [-5.6334, 57.2121], [-5.6337, 57.2199], [-5.6408, 57.2274], [-5.6486, 57.23]], [[-5.6974, 57.0021], [-5.6882, 57.0076], [-5.6836, 57.0316], [-5.6894, 57.0378], [-5.7001, 57.042], [-5.7231, 57.0383], [-5.7271, 57.0319], [-5.7255, 57.0246], [-5.7041, 57.005], [-5.6974, 57.0021]], [[-5.7202, 56.3842], [-5.7176, 56.3911], [-5.7222, 56.402], [-5.7301, 56.4047], [-5.7373, 56.4006], [-5.7428, 56.3904], [-5.736, 56.3811], [-5.7268, 56.381], [-5.7202, 56.3842]]]}}, {"type": "Feature", "properties": {}, "geometry": {"type": "Polygon", "coordinates": [[[-5.7835, 57.3467], [-5.7916, 57.3499], [-5.7887, 57.352], [-5.7621, 57.3511], [-5.7835, 57.3467]]]}}, {"type": "Feature", "properties": {}, "geometry": {"type": "Polygon", "coordinates": [[[-1.4102, 50.7241], [-1.3996, 50.7249], [-1.3779, 50.7365], [-1.3437, 50.7631], [-1.3202, 50.7736], [-1.2945, 50.7749], [-1.1454, 50.7361], [-1.1075, 50.7343], [-1.0957, 50.7281], [-1.0917, 50.7187], [-1.0804, 50.7138], [-1.0616, 50.6949], [-1.0603, 50.6863], [-1.076, 50.6764], [-1.1268, 50.6649], [-1.1559, 50.6486], [-1.1616, 50.6427], [-1.1629, 50.6094], [-1.1675, 50.6019], [-1.2779, 50.5807], [-1.3169, 50.5876], [-1.4461, 50.646], [-1.4553, 50.6532], [-1.4875, 50.6677], [-1.4993, 50.6702], [-1.5339, 50.6675], [-1.5711, 50.6573], [-1.5474, 50.6867], [-1.5074, 50.7092], [-1.4202, 50.7354], [-1.4169, 50.7333], [-1.4102, 50.7241]]]}}, {"type": "Feature", "properties": {}, "geometry": {"type": "Polygon", "coordinates": [[[-2.224, 49.1827], [-2.2353, 49.1837], [-2.2291, 49.206], [-2.2433, 49.246], [-2.2422, 49.2616], [-2.2279, 49.2648], [-2.1979, 49.2561], [-2.1838, 49.256], [-2.1721, 49.2586], [-2.152, 49.2688], [-2.141, 49.2634], [-2.1128, 49.2571], [-2.0985, 49.2615], [-2.0822, 49.2621], [-2.0658, 49.2521], [-2.0195, 49.2367], [-2.0187, 49.227], [-2.0065, 49.2127], [-2.0179, 49.2019], [-2.0202, 49.1803], [-2.0257, 49.1694], [-2.0483, 49.1759], [-2.0793, 49.1767], [-2.0968, 49.1815], [-2.122, 49.1977], [-2.1396, 49.2036], [-2.1524, 49.1974], [-2.1684, 49.1765], [-2.1963, 49.1888], [-2.224, 49.1827]]]}}, {"type": "Feature", "properties": {}, "geometry": {"type": "Polygon", "coordinates": [[[-2.3846, 46.7231], [-2.376, 46.7332], [-2.356, 46.7357], [-2.3363, 46.7334], [-2.2968, 46.7217], [-2.2775, 46.7108], [-2.2672, 46.6972], [-2.293, 46.7016], [-2.3706, 46.7023], [-2.3846, 46.7231]]]}}, {"type": "Feature", "properties": {}, "geometry": {"type": "Polygon", "coordinates": [[[-2.6539, 49.4524], [-2.6507, 49.4654], [-2.6235, 49.4688], [-2.5801, 49.4957], [-2.5571, 49.502], [-2.5031, 49.5006], [-2.5208, 49.4764], [-2.5317, 49.4365], [-2.5502, 49.4253], [-2.5741, 49.4289], [-2.6679, 49.4289], [-2.6737, 49.4313], [-2.6732, 49.4385], [-2.6611, 49.4464], [-2.6539, 49.4524]]]}}, {"type": "Feature", "properties": {}, "geometry": {"type": "Polygon", "coordinates": [[[-3.2425, 47.3971], [-3.1752, 47.3731], [-3.1513, 47.3602], [-3.1124, 47.3328], [-3.1005, 47.3294], [-3.0722, 47.3301], [-3.061, 47.3209], [-3.0655, 47.3009], [-3.0944, 47.2947], [-3.1715, 47.2996], [-3.2232, 47.3101], [-3.2408, 47.3183], [-3.2411, 47.3392], [-3.2638, 47.3834], [-3.2518, 47.3956], [-3.2425, 47.3971]]]}}, {"type": "Feature", "properties": {}, "geometry": {"type": "Polygon", "coordinates": [[[-3.5049, 42.0951], [-3.512, 42.098], [-3.7007, 42.0983], [-3.7017, 42.2007], [-3.2983, 42.2007], [-3.2983, 42.0993], [-3.388, 42.098], [-3.3951, 42.0951], [-3.398, 42.088], [-3.3993, 41.9983], [-3.5013, 41.9987], [-3.502, 42.088], [-3.5049, 42.0951]]]}}, {"type": "Feature", "properties": {}, "geometry": {"type": "Polygon", "coordinates": [[[-9.2772, 42.8987], [-9.2834, 42.9125], [-9.294, 42.9235], [-9.2938, 42.9293], [-9.2674, 42.9794], [-9.2553, 43.0135], [-9.2577, 43.0204], [-9.2735, 43.0301], [-9.2813, 43.0552], [-9.2734, 43.0614], [-9.256, 43.0666], [-9.2472, 43.0891], [-9.2244, 43.1046], [-9.2181, 43.1161], [-9.2004, 43.1066], [-9.1876, 43.1049], [-9.1763, 43.1082], [-9.1596, 43.1199], [-9.156, 43.1269], [-9.1576, 43.1338], [-9.1691, 43.1414], [-9.1924, 43.1351], [-9.2077, 43.1358], [-9.2166, 43.1499], [-9.2049, 43.1549], [-9.2002, 43.17], [-9.1717, 43.19], [-9.1408, 43.202], [-9.0985, 43.1915], [-9.0648, 43.1945], [-9.0267, 43.2139], [-9.0105, 43.2408], [-9.0018, 43.2396], [-8.985, 43.2293], [-8.9527, 43.2314], [-8.9465, 43.2368], [-8.9464, 43.2451], [-8.9643, 43.2689], [-8.9815, 43.2757], [-8.9893, 43.2842], [-8.9319, 43.3014], [-8.8895, 43.3222], [-8.8604, 43.3282], [-8.843, 43.3402], [-8.8311, 43.343], [-8.8153, 43.3371], [-8.783, 43.3137], [-8.712, 43.2977], [-8.6914, 43.296], [-8.63, 43.3179], [-8.5943, 43.3259], [-8.5553, 43.3164], [-8.5057, 43.3342], [-8.4864, 43.3564], [-8.4595, 43.3647], [-8.4447, 43.3767], [-8.3896, 43.3877], [-8.3753, 43.3655], [-8.3602, 43.3553], [-8.3518, 43.3541], [-8.3416, 43.3634], [-8.3396, 43.3718], [-8.3417, 43.3932], [-8.3296, 43.4075], [-8.3091, 43.4046], [-8.2662, 43.3875], [-8.2474, 43.3551], [-8.2185, 43.3333], [-8.2108, 43.3335], [-8.2049, 43.343], [-8.212, 43.3742], [-8.2117, 43.3896], [-8.2072, 43.3995], [-8.1991, 43.4069], [-8.1995, 43.4184], [-8.2065, 43.4223], [-8.2463, 43.4211], [-8.2642, 43.4251], [-8.2881, 43.4432], [-8.3063, 43.4497], [-8.3027, 43.4599], [-8.309, 43.4695], [-8.3348, 43.4709], [-8.327, 43.4889], [-8.3188, 43.5226], [-8.3067, 43.5268], [-8.3033, 43.534], [-8.3144, 43.5543], [-8.3139, 43.5684], [-8.2636, 43.5668], [-8.2325, 43.5777], [-8.0886, 43.6577], [-8.0776, 43.6598], [-8.0737, 43.6665], [-8.0754, 43.6801], [-8.0677, 43.7007], [-8.0603, 43.711], [-8.044, 43.7141], [-8.0101, 43.714], [-7.9808, 43.7202], [-7.9532, 43.7324], [-7.9302, 43.7478], [-7.9091, 43.768], [-7.88, 43.7648], [-7.8679, 43.7507], [-7.8581, 43.7309], [-7.8407, 43.7115], [-7.8337, 43.7097], [-7.7943, 43.7361], [-7.7736, 43.7446], [-7.7361, 43.7517], [-7.7149, 43.7619], [-7.6991, 43.7747], [-7.6856, 43.7952], [-7.6761, 43.791], [-7.669, 43.7823], [-7.6666, 43.7722], [-7.6743, 43.7573], [-7.6708, 43.7504], [-7.6597, 43.7484], [-7.6402, 43.7542], [-7.6347, 43.7384], [-7.609, 43.7034], [-7.5977, 43.7039], [-7.5874, 43.7194], [-7.5747, 43.7176], [-7.5553, 43.7298], [-7.5428, 43.7333], [-7.49, 43.7274], [-7.4075, 43.6934], [-7.366, 43.6816], [-7.3047, 43.6026], [-7.2555, 43.583], [-7.2559, 43.5725], [-7.2502, 43.5665], [-7.2161, 43.5707], [-7.1562, 43.5613], [-7.0984, 43.5629], [-7.0794, 43.5704], [-7.0426, 43.5607], [-7.0321, 43.5552], [-7.0285, 43.5384], [-7.0191, 43.5328], [-7.0122, 43.536], [-7.0023, 43.5583], [-6.9446, 43.5679], [-6.8466, 43.5706], [-6.8291, 43.5672], [-6.7716, 43.5706], [-6.7063, 43.5598], [-6.6474, 43.581], [-6.5968, 43.577], [-6.5464, 43.5638], [-6.5103, 43.5507], [-6.4722, 43.5595], [-6.4688, 43.5657], [-6.4696, 43.5771], [-6.4556, 43.5754], [-6.4191, 43.5634], [-6.3658, 43.5706], [-6.3141, 43.5707], [-6.2535, 43.5854], [-6.2385, 43.5953], [-6.2238, 43.5978], [-6.1914, 43.5811], [-6.1785, 43.5776], [-6.1031, 43.5714], [-6.085, 43.5772], [-6.0691, 43.5724], [-6.0227, 43.5904], [-5.916, 43.5913], [-5.9101, 43.6012], [-5.9147, 43.6136], [-5.9054, 43.626], [-5.9086, 43.6382], [-5.8737, 43.6395], [-5.8658, 43.6436], [-5.8533, 43.6645], [-5.837, 43.6643], [-5.8036, 43.6526], [-5.7816, 43.6389], [-5.7125, 43.5771], [-5.7045, 43.5769], [-5.6948, 43.584], [-5.6718, 43.5625], [-5.6248, 43.557], [-5.4233, 43.563], [-5.3924, 43.5563], [-5.389, 43.5409], [-5.3961, 43.5272], [-5.3899, 43.5186], [-5.3721, 43.5232], [-5.3563, 43.5407], [-5.3413, 43.5426], [-5.3002, 43.5397], [-5.2827, 43.5351], [-5.2121, 43.5007], [-5.1787, 43.4916], [-5.0909, 43.4882], [-5.0667, 43.483], [-5.058, 43.4744], [-5.0438, 43.4761], [-4.9776, 43.4614], [-4.9694, 43.4623], [-4.9518, 43.4722], [-4.9398, 43.4735], [-4.906, 43.4624], [-4.8355, 43.4515], [-4.7354, 43.4193], [-4.5094, 43.4045], [-4.4838, 43.3886], [-4.4759, 43.3903], [-4.4599, 43.4009], [-4.4336, 43.4045], [-4.4055, 43.3992], [-4.3861, 43.3872], [-4.3789, 43.3882], [-4.3682, 43.3985], [-4.3581, 43.4016], [-4.3012, 43.3987], [-4.298, 43.3957], [-4.2983, 43.1993], [-4.388, 43.198], [-4.3951, 43.1951], [-4.398, 43.188], [-4.3983, 42.5993], [-4.488, 42.598], [-4.4972, 42.5918], [-4.4983, 42.4493], [-4.5418, 42.4472], [-4.548, 42.438], [-4.5487, 42.3987], [-4.588, 42.398], [-4.5972, 42.3918], [-4.5987, 42.2987], [-4.899, 42.298], [-4.902, 42.301], [-4.902, 42.338], [-4.9082, 42.3472], [-4.988, 42.348], [-4.9972, 42.3418], [-4.9993, 42.2983], [-5.149, 42.298], [-5.152, 42.301], [-5.152, 42.338], [-5.1549, 42.3451], [-5.162, 42.348], [-5.2017, 42.3493], [-5.202, 42.388], [-5.2049, 42.3951], [-5.212, 42.398], [-5.2513, 42.3987], [-5.252, 42.438], [-5.2582, 42.4472], [-5.3918, 42.4472], [-5.398, 42.438], [-5.3987, 42.3987], [-5.438, 42.398], [-5.4472, 42.3918], [-5.4472, 42.2582], [-5.438, 42.252], [-5.3987, 42.2513], [-5.398, 42.212], [-5.3918, 42.2028], [-5.2987, 42.2013], [-5.298, 42.101], [-5.301, 42.098], [-5.799, 42.098], [-5.802, 42.101], [-5.802, 42.188], [-5.8049, 42.1951], [-5.812, 42.198], [-6.499, 42.198], [-6.502, 42.201], [-6.502, 42.288], [-6.5049, 42.2951], [-6.512, 42.298], [-7.388, 42.298], [-7.3951, 42.2951], [-7.398, 42.288], [-7.3993, 42.1983], [-7.7918, 42.1972], [-7.798, 42.188], [-7.7993, 42.0983], [-8.1918, 42.0972], [-8.198, 42.088], [-8.1993, 41.9983], [-8.8889, 41.9983], [-8.9005, 42.1009], [-8.897, 42.1201], [-8.8832, 42.1281], [-8.8462, 42.1286], [-8.8332, 42.1318], [-8.829, 42.1377], [-8.8298, 42.1449], [-8.8439, 42.153], [-8.8488, 42.1605], [-8.8473, 42.163], [-8.817, 42.1774], [-8.807, 42.1989], [-8.7928, 42.2056], [-8.7724, 42.2243], [-8.721, 42.2538], [-8.7022, 42.2608], [-8.684, 42.2735], [-8.6798, 42.2802], [-8.6818, 42.2878], [-8.6927, 42.2912], [-8.7201, 42.2854], [-8.7713, 42.2678], [-8.7859, 42.2579], [-8.8467, 42.2589], [-8.8678, 42.2547], [-8.8656, 42.2693], [-8.8563, 42.2896], [-8.8549, 42.3055], [-8.8481, 42.3068], [-8.8379, 42.3035], [-8.8315, 42.3066], [-8.8286, 42.3275], [-8.8326, 42.3414], [-8.8294, 42.3451], [-8.814, 42.3482], [-8.7817, 42.343], [-8.774, 42.3449], [-8.7653, 42.3578], [-8.7278, 42.3906], [-8.675, 42.4203], [-8.6711, 42.4264], [-8.6723, 42.4335], [-8.6809, 42.4388], [-8.692, 42.4383], [-8.7431, 42.4113], [-8.7787, 42.401], [-8.8105, 42.3987], [-8.8429, 42.4016], [-8.8699, 42.4146], [-8.8779, 42.4265], [-8.8833, 42.4458], [-8.8919, 42.4551], [-8.9426, 42.467], [-8.9435, 42.4714], [-8.9348, 42.4814], [-8.917, 42.4896], [-8.8827, 42.4983], [-8.8698, 42.4957], [-8.8601, 42.4871], [-8.8596, 42.4712], [-8.8559, 42.4649], [-8.8391, 42.4612], [-8.8288, 42.4644], [-8.825, 42.4725], [-8.8268, 42.4956], [-8.8174, 42.5067], [-8.8272, 42.5379], [-8.8285, 42.5537], [-8.8252, 42.569], [-8.8142, 42.5836], [-8.7873, 42.596], [-8.778, 42.6051], [-8.7651, 42.626], [-8.7657, 42.6371], [-8.7723, 42.641], [-8.7868, 42.639], [-8.8031, 42.6437], [-8.8295, 42.6738], [-8.8417, 42.6747], [-8.8537, 42.6556], [-8.8526, 42.6488], [-8.8453, 42.64], [-8.8667, 42.6168], [-8.8806, 42.6101], [-8.9043, 42.6217], [-8.9211, 42.613], [-8.926, 42.6035], [-8.9208, 42.5926], [-8.9344, 42.5847], [-8.9672, 42.5771], [-8.9796, 42.55], [-8.9897, 42.5461], [-9.0122, 42.529], [-9.028, 42.5423], [-9.0359, 42.5756], [-9.0576, 42.5842], [-9.0724, 42.5952], [-9.0679, 42.62], [-9.0416, 42.662], [-9.0383, 42.6881], [-9.0308, 42.7099], [-9.0085, 42.7345], [-8.9629, 42.7544], [-8.9414, 42.7765], [-8.9399, 42.7883], [-8.9465, 42.7932], [-8.9781, 42.7904], [-9.0362, 42.7946], [-9.0429, 42.7905], [-9.0441, 42.7771], [-9.0668, 42.7586], [-9.0828, 42.753], [-9.0995, 42.7554], [-9.1158, 42.7663], [-9.1368, 42.8126], [-9.1162, 42.8173], [-9.1047, 42.8312], [-9.1064, 42.8385], [-9.112, 42.8444], [-9.1428, 42.8565], [-9.1505, 42.8847], [-9.1374, 42.9015], [-9.1382, 42.916], [-9.1602, 42.9212], [-9.1801, 42.9341], [-9.1872, 42.9323], [-9.1949, 42.9249], [-9.2096, 42.9236], [-9.2158, 42.9341], [-9.2234, 42.9374], [-9.2437, 42.9264], [-9.2599, 42.8995], [-9.2772, 42.8987]], [[-5.7049, 42.3049], [-5.702, 42.312], [-5.7028, 42.3918], [-5.712, 42.398], [-5.7418, 42.3972], [-5.748, 42.388], [-5.7472, 42.3082], [-5.738, 42.302], [-5.712, 42.302], [-5.7049, 42.3049]], [[-8.6719, 42.2941], [-8.6633, 42.2859], [-8.6519, 42.2886], [-8.6288, 42.3016], [-8.6237, 42.3126], [-8.6262, 42.3391], [-8.6362, 42.3421], [-8.6466, 42.3355], [-8.6699, 42.302], [-8.6719, 42.2941]], [[-8.9204, 42.8033], [-8.9158, 42.7939], [-8.8995, 42.7946], [-8.8881, 42.8126], [-8.8896, 42.8274], [-8.899, 42.8328], [-8.9056, 42.8306], [-8.911, 42.8157], [-8.9171, 42.8098], [-8.9204, 42.8033]]]}}, {"type": "Feature", "properties": {}, "geometry": {"type": "Polygon", "coordinates": [[[-4.5972, 54.0918], [-4.5987, 54.0798], [-4.6124, 54.0552], [-4.6266, 54.0682], [-4.6549, 54.0621], [-4.6704, 54.0649], [-4.6888, 54.0783], [-4.7011, 54.0825], [-4.7028, 54.0918], [-4.7082, 54.0972], [-4.7513, 54.0987], [-4.7516, 54.115], [-4.7378, 54.128], [-4.7312, 54.141], [-4.7294, 54.1738], [-4.7159, 54.2023], [-4.7126, 54.2204], [-4.6662, 54.2348], [-4.6436, 54.2514], [-4.6128, 54.2677], [-4.599, 54.2792], [-4.5564, 54.3401], [-4.5331, 54.3668], [-4.4967, 54.3874], [-4.4538, 54.402], [-4.3556, 54.4013], [-4.3739, 54.3644], [-4.374, 54.3515], [-4.3587, 54.3214], [-4.3225, 54.3108], [-4.3122, 54.2977], [-4.3106, 54.286], [-4.3267, 54.2773], [-4.3385, 54.2626], [-4.3484, 54.256], [-4.3653, 54.2329], [-4.3908, 54.222], [-4.3942, 54.2153], [-4.3905, 54.1925], [-4.4127, 54.178], [-4.4451, 54.1676], [-4.4679, 54.1551], [-4.4725, 54.1494], [-4.4733, 54.1396], [-4.5271, 54.1178], [-4.5488, 54.0991], [-4.588, 54.098], [-4.5972, 54.0918]]]}}, {"type": "Feature", "properties": {}, "geometry": {"type": "Polygon", "coordinates": [[[-5.2082, 57.8528], [-5.2028, 57.8582], [-5.2008, 57.8998], [-5.1716, 57.8865], [-5.1621, 57.891], [-5.1608, 57.9007], [-5.1526, 57.9081], [-5.1507, 57.9517], [-5.051, 57.952], [-5.048, 57.949], [-5.048, 57.912], [-5.0451, 57.9049], [-5.038, 57.902], [-4.9983, 57.9007], [-4.998, 57.862], [-4.9951, 57.8549], [-4.988, 57.852], [-4.9487, 57.8513], [-4.948, 57.801], [-4.951, 57.798], [-4.988, 57.798], [-4.9951, 57.7951], [-4.998, 57.788], [-4.9993, 57.7483], [-5.149, 57.748], [-5.152, 57.751], [-5.152, 57.788], [-5.1582, 57.7972], [-5.2513, 57.7987], [-5.2517, 57.8507], [-5.2319, 57.8511], [-5.2082, 57.8528]]]}}, {"type": "Feature", "properties": {}, "geometry": {"type": "Polygon", "coordinates": [[[-5.3535, 55.5458], [-5.3542, 55.5536], [-5.3898, 55.5881], [-5.3993, 55.6123], [-5.395, 55.6458], [-5.3802, 55.6701], [-5.3555, 55.6917], [-5.326, 55.7064], [-5.2995, 55.7093], [-5.298, 55.662], [-5.2918, 55.6528], [-5.1427, 55.6513], [-5.1245, 55.6071], [-5.1287, 55.5978], [-5.1273, 55.5895], [-5.0921, 55.5656], [-5.0902, 55.5435], [-5.1074, 55.5349], [-5.1078, 55.524], [-5.1017, 55.5194], [-5.0692, 55.5102], [-5.0893, 55.4958], [-5.0879, 55.4862], [-5.0787, 55.4709], [-5.0765, 55.4549], [-5.0924, 55.444], [-5.1179, 55.4377], [-5.1629, 55.4329], [-5.2008, 55.4353], [-5.2049, 55.4451], [-5.212, 55.448], [-5.2723, 55.4484], [-5.3058, 55.4605], [-5.347, 55.4814], [-5.3486, 55.4968], [-5.3614, 55.5317], [-5.3587, 55.5399], [-5.3535, 55.5458]]]}}, {"type": "Feature", "properties": {}, "geometry": {"type": "Polygon", "coordinates": [[[-5.3013, 58.2013], [-5.262, 58.202], [-5.2528, 58.2082], [-5.2507, 58.2517], [-5.0983, 58.2507], [-5.0983, 58.1493], [-5.1918, 58.1472], [-5.198, 58.138], [-5.1993, 58.0983], [-5.2796, 58.0987], [-5.2845, 58.1112], [-5.2922, 58.1199], [-5.2937, 58.1296], [-5.299, 58.1341], [-5.2895, 58.1468], [-5.2924, 58.154], [-5.3017, 58.1594], [-5.3019, 58.1657], [-5.3013, 58.2013]]]}}, {"type": "Feature", "properties": {}, "geometry": {"type": "Polygon", "coordinates": [[[-5.7491, 57.7096], [-5.7322, 57.7089], [-5.7013, 57.6924], [-5.6909, 57.6947], [-5.6854, 57.702], [-5.6869, 57.7093], [-5.7086, 57.727], [-5.7509, 57.7355], [-5.752, 57.749], [-5.749, 57.752], [-5.501, 57.752], [-5.498, 57.749], [-5.498, 57.712], [-5.4951, 57.7049], [-5.488, 57.702], [-5.4483, 57.7007], [-5.448, 57.651], [-5.451, 57.648], [-5.749, 57.648], [-5.752, 57.651], [-5.752, 57.7066], [-5.7491, 57.7096]]]}}, {"type": "Feature", "properties": {}, "geometry": {"type": "Polygon", "coordinates": [[[-10.2989, 51.9236], [-10.294, 51.9103], [-10.2876, 51.9066], [-10.261, 51.9106], [-10.259, 51.9216], [-10.2716, 51.9307], [-10.2879, 51.95], [-10.2549, 51.9549], [-10.2496, 51.9958], [-10.2138, 52.002], [-10.1582, 52.0028], [-10.1528, 52.0082], [-10.1495, 52.0243], [-10.128, 52.0305], [-10.0327, 52.0434], [-9.9943, 52.058], [-9.9717, 52.0917], [-9.9628, 52.0922], [-9.9608, 52.0733], [-9.9557, 52.0679], [-9.9424, 52.0646], [-9.9352, 52.0665], [-9.9105, 52.1311], [-9.9108, 52.1387], [-9.9164, 52.1438], [-9.9398, 52.1429], [-9.945, 52.1366], [-9.9424, 52.123], [-9.9492, 52.1113], [-9.9556, 52.1068], [-9.9626, 52.1234], [-9.9726, 52.1303], [-9.9987, 52.1364], [-10.027, 52.1376], [-10.0505, 52.1345], [-10.0549, 52.1451], [-10.062, 52.148], [-10.2007, 52.1483], [-10.2013, 52.2513], [-10.1646, 52.2517], [-10.1619, 52.2422], [-10.1527, 52.2379], [-10.1025, 52.2426], [-10.0742, 52.252], [-10.0002, 52.252], [-9.9464, 52.2395], [-9.9129, 52.2351], [-9.8743, 52.2347], [-9.8606, 52.2389], [-9.8418, 52.252], [-9.8228, 52.2517], [-9.8075, 52.2444], [-9.7576, 52.2492], [-9.752, 52.2582], [-9.7517, 52.3507], [-9.712, 52.352], [-9.7049, 52.3549], [-9.702, 52.362], [-9.7007, 52.4017], [-9.662, 52.402], [-9.6549, 52.4049], [-9.652, 52.412], [-9.652, 52.4776], [-9.6494, 52.4839], [-9.6517, 52.5007], [-9.612, 52.502], [-9.6049, 52.5049], [-9.602, 52.512], [-9.6013, 52.5513], [-9.5582, 52.5528], [-9.5528, 52.5582], [-9.5517, 52.5711], [-9.549, 52.5724], [-9.4981, 52.5724], [-9.4707, 52.5645], [-9.4459, 52.5783], [-9.3482, 52.5765], [-9.3326, 52.5839], [-9.3315, 52.5913], [-9.3348, 52.5983], [-9.3272, 52.6041], [-9.3252, 52.6117], [-9.333, 52.6201], [-9.384, 52.6111], [-9.4341, 52.61], [-9.456, 52.6124], [-9.4746, 52.6173], [-9.4917, 52.6317], [-9.5239, 52.6349], [-9.5411, 52.6437], [-9.5531, 52.6371], [-9.6008, 52.6241], [-9.602, 52.699], [-9.599, 52.702], [-9.562, 52.702], [-9.5549, 52.7049], [-9.552, 52.712], [-9.5516, 52.7418], [-9.5016, 52.7536], [-9.4904, 52.7788], [-9.4888, 52.8017], [-9.4082, 52.8028], [-9.402, 52.812], [-9.4013, 52.8513], [-9.362, 52.852], [-9.3549, 52.8549], [-9.352, 52.862], [-9.3528, 52.9418], [-9.362, 52.948], [-9.4013, 52.9487], [-9.4015, 53.0038], [-9.396, 53.0175], [-9.3436, 53.0778], [-9.3059, 53.1039], [-9.2916, 53.1298], [-9.2746, 53.1471], [-9.2599, 53.1518], [-9.2442, 53.1516], [-9.2261, 53.1451], [-9.1809, 53.1193], [-9.1562, 53.1136], [-9.104, 53.1309], [-9.1039, 53.1421], [-9.1192, 53.1485], [-9.1189, 53.1517], [-9.0573, 53.153], [-9.0482, 53.1662], [-9.0458, 53.1756], [-9.0138, 53.1685], [-8.9978, 53.176], [-8.9795, 53.1779], [-8.9769, 53.1762], [-8.9775, 53.164], [-8.9636, 53.1542], [-8.9522, 53.1536], [-8.9473, 53.1599], [-8.9486, 53.1677], [-8.9588, 53.1795], [-8.9438, 53.1988], [-8.9435, 53.2066], [-8.9488, 53.2122], [-9.0308, 53.2146], [-9.0472, 53.2201], [-9.0293, 53.2292], [-8.9955, 53.2369], [-8.9928, 53.2488], [-8.9853, 53.2544], [-8.9828, 53.2611], [-8.9855, 53.2677], [-8.992, 53.2709], [-9.023, 53.2733], [-9.0775, 53.262], [-9.3506, 53.2488], [-9.352, 53.288], [-9.3549, 53.2951], [-9.362, 53.298], [-9.4017, 53.2993], [-9.402, 53.338], [-9.4049, 53.3451], [-9.412, 53.348], [-9.4513, 53.3487], [-9.452, 53.388], [-9.4549, 53.3951], [-9.462, 53.398], [-9.5013, 53.3987], [-9.502, 53.438], [-9.5049, 53.4451], [-9.512, 53.448], [-9.5517, 53.4493], [-9.5517, 53.6007], [-9.512, 53.602], [-9.5028, 53.6082], [-9.5028, 53.6918], [-9.512, 53.698], [-9.6007, 53.6983], [-9.6028, 53.7418], [-9.612, 53.748], [-9.6513, 53.7487], [-9.6517, 53.788], [-9.6147, 53.7931], [-9.608, 53.7968], [-9.607, 53.8078], [-9.6233, 53.818], [-9.6087, 53.826], [-9.6071, 53.8399], [-9.5838, 53.8597], [-9.5887, 53.8718], [-9.5837, 53.8802], [-9.5854, 53.8873], [-9.602, 53.8965], [-9.6013, 53.9513], [-9.5082, 53.9528], [-9.502, 53.962], [-9.5013, 54.0013], [-9.462, 54.002], [-9.4528, 54.0082], [-9.4513, 54.0513], [-9.412, 54.052], [-9.4028, 54.0582], [-9.4013, 54.2513], [-9.2493, 54.2517], [-9.248, 54.212], [-9.2418, 54.2028], [-9.1781, 54.202], [-9.1413, 54.1796], [-9.1324, 54.185], [-9.1325, 54.2017], [-9.0993, 54.2017], [-9.098, 54.162], [-9.0918, 54.1528], [-8.9493, 54.1517], [-8.9472, 54.1082], [-8.938, 54.102], [-8.8082, 54.1028], [-8.802, 54.112], [-8.8013, 54.1513], [-8.762, 54.152], [-8.7528, 54.1582], [-8.7513, 54.2013], [-8.712, 54.202], [-8.7049, 54.2049], [-8.702, 54.212], [-8.7007, 54.2517], [-8.6582, 54.2528], [-8.6486, 54.2652], [-8.636, 54.2516], [-8.6376, 54.2441], [-8.6316, 54.2348], [-8.6034, 54.227], [-8.5739, 54.2052], [-8.5605, 54.2082], [-8.5556, 54.2134], [-8.5553, 54.2205], [-8.5717, 54.2428], [-8.5888, 54.2506], [-8.625, 54.2554], [-8.6212, 54.2653], [-8.6048, 54.2804], [-8.5953, 54.285], [-8.559, 54.2782], [-8.5469, 54.2885], [-8.5499, 54.2988], [-8.5721, 54.3061], [-8.5744, 54.314], [-8.5698, 54.3253], [-8.5724, 54.3329], [-8.5798, 54.3361], [-8.6017, 54.3374], [-8.6013, 54.3821], [-8.4978, 54.4252], [-8.4795, 54.4294], [-8.4738, 54.4369], [-8.4719, 54.4513], [-8.4574, 54.4525], [-8.4507, 54.4584], [-8.4328, 54.4538], [-8.3851, 54.4701], [-8.2892, 54.4812], [-8.2578, 54.4936], [-8.2524, 54.4988], [-8.2521, 54.5063], [-8.2723, 54.5248], [-8.225, 54.5484], [-8.2198, 54.5545], [-8.2203, 54.5709], [-8.1807, 54.5924], [-8.1758, 54.5984], [-8.1776, 54.6255], [-8.1879, 54.632], [-8.2326, 54.6276], [-8.2701, 54.6104], [-8.2922, 54.6038], [-8.2937, 54.6125], [-8.2852, 54.6212], [-8.2843, 54.6284], [-8.2885, 54.6343], [-8.3041, 54.637], [-8.3173, 54.6325], [-8.3427, 54.614], [-8.3656, 54.6072], [-8.3826, 54.598], [-8.3965, 54.5992], [-8.3885, 54.6097], [-8.3927, 54.621], [-8.4021, 54.6241], [-8.4128, 54.6183], [-8.4226, 54.6177], [-8.4253, 54.6306], [-8.4321, 54.6344], [-8.4448, 54.6279], [-8.4555, 54.6069], [-8.4615, 54.6011], [-8.4824, 54.6139], [-8.4938, 54.6295], [-8.518, 54.6241], [-8.5514, 54.6222], [-8.5517, 54.7007], [-8.512, 54.702], [-8.5049, 54.7049], [-8.502, 54.712], [-8.5007, 54.7517], [-8.462, 54.752], [-8.4549, 54.7549], [-8.4466, 54.7749], [-8.452, 54.7878], [-8.4506, 54.8411], [-8.403, 54.8464], [-8.3824, 54.8428], [-8.3714, 54.852], [-8.2493, 54.8517], [-8.248, 54.762], [-8.2451, 54.7549], [-8.238, 54.752], [-7.9493, 54.7517], [-7.948, 54.612], [-7.9418, 54.6028], [-7.812, 54.602], [-7.8028, 54.6082], [-7.8007, 54.6517], [-7.662, 54.652], [-7.6549, 54.6549], [-7.652, 54.662], [-7.652, 54.738], [-7.6582, 54.7472], [-7.8507, 54.7483], [-7.852, 54.788], [-7.8549, 54.7951], [-7.862, 54.798], [-7.9017, 54.7993], [-7.9028, 54.8918], [-7.912, 54.898], [-7.9517, 54.8993], [-7.9528, 55.0418], [-7.962, 55.048], [-8.0013, 55.0487], [-8.002, 55.088], [-8.0082, 55.0972], [-8.0517, 55.0993], [-8.0517, 55.1507], [-8.012, 55.152], [-8.0049, 55.1549], [-8.002, 55.162], [-8.0007, 55.2017], [-7.9574, 55.2017], [-7.9562, 55.1883], [-7.9483, 55.1825], [-7.9334, 55.1829], [-7.9078, 55.1901], [-7.8941, 55.1762], [-7.8891, 55.1669], [-7.8824, 55.1648], [-7.8581, 55.1703], [-7.857, 55.1609], [-7.8466, 55.1562], [-7.8393, 55.1616], [-7.8385, 55.1716], [-7.842, 55.1769], [-7.8512, 55.1786], [-7.852, 55.1842], [-7.8624, 55.1955], [-7.8624, 55.2017], [-7.814, 55.2017], [-7.8056, 55.1869], [-7.7935, 55.1829], [-7.7826, 55.1889], [-7.781, 55.2017], [-7.7212, 55.2017], [-7.7075, 55.1762], [-7.7103, 55.1624], [-7.6938, 55.1362], [-7.6864, 55.1333], [-7.6752, 55.1399], [-7.6714, 55.1473], [-7.6769, 55.1628], [-7.6909, 55.1836], [-7.6936, 55.2013], [-7.6163, 55.2017], [-7.6016, 55.1916], [-7.5716, 55.1823], [-7.5689, 55.1676], [-7.5616, 55.1561], [-7.5257, 55.1316], [-7.5243, 55.1144], [-7.5316, 55.0972], [-7.5423, 55.0901], [-7.5666, 55.0823], [-7.5842, 55.0702], [-7.5884, 55.0635], [-7.5833, 55.0532], [-7.5602, 55.0452], [-7.5669, 55.0248], [-7.5627, 55.019], [-7.5558, 55.0174], [-7.5394, 55.0225], [-7.5291, 55.0328], [-7.4726, 55.045], [-7.4595, 55.0557], [-7.4527, 55.0724], [-7.4569, 55.0838], [-7.4724, 55.09], [-7.4793, 55.0964], [-7.4654, 55.1204], [-7.4674, 55.1412], [-7.5102, 55.1784], [-7.5418, 55.1959], [-7.5444, 55.1998], [-7.5416, 55.202], [-7.3993, 55.2017], [-7.3972, 55.1582], [-7.388, 55.152], [-7.3487, 55.1513], [-7.348, 55.112], [-7.3418, 55.1028], [-7.2239, 55.1017], [-7.2238, 55.0979], [-7.2457, 55.0678], [-7.2464, 55.0606], [-7.2422, 55.0547], [-7.2351, 55.0533], [-7.1995, 55.059], [-7.189, 55.052], [-7.1551, 55.052], [-7.1325, 55.0457], [-7.1003, 55.043], [-7.0672, 55.0457], [-7.0512, 55.052], [-7.012, 55.052], [-7.0049, 55.0549], [-7.002, 55.062], [-7.0018, 55.1164], [-6.9774, 55.1368], [-6.9741, 55.1514], [-6.9082, 55.1528], [-6.9028, 55.1582], [-6.9002, 55.1797], [-6.8823, 55.1762], [-6.8011, 55.1785], [-6.798, 55.1755], [-6.7972, 55.1582], [-6.7918, 55.1528], [-6.712, 55.152], [-6.7028, 55.1582], [-6.7011, 55.1937], [-6.6709, 55.202], [-6.1993, 55.2017], [-6.1983, 55.0993], [-6.238, 55.098], [-6.2451, 55.0951], [-6.248, 55.088], [-6.2493, 55.0483], [-6.338, 55.048], [-6.3451, 55.0451], [-6.348, 55.038], [-6.348, 54.962], [-6.3451, 54.9549], [-6.338, 54.952], [-6.1993, 54.9517], [-6.198, 54.912], [-6.1951, 54.9049], [-6.188, 54.902], [-6.1483, 54.9007], [-6.148, 54.812], [-6.1451, 54.8049], [-6.138, 54.802], [-6.0493, 54.8017], [-6.0472, 54.7582], [-6.038, 54.752], [-5.962, 54.752], [-5.9549, 54.7549], [-5.952, 54.762], [-5.9517, 54.8007], [-5.912, 54.802], [-5.9049, 54.8049], [-5.902, 54.812], [-5.9007, 54.8517], [-5.8124, 54.852], [-5.8024, 54.8473], [-5.7915, 54.852], [-5.7487, 54.8513], [-5.7471, 54.8062], [-5.7365, 54.8006], [-5.6983, 54.8007], [-5.6991, 54.7514], [-5.7067, 54.7407], [-5.7295, 54.7264], [-5.7588, 54.7179], [-5.8186, 54.7075], [-5.8454, 54.6989], [-5.8711, 54.6851], [-5.8899, 54.6702], [-5.9162, 54.641], [-5.9166, 54.6342], [-5.9076, 54.6126], [-5.9027, 54.6079], [-5.8899, 54.6105], [-5.8408, 54.651], [-5.7496, 54.682], [-5.7143, 54.6717], [-5.6955, 54.6707], [-5.5994, 54.6794], [-5.5972, 54.6582], [-5.5918, 54.6528], [-5.5483, 54.6507], [-5.5493, 54.5483], [-5.589, 54.548], [-5.6002, 54.541], [-5.6449, 54.5655], [-5.6708, 54.5743], [-5.6873, 54.5745], [-5.6929, 54.569], [-5.6981, 54.545], [-5.6954, 54.5371], [-5.6753, 54.5264], [-5.6379, 54.5241], [-5.6239, 54.5168], [-5.6391, 54.5081], [-5.6382, 54.4958], [-5.6427, 54.4813], [-5.6396, 54.4686], [-5.6241, 54.462], [-5.627, 54.4497], [-5.6239, 54.441], [-5.6523, 54.3874], [-5.652, 54.3757], [-5.6407, 54.3723], [-5.5805, 54.3864], [-5.5761, 54.3926], [-5.5798, 54.4155], [-5.5721, 54.4278], [-5.5498, 54.4437], [-5.548, 54.3809], [-5.5507, 54.3713], [-5.548, 54.351], [-5.551, 54.348], [-5.588, 54.348], [-5.5951, 54.3451], [-5.598, 54.338], [-5.5993, 54.2983], [-5.688, 54.298], [-5.6951, 54.2951], [-5.698, 54.288], [-5.6993, 54.2483], [-5.8418, 54.2472], [-5.8472, 54.2418], [-5.8489, 54.2319], [-5.8628, 54.2246], [-5.8658, 54.2154], [-5.8653, 54.1994], [-5.868, 54.198], [-6.0507, 54.1983], [-6.0517, 54.3007], [-6.0082, 54.3028], [-6.002, 54.312], [-6.002, 54.388], [-6.0049, 54.3951], [-6.012, 54.398], [-6.1418, 54.3972], [-6.148, 54.388], [-6.1487, 54.3487], [-6.2418, 54.3472], [-6.248, 54.338], [-6.2487, 54.2987], [-6.288, 54.298], [-6.2972, 54.2918], [-6.298, 54.212], [-6.2951, 54.2049], [-6.288, 54.202], [-6.1987, 54.2013], [-6.198, 54.162], [-6.1951, 54.1549], [-6.188, 54.152], [-6.1493, 54.1517], [-6.148, 54.112], [-6.1451, 54.1049], [-6.138, 54.102], [-6.0983, 54.1007], [-6.0983, 54.0493], [-6.1136, 54.0483], [-6.1158, 54.0587], [-6.1221, 54.063], [-6.1752, 54.0725], [-6.1849, 54.0873], [-6.1912, 54.0918], [-6.2303, 54.0965], [-6.237, 54.088], [-6.2349, 54.0809], [-6.2072, 54.0641], [-6.1841, 54.0565], [-6.1788, 54.0507], [-6.1798, 54.0483], [-6.1918, 54.0472], [-6.1972, 54.0418], [-6.1987, 53.9987], [-6.2603, 53.998], [-6.3065, 54.0097], [-6.3394, 54.0115], [-6.3653, 53.9782], [-6.374, 53.9491], [-6.3918, 53.9472], [-6.3972, 53.9418], [-6.3972, 53.9082], [-6.3918, 53.9028], [-6.3725, 53.9016], [-6.3489, 53.8826], [-6.3472, 53.8582], [-6.3418, 53.8528], [-6.2987, 53.8513], [-6.2972, 53.7582], [-6.288, 53.752], [-6.2483, 53.7507], [-6.2472, 53.5582], [-6.238, 53.552], [-6.1987, 53.5513], [-6.198, 53.512], [-6.1918, 53.5028], [-6.151, 53.502], [-6.148, 53.499], [-6.1484, 53.4713], [-6.1567, 53.4666], [-6.1588, 53.4592], [-6.148, 53.4471], [-6.148, 53.3874], [-6.1568, 53.3763], [-6.155, 53.3693], [-6.1483, 53.3644], [-6.148, 53.3577], [-6.1794, 53.3353], [-6.1833, 53.3295], [-6.1825, 53.3225], [-6.1681, 53.3088], [-6.1561, 53.3021], [-6.1276, 53.2975], [-6.0954, 53.2863], [-6.0961, 53.2753], [-6.1037, 53.2613], [-6.1025, 53.2288], [-6.0961, 53.2143], [-6.0767, 53.1975], [-6.0698, 53.1862], [-6.0729, 53.1654], [-6.0286, 53.1116], [-6.033, 53.1011], [-6.0305, 53.0875], [-6.032, 53.0633], [-6.0482, 53.01], [-6.036, 52.9945], [-5.9999, 52.9696], [-5.998, 52.9568], [-6.0087, 52.9496], [-6.0213, 52.9287], [-6.0377, 52.9166], [-6.0644, 52.8791], [-6.0662, 52.8725], [-6.063, 52.8634], [-6.1067, 52.8377], [-6.1278, 52.8157], [-6.1511, 52.7681], [-6.1468, 52.7441], [-6.1672, 52.7152], [-6.2142, 52.6626], [-6.2181, 52.6488], [-6.2176, 52.6341], [-6.2046, 52.5894], [-6.2076, 52.5487], [-6.238, 52.548], [-6.2451, 52.5451], [-6.248, 52.538], [-6.2497, 52.4983], [-6.288, 52.498], [-6.2951, 52.4951], [-6.298, 52.488], [-6.2985, 52.4537], [-6.3182, 52.4449], [-6.3313, 52.4336], [-6.3622, 52.3951], [-6.365, 52.343], [-6.3804, 52.3541], [-6.3916, 52.3568], [-6.4479, 52.3539], [-6.4564, 52.3481], [-6.4569, 52.341], [-6.4444, 52.3153], [-6.4229, 52.3096], [-6.4066, 52.297], [-6.3989, 52.2991], [-6.3724, 52.3246], [-6.3712, 52.3159], [-6.3836, 52.2991], [-6.3835, 52.2923], [-6.3695, 52.2753], [-6.3483, 52.261], [-6.3493, 52.2483], [-6.388, 52.248], [-6.3951, 52.2451], [-6.398, 52.238], [-6.3984, 52.2102], [-6.4083, 52.2012], [-6.416, 52.198], [-6.4478, 52.198], [-6.4654, 52.2051], [-6.4901, 52.198], [-6.6322, 52.198], [-6.7009, 52.2121], [-6.702, 52.238], [-6.7049, 52.2451], [-6.712, 52.248], [-6.738, 52.248], [-6.7472, 52.2418], [-6.748, 52.2143], [-6.7507, 52.2113], [-6.7855, 52.2081], [-6.8111, 52.212], [-6.8179, 52.2088], [-6.8258, 52.198], [-6.9146, 52.198], [-6.9237, 52.2129], [-6.9374, 52.227], [-6.9506, 52.2359], [-6.96, 52.2384], [-6.9687, 52.2323], [-6.9677, 52.2202], [-6.9775, 52.1987], [-6.9714, 52.1889], [-6.9539, 52.1875], [-6.9534, 52.1787], [-6.9708, 52.1688], [-6.9954, 52.1483], [-7.0897, 52.148], [-7.097, 52.1518], [-7.1161, 52.1511], [-7.1389, 52.1565], [-7.1579, 52.148], [-7.1918, 52.1472], [-7.1972, 52.1418], [-7.1983, 52.1321], [-7.201, 52.1308], [-7.2449, 52.1363], [-7.4363, 52.1233], [-7.5032, 52.1009], [-7.5423, 52.0947], [-7.5596, 52.0816], [-7.5644, 52.0756], [-7.5635, 52.068], [-7.5574, 52.0633], [-7.5459, 52.0609], [-7.5438, 52.0532], [-7.5497, 52.0415], [-7.5785, 52.0276], [-7.5846, 51.9991], [-7.5946, 51.9957], [-7.5992, 51.9873], [-7.6366, 51.9748], [-7.6864, 51.9782], [-7.7043, 51.9733], [-7.7141, 51.9619], [-7.7157, 51.9493], [-7.7184, 51.948], [-7.788, 51.948], [-7.8284, 51.9514], [-7.838, 51.9598], [-7.8452, 51.9603], [-7.8508, 51.9558], [-7.8561, 51.9406], [-7.8681, 51.9284], [-7.8975, 51.911], [-7.901, 51.8983], [-7.9918, 51.8972], [-7.998, 51.888], [-7.9984, 51.8573], [-8.0146, 51.8483], [-8.0918, 51.8472], [-8.0972, 51.8418], [-8.098, 51.8143], [-8.1006, 51.8109], [-8.1345, 51.8027], [-8.1968, 51.799], [-8.2469, 51.801], [-8.2521, 51.8055], [-8.2503, 51.8128], [-8.232, 51.8271], [-8.2315, 51.8379], [-8.2047, 51.8433], [-8.1987, 51.8476], [-8.1973, 51.8549], [-8.2045, 51.8635], [-8.2019, 51.875], [-8.206, 51.8811], [-8.2251, 51.8883], [-8.2429, 51.8908], [-8.2853, 51.8903], [-8.2941, 51.9004], [-8.348, 51.889], [-8.3523, 51.882], [-8.3499, 51.8742], [-8.3276, 51.8618], [-8.3358, 51.8441], [-8.3331, 51.8362], [-8.2974, 51.8315], [-8.2951, 51.8149], [-8.283, 51.8032], [-8.3, 51.7841], [-8.3003, 51.7767], [-8.2956, 51.7659], [-8.2994, 51.7582], [-8.3435, 51.724], [-8.3715, 51.7138], [-8.408, 51.7081], [-8.428, 51.698], [-8.4402, 51.6983], [-8.4533, 51.7076], [-8.4606, 51.7059], [-8.4657, 51.6983], [-8.4918, 51.6972], [-8.4996, 51.6846], [-8.5223, 51.6729], [-8.5378, 51.6483], [-8.7418, 51.6472], [-8.748, 51.638], [-8.7493, 51.5983], [-8.8918, 51.5972], [-8.898, 51.588], [-8.898, 51.5542], [-8.9007, 51.5509], [-8.9402, 51.548], [-8.9499, 51.5428], [-8.9582, 51.5488], [-8.9899, 51.5607], [-9.0717, 51.5475], [-9.0975, 51.5538], [-9.1044, 51.5509], [-9.1136, 51.5375], [-9.1281, 51.5272], [-9.1577, 51.5201], [-9.176, 51.5228], [-9.1841, 51.5205], [-9.1883, 51.5071], [-9.2029, 51.5054], [-9.2153, 51.4913], [-9.2251, 51.4852], [-9.2503, 51.4886], [-9.2655, 51.4856], [-9.2711, 51.5003], [-9.278, 51.5031], [-9.2931, 51.4979], [-9.3021, 51.4866], [-9.3171, 51.4846], [-9.3357, 51.4749], [-9.3497, 51.472], [-9.3827, 51.4723], [-9.3745, 51.4859], [-9.3818, 51.5017], [-9.3895, 51.5045], [-9.4024, 51.4992], [-9.4157, 51.5108], [-9.4147, 51.5199], [-9.4059, 51.539], [-9.4067, 51.5464], [-9.4124, 51.5512], [-9.4354, 51.5567], [-9.4431, 51.5541], [-9.4483, 51.5415], [-9.4767, 51.533], [-9.5457, 51.5226], [-9.5557, 51.5064], [-9.5778, 51.5066], [-9.5961, 51.498], [-9.6282, 51.498], [-9.6414, 51.5121], [-9.6525, 51.5159], [-9.6807, 51.4989], [-9.7017, 51.4993], [-9.7012, 51.5386], [-9.6658, 51.5537], [-9.6306, 51.5789], [-9.6267, 51.5896], [-9.6316, 51.5958], [-9.6394, 51.5966], [-9.7001, 51.5776], [-9.7028, 51.5918], [-9.7082, 51.5972], [-9.7342, 51.598], [-9.7363, 51.6014], [-9.6112, 51.6434], [-9.5953, 51.6572], [-9.5612, 51.6605], [-9.5258, 51.6721], [-9.4668, 51.6838], [-9.4608, 51.6884], [-9.4546, 51.709], [-9.4605, 51.7182], [-9.49, 51.7127], [-9.5109, 51.7227], [-9.5253, 51.7247], [-9.5286, 51.7269], [-9.5288, 51.7463], [-9.5398, 51.7534], [-9.5472, 51.7541], [-9.553, 51.7496], [-9.555, 51.7354], [-9.5445, 51.7189], [-9.5667, 51.7142], [-9.6058, 51.6913], [-9.6257, 51.6833], [-9.6483, 51.6788], [-9.7122, 51.6745], [-9.7482, 51.6654], [-9.8019, 51.6606], [-9.8084, 51.6573], [-9.811, 51.6504], [-9.8081, 51.6436], [-9.7976, 51.6374], [-9.8053, 51.6289], [-9.8906, 51.6096], [-9.9176, 51.6172], [-9.9274, 51.6246], [-10.0003, 51.6077], [-10.0017, 51.6809], [-9.9797, 51.6957], [-9.9777, 51.7027], [-9.984, 51.7111], [-9.9996, 51.7138], [-9.9828, 51.7326], [-9.9496, 51.749], [-9.9158, 51.7594], [-9.8898, 51.7635], [-9.8816, 51.7493], [-9.8709, 51.7498], [-9.859, 51.7599], [-9.855, 51.777], [-9.8393, 51.7715], [-9.8223, 51.7704], [-9.8164, 51.7748], [-9.8147, 51.7896], [-9.7852, 51.8069], [-9.7812, 51.814], [-9.7539, 51.8228], [-9.7475, 51.8313], [-9.75, 51.8417], [-9.7568, 51.8446], [-9.7748, 51.8385], [-9.7855, 51.8304], [-9.7881, 51.8243], [-9.8263, 51.8239], [-9.834, 51.814], [-9.8641, 51.8022], [-9.876, 51.8012], [-9.8778, 51.8133], [-9.8892, 51.8168], [-9.9027, 51.8079], [-9.9504, 51.8001], [-9.9923, 51.7794], [-10.0148, 51.7731], [-10.0389, 51.7788], [-10.099, 51.7484], [-10.1307, 51.748], [-10.1516, 51.7596], [-10.152, 51.788], [-10.1549, 51.7951], [-10.162, 51.798], [-10.1835, 51.7987], [-10.1822, 51.8177], [-10.1934, 51.8344], [-10.207, 51.847], [-10.3013, 51.8487], [-10.302, 51.8999], [-10.2993, 51.9101], [-10.302, 51.9212], [-10.2989, 51.9236]], [[-6.1946, 53.3345], [-6.1884, 53.3398], [-6.1803, 53.3539], [-6.1834, 53.3643], [-6.1942, 53.3658], [-6.212, 53.3567], [-6.2143, 53.3466], [-6.2027, 53.3356], [-6.1946, 53.3345]], [[-6.3549, 53.1451], [-6.362, 53.148], [-6.388, 53.148], [-6.3951, 53.1451], [-6.398, 53.138], [-6.398, 53.112], [-6.3951, 53.1049], [-6.388, 53.102], [-6.362, 53.102], [-6.3549, 53.1049], [-6.352, 53.112], [-6.352, 53.138], [-6.3549, 53.1451]], [[-6.3549, 54.6049], [-6.352, 54.612], [-6.352, 54.688], [-6.3549, 54.6951], [-6.362, 54.698], [-6.488, 54.698], [-6.4951, 54.6951], [-6.498, 54.688], [-6.498, 54.612], [-6.4951, 54.6049], [-6.488, 54.602], [-6.362, 54.602], [-6.3549, 54.6049]], [[-6.4451, 53.0951], [-6.448, 53.088], [-6.448, 53.062], [-6.4451, 53.0549], [-6.438, 53.052], [-6.412, 53.052], [-6.4049, 53.0549], [-6.402, 53.062], [-6.402, 53.088], [-6.4049, 53.0951], [-6.412, 53.098], [-6.438, 53.098], [-6.4451, 53.0951]], [[-6.4528, 54.2082], [-6.4513, 54.2513], [-6.412, 54.252], [-6.4028, 54.2582], [-6.402, 54.288], [-6.4082, 54.2972], [-6.738, 54.298], [-6.7472, 54.2918], [-6.748, 54.212], [-6.7451, 54.2049], [-6.738, 54.202], [-6.6493, 54.2017], [-6.648, 54.162], [-6.6418, 54.1528], [-6.5582, 54.1528], [-6.552, 54.162], [-6.5507, 54.2017], [-6.462, 54.202], [-6.4528, 54.2082]], [[-6.4951, 53.0451], [-6.498, 53.038], [-6.498, 53.012], [-6.4951, 53.0049], [-6.488, 53.002], [-6.462, 53.002], [-6.4549, 53.0049], [-6.452, 53.012], [-6.452, 53.038], [-6.4549, 53.0451], [-6.462, 53.048], [-6.488, 53.048], [-6.4951, 53.0451]], [[-6.8472, 52.8418], [-6.8487, 52.7987], [-6.888, 52.798], [-6.8972, 52.7918], [-6.898, 52.762], [-6.8918, 52.7528], [-6.812, 52.752], [-6.8028, 52.7582], [-6.8028, 52.8418], [-6.812, 52.848], [-6.838, 52.848], [-6.8472, 52.8418]], [[-7.098, 54.649], [-7.098, 54.612], [-7.0918, 54.6028], [-6.9582, 54.6028], [-6.952, 54.612], [-6.9513, 54.6513], [-6.912, 54.652], [-6.9028, 54.6582], [-6.9013, 54.7013], [-6.862, 54.702], [-6.8528, 54.7082], [-6.8528, 54.7918], [-6.862, 54.798], [-6.9013, 54.7987], [-6.9028, 54.8418], [-6.912, 54.848], [-7.338, 54.848], [-7.3451, 54.8451], [-7.348, 54.838], [-7.348, 54.812], [-7.3418, 54.8028], [-7.2487, 54.8013], [-7.248, 54.762], [-7.2418, 54.7528], [-7.1487, 54.7513], [-7.1472, 54.6582], [-7.138, 54.652], [-7.101, 54.652], [-7.098, 54.649]], [[-7.4049, 54.9049], [-7.402, 54.912], [-7.402, 54.938], [-7.4082, 54.9472], [-7.5918, 54.9472], [-7.598, 54.938], [-7.5972, 54.8082], [-7.588, 54.802], [-7.5082, 54.8028], [-7.502, 54.812], [-7.5013, 54.8513], [-7.4582, 54.8528], [-7.452, 54.862], [-7.4513, 54.9013], [-7.412, 54.902], [-7.4049, 54.9049]], [[-7.5736, 52.074], [-7.5714, 52.0809], [-7.5789, 52.0951], [-7.5854, 52.1007], [-7.6005, 52.0986], [-7.6147, 52.092], [-7.6199, 52.0863], [-7.6194, 52.0785], [-7.6135, 52.0734], [-7.5836, 52.0706], [-7.5736, 52.074]], [[-7.8951, 52.4951], [-7.898, 52.488], [-7.898, 52.462], [-7.8951, 52.4549], [-7.888, 52.452], [-7.8487, 52.4513], [-7.848, 52.412], [-7.8418, 52.4028], [-7.812, 52.402], [-7.8049, 52.4049], [-7.802, 52.412], [-7.802, 52.488], [-7.8049, 52.4951], [-7.812, 52.498], [-7.888, 52.498], [-7.8951, 52.4951]], [[-8.168, 54.6305], [-8.1667, 54.6193], [-8.1478, 54.6089], [-8.1386, 54.6116], [-8.1317, 54.6282], [-8.1342, 54.6388], [-8.1412, 54.6415], [-8.162, 54.6354], [-8.168, 54.6305]], [[-8.3549, 52.4549], [-8.352, 52.462], [-8.352, 52.488], [-8.3582, 52.4972], [-8.438, 52.498], [-8.4472, 52.4918], [-8.448, 52.462], [-8.4418, 52.4528], [-8.362, 52.452], [-8.3549, 52.4549]], [[-8.5549, 52.4049], [-8.552, 52.412], [-8.552, 52.438], [-8.5582, 52.4472], [-8.638, 52.448], [-8.6472, 52.4418], [-8.648, 52.412], [-8.6418, 52.4028], [-8.562, 52.402], [-8.5549, 52.4049]], [[-8.7049, 53.4549], [-8.702, 53.462], [-8.7028, 53.5418], [-8.712, 53.548], [-8.7513, 53.5487], [-8.752, 53.588], [-8.7582, 53.5972], [-8.788, 53.598], [-8.7951, 53.5951], [-8.798, 53.588], [-8.7993, 53.5483], [-8.888, 53.548], [-8.8972, 53.5418], [-8.898, 53.412], [-8.8918, 53.4028], [-8.7582, 53.4028], [-8.752, 53.412], [-8.7513, 53.4513], [-8.712, 53.452], [-8.7049, 53.4549]], [[-9.1353, 52.6232], [-9.1274, 52.6159], [-9.0722, 52.6259], [-9.0523, 52.6336], [-9.0389, 52.6221], [-9.0068, 52.6227], [-8.9904, 52.6285], [-8.9733, 52.6489], [-8.9612, 52.654], [-8.8254, 52.6648], [-8.8185, 52.6684], [-8.8163, 52.676], [-8.8238, 52.6845], [-8.8664, 52.6912], [-8.932, 52.6851], [-8.9605, 52.6913], [-8.9638, 52.7004], [-8.953, 52.7104], [-8.9548, 52.7371], [-8.9588, 52.743], [-8.9715, 52.7477], [-8.972, 52.7605], [-8.9831, 52.764], [-9.0177, 52.7482], [-9.0252, 52.7319], [-9.0564, 52.6958], [-9.1319, 52.6334], [-9.1353, 52.6232]], [[-9.2727, 52.5918], [-9.2711, 52.5849], [-9.2616, 52.5805], [-9.2227, 52.5871], [-9.2088, 52.5962], [-9.207, 52.6033], [-9.2139, 52.6115], [-9.252, 52.6096], [-9.2692, 52.5981], [-9.2727, 52.5918]], [[-9.8938, 52.1424], [-9.8956, 52.1314], [-9.8899, 52.1262], [-9.8755, 52.1215], [-9.8032, 52.1241], [-9.7945, 52.1312], [-9.7961, 52.1432], [-9.8016, 52.1479], [-9.8868, 52.1456], [-9.8938, 52.1424]]]}}, {"type": "Feature", "properties": {}, "geometry": {"type": "Polygon", "coordinates": [[[-5.749, 56.102], [-5.712, 56.102], [-5.7049, 56.1049], [-5.702, 56.112], [-5.702, 56.148], [-5.6983, 56.1541], [-5.6888, 56.1379], [-5.6861, 56.1231], [-5.6879, 56.1108], [-5.7038, 56.1022], [-5.7183, 56.0871], [-5.737, 56.076], [-5.7498, 56.0611], [-5.752, 56.0639], [-5.752, 56.099], [-5.749, 56.102]]]}}, {"type": "Feature", "properties": {}, "geometry": {"type": "Polygon", "coordinates": [[[-5.702, 56.1686], [-5.7017, 56.1976], [-5.6876, 56.2037], [-5.6787, 56.1946], [-5.6719, 56.1783], [-5.6982, 56.1618], [-5.702, 56.1686]]]}}, {"type": "Feature", "properties": {}, "geometry": {"type": "Polygon", "coordinates": [[[-6.0582, 54.9472], [-6.1017, 54.9493], [-6.1017, 55.0507], [-5.9993, 55.0517], [-5.998, 55.012], [-5.9951, 55.0049], [-5.9815, 55.0012], [-5.9825, 54.9894], [-5.9777, 54.9837], [-5.9484, 54.9775], [-5.9483, 54.8993], [-6.0507, 54.8983], [-6.052, 54.938], [-6.0582, 54.9472]]]}}, {"type": "Feature", "properties": {}, "geometry": {"type": "Polygon", "coordinates": [[[-6.2738, 55.7699], [-6.2755, 55.778], [-6.2826, 55.7821], [-6.3014, 55.7845], [-6.3017, 55.8007], [-6.262, 55.802], [-6.2549, 55.8049], [-6.252, 55.812], [-6.2507, 55.8517], [-6.1062, 55.8516], [-6.1005, 55.8321], [-6.0968, 55.8003], [-6.0972, 55.7082], [-6.088, 55.702], [-6.0297, 55.7016], [-6.0217, 55.6887], [-6.0219, 55.6811], [-6.0458, 55.6717], [-6.0578, 55.6584], [-6.0691, 55.6602], [-6.0999, 55.6412], [-6.1108, 55.648], [-6.1507, 55.6483], [-6.152, 55.688], [-6.1549, 55.6951], [-6.162, 55.698], [-6.2507, 55.6983], [-6.252, 55.738], [-6.2549, 55.7451], [-6.262, 55.748], [-6.2998, 55.7495], [-6.2788, 55.7633], [-6.2738, 55.7699]]]}}, {"type": "Feature", "properties": {}, "geometry": {"type": "Polygon", "coordinates": [[[-6.048, 55.849], [-6.0499, 55.803], [-6.0645, 55.8091], [-6.0793, 55.8331], [-6.0826, 55.8486], [-6.0798, 55.852], [-6.051, 55.852], [-6.048, 55.849]]]}}, {"type": "Feature", "properties": {}, "geometry": {"type": "Polygon", "coordinates": [[[-6.1205, 56.4495], [-6.1182, 56.4522], [-6.1083, 56.4506], [-6.1178, 56.448], [-6.1205, 56.4495]]]}}, {"type": "Feature", "properties": {}, "geometry": {"type": "Polygon", "coordinates": [[[-6.252, 57.351], [-6.2513, 57.4513], [-6.1393, 57.4513], [-6.1452, 57.4187], [-6.1408, 57.4133], [-6.1256, 57.4096], [-6.1162, 57.3983], [-6.1213, 57.3881], [-6.1337, 57.3776], [-6.1366, 57.3712], [-6.133, 57.3589], [-6.1236, 57.3488], [-6.249, 57.348], [-6.252, 57.351]]]}}, {"type": "Feature", "properties": {}, "geometry": {"type": "Polygon", "coordinates": [[[-8.327, 55.0441], [-8.3135, 55.052], [-8.2493, 55.0517], [-8.2483, 54.9993], [-8.3507, 54.9983], [-8.3517, 55.0507], [-8.3351, 55.0506], [-8.327, 55.0441]]]}}]}