{"type": "FeatureCollection", "features": [{"type": "Feature", "properties": {}, "geometry": {"type": "Polygon", "coordinates": [[[-109.052, 32.749], [-109.049, 32.752], [-108.6493, 32.7517], [-108.6472, 32.4582], [-108.638, 32.452], [-108.5487, 32.4513], [-108.548, 32.362], [-108.5418, 32.3528], [-108.3487, 32.3513], [-108.3483, 32.2493], [-108.5384, 32.248], [-108.5463, 32.2441], [-108.5493, 32.2383], [-108.5651, 32.2351], [-108.568, 32.228], [-108.5672, 32.2182], [-108.5618, 32.2128], [-108.5493, 32.2117], [-108.548, 32.209], [-108.548, 32.051], [-108.551, 32.048], [-108.6513, 32.0487], [-108.6528, 32.2418], [-108.662, 32.248], [-108.7418, 32.2472], [-108.748, 32.238], [-108.7483, 32.0493], [-108.8507, 32.0483], [-108.852, 32.099], [-108.8464, 32.112], [-108.8517, 32.1193], [-108.852, 32.138], [-108.8549, 32.1451], [-108.862, 32.148], [-108.9517, 32.1493], [-108.952, 32.238], [-108.9549, 32.2451], [-108.962, 32.248], [-109.0517, 32.2493], [-109.0514, 32.6922], [-109.052, 32.749]]]}}, {"type": "Feature", "properties": {}, "geometry": {"type": "Polygon", "coordinates": [[[-120.5272, 35.557], [-120.549, 35.558], [-120.552, 35.561], [-120.5513, 35.9513], [-120.0893, 35.9517], [-120.0851, 35.9349], [-120.0583, 35.9307], [-120.057, 35.9072], [-120.048, 35.899], [-120.0472, 35.8582], [-120.0418, 35.8528], [-119.8893, 35.8517], [-119.887, 35.8172], [-119.8743, 35.8091], [-119.8673, 35.81], [-119.8626, 35.8153], [-119.8613, 35.8313], [-119.8487, 35.8313], [-119.8487, 35.8087], [-119.8651, 35.8051], [-119.8687, 35.7887], [-119.887, 35.7728], [-119.8887, 35.7587], [-119.9028, 35.757], [-119.9121, 35.7456], [-119.9136, 35.738], [-119.9083, 35.7307], [-119.9072, 35.7182], [-119.9018, 35.7128], [-119.8883, 35.7107], [-119.8897, 35.6862], [-119.8833, 35.6819], [-119.8587, 35.6813], [-119.857, 35.6672], [-119.8428, 35.653], [-119.8193, 35.6517], [-119.812, 35.6464], [-119.799, 35.652], [-119.7487, 35.6513], [-119.7483, 35.6193], [-119.7628, 35.617], [-119.777, 35.6028], [-119.778, 35.581], [-119.7836, 35.568], [-119.7783, 35.5607], [-119.7751, 35.5449], [-119.7583, 35.5407], [-119.757, 35.5172], [-119.7483, 35.5107], [-119.7483, 35.4993], [-119.7554, 35.4971], [-119.7608, 35.4907], [-119.757, 35.4672], [-119.7328, 35.443], [-119.7187, 35.4413], [-119.717, 35.4272], [-119.7028, 35.413], [-119.6807, 35.4089], [-119.6745, 35.4122], [-119.6707, 35.4217], [-119.661, 35.422], [-119.6555, 35.4122], [-119.6493, 35.4089], [-119.6246, 35.4129], [-119.6192, 35.4193], [-119.622, 35.431], [-119.6217, 35.4607], [-119.601, 35.462], [-119.5787, 35.4413], [-119.577, 35.4272], [-119.5628, 35.413], [-119.5393, 35.4117], [-119.5128, 35.383], [-119.4993, 35.3817], [-119.4828, 35.363], [-119.4693, 35.3617], [-119.4528, 35.343], [-119.4193, 35.3417], [-119.4128, 35.333], [-119.3987, 35.3313], [-119.3928, 35.323], [-119.3793, 35.3217], [-119.368, 35.3164], [-119.3512, 35.3255], [-119.3489, 35.3336], [-119.3517, 35.3507], [-119.3434, 35.3561], [-119.3413, 35.3613], [-119.311, 35.362], [-119.3028, 35.353], [-119.2887, 35.3513], [-119.2874, 35.3353], [-119.2827, 35.33], [-119.2572, 35.333], [-119.2507, 35.3417], [-119.2372, 35.343], [-119.2307, 35.3517], [-119.221, 35.352], [-119.2083, 35.3407], [-119.2051, 35.3249], [-119.1887, 35.3213], [-119.188, 35.271], [-119.1993, 35.2583], [-119.219, 35.258], [-119.2272, 35.267], [-119.2428, 35.267], [-119.257, 35.2528], [-119.2593, 35.2283], [-119.299, 35.228], [-119.3072, 35.237], [-119.3184, 35.238], [-119.3263, 35.2341], [-119.3293, 35.2283], [-119.3418, 35.2272], [-119.3472, 35.2218], [-119.347, 35.1872], [-119.3228, 35.163], [-119.3093, 35.1617], [-119.308, 35.159], [-119.3083, 35.1493], [-119.317, 35.1428], [-119.3187, 35.1287], [-119.3318, 35.1272], [-119.3372, 35.1218], [-119.3408, 35.0993], [-119.3354, 35.0929], [-119.3283, 35.0907], [-119.328, 35.072], [-119.3251, 35.0649], [-119.318, 35.062], [-119.2993, 35.0617], [-119.2928, 35.053], [-119.2787, 35.0513], [-119.2751, 35.0249], [-119.2616, 35.022], [-119.2537, 35.0259], [-119.2507, 35.0317], [-119.2272, 35.033], [-119.2107, 35.0517], [-119.1872, 35.053], [-119.179, 35.062], [-119.1687, 35.0613], [-119.1528, 35.043], [-119.1387, 35.0413], [-119.1327, 35.03], [-119.091, 35.032], [-119.0784, 35.022], [-119.0672, 35.023], [-119.0507, 35.0417], [-119.001, 35.042], [-118.9928, 35.033], [-118.9587, 35.0313], [-118.957, 35.0172], [-118.9483, 35.0107], [-118.9472, 34.9982], [-118.9418, 34.9928], [-118.8987, 34.9913], [-118.899, 34.973], [-118.8928, 34.963], [-118.8697, 34.9619], [-118.859, 34.972], [-118.8373, 34.97], [-118.832, 34.9788], [-118.8317, 35.0107], [-118.823, 35.0172], [-118.8217, 35.0307], [-118.8112, 35.0355], [-118.8089, 35.0436], [-118.8134, 35.0539], [-118.8217, 35.0593], [-118.823, 35.0928], [-118.8417, 35.1093], [-118.8417, 35.1307], [-118.8334, 35.1361], [-118.8307, 35.1417], [-118.8172, 35.143], [-118.8059, 35.1537], [-118.802, 35.1616], [-118.8013, 35.1813], [-118.7837, 35.1859], [-118.773, 35.1972], [-118.7713, 35.2113], [-118.7572, 35.213], [-118.7513, 35.2213], [-118.7412, 35.2255], [-118.7389, 35.2336], [-118.742, 35.241], [-118.743, 35.2728], [-118.752, 35.281], [-118.752, 35.338], [-118.7549, 35.3451], [-118.762, 35.348], [-118.8307, 35.3483], [-118.8349, 35.3651], [-118.8517, 35.3693], [-118.852, 35.419], [-118.8464, 35.428], [-118.852, 35.441], [-118.8517, 35.6507], [-118.762, 35.652], [-118.7528, 35.6582], [-118.7507, 35.8517], [-118.6693, 35.8517], [-118.667, 35.8372], [-118.6483, 35.8207], [-118.648, 35.671], [-118.6508, 35.6593], [-118.6454, 35.6529], [-118.621, 35.652], [-118.618, 35.649], [-118.6192, 35.6381], [-118.6328, 35.637], [-118.6395, 35.6276], [-118.6408, 35.6193], [-118.6354, 35.6129], [-118.6172, 35.613], [-118.6108, 35.6219], [-118.5846, 35.6229], [-118.5792, 35.6293], [-118.5813, 35.6513], [-118.5582, 35.6528], [-118.5528, 35.6582], [-118.5513, 35.7513], [-118.462, 35.752], [-118.4549, 35.7549], [-118.452, 35.762], [-118.452, 35.838], [-118.4549, 35.8451], [-118.462, 35.848], [-118.5517, 35.8493], [-118.5517, 35.8607], [-118.5459, 35.8637], [-118.542, 35.8716], [-118.543, 35.8828], [-118.552, 35.891], [-118.5507, 36.0517], [-118.4487, 36.0513], [-118.4472, 35.8582], [-118.438, 35.852], [-118.3987, 35.8513], [-118.397, 35.8272], [-118.3687, 35.8013], [-118.3651, 35.7849], [-118.3487, 35.7813], [-118.3472, 35.7582], [-118.3418, 35.7528], [-118.271, 35.752], [-118.2607, 35.7489], [-118.2545, 35.7522], [-118.2517, 35.7907], [-118.2372, 35.793], [-118.223, 35.8072], [-118.222, 35.8116], [-118.2249, 35.8251], [-118.2407, 35.8283], [-118.2461, 35.8366], [-118.2513, 35.8387], [-118.2507, 35.8517], [-118.151, 35.852], [-118.148, 35.849], [-118.148, 35.762], [-118.1451, 35.7549], [-118.138, 35.752], [-118.0487, 35.7513], [-118.0481, 35.6592], [-118.0728, 35.657], [-118.0793, 35.6483], [-118.0907, 35.6483], [-118.0928, 35.6918], [-118.102, 35.698], [-118.1218, 35.6972], [-118.1272, 35.6918], [-118.1283, 35.6793], [-118.1336, 35.672], [-118.1283, 35.6607], [-118.1283, 35.6493], [-118.1451, 35.6451], [-118.148, 35.638], [-118.1483, 35.6193], [-118.1536, 35.612], [-118.148, 35.599], [-118.148, 35.562], [-118.1418, 35.5528], [-118.0582, 35.5528], [-118.052, 35.562], [-118.0513, 35.6313], [-118.0349, 35.6349], [-118.0307, 35.6517], [-117.962, 35.652], [-117.9549, 35.6549], [-117.952, 35.662], [-117.952, 36.038], [-117.9582, 36.0472], [-118.019, 36.048], [-118.0272, 36.057], [-118.0517, 36.0593], [-118.052, 36.109], [-118.0464, 36.118], [-118.052, 36.131], [-118.052, 36.169], [-118.0464, 36.178], [-118.052, 36.191], [-118.0517, 36.2507], [-117.973, 36.251], [-117.9549, 36.2549], [-117.952, 36.262], [-117.9507, 36.3517], [-117.862, 36.352], [-117.8549, 36.3549], [-117.852, 36.362], [-117.8513, 36.4513], [-117.751, 36.452], [-117.748, 36.449], [-117.7483, 36.3493], [-117.838, 36.348], [-117.8451, 36.3451], [-117.848, 36.338], [-117.8483, 36.1493], [-117.938, 36.148], [-117.9451, 36.1451], [-117.948, 36.138], [-117.9472, 36.0582], [-117.938, 36.052], [-117.6493, 36.0517], [-117.648, 35.962], [-117.6451, 35.9549], [-117.638, 35.952], [-117.5483, 35.9507], [-117.548, 35.862], [-117.5451, 35.8549], [-117.538, 35.852], [-117.462, 35.852], [-117.4528, 35.8582], [-117.4528, 36.3418], [-117.462, 36.348], [-117.649, 36.348], [-117.652, 36.351], [-117.6517, 36.4507], [-117.562, 36.452], [-117.5549, 36.4549], [-117.552, 36.462], [-117.5528, 36.5418], [-117.562, 36.548], [-117.6513, 36.5487], [-117.652, 36.638], [-117.6582, 36.6472], [-117.8507, 36.6483], [-117.852, 36.738], [-117.8549, 36.7451], [-117.862, 36.748], [-117.949, 36.748], [-117.952, 36.751], [-117.9507, 36.9517], [-117.6493, 36.9517], [-117.648, 36.862], [-117.6451, 36.8549], [-117.638, 36.852], [-117.562, 36.852], [-117.5549, 36.8549], [-117.552, 36.862], [-117.5528, 37.1418], [-117.562, 37.148], [-117.638, 37.148], [-117.6451, 37.1451], [-117.648, 37.138], [-117.6493, 37.0483], [-117.8507, 37.0483], [-117.852, 37.138], [-117.8549, 37.1451], [-117.862, 37.148], [-117.9517, 37.1493], [-117.952, 37.349], [-117.949, 37.352], [-117.7487, 37.3513], [-117.748, 37.162], [-117.7451, 37.1549], [-117.738, 37.152], [-117.662, 37.152], [-117.6549, 37.1549], [-117.652, 37.162], [-117.6507, 37.2517], [-117.4493, 37.2517], [-117.4472, 37.0582], [-117.438, 37.052], [-117.3582, 37.0528], [-117.352, 37.062], [-117.3513, 37.1513], [-117.262, 37.152], [-117.2528, 37.1582], [-117.2513, 37.2513], [-117.162, 37.252], [-117.1528, 37.2582], [-117.152, 37.338], [-117.1549, 37.3451], [-117.162, 37.348], [-117.2517, 37.3493], [-117.2507, 37.5517], [-117.1487, 37.5513], [-117.148, 37.462], [-117.1451, 37.4549], [-117.138, 37.452], [-117.0487, 37.4513], [-117.0472, 37.3582], [-117.038, 37.352], [-116.9487, 37.3513], [-116.948, 37.262], [-116.9418, 37.2528], [-116.7493, 37.2517], [-116.748, 37.162], [-116.7418, 37.1528], [-116.5487, 37.1513], [-116.5472, 37.0582], [-116.538, 37.052], [-116.4487, 37.0513], [-116.448, 36.962], [-116.4418, 36.9528], [-116.1582, 36.9528], [-116.152, 36.962], [-116.1513, 37.0513], [-116.0493, 37.0517], [-116.048, 36.962], [-116.0451, 36.9549], [-116.038, 36.952], [-115.8493, 36.9517], [-115.848, 36.862], [-115.8451, 36.8549], [-115.838, 36.852], [-115.6493, 36.8517], [-115.648, 36.762], [-115.6451, 36.7549], [-115.638, 36.752], [-115.4582, 36.7528], [-115.452, 36.762], [-115.452, 36.849], [-115.449, 36.852], [-115.3493, 36.8517], [-115.348, 36.762], [-115.3451, 36.7549], [-115.338, 36.752], [-115.2582, 36.7528], [-115.252, 36.762], [-115.2513, 36.8513], [-115.1493, 36.8517], [-115.1483, 36.7593], [-115.161, 36.748], [-115.238, 36.748], [-115.2451, 36.7451], [-115.248, 36.738], [-115.2487, 36.6487], [-115.338, 36.648], [-115.3451, 36.6451], [-115.348, 36.638], [-115.3472, 36.4582], [-115.338, 36.452], [-115.2487, 36.4513], [-115.248, 36.362], [-115.2451, 36.3549], [-115.238, 36.352], [-115.162, 36.352], [-115.1549, 36.3549], [-115.152, 36.362], [-115.1507, 36.4517], [-115.062, 36.452], [-115.0528, 36.4582], [-115.0517, 36.9507], [-114.962, 36.952], [-114.9549, 36.9549], [-114.952, 36.962], [-114.9507, 37.0517], [-114.762, 37.052], [-114.7549, 37.0549], [-114.752, 37.062], [-114.7517, 37.1507], [-114.662, 37.152], [-114.6549, 37.1549], [-114.652, 37.162], [-114.6507, 37.2517], [-114.4582, 37.2528], [-114.452, 37.262], [-114.452, 37.349], [-114.449, 37.352], [-114.3493, 37.3517], [-114.348, 37.262], [-114.3451, 37.2549], [-114.338, 37.252], [-114.2582, 37.2528], [-114.252, 37.262], [-114.2507, 37.3417], [-114.231, 37.342], [-114.2207, 37.3389], [-114.2145, 37.3422], [-114.209, 37.352], [-114.093, 37.351], [-114.062, 37.352], [-114.0549, 37.3549], [-114.051, 37.373], [-114.052, 37.449], [-114.049, 37.452], [-114.0287, 37.4513], [-114.0272, 37.4382], [-114.0218, 37.4328], [-113.9893, 37.4317], [-113.9828, 37.423], [-113.9687, 37.4213], [-113.9666, 37.4161], [-113.9483, 37.4007], [-113.948, 37.362], [-113.9418, 37.3528], [-113.6493, 37.3517], [-113.648, 37.262], [-113.6451, 37.2549], [-113.638, 37.252], [-113.3582, 37.2528], [-113.352, 37.262], [-113.3517, 37.2907], [-113.3434, 37.2961], [-113.3364, 37.308], [-113.342, 37.321], [-113.3413, 37.3513], [-113.2493, 37.3517], [-113.248, 37.262], [-113.2418, 37.2528], [-112.9493, 37.2517], [-112.948, 37.151], [-112.951, 37.148], [-113.038, 37.148], [-113.0472, 37.1418], [-113.0483, 37.1093], [-113.0618, 37.1072], [-113.068, 37.098], [-113.067, 37.0872], [-113.048, 37.069], [-113.0483, 36.9493], [-113.138, 36.948], [-113.1451, 36.9451], [-113.148, 36.938], [-113.1487, 36.8487], [-113.338, 36.848], [-113.3451, 36.8451], [-113.348, 36.838], [-113.3487, 36.6487], [-113.4517, 36.6493], [-113.452, 36.838], [-113.4549, 36.8451], [-113.462, 36.848], [-113.6418, 36.8472], [-113.6472, 36.8418], [-113.6483, 36.8293], [-113.657, 36.8228], [-113.658, 36.791], [-113.6636, 36.782], [-113.6566, 36.7661], [-113.6483, 36.7607], [-113.6483, 36.7493], [-113.679, 36.748], [-113.6817, 36.7493], [-113.6819, 36.7633], [-113.6862, 36.7697], [-113.6937, 36.7712], [-113.709, 36.768], [-113.712, 36.771], [-113.7117, 36.8107], [-113.693, 36.8272], [-113.693, 36.8528], [-113.7072, 36.867], [-113.7307, 36.8683], [-113.7337, 36.8741], [-113.7416, 36.878], [-113.7618, 36.8772], [-113.7672, 36.8718], [-113.7683, 36.8593], [-113.7739, 36.8566], [-113.7793, 36.8483], [-113.819, 36.848], [-113.8297, 36.8581], [-113.8441, 36.8563], [-113.848, 36.8484], [-113.8487, 36.8287], [-113.8539, 36.8266], [-113.8921, 36.7856], [-113.8936, 36.778], [-113.8883, 36.7707], [-113.8887, 36.7587], [-113.8939, 36.7566], [-113.8993, 36.7483], [-113.938, 36.748], [-113.9472, 36.7418], [-113.948, 36.662], [-113.9418, 36.6528], [-113.8582, 36.6528], [-113.852, 36.662], [-113.8517, 36.7007], [-113.8382, 36.7028], [-113.8328, 36.7082], [-113.8313, 36.7413], [-113.8193, 36.7417], [-113.8151, 36.7249], [-113.8016, 36.722], [-113.7937, 36.7259], [-113.7807, 36.7417], [-113.751, 36.742], [-113.748, 36.739], [-113.748, 36.662], [-113.7451, 36.6549], [-113.738, 36.652], [-113.651, 36.652], [-113.648, 36.649], [-113.6487, 36.5487], [-113.738, 36.548], [-113.7451, 36.5451], [-113.748, 36.538], [-113.7472, 36.3582], [-113.7418, 36.3528], [-113.7193, 36.3517], [-113.712, 36.3464], [-113.699, 36.352], [-113.6487, 36.3513], [-113.6483, 36.2493], [-113.6707, 36.2483], [-113.6749, 36.2651], [-113.682, 36.268], [-113.698, 36.268], [-113.7072, 36.2618], [-113.7093, 36.2483], [-113.738, 36.248], [-113.7451, 36.2451], [-113.748, 36.238], [-113.748, 36.171], [-113.7588, 36.1645], [-113.7611, 36.1564], [-113.7563, 36.1459], [-113.7387, 36.1413], [-113.7339, 36.1334], [-113.7281, 36.1308], [-113.7255, 36.1222], [-113.7193, 36.1189], [-113.7107, 36.1217], [-113.7064, 36.128], [-113.7119, 36.1392], [-113.7107, 36.1517], [-113.6487, 36.1513], [-113.6483, 36.0493], [-113.8418, 36.0472], [-113.848, 36.038], [-113.8487, 35.9487], [-113.9418, 35.9472], [-113.948, 35.938], [-113.9487, 35.8487], [-113.999, 35.848], [-114.0072, 35.857], [-114.0184, 35.858], [-114.0263, 35.8541], [-114.0293, 35.8483], [-114.0451, 35.8451], [-114.048, 35.838], [-114.048, 35.762], [-114.0451, 35.7549], [-114.038, 35.752], [-113.951, 35.752], [-113.948, 35.749], [-113.9487, 35.6487], [-114.038, 35.648], [-114.0472, 35.6418], [-114.0472, 35.4582], [-114.038, 35.452], [-113.9487, 35.4513], [-113.948, 35.362], [-113.9418, 35.3528], [-113.851, 35.352], [-113.848, 35.349], [-113.8481, 35.1592], [-113.8628, 35.157], [-113.871, 35.148], [-113.927, 35.149], [-113.9418, 35.1472], [-113.9472, 35.1418], [-113.948, 35.091], [-113.9536, 35.082], [-113.948, 35.069], [-113.948, 35.001], [-113.9493, 34.9983], [-113.9618, 34.9972], [-113.968, 34.988], [-113.967, 34.9772], [-113.9583, 34.9707], [-113.957, 34.9572], [-113.948, 34.949], [-113.9472, 34.8582], [-113.938, 34.852], [-113.8793, 34.8517], [-113.8739, 34.8434], [-113.8637, 34.8388], [-113.8534, 34.8431], [-113.851, 34.883], [-113.852, 35.059], [-113.843, 35.0672], [-113.841, 35.083], [-113.8434, 35.0939], [-113.8517, 35.0993], [-113.8517, 35.1307], [-113.8349, 35.1349], [-113.8307, 35.1517], [-113.7493, 35.1517], [-113.748, 35.062], [-113.7451, 35.0549], [-113.738, 35.052], [-113.6483, 35.0507], [-113.6472, 34.8582], [-113.638, 34.852], [-113.5483, 34.8507], [-113.548, 34.662], [-113.5418, 34.6528], [-113.462, 34.652], [-113.4549, 34.6549], [-113.452, 34.662], [-113.4507, 34.7517], [-113.362, 34.752], [-113.3528, 34.7582], [-113.352, 34.838], [-113.3549, 34.8451], [-113.362, 34.848], [-113.4517, 34.8493], [-113.452, 34.949], [-113.449, 34.952], [-113.3493, 34.9517], [-113.348, 34.862], [-113.3451, 34.8549], [-113.338, 34.852], [-113.2487, 34.8513], [-113.2472, 34.7582], [-113.238, 34.752], [-113.1487, 34.7513], [-113.148, 34.662], [-113.1418, 34.6528], [-112.851, 34.652], [-112.8428, 34.643], [-112.8287, 34.6413], [-112.8282, 34.62], [-112.8228, 34.613], [-112.8184, 34.612], [-112.7988, 34.612], [-112.7912, 34.6155], [-112.7889, 34.6236], [-112.792, 34.631], [-112.7907, 34.6517], [-112.7487, 34.6513], [-112.748, 34.581], [-112.7493, 34.5783], [-112.7618, 34.5772], [-112.7672, 34.5718], [-112.768, 34.562], [-112.7651, 34.5549], [-112.758, 34.552], [-112.6493, 34.5517], [-112.6472, 34.4582], [-112.638, 34.452], [-112.5793, 34.4517], [-112.5628, 34.433], [-112.5487, 34.4313], [-112.548, 34.362], [-112.5451, 34.3549], [-112.538, 34.352], [-112.4487, 34.3513], [-112.4472, 34.1582], [-112.4418, 34.1528], [-112.4193, 34.1517], [-112.4151, 34.1349], [-112.3993, 34.1317], [-112.3928, 34.123], [-112.382, 34.122], [-112.3749, 34.1249], [-112.3713, 34.1513], [-112.353, 34.151], [-112.343, 34.1572], [-112.3417, 34.1807], [-112.3359, 34.1837], [-112.332, 34.1916], [-112.332, 34.228], [-112.3382, 34.2372], [-112.3513, 34.2387], [-112.352, 34.249], [-112.349, 34.252], [-111.951, 34.252], [-111.948, 34.249], [-111.948, 34.162], [-111.9418, 34.1528], [-111.7487, 34.1513], [-111.748, 34.062], [-111.7451, 34.0549], [-111.738, 34.052], [-111.6487, 34.0513], [-111.6472, 33.9582], [-111.638, 33.952], [-111.5487, 33.9513], [-111.548, 33.862], [-111.5451, 33.8549], [-111.538, 33.852], [-111.4487, 33.8513], [-111.448, 33.762], [-111.4451, 33.7549], [-111.438, 33.752], [-111.2493, 33.7517], [-111.248, 33.662], [-111.2418, 33.6528], [-111.0493, 33.6517], [-111.0472, 33.5582], [-111.038, 33.552], [-110.9487, 33.5513], [-110.948, 33.462], [-110.9418, 33.4528], [-110.7493, 33.4517], [-110.7472, 33.3582], [-110.738, 33.352], [-110.6487, 33.3513], [-110.648, 33.262], [-110.6418, 33.2528], [-110.4487, 33.2513], [-110.4483, 33.2093], [-110.4628, 33.207], [-110.4711, 33.1936], [-110.4654, 33.1829], [-110.4487, 33.1813], [-110.4451, 33.1549], [-110.438, 33.152], [-110.3483, 33.1507], [-110.348, 33.031], [-110.3536, 33.018], [-110.348, 33.009], [-110.3472, 32.8582], [-110.338, 32.852], [-110.2487, 32.8513], [-110.248, 32.762], [-110.2451, 32.7549], [-110.238, 32.752], [-110.162, 32.752], [-110.1549, 32.7549], [-110.152, 32.762], [-110.1507, 32.8517], [-110.0487, 32.8513], [-110.0483, 32.7793], [-110.0728, 32.777], [-110.0787, 32.7687], [-110.0888, 32.7645], [-110.0911, 32.7564], [-110.0866, 32.7461], [-110.0783, 32.7407], [-110.0741, 32.7237], [-110.0628, 32.713], [-110.0483, 32.7107], [-110.0483, 32.5493], [-110.138, 32.548], [-110.1451, 32.5451], [-110.148, 32.538], [-110.1493, 32.4483], [-110.2319, 32.4492], [-110.232, 32.489], [-110.2292, 32.5007], [-110.2346, 32.5071], [-110.2413, 32.5087], [-110.243, 32.5228], [-110.252, 32.531], [-110.252, 32.579], [-110.2464, 32.592], [-110.252, 32.601], [-110.2528, 32.6418], [-110.262, 32.648], [-110.3384, 32.648], [-110.3463, 32.6441], [-110.3493, 32.6383], [-110.3619, 32.6392], [-110.3617, 32.6507], [-110.3559, 32.6537], [-110.352, 32.6616], [-110.352, 32.738], [-110.3549, 32.7451], [-110.3707, 32.7483], [-110.3737, 32.7541], [-110.3816, 32.758], [-110.3928, 32.757], [-110.3993, 32.7483], [-110.4107, 32.7483], [-110.422, 32.7536], [-110.4293, 32.7483], [-110.4451, 32.7451], [-110.448, 32.738], [-110.448, 32.662], [-110.4451, 32.6549], [-110.438, 32.652], [-110.3887, 32.6513], [-110.387, 32.6372], [-110.3781, 32.6308], [-110.3772, 32.6082], [-110.3718, 32.6028], [-110.3583, 32.6007], [-110.3583, 32.5893], [-110.367, 32.5828], [-110.368, 32.562], [-110.3618, 32.5528], [-110.3483, 32.5507], [-110.348, 32.462], [-110.3451, 32.4549], [-110.338, 32.452], [-110.261, 32.452], [-110.2481, 32.4408], [-110.248, 32.362], [-110.2418, 32.3528], [-110.1487, 32.3513], [-110.148, 32.262], [-110.1451, 32.2549], [-110.138, 32.252], [-109.9487, 32.2513], [-109.9483, 32.1493], [-110.138, 32.148], [-110.1451, 32.1451], [-110.148, 32.138], [-110.1487, 32.0487], [-110.238, 32.048], [-110.2451, 32.0451], [-110.248, 32.038], [-110.2487, 31.9487], [-110.338, 31.948], [-110.3472, 31.9418], [-110.3487, 31.8487], [-110.399, 31.848], [-110.4017, 31.8493], [-110.4028, 31.8618], [-110.4082, 31.8672], [-110.428, 31.868], [-110.4351, 31.8651], [-110.4383, 31.8493], [-110.4466, 31.8439], [-110.449, 31.837], [-110.448, 31.791], [-110.4536, 31.782], [-110.448, 31.769], [-110.4493, 31.7483], [-110.6507, 31.7483], [-110.652, 31.838], [-110.6549, 31.8451], [-110.662, 31.848], [-110.7418, 31.8472], [-110.748, 31.838], [-110.7493, 31.7483], [-110.7807, 31.7483], [-110.7861, 31.7566], [-110.797, 31.759], [-110.8128, 31.757], [-110.821, 31.748], [-110.938, 31.748], [-110.9451, 31.7451], [-110.948, 31.738], [-110.9493, 31.6483], [-111.3418, 31.6472], [-111.348, 31.638], [-111.3487, 31.5487], [-111.438, 31.548], [-111.4451, 31.5451], [-111.448, 31.538], [-111.4483, 31.4493], [-111.4807, 31.4483], [-111.4872, 31.457], [-111.5107, 31.4583], [-111.5137, 31.4641], [-111.5216, 31.468], [-111.5407, 31.4683], [-111.5461, 31.4766], [-111.5513, 31.4787], [-111.552, 31.538], [-111.5582, 31.5472], [-111.7513, 31.5487], [-111.752, 31.638], [-111.7549, 31.6451], [-111.762, 31.648], [-111.8513, 31.6487], [-111.8528, 31.7418], [-111.862, 31.748], [-111.9513, 31.7487], [-111.952, 31.838], [-111.9549, 31.8451], [-111.962, 31.848], [-112.0513, 31.8487], [-112.052, 31.938], [-112.0582, 31.9472], [-112.1513, 31.9487], [-112.152, 32.338], [-112.1582, 32.3472], [-112.238, 32.348], [-112.2451, 32.3451], [-112.248, 32.338], [-112.2483, 31.7493], [-112.338, 31.748], [-112.3472, 31.7418], [-112.3493, 31.7283], [-112.369, 31.728], [-112.3772, 31.737], [-112.4007, 31.7383], [-112.4072, 31.747], [-112.4307, 31.7483], [-112.4372, 31.757], [-112.4707, 31.7583], [-112.4772, 31.767], [-112.5007, 31.7683], [-112.5037, 31.7741], [-112.5116, 31.778], [-112.5307, 31.7783], [-112.5372, 31.787], [-112.5607, 31.7883], [-112.5672, 31.797], [-112.6007, 31.7983], [-112.6072, 31.807], [-112.6307, 31.8083], [-112.6372, 31.817], [-112.6607, 31.8183], [-112.6637, 31.8241], [-112.6716, 31.828], [-112.6907, 31.8283], [-112.6972, 31.837], [-112.7207, 31.8383], [-112.7272, 31.847], [-112.7607, 31.8483], [-112.7672, 31.857], [-112.7907, 31.8583], [-112.7937, 31.8641], [-112.8016, 31.868], [-112.8207, 31.8683], [-112.8272, 31.877], [-112.8607, 31.8783], [-112.8672, 31.887], [-112.8907, 31.8883], [-112.8972, 31.897], [-112.9207, 31.8983], [-112.9272, 31.907], [-112.9507, 31.9083], [-112.9572, 31.917], [-112.9907, 31.9183], [-112.9972, 31.927], [-113.0207, 31.9283], [-113.0272, 31.937], [-113.0507, 31.9383], [-113.0537, 31.9441], [-113.0616, 31.948], [-113.0907, 31.9483], [-113.0972, 31.957], [-113.1207, 31.9583], [-113.1237, 31.9641], [-113.1316, 31.968], [-113.1507, 31.9683], [-113.1572, 31.977], [-113.1907, 31.9783], [-113.1972, 31.987], [-113.2207, 31.9883], [-113.2237, 31.9941], [-113.2316, 31.998], [-113.2507, 31.9983], [-113.2572, 32.007], [-113.2807, 32.0083], [-113.2872, 32.017], [-113.3107, 32.0183], [-113.3137, 32.0241], [-113.3216, 32.028], [-113.3407, 32.0283], [-113.3472, 32.037], [-113.3807, 32.0383], [-113.3872, 32.047], [-113.4107, 32.0483], [-113.4137, 32.0541], [-113.4216, 32.058], [-113.4407, 32.0583], [-113.4472, 32.067], [-113.4707, 32.0683], [-113.4772, 32.077], [-113.5007, 32.0783], [-113.5037, 32.0841], [-113.5116, 32.088], [-113.5307, 32.0883], [-113.5372, 32.097], [-113.5707, 32.0983], [-113.5772, 32.107], [-113.6007, 32.1083], [-113.6072, 32.117], [-113.6307, 32.1183], [-113.6337, 32.1241], [-113.6416, 32.128], [-113.6607, 32.1283], [-113.6672, 32.137], [-113.6907, 32.1383], [-113.6972, 32.147], [-113.7307, 32.1483], [-113.7372, 32.157], [-113.7607, 32.1583], [-113.7637, 32.1641], [-113.7716, 32.168], [-113.7907, 32.1683], [-113.7972, 32.177], [-113.8207, 32.1783], [-113.8272, 32.187], [-113.8607, 32.1883], [-113.8672, 32.197], [-113.8907, 32.1983], [-113.8972, 32.207], [-113.9207, 32.2083], [-113.9272, 32.217], [-113.9507, 32.2183], [-113.9572, 32.227], [-113.9807, 32.2283], [-113.9872, 32.237], [-114.0207, 32.2383], [-114.0272, 32.247], [-114.0507, 32.2483], [-114.0572, 32.257], [-114.0807, 32.2583], [-114.0872, 32.267], [-114.1107, 32.2683], [-114.1172, 32.277], [-114.1507, 32.2783], [-114.1572, 32.287], [-114.1807, 32.2883], [-114.1872, 32.297], [-114.2107, 32.2983], [-114.2137, 32.3041], [-114.2216, 32.308], [-114.2407, 32.3083], [-114.2472, 32.317], [-114.2807, 32.3183], [-114.2872, 32.327], [-114.3107, 32.3283], [-114.3172, 32.337], [-114.3407, 32.3383], [-114.3472, 32.347], [-114.3807, 32.3483], [-114.3872, 32.357], [-114.4107, 32.3583], [-114.4172, 32.367], [-114.4407, 32.3683], [-114.4437, 32.3741], [-114.4516, 32.378], [-114.4707, 32.3783], [-114.4772, 32.387], [-114.5107, 32.3883], [-114.5172, 32.397], [-114.5407, 32.3983], [-114.5472, 32.407], [-114.5707, 32.4083], [-114.5772, 32.417], [-114.6107, 32.4183], [-114.6172, 32.427], [-114.6407, 32.4283], [-114.6437, 32.4341], [-114.6516, 32.438], [-114.6707, 32.4383], [-114.6772, 32.447], [-114.7007, 32.4483], [-114.7072, 32.457], [-114.7307, 32.4583], [-114.7372, 32.467], [-114.7713, 32.4687], [-114.7713, 32.4813], [-114.7582, 32.4828], [-114.7528, 32.4882], [-114.7513, 32.5213], [-114.7249, 32.5249], [-114.7213, 32.5413], [-114.7072, 32.543], [-114.683, 32.5672], [-114.6817, 32.6007], [-114.6661, 32.6134], [-114.6607, 32.6217], [-114.6449, 32.6249], [-114.6413, 32.6513], [-114.6283, 32.6507], [-114.628, 32.621], [-114.657, 32.5928], [-114.657, 32.5772], [-114.6483, 32.5707], [-114.648, 32.561], [-114.6566, 32.5539], [-114.6636, 32.538], [-114.6528, 32.523], [-114.6293, 32.5217], [-114.6263, 32.5159], [-114.6184, 32.512], [-114.6046, 32.5129], [-114.5992, 32.5193], [-114.6017, 32.5407], [-114.5849, 32.5449], [-114.5813, 32.5613], [-114.563, 32.5772], [-114.5617, 32.5907], [-114.5564, 32.598], [-114.5617, 32.6093], [-114.5613, 32.6213], [-114.5472, 32.623], [-114.5313, 32.6413], [-114.5137, 32.6459], [-114.511, 32.653], [-114.5113, 32.6913], [-114.4993, 32.6917], [-114.488, 32.6864], [-114.4807, 32.6917], [-114.4572, 32.693], [-114.433, 32.7172], [-114.4328, 32.7318], [-114.442, 32.738], [-114.4718, 32.7372], [-114.4772, 32.7318], [-114.4787, 32.7187], [-114.4913, 32.7187], [-114.4919, 32.7403], [-114.502, 32.751], [-114.5028, 32.8018], [-114.5082, 32.8072], [-114.5207, 32.8083], [-114.5272, 32.817], [-114.5584, 32.818], [-114.5663, 32.8141], [-114.5693, 32.8083], [-114.6018, 32.8072], [-114.6072, 32.8018], [-114.6083, 32.7893], [-114.6139, 32.7866], [-114.6193, 32.7783], [-114.6328, 32.777], [-114.6393, 32.7683], [-114.6628, 32.767], [-114.677, 32.7528], [-114.6787, 32.7387], [-114.7039, 32.7366], [-114.717, 32.7228], [-114.7187, 32.7087], [-114.7388, 32.7045], [-114.7411, 32.6964], [-114.738, 32.689], [-114.7383, 32.6693], [-114.7546, 32.6654], [-114.7492, 32.7007], [-114.7588, 32.708], [-114.8284, 32.708], [-114.841, 32.698], [-114.9684, 32.698], [-114.981, 32.688], [-115.1184, 32.688], [-115.131, 32.678], [-115.2584, 32.678], [-115.271, 32.668], [-115.3307, 32.6683], [-115.3317, 32.6807], [-115.3234, 32.6861], [-115.3213, 32.6913], [-115.2972, 32.693], [-115.2907, 32.7017], [-115.2772, 32.703], [-115.2664, 32.718], [-115.272, 32.731], [-115.273, 32.7628], [-115.282, 32.771], [-115.282, 32.8184], [-115.292, 32.831], [-115.292, 32.9484], [-115.2959, 32.9563], [-115.3017, 32.9593], [-115.303, 32.9728], [-115.3213, 32.9887], [-115.323, 33.0028], [-115.3317, 33.0093], [-115.333, 33.0328], [-115.3417, 33.0393], [-115.343, 33.0628], [-115.3517, 33.0693], [-115.353, 33.0928], [-115.3617, 33.0993], [-115.363, 33.1128], [-115.3717, 33.1193], [-115.3728, 33.1318], [-115.3782, 33.1372], [-115.3913, 33.1387], [-115.393, 33.1528], [-115.4061, 33.1666], [-115.4113, 33.1687], [-115.4172, 33.177], [-115.4313, 33.1787], [-115.4361, 33.1866], [-115.4513, 33.1987], [-115.4549, 33.2151], [-115.4707, 33.2183], [-115.4772, 33.227], [-115.5007, 33.2283], [-115.508, 33.2336], [-115.5193, 33.2283], [-115.5307, 33.2283], [-115.532, 33.249], [-115.5264, 33.262], [-115.5334, 33.2739], [-115.5413, 33.2787], [-115.5461, 33.2866], [-115.5593, 33.2911], [-115.5655, 33.2878], [-115.5693, 33.2783], [-115.5846, 33.2754], [-115.581, 33.293], [-115.5837, 33.3041], [-115.5916, 33.308], [-115.6054, 33.3071], [-115.6108, 33.3007], [-115.6072, 33.2782], [-115.598, 33.272], [-115.5854, 33.2746], [-115.5883, 33.2593], [-115.5941, 33.2563], [-115.598, 33.2484], [-115.5972, 33.2182], [-115.5918, 33.2128], [-115.5739, 33.2091], [-115.5787, 33.1987], [-115.5928, 33.197], [-115.6093, 33.1783], [-115.6346, 33.1754], [-115.632, 33.182], [-115.6317, 33.2207], [-115.6149, 33.2249], [-115.612, 33.232], [-115.612, 33.2484], [-115.6159, 33.2563], [-115.6217, 33.2593], [-115.623, 33.2828], [-115.6317, 33.2893], [-115.6359, 33.3063], [-115.6413, 33.3087], [-115.6572, 33.327], [-115.6707, 33.3283], [-115.6772, 33.337], [-115.7007, 33.3383], [-115.7037, 33.3441], [-115.7116, 33.348], [-115.7607, 33.3483], [-115.7672, 33.357], [-115.7813, 33.3587], [-115.7861, 33.3666], [-115.7913, 33.3687], [-115.8161, 33.3966], [-115.8413, 33.4187], [-115.8449, 33.4351], [-115.8613, 33.4387], [-115.8634, 33.4439], [-115.8713, 33.4487], [-115.8734, 33.4539], [-115.8813, 33.4587], [-115.8834, 33.4639], [-115.8913, 33.4687], [-115.8934, 33.4739], [-115.9013, 33.4787], [-115.9034, 33.4839], [-115.9113, 33.4887], [-115.9372, 33.517], [-115.9507, 33.5183], [-115.9672, 33.537], [-115.9913, 33.5387], [-115.9949, 33.5651], [-116.0113, 33.5687], [-116.0128, 33.5818], [-116.0182, 33.5872], [-116.0407, 33.5883], [-116.0561, 33.6066], [-116.0688, 33.6112], [-116.0734, 33.6239], [-116.0813, 33.6287], [-116.0837, 33.6341], [-116.1007, 33.6383], [-116.1061, 33.6466], [-116.1113, 33.6487], [-116.1159, 33.6663], [-116.1293, 33.6711], [-116.1374, 33.6647], [-116.1436, 33.652], [-116.1383, 33.6407], [-116.1383, 33.6293], [-116.147, 33.6228], [-116.1487, 33.6087], [-116.1713, 33.6087], [-116.1734, 33.6139], [-116.1817, 33.6193], [-116.183, 33.6328], [-116.2017, 33.6493], [-116.2017, 33.6607], [-116.1793, 33.6617], [-116.1755, 33.6522], [-116.1657, 33.6491], [-116.153, 33.6572], [-116.1508, 33.6719], [-116.1349, 33.6749], [-116.132, 33.6884], [-116.1359, 33.6963], [-116.143, 33.699], [-116.1539, 33.6966], [-116.1592, 33.6881], [-116.1813, 33.6887], [-116.1834, 33.6939], [-116.1917, 33.6993], [-116.1917, 33.7107], [-116.1864, 33.722], [-116.1917, 33.7293], [-116.1949, 33.7451], [-116.2107, 33.7483], [-116.2172, 33.757], [-116.228, 33.758], [-116.2372, 33.7518], [-116.2387, 33.7387], [-116.2507, 33.7383], [-116.2549, 33.7551], [-116.2713, 33.7587], [-116.273, 33.7728], [-116.2857, 33.7809], [-116.2955, 33.7778], [-116.2987, 33.7687], [-116.311, 33.758], [-116.3207, 33.7583], [-116.3361, 33.7766], [-116.3457, 33.7809], [-116.3555, 33.7778], [-116.3593, 33.7683], [-116.3707, 33.7683], [-116.378, 33.7736], [-116.3893, 33.7683], [-116.4007, 33.7683], [-116.402, 33.779], [-116.3991, 33.786], [-116.3837, 33.7788], [-116.3734, 33.7831], [-116.372, 33.7984], [-116.3759, 33.8063], [-116.3857, 33.8109], [-116.3927, 33.81], [-116.4009, 33.794], [-116.4113, 33.7987], [-116.4172, 33.807], [-116.4284, 33.808], [-116.4491, 33.794], [-116.452, 33.801], [-116.4492, 33.8207], [-116.4546, 33.8271], [-116.4617, 33.8293], [-116.4649, 33.8451], [-116.4784, 33.848], [-116.4863, 33.8441], [-116.4893, 33.8383], [-116.5007, 33.8383], [-116.5172, 33.857], [-116.5307, 33.8583], [-116.5337, 33.8641], [-116.5416, 33.868], [-116.5518, 33.8672], [-116.558, 33.858], [-116.557, 33.8372], [-116.548, 33.829], [-116.548, 33.7988], [-116.5455, 33.7922], [-116.5393, 33.7889], [-116.529, 33.792], [-116.481, 33.792], [-116.4739, 33.7834], [-116.467, 33.781], [-116.4509, 33.786], [-116.4441, 33.7637], [-116.4328, 33.753], [-116.4187, 33.7513], [-116.4151, 33.7349], [-116.3983, 33.7307], [-116.398, 33.702], [-116.3918, 33.6928], [-116.382, 33.692], [-116.3749, 33.6949], [-116.3707, 33.7117], [-116.3087, 33.7113], [-116.3083, 33.6893], [-116.3141, 33.6863], [-116.318, 33.6784], [-116.3155, 33.6622], [-116.3057, 33.6591], [-116.2961, 33.6634], [-116.2907, 33.6717], [-116.2787, 33.6713], [-116.278, 33.642], [-116.2751, 33.6349], [-116.2487, 33.6313], [-116.2451, 33.6049], [-116.2287, 33.6013], [-116.227, 33.5872], [-116.2028, 33.563], [-116.1881, 33.5608], [-116.187, 33.5472], [-116.1583, 33.5207], [-116.1611, 33.5036], [-116.1588, 33.4955], [-116.1487, 33.4913], [-116.1328, 33.473], [-116.1098, 33.4688], [-116.1034, 33.4731], [-116.1019, 33.5103], [-116.1161, 33.5266], [-116.1213, 33.5287], [-116.123, 33.5428], [-116.1337, 33.5541], [-116.1507, 33.5583], [-116.1572, 33.567], [-116.1719, 33.5692], [-116.1717, 33.5807], [-116.131, 33.582], [-116.118, 33.5764], [-116.103, 33.5872], [-116.1007, 33.6017], [-116.0781, 33.6019], [-116.077, 33.5772], [-116.0487, 33.5513], [-116.047, 33.5272], [-116.0383, 33.5207], [-116.0383, 33.5093], [-116.047, 33.5028], [-116.0483, 33.4893], [-116.0588, 33.4845], [-116.0611, 33.4764], [-116.0566, 33.4661], [-116.0483, 33.4607], [-116.0508, 33.4393], [-116.0454, 33.4329], [-116.0383, 33.4307], [-116.038, 33.4116], [-116.0341, 33.4037], [-116.0228, 33.393], [-116.0087, 33.3913], [-115.9928, 33.373], [-115.9793, 33.3717], [-115.9728, 33.363], [-115.9587, 33.3613], [-115.9339, 33.3334], [-115.9287, 33.3313], [-115.9272, 33.3182], [-115.9218, 33.3128], [-115.8993, 33.3117], [-115.8928, 33.303], [-115.8787, 33.3013], [-115.8766, 33.2961], [-115.8683, 33.2907], [-115.867, 33.2772], [-115.8583, 33.2707], [-115.857, 33.2472], [-115.8483, 33.2407], [-115.847, 33.2272], [-115.8383, 33.2207], [-115.837, 33.2072], [-115.8283, 33.2007], [-115.8251, 33.1849], [-115.7987, 33.1813], [-115.7966, 33.1761], [-115.7887, 33.1713], [-115.7866, 33.1661], [-115.7787, 33.1613], [-115.7766, 33.1561], [-115.7687, 33.1513], [-115.7428, 33.123], [-115.732, 33.122], [-115.7249, 33.1249], [-115.7207, 33.1417], [-115.6687, 33.1413], [-115.6683, 33.1193], [-115.687, 33.1028], [-115.6887, 33.0887], [-115.6939, 33.0866], [-115.6993, 33.0783], [-115.7133, 33.0781], [-115.7197, 33.0738], [-115.718, 33.0416], [-115.717, 33.0372], [-115.7028, 33.023], [-115.6893, 33.0217], [-115.6839, 33.0134], [-115.6783, 33.0107], [-115.679, 32.983], [-115.6766, 32.9761], [-115.6583, 32.9607], [-115.657, 32.9272], [-115.6387, 32.9113], [-115.6351, 32.8949], [-115.6187, 32.8913], [-115.6183, 32.8793], [-115.6507, 32.8783], [-115.6672, 32.897], [-115.6884, 32.898], [-115.6963, 32.8941], [-115.7093, 32.8783], [-115.7228, 32.877], [-115.7336, 32.862], [-115.7283, 32.8507], [-115.7281, 32.8392], [-115.7463, 32.8341], [-115.749, 32.827], [-115.7483, 32.8093], [-115.757, 32.8028], [-115.7587, 32.7887], [-115.767, 32.7828], [-115.767, 32.7672], [-115.7583, 32.7607], [-115.7572, 32.7482], [-115.7518, 32.7428], [-115.7087, 32.7413], [-115.7066, 32.7361], [-115.6983, 32.7307], [-115.697, 32.7072], [-115.6887, 32.7013], [-115.6827, 32.69], [-115.6572, 32.693], [-115.6507, 32.7017], [-115.6393, 32.7017], [-115.6327, 32.69], [-115.6087, 32.6913], [-115.6051, 32.6749], [-115.5893, 32.6717], [-115.5828, 32.663], [-115.551, 32.662], [-115.5439, 32.6591], [-115.551, 32.648], [-115.639, 32.648], [-115.6417, 32.6493], [-115.6459, 32.6663], [-115.657, 32.669], [-115.667, 32.6628], [-115.6683, 32.6493], [-115.681, 32.638], [-115.7984, 32.638], [-115.811, 32.628], [-115.9284, 32.628], [-115.941, 32.618], [-116.0584, 32.618], [-116.071, 32.608], [-116.1884, 32.608], [-116.201, 32.598], [-116.3184, 32.598], [-116.331, 32.588], [-116.4384, 32.588], [-116.451, 32.578], [-116.5584, 32.578], [-116.571, 32.568], [-116.6784, 32.568], [-116.691, 32.558], [-116.7984, 32.558], [-116.811, 32.548], [-116.899, 32.548], [-116.9113, 32.5587], [-116.9145, 32.5678], [-116.9207, 32.5711], [-116.931, 32.568], [-116.969, 32.568], [-116.9802, 32.5712], [-116.9881, 32.5633], [-116.9893, 32.5383], [-117.0307, 32.5383], [-117.0361, 32.5466], [-117.0417, 32.5493], [-117.0417, 32.5707], [-117.0282, 32.5728], [-117.0228, 32.5782], [-117.0217, 32.5907], [-117.013, 32.5972], [-117.0113, 32.6213], [-116.9993, 32.6217], [-116.9928, 32.613], [-116.973, 32.611], [-116.9661, 32.6134], [-116.9613, 32.6213], [-116.943, 32.6372], [-116.942, 32.658], [-116.9449, 32.6651], [-116.952, 32.668], [-116.9684, 32.668], [-116.9763, 32.6641], [-116.9793, 32.6583], [-117.0007, 32.6583], [-117.003, 32.6728], [-117.0117, 32.6793], [-117.012, 32.689], [-117.009, 32.692], [-116.9882, 32.6928], [-116.9828, 32.6982], [-116.982, 32.708], [-116.9849, 32.7151], [-117.0017, 32.7193], [-117.0007, 32.7317], [-116.9673, 32.73], [-116.9613, 32.7413], [-116.949, 32.752], [-116.9393, 32.7517], [-116.9363, 32.7459], [-116.9284, 32.742], [-116.9167, 32.7419], [-116.9103, 32.7462], [-116.9088, 32.7537], [-116.912, 32.769], [-116.9019, 32.7797], [-116.902, 32.7984], [-116.9059, 32.8063], [-116.9117, 32.8093], [-116.913, 32.8328], [-116.9261, 32.8409], [-116.9213, 32.8513], [-116.913, 32.8572], [-116.913, 32.8728], [-116.9272, 32.887], [-116.9418, 32.8872], [-116.9472, 32.8818], [-116.9508, 32.8493], [-116.9454, 32.8429], [-116.9339, 32.8391], [-116.9374, 32.8347], [-116.9393, 32.8183], [-116.9507, 32.8183], [-116.9561, 32.8266], [-116.9613, 32.8287], [-116.9617, 32.8407], [-116.9564, 32.852], [-116.9644, 32.8621], [-116.972, 32.8636], [-116.9793, 32.8583], [-116.9984, 32.858], [-117.0063, 32.8541], [-117.0108, 32.8393], [-117.0054, 32.8329], [-116.9983, 32.8307], [-116.9983, 32.8193], [-117.0128, 32.817], [-117.0287, 32.7987], [-117.039, 32.798], [-117.0497, 32.8081], [-117.0819, 32.8092], [-117.0828, 32.8318], [-117.0882, 32.8372], [-117.1028, 32.837], [-117.1093, 32.8283], [-117.119, 32.828], [-117.1316, 32.838], [-117.1707, 32.8383], [-117.1872, 32.857], [-117.2017, 32.8593], [-117.202, 32.888], [-117.2049, 32.8951], [-117.212, 32.898], [-117.2407, 32.8983], [-117.252, 32.911], [-117.2507, 32.9217], [-117.2298, 32.9188], [-117.2234, 32.9231], [-117.2189, 32.9464], [-117.2246, 32.9571], [-117.2513, 32.9587], [-117.252, 32.969], [-117.249, 32.972], [-117.201, 32.972], [-117.1884, 32.962], [-117.1481, 32.9619], [-117.148, 32.941], [-117.157, 32.9328], [-117.1583, 32.9093], [-117.1854, 32.9071], [-117.1911, 32.8964], [-117.1828, 32.883], [-117.1593, 32.8817], [-117.1527, 32.87], [-117.1272, 32.873], [-117.113, 32.8872], [-117.1117, 32.9007], [-117.1059, 32.9037], [-117.102, 32.9116], [-117.1049, 32.9251], [-117.1217, 32.9293], [-117.1217, 32.9407], [-117.1134, 32.9461], [-117.111, 32.953], [-117.1137, 32.9641], [-117.1388, 32.9712], [-117.1428, 32.9918], [-117.1482, 32.9972], [-117.1707, 32.9983], [-117.1761, 33.0066], [-117.1813, 33.0087], [-117.1828, 33.0518], [-117.1882, 33.0572], [-117.2007, 33.0583], [-117.2072, 33.067], [-117.2213, 33.0687], [-117.2249, 33.0851], [-117.2417, 33.0893], [-117.2426, 33.1047], [-117.2461, 33.1091], [-117.2361, 33.1134], [-117.2308, 33.1219], [-117.1716, 33.122], [-117.1637, 33.1259], [-117.1591, 33.136], [-117.1554, 33.1329], [-117.1393, 33.1317], [-117.1239, 33.1134], [-117.1187, 33.1113], [-117.117, 33.0972], [-117.0987, 33.0813], [-117.0963, 33.0759], [-117.0793, 33.0717], [-117.0739, 33.0634], [-117.058, 33.0564], [-117.043, 33.0672], [-117.0417, 33.0807], [-117.0334, 33.0861], [-117.0289, 33.0964], [-117.0312, 33.1045], [-117.042, 33.111], [-117.0417, 33.1207], [-117.0359, 33.1237], [-117.032, 33.1316], [-117.0349, 33.1451], [-117.0507, 33.1483], [-117.0572, 33.157], [-117.0807, 33.1583], [-117.088, 33.1636], [-117.101, 33.158], [-117.1528, 33.157], [-117.1609, 33.144], [-117.1646, 33.1471], [-117.1807, 33.1483], [-117.1849, 33.1651], [-117.2017, 33.1693], [-117.202, 33.2084], [-117.2059, 33.2163], [-117.2117, 33.2193], [-117.2149, 33.2351], [-117.2307, 33.2383], [-117.2372, 33.247], [-117.2507, 33.2483], [-117.2597, 33.2581], [-117.2703, 33.2581], [-117.2793, 33.2483], [-117.289, 33.248], [-117.2945, 33.2578], [-117.3043, 33.2609], [-117.3139, 33.2566], [-117.3293, 33.2383], [-117.349, 33.238], [-117.3616, 33.248], [-117.4107, 33.2483], [-117.4272, 33.267], [-117.4513, 33.2687], [-117.452, 33.338], [-117.4549, 33.3451], [-117.462, 33.348], [-117.5307, 33.3483], [-117.5372, 33.357], [-117.5513, 33.3587], [-117.553, 33.3728], [-117.5661, 33.3866], [-117.5913, 33.3887], [-117.593, 33.4228], [-117.6072, 33.437], [-117.6213, 33.4387], [-117.621, 33.457], [-117.6245, 33.4678], [-117.6307, 33.4711], [-117.6507, 33.4683], [-117.6561, 33.4766], [-117.6617, 33.4793], [-117.6608, 33.4919], [-117.6472, 33.493], [-117.6364, 33.508], [-117.6437, 33.5241], [-117.6516, 33.528], [-117.6618, 33.5272], [-117.6672, 33.5218], [-117.6692, 33.5081], [-117.6828, 33.507], [-117.6893, 33.4983], [-117.7017, 33.4993], [-117.7017, 33.5107], [-117.6849, 33.5149], [-117.6813, 33.5313], [-117.6649, 33.5349], [-117.6613, 33.5513], [-117.6467, 33.5519], [-117.6403, 33.5562], [-117.6417, 33.6007], [-117.633, 33.6072], [-117.6317, 33.6307], [-117.6234, 33.6361], [-117.6189, 33.6464], [-117.6212, 33.6545], [-117.6313, 33.6587], [-117.6372, 33.667], [-117.6513, 33.6687], [-117.6528, 33.6818], [-117.6582, 33.6872], [-117.6728, 33.687], [-117.6893, 33.6683], [-117.7107, 33.6683], [-117.712, 33.679], [-117.7064, 33.692], [-117.7137, 33.7041], [-117.7216, 33.708], [-117.7417, 33.7093], [-117.7419, 33.7303], [-117.7517, 33.7393], [-117.753, 33.7528], [-117.7617, 33.7593], [-117.763, 33.8028], [-117.7788, 33.8112], [-117.7834, 33.8239], [-117.7917, 33.8293], [-117.792, 33.839], [-117.7907, 33.8417], [-117.781, 33.842], [-117.7728, 33.833], [-117.7482, 33.8328], [-117.742, 33.842], [-117.7446, 33.8546], [-117.7316, 33.852], [-117.7237, 33.8559], [-117.7189, 33.8664], [-117.7212, 33.8745], [-117.7402, 33.8812], [-117.7481, 33.8733], [-117.7454, 33.8554], [-117.7607, 33.8583], [-117.762, 33.869], [-117.7564, 33.882], [-117.7673, 33.9], [-117.8007, 33.8983], [-117.8072, 33.907], [-117.8307, 33.9083], [-117.8472, 33.927], [-117.8707, 33.9283], [-117.8737, 33.9341], [-117.8816, 33.938], [-117.9107, 33.9383], [-117.9372, 33.967], [-117.9507, 33.9683], [-117.958, 33.9736], [-117.9693, 33.9683], [-117.9828, 33.967], [-117.9893, 33.9583], [-118.0007, 33.9583], [-118.0072, 33.967], [-118.0213, 33.9687], [-118.0249, 33.9851], [-118.0407, 33.9883], [-118.042, 33.991], [-118.0413, 34.0113], [-118.0172, 34.013], [-118.0107, 34.0217], [-118.001, 34.022], [-117.998, 34.019], [-117.997, 33.9972], [-117.9828, 33.983], [-117.9693, 33.9817], [-117.962, 33.9764], [-117.949, 33.982], [-117.921, 33.982], [-117.9084, 33.972], [-117.8373, 33.97], [-117.8213, 33.9913], [-117.8049, 33.9949], [-117.8017, 34.0107], [-117.7959, 34.0137], [-117.792, 34.0216], [-117.793, 34.0328], [-117.802, 34.041], [-117.7992, 34.0607], [-117.8046, 34.0671], [-117.8188, 34.0712], [-117.8217, 34.0793], [-117.8217, 34.1007], [-117.8093, 34.1017], [-117.8028, 34.093], [-117.7783, 34.0907], [-117.778, 34.071], [-117.7836, 34.058], [-117.778, 34.049], [-117.7782, 34.03], [-117.7728, 34.023], [-117.7587, 34.0213], [-117.7551, 34.0049], [-117.7383, 34.0007], [-117.738, 33.972], [-117.7351, 33.9649], [-117.7193, 33.9617], [-117.7128, 33.953], [-117.6893, 33.9517], [-117.6839, 33.9434], [-117.672, 33.9364], [-117.659, 33.942], [-117.6087, 33.9413], [-117.6087, 33.9287], [-117.6228, 33.927], [-117.6293, 33.9183], [-117.6418, 33.9172], [-117.6472, 33.9118], [-117.6472, 33.8782], [-117.6418, 33.8728], [-117.6293, 33.8717], [-117.6228, 33.863], [-117.6087, 33.8613], [-117.5828, 33.833], [-117.5693, 33.8317], [-117.5628, 33.823], [-117.5493, 33.8217], [-117.5439, 33.8134], [-117.537, 33.811], [-117.5246, 33.8129], [-117.5192, 33.8193], [-117.523, 33.8428], [-117.5317, 33.8493], [-117.532, 33.859], [-117.5134, 33.8761], [-117.5092, 33.8907], [-117.5146, 33.8971], [-117.5413, 33.8987], [-117.542, 33.919], [-117.523, 33.9372], [-117.5217, 33.9607], [-117.5161, 33.9634], [-117.5107, 33.9717], [-117.4993, 33.9717], [-117.4928, 33.963], [-117.4793, 33.9617], [-117.478, 33.959], [-117.4787, 33.9487], [-117.4951, 33.9451], [-117.4983, 33.9293], [-117.507, 33.9228], [-117.5066, 33.8931], [-117.5002, 33.8888], [-117.4793, 33.8917], [-117.4728, 33.883], [-117.4593, 33.8817], [-117.4539, 33.8734], [-117.4437, 33.8688], [-117.4334, 33.8731], [-117.4317, 33.8907], [-117.4234, 33.8961], [-117.4207, 33.9017], [-117.3816, 33.902], [-117.3737, 33.9059], [-117.371, 33.913], [-117.3717, 33.9407], [-117.3593, 33.9417], [-117.3539, 33.9334], [-117.3439, 33.9291], [-117.349, 33.917], [-117.3483, 33.8893], [-117.3536, 33.882], [-117.348, 33.869], [-117.3511, 33.8536], [-117.3488, 33.8455], [-117.3316, 33.842], [-117.3237, 33.8459], [-117.3207, 33.8517], [-117.3093, 33.8517], [-117.307, 33.8372], [-117.292, 33.8264], [-117.279, 33.832], [-117.251, 33.832], [-117.2428, 33.823], [-117.2239, 33.8191], [-117.238, 33.7984], [-117.238, 33.772], [-117.2351, 33.7649], [-117.228, 33.762], [-117.2154, 33.7646], [-117.218, 33.758], [-117.217, 33.7472], [-117.2087, 33.7413], [-117.2027, 33.73], [-117.1693, 33.7317], [-117.1539, 33.7134], [-117.1407, 33.7089], [-117.1326, 33.7153], [-117.132, 33.739], [-117.1289, 33.7464], [-117.1312, 33.7545], [-117.1388, 33.758], [-117.1707, 33.7583], [-117.173, 33.7728], [-117.1857, 33.7809], [-117.1955, 33.7778], [-117.1993, 33.7683], [-117.2146, 33.7654], [-117.2113, 33.7813], [-117.1931, 33.7834], [-117.1888, 33.7937], [-117.1949, 33.8151], [-117.2161, 33.8209], [-117.2107, 33.8317], [-117.1861, 33.8334], [-117.1788, 33.8463], [-117.1831, 33.8566], [-117.209, 33.858], [-117.212, 33.861], [-117.2117, 33.8807], [-117.2064, 33.888], [-117.2117, 33.8993], [-117.2117, 33.9107], [-117.1934, 33.9261], [-117.191, 33.937], [-117.1937, 33.9441], [-117.2107, 33.9483], [-117.2172, 33.957], [-117.2307, 33.9583], [-117.2372, 33.967], [-117.2518, 33.9672], [-117.2572, 33.9618], [-117.2593, 33.9483], [-117.2933, 33.9481], [-117.2997, 33.9438], [-117.298, 33.901], [-117.301, 33.898], [-117.3213, 33.8987], [-117.3234, 33.9239], [-117.3361, 33.9309], [-117.3326, 33.9353], [-117.3317, 33.9507], [-117.323, 33.9572], [-117.3189, 33.9764], [-117.3212, 33.9845], [-117.3317, 33.9893], [-117.3317, 34.0007], [-117.3288, 34.0088], [-117.313, 34.0172], [-117.3117, 34.0307], [-117.3034, 34.0361], [-117.3013, 34.0413], [-117.2872, 34.043], [-117.2807, 34.0517], [-117.271, 34.052], [-117.2628, 34.043], [-117.211, 34.042], [-117.2028, 34.033], [-117.1693, 34.0317], [-117.1628, 34.023], [-117.152, 34.022], [-117.1428, 34.0282], [-117.1413, 34.0413], [-117.1272, 34.043], [-117.1179, 34.0544], [-117.1164, 34.062], [-117.1237, 34.0741], [-117.1316, 34.078], [-117.179, 34.078], [-117.1872, 34.087], [-117.2107, 34.0883], [-117.2117, 34.1007], [-117.203, 34.1072], [-117.1992, 34.1307], [-117.2046, 34.1371], [-117.2113, 34.1387], [-117.2172, 34.147], [-117.2307, 34.1483], [-117.2372, 34.157], [-117.2507, 34.1583], [-117.2572, 34.167], [-117.2807, 34.1683], [-117.2837, 34.1741], [-117.2916, 34.178], [-117.3018, 34.1772], [-117.3072, 34.1718], [-117.3087, 34.1487], [-117.3207, 34.1483], [-117.3261, 34.1566], [-117.3319, 34.1592], [-117.3289, 34.1764], [-117.3312, 34.1845], [-117.3463, 34.1912], [-117.3538, 34.1897], [-117.3581, 34.1833], [-117.358, 34.1616], [-117.3541, 34.1537], [-117.3481, 34.1508], [-117.3493, 34.1383], [-117.3607, 34.1383], [-117.3637, 34.1441], [-117.3716, 34.148], [-117.4007, 34.1483], [-117.4037, 34.1541], [-117.4116, 34.158], [-117.4407, 34.1583], [-117.4472, 34.167], [-117.4712, 34.168], [-117.4808, 34.1607], [-117.4783, 34.1293], [-117.4839, 34.1266], [-117.4893, 34.1183], [-117.5013, 34.1187], [-117.5003, 34.1438], [-117.5067, 34.1481], [-117.5207, 34.1483], [-117.5272, 34.157], [-117.5407, 34.1583], [-117.5461, 34.1666], [-117.5517, 34.1693], [-117.552, 34.199], [-117.5464, 34.212], [-117.552, 34.221], [-117.5528, 34.3418], [-117.562, 34.348], [-117.6113, 34.3487], [-117.6134, 34.3539], [-117.6517, 34.3893], [-117.652, 34.438], [-117.6549, 34.4451], [-117.662, 34.448], [-118.138, 34.448], [-118.1451, 34.4451], [-118.148, 34.438], [-118.148, 34.362], [-118.1451, 34.3549], [-118.138, 34.352], [-118.0483, 34.3507], [-118.048, 34.262], [-118.0418, 34.2528], [-117.6493, 34.2517], [-117.6483, 34.2393], [-117.657, 34.2328], [-117.658, 34.2216], [-117.648, 34.209], [-117.6483, 34.1593], [-117.6751, 34.1551], [-117.6793, 34.1283], [-117.6907, 34.1283], [-117.6972, 34.137], [-117.7084, 34.138], [-117.7163, 34.1341], [-117.7193, 34.1283], [-117.7428, 34.127], [-117.751, 34.118], [-117.7607, 34.1183], [-117.7661, 34.1266], [-117.778, 34.1336], [-117.791, 34.128], [-117.819, 34.128], [-117.8293, 34.1311], [-117.8355, 34.1278], [-117.8393, 34.1183], [-117.8607, 34.1183], [-117.862, 34.129], [-117.8592, 34.1407], [-117.8646, 34.1471], [-117.969, 34.148], [-117.9772, 34.157], [-117.9907, 34.1583], [-117.998, 34.1636], [-118.0093, 34.1583], [-118.019, 34.158], [-118.0316, 34.168], [-118.0707, 34.1683], [-118.0772, 34.177], [-118.1007, 34.1783], [-118.1172, 34.197], [-118.1307, 34.1983], [-118.1372, 34.207], [-118.1807, 34.2083], [-118.1837, 34.2141], [-118.1916, 34.218], [-118.2054, 34.2171], [-118.2091, 34.214], [-118.2134, 34.2239], [-118.2272, 34.237], [-118.2408, 34.2381], [-118.2472, 34.247], [-118.2618, 34.2472], [-118.268, 34.238], [-118.2651, 34.2249], [-118.2492, 34.2219], [-118.2327, 34.2], [-118.2257, 34.1991], [-118.2109, 34.206], [-118.2051, 34.1749], [-118.1783, 34.1707], [-118.1787, 34.1487], [-118.2107, 34.1483], [-118.213, 34.1628], [-118.2272, 34.177], [-118.2808, 34.1781], [-118.2834, 34.1839], [-118.2913, 34.1887], [-118.3072, 34.207], [-118.3307, 34.2083], [-118.3372, 34.217], [-118.3513, 34.2187], [-118.352, 34.249], [-118.3419, 34.2597], [-118.3437, 34.2741], [-118.3516, 34.278], [-118.3907, 34.2783], [-118.3972, 34.287], [-118.4113, 34.2887], [-118.412, 34.309], [-118.4092, 34.3207], [-118.4188, 34.328], [-118.4428, 34.327], [-118.451, 34.318], [-118.4928, 34.317], [-118.4993, 34.3083], [-118.5128, 34.307], [-118.531, 34.288], [-118.5407, 34.2883], [-118.5437, 34.2941], [-118.5516, 34.298], [-118.5818, 34.2972], [-118.5872, 34.2918], [-118.5887, 34.2787], [-118.6051, 34.2751], [-118.6083, 34.2593], [-118.6166, 34.2539], [-118.6187, 34.2487], [-118.6507, 34.2483], [-118.652, 34.338], [-118.6582, 34.3472], [-118.8507, 34.3483], [-118.852, 34.379], [-118.8464, 34.392], [-118.852, 34.401], [-118.8528, 34.4418], [-118.8582, 34.4472], [-119.0517, 34.4493], [-119.0517, 34.7507], [-119.0293, 34.7517], [-119.0255, 34.7422], [-119.0193, 34.7389], [-118.9993, 34.7417], [-118.9955, 34.7322], [-118.9893, 34.7289], [-118.9672, 34.733], [-118.9607, 34.7417], [-118.9449, 34.7449], [-118.942, 34.752], [-118.9417, 34.7707], [-118.923, 34.7872], [-118.922, 34.798], [-118.9282, 34.8072], [-118.9517, 34.8093], [-118.952, 34.839], [-118.9464, 34.852], [-118.9534, 34.8639], [-118.9644, 34.8721], [-118.972, 34.8736], [-118.9793, 34.8683], [-118.989, 34.868], [-119.0016, 34.878], [-119.049, 34.878], [-119.0572, 34.887], [-119.0707, 34.8883], [-119.078, 34.8936], [-119.091, 34.888], [-119.1227, 34.89], [-119.1274, 34.8847], [-119.1283, 34.8693], [-119.137, 34.8628], [-119.1383, 34.8493], [-119.149, 34.848], [-119.1517, 34.8493], [-119.1517, 34.8607], [-119.1459, 34.8637], [-119.142, 34.8716], [-119.1428, 34.8818], [-119.1482, 34.8872], [-119.1607, 34.8883], [-119.1637, 34.8941], [-119.1716, 34.898], [-119.2312, 34.898], [-119.2388, 34.8945], [-119.2411, 34.8864], [-119.2383, 34.8693], [-119.2441, 34.8663], [-119.248, 34.8584], [-119.248, 34.681], [-119.2581, 34.6703], [-119.2583, 34.6493], [-119.2609, 34.644], [-119.2713, 34.6487], [-119.2772, 34.657], [-119.3207, 34.6583], [-119.3237, 34.6641], [-119.3316, 34.668], [-119.3454, 34.6671], [-119.3508, 34.6607], [-119.3439, 34.6434], [-119.3387, 34.6413], [-119.3328, 34.633], [-119.3193, 34.6317], [-119.3128, 34.623], [-119.273, 34.621], [-119.2634, 34.6261], [-119.2591, 34.636], [-119.2487, 34.6313], [-119.248, 34.562], [-119.2418, 34.5528], [-119.1487, 34.5513], [-119.1483, 34.4493], [-119.199, 34.448], [-119.2116, 34.458], [-119.2612, 34.458], [-119.2688, 34.4545], [-119.2711, 34.4464], [-119.2663, 34.4359], [-119.2493, 34.4317], [-119.248, 34.429], [-119.2493, 34.3483], [-119.4307, 34.3483], [-119.4372, 34.357], [-119.4517, 34.3593], [-119.452, 34.438], [-119.4549, 34.4451], [-119.462, 34.448], [-119.5517, 34.4493], [-119.552, 34.538], [-119.5549, 34.5451], [-119.562, 34.548], [-119.6513, 34.5487], [-119.652, 34.638], [-119.6549, 34.6451], [-119.662, 34.648], [-119.7513, 34.6487], [-119.752, 34.738], [-119.7549, 34.7451], [-119.762, 34.748], [-119.9507, 34.7483], [-119.9528, 34.8418], [-119.962, 34.848], [-120.0513, 34.8487], [-120.052, 34.938], [-120.0582, 34.9472], [-120.2513, 34.9487], [-120.2528, 35.1418], [-120.262, 35.148], [-120.3513, 35.1487], [-120.352, 35.238], [-120.3582, 35.2472], [-120.4517, 35.2493], [-120.4528, 35.5418], [-120.462, 35.548], [-120.5218, 35.55], [-120.5272, 35.557]], [[-110.4549, 32.8451], [-110.462, 32.848], [-110.538, 32.848], [-110.5451, 32.8451], [-110.548, 32.838], [-110.548, 32.762], [-110.5451, 32.7549], [-110.538, 32.752], [-110.462, 32.752], [-110.4549, 32.7549], [-110.452, 32.762], [-110.452, 32.838], [-110.4549, 32.8451]], [[-110.648, 32.162], [-110.6418, 32.1528], [-110.5487, 32.1513], [-110.548, 32.062], [-110.5451, 32.0549], [-110.538, 32.052], [-110.462, 32.052], [-110.4549, 32.0549], [-110.452, 32.062], [-110.452, 32.238], [-110.4549, 32.2451], [-110.462, 32.248], [-110.6418, 32.2472], [-110.648, 32.238], [-110.6486, 32.1922], [-110.648, 32.162]], [[-110.8451, 32.5451], [-110.848, 32.538], [-110.848, 32.362], [-110.8451, 32.3549], [-110.838, 32.352], [-110.662, 32.352], [-110.6549, 32.3549], [-110.652, 32.362], [-110.652, 32.538], [-110.6549, 32.5451], [-110.662, 32.548], [-110.838, 32.548], [-110.8451, 32.5451]], [[-110.7555, 32.2422], [-110.7493, 32.2389], [-110.7282, 32.2428], [-110.7228, 32.2482], [-110.723, 32.2628], [-110.733, 32.269], [-110.7518, 32.2672], [-110.7572, 32.2618], [-110.758, 32.2488], [-110.7555, 32.2422]], [[-111.0493, 32.2811], [-111.0555, 32.2778], [-111.0587, 32.2687], [-111.067, 32.2628], [-111.0672, 32.2482], [-111.058, 32.242], [-111.0246, 32.2429], [-111.0189, 32.2536], [-111.0246, 32.2746], [-111.0087, 32.2713], [-111.0083, 32.2593], [-111.0136, 32.248], [-111.0066, 32.2361], [-110.9883, 32.2207], [-110.987, 32.1972], [-110.978, 32.189], [-110.9787, 32.1787], [-110.9854, 32.1771], [-110.9908, 32.1707], [-110.988, 32.159], [-110.9882, 32.13], [-110.9828, 32.123], [-110.9687, 32.1213], [-110.9628, 32.113], [-110.943, 32.111], [-110.933, 32.1172], [-110.9313, 32.1313], [-110.9172, 32.133], [-110.9113, 32.1413], [-110.9046, 32.1429], [-110.8992, 32.1493], [-110.9034, 32.1639], [-110.9117, 32.1693], [-110.9107, 32.1917], [-110.8893, 32.1917], [-110.8855, 32.1822], [-110.8793, 32.1789], [-110.869, 32.182], [-110.8493, 32.1817], [-110.8463, 32.1759], [-110.8384, 32.172], [-110.8272, 32.173], [-110.8207, 32.1817], [-110.7816, 32.182], [-110.7737, 32.1859], [-110.763, 32.1972], [-110.763, 32.2228], [-110.7772, 32.237], [-110.8013, 32.2387], [-110.803, 32.2528], [-110.8119, 32.2592], [-110.8146, 32.2746], [-110.7993, 32.2717], [-110.7928, 32.263], [-110.7816, 32.262], [-110.7737, 32.2659], [-110.7707, 32.2717], [-110.7572, 32.273], [-110.7489, 32.2864], [-110.7546, 32.2971], [-110.7707, 32.2983], [-110.782, 32.3036], [-110.7893, 32.2983], [-110.808, 32.298], [-110.8151, 32.2951], [-110.818, 32.288], [-110.8154, 32.2754], [-110.833, 32.279], [-110.8607, 32.2783], [-110.862, 32.309], [-110.8589, 32.3164], [-110.8612, 32.3245], [-110.8688, 32.328], [-110.9007, 32.3283], [-110.9072, 32.337], [-110.9307, 32.3383], [-110.9337, 32.3441], [-110.9416, 32.348], [-110.9607, 32.3483], [-110.961, 32.387], [-110.9637, 32.3941], [-110.9893, 32.4011], [-110.9974, 32.3947], [-110.9993, 32.3683], [-111.019, 32.368], [-111.0261, 32.3709], [-111.022, 32.3788], [-111.0245, 32.3878], [-111.0307, 32.3911], [-111.0393, 32.3883], [-111.0436, 32.378], [-111.0339, 32.3691], [-111.0383, 32.3593], [-111.0528, 32.357], [-111.0621, 32.3456], [-111.0636, 32.338], [-111.0563, 32.3259], [-111.0383, 32.3207], [-111.037, 32.2972], [-111.0283, 32.2907], [-111.0254, 32.2754], [-111.0424, 32.2795], [-111.0493, 32.2811]], [[-110.8536, 33.298], [-110.848, 33.289], [-110.8472, 33.2582], [-110.8418, 33.2528], [-110.762, 33.252], [-110.7528, 33.2582], [-110.752, 33.338], [-110.7582, 33.3472], [-110.8418, 33.3472], [-110.848, 33.338], [-110.8493, 33.3083], [-110.8536, 33.298]], [[-111.0066, 31.8331], [-111.0002, 31.8288], [-110.9859, 31.8337], [-110.9817, 31.8507], [-110.9726, 31.8582], [-110.9719, 31.8803], [-110.9844, 31.8921], [-110.9956, 31.8921], [-111.0074, 31.8818], [-111.0081, 31.8406], [-111.0066, 31.8331]], [[-111.0273, 32.15], [-111.0343, 32.1509], [-111.0421, 32.1456], [-111.0436, 32.138], [-111.0393, 32.1317], [-111.0307, 32.1289], [-111.0245, 32.1322], [-111.022, 32.1412], [-111.0273, 32.15]], [[-111.068, 32.3036], [-111.0756, 32.3021], [-111.0811, 32.2936], [-111.0788, 32.2855], [-111.0712, 32.282], [-111.0612, 32.2855], [-111.0589, 32.2936], [-111.0617, 32.2993], [-111.068, 32.3036]], [[-111.1172, 32.3518], [-111.1172, 32.3382], [-111.1118, 32.3328], [-111.0982, 32.3328], [-111.0928, 32.3382], [-111.0928, 32.3518], [-111.0982, 32.3572], [-111.108, 32.358], [-111.1172, 32.3518]], [[-111.2451, 31.8549], [-111.238, 31.852], [-111.162, 31.852], [-111.1549, 31.8549], [-111.152, 31.862], [-111.152, 31.938], [-111.1549, 31.9451], [-111.162, 31.948], [-111.238, 31.948], [-111.2451, 31.9451], [-111.248, 31.938], [-111.248, 31.862], [-111.2451, 31.8549]], [[-111.3008, 32.4907], [-111.2995, 32.4824], [-111.2928, 32.473], [-111.2793, 32.4717], [-111.2628, 32.453], [-111.2487, 32.4513], [-111.2427, 32.44], [-111.2357, 32.4391], [-111.2212, 32.4455], [-111.2189, 32.4536], [-111.2234, 32.4639], [-111.2372, 32.477], [-111.2507, 32.4783], [-111.2672, 32.497], [-111.2912, 32.498], [-111.3008, 32.4907]], [[-111.4397, 32.9862], [-111.4333, 32.9819], [-111.4172, 32.983], [-111.4089, 32.9964], [-111.4112, 33.0045], [-111.4188, 33.008], [-111.4328, 33.007], [-111.4397, 32.9973], [-111.4397, 32.9862]], [[-111.5008, 33.1293], [-111.4954, 33.1229], [-111.4887, 33.1213], [-111.4872, 33.1082], [-111.4818, 33.1028], [-111.4316, 33.102], [-111.4237, 33.1059], [-111.4189, 33.1164], [-111.4246, 33.1271], [-111.4413, 33.1287], [-111.4428, 33.1418], [-111.4482, 33.1472], [-111.4884, 33.148], [-111.4963, 33.1441], [-111.4995, 33.1376], [-111.5008, 33.1293]], [[-111.578, 32.981], [-111.581, 32.978], [-111.5907, 32.9783], [-111.5945, 32.9878], [-111.6007, 32.9911], [-111.6141, 32.9863], [-111.6208, 32.9593], [-111.6154, 32.9529], [-111.5993, 32.9517], [-111.5939, 32.9434], [-111.5887, 32.9413], [-111.587, 32.9172], [-111.5783, 32.9107], [-111.5772, 32.8982], [-111.5718, 32.8928], [-111.5588, 32.892], [-111.5512, 32.8955], [-111.5489, 32.9036], [-111.552, 32.911], [-111.5507, 32.9217], [-111.5393, 32.9217], [-111.5355, 32.9122], [-111.5293, 32.9089], [-111.5072, 32.913], [-111.5007, 32.9217], [-111.491, 32.922], [-111.4839, 32.9134], [-111.4707, 32.9089], [-111.4645, 32.9122], [-111.4613, 32.9213], [-111.453, 32.9272], [-111.4517, 32.9607], [-111.4434, 32.9661], [-111.4388, 32.9763], [-111.4431, 32.9866], [-111.4607, 32.9883], [-111.4672, 32.997], [-111.4907, 32.9983], [-111.4972, 33.007], [-111.529, 33.008], [-111.5372, 33.017], [-111.563, 33.019], [-111.57, 33.0182], [-111.577, 33.0128], [-111.5786, 32.9922], [-111.578, 32.981]], [[-111.4803, 32.7119], [-111.4661, 32.7134], [-111.453, 32.7272], [-111.453, 32.7428], [-111.4657, 32.7509], [-111.4727, 32.75], [-111.4787, 32.7387], [-111.4854, 32.7371], [-111.4908, 32.7307], [-111.4881, 32.7197], [-111.4803, 32.7119]], [[-111.5008, 32.5993], [-111.4954, 32.5929], [-111.4746, 32.5929], [-111.4692, 32.5993], [-111.4705, 32.6076], [-111.4772, 32.617], [-111.4928, 32.617], [-111.4995, 32.6076], [-111.5008, 32.5993]], [[-111.5227, 33.15], [-111.5016, 33.152], [-111.4937, 33.1559], [-111.4892, 33.1707], [-111.4946, 33.1771], [-111.5193, 33.1811], [-111.5274, 33.1747], [-111.5286, 33.1622], [-111.5227, 33.15]], [[-111.5012, 32.7745], [-111.5157, 32.7809], [-111.5227, 32.78], [-111.5274, 32.7747], [-111.5312, 32.7537], [-111.5297, 32.7462], [-111.5233, 32.7419], [-111.5082, 32.7428], [-111.5028, 32.7482], [-111.5005, 32.7624], [-111.5012, 32.7745]], [[-112.298, 33.609], [-112.2983, 33.5993], [-112.307, 33.5928], [-112.307, 33.5772], [-112.2983, 33.5707], [-112.2972, 33.5482], [-112.2918, 33.5428], [-112.2787, 33.5413], [-112.278, 33.531], [-112.297, 33.5128], [-112.2983, 33.4893], [-112.317, 33.4728], [-112.3183, 33.4593], [-112.327, 33.4528], [-112.3283, 33.4093], [-112.3341, 33.4063], [-112.338, 33.3984], [-112.3372, 33.3882], [-112.3318, 33.3828], [-112.3193, 33.3817], [-112.3128, 33.373], [-112.2898, 33.3688], [-112.2819, 33.3767], [-112.2807, 33.3917], [-112.2472, 33.393], [-112.2407, 33.4017], [-112.2172, 33.403], [-112.209, 33.412], [-112.1593, 33.4117], [-112.1593, 33.3983], [-112.1728, 33.397], [-112.1793, 33.3883], [-112.2054, 33.3871], [-112.2108, 33.3807], [-112.2066, 33.3661], [-112.1987, 33.3613], [-112.1939, 33.3534], [-112.182, 33.3464], [-112.1707, 33.3517], [-112.1572, 33.353], [-112.149, 33.362], [-112.1293, 33.3617], [-112.122, 33.3564], [-112.109, 33.362], [-112.0516, 33.362], [-112.0437, 33.3659], [-112.0407, 33.3717], [-112.0172, 33.373], [-112.0107, 33.3817], [-111.9793, 33.3817], [-111.9783, 33.3593], [-112.007, 33.3328], [-112.008, 33.311], [-112.0111, 33.3036], [-112.0088, 33.2955], [-112.0012, 33.292], [-111.9793, 33.2917], [-111.9739, 33.2834], [-111.967, 33.281], [-111.9561, 33.2834], [-111.949, 33.292], [-111.8887, 33.2913], [-111.8883, 33.2593], [-111.897, 33.2528], [-111.8987, 33.2387], [-111.907, 33.2328], [-111.907, 33.2172], [-111.8939, 33.2034], [-111.8693, 33.2017], [-111.8663, 33.1959], [-111.8584, 33.192], [-111.8472, 33.193], [-111.8313, 33.2113], [-111.821, 33.212], [-111.8183, 33.2107], [-111.8141, 33.1937], [-111.8007, 33.1889], [-111.7945, 33.1922], [-111.7913, 33.2013], [-111.7861, 33.2034], [-111.7807, 33.2117], [-111.7316, 33.212], [-111.719, 33.222], [-111.7093, 33.2217], [-111.7003, 33.2119], [-111.6793, 33.2117], [-111.6763, 33.2059], [-111.6684, 33.202], [-111.6472, 33.203], [-111.6407, 33.2117], [-111.631, 33.212], [-111.6228, 33.203], [-111.5993, 33.2017], [-111.598, 33.191], [-111.6008, 33.1793], [-111.5912, 33.172], [-111.5788, 33.172], [-111.5712, 33.1755], [-111.5689, 33.1836], [-111.572, 33.191], [-111.5707, 33.2017], [-111.5592, 33.2019], [-111.5528, 33.193], [-111.5293, 33.1917], [-111.522, 33.1864], [-111.5144, 33.1879], [-111.503, 33.1972], [-111.503, 33.2128], [-111.5172, 33.227], [-111.5328, 33.227], [-111.5393, 33.2183], [-111.5517, 33.2193], [-111.5517, 33.2407], [-111.5382, 33.2428], [-111.5328, 33.2482], [-111.5328, 33.2618], [-111.5382, 33.2672], [-111.5784, 33.268], [-111.5863, 33.2641], [-111.5893, 33.2583], [-111.599, 33.258], [-111.602, 33.261], [-111.6028, 33.2818], [-111.6082, 33.2872], [-111.6328, 33.287], [-111.6393, 33.2783], [-111.6528, 33.277], [-111.6593, 33.2683], [-111.669, 33.268], [-111.6872, 33.287], [-111.7017, 33.2893], [-111.7007, 33.3017], [-111.6782, 33.3028], [-111.6728, 33.3082], [-111.673, 33.3228], [-111.6817, 33.3293], [-111.6817, 33.3507], [-111.6672, 33.353], [-111.6613, 33.3613], [-111.6512, 33.3655], [-111.6489, 33.3736], [-111.652, 33.381], [-111.6513, 33.3913], [-111.6293, 33.3917], [-111.628, 33.381], [-111.6311, 33.3736], [-111.6288, 33.3655], [-111.6187, 33.3613], [-111.6128, 33.353], [-111.5873, 33.35], [-111.5826, 33.3553], [-111.5828, 33.3718], [-111.5882, 33.3772], [-111.6017, 33.3793], [-111.6017, 33.4007], [-111.5893, 33.4017], [-111.5863, 33.3959], [-111.5784, 33.392], [-111.5546, 33.3929], [-111.5489, 33.4036], [-111.5526, 33.4247], [-111.5573, 33.43], [-111.589, 33.428], [-111.5972, 33.437], [-111.629, 33.438], [-111.638, 33.4436], [-111.651, 33.438], [-111.6707, 33.4383], [-111.6717, 33.4507], [-111.6612, 33.4555], [-111.6589, 33.4636], [-111.6628, 33.4818], [-111.672, 33.488], [-111.6928, 33.487], [-111.6993, 33.4783], [-111.7228, 33.477], [-111.731, 33.468], [-111.7407, 33.4683], [-111.7437, 33.4741], [-111.7516, 33.478], [-111.8118, 33.4772], [-111.8172, 33.4718], [-111.8193, 33.4583], [-111.8428, 33.457], [-111.8487, 33.4487], [-111.8628, 33.447], [-111.8693, 33.4383], [-111.8913, 33.4387], [-111.8913, 33.4713], [-111.8472, 33.473], [-111.8407, 33.4817], [-111.8272, 33.483], [-111.813, 33.4972], [-111.812, 33.5016], [-111.8149, 33.5151], [-111.8313, 33.5187], [-111.8328, 33.5318], [-111.8382, 33.5372], [-111.8528, 33.537], [-111.861, 33.528], [-111.8917, 33.5293], [-111.8917, 33.5407], [-111.8864, 33.548], [-111.892, 33.561], [-111.8907, 33.5717], [-111.8116, 33.572], [-111.8072, 33.573], [-111.8018, 33.58], [-111.8018, 33.59], [-111.8072, 33.597], [-111.8513, 33.5987], [-111.852, 33.619], [-111.8492, 33.6307], [-111.8546, 33.6371], [-111.868, 33.6436], [-111.8793, 33.6383], [-111.8907, 33.6383], [-111.8937, 33.6441], [-111.9016, 33.648], [-111.9228, 33.647], [-111.931, 33.638], [-111.9507, 33.6383], [-111.9572, 33.647], [-111.9713, 33.6487], [-111.9772, 33.657], [-112.0013, 33.6587], [-112.0034, 33.6639], [-112.0117, 33.6693], [-112.0149, 33.6851], [-112.022, 33.688], [-112.0318, 33.6872], [-112.0372, 33.6818], [-112.0393, 33.6583], [-112.0507, 33.6583], [-112.0561, 33.6666], [-112.063, 33.669], [-112.0807, 33.6683], [-112.082, 33.679], [-112.0764, 33.692], [-112.0817, 33.6993], [-112.083, 33.7128], [-112.0944, 33.7221], [-112.102, 33.7236], [-112.1136, 33.712], [-112.1083, 33.7007], [-112.1087, 33.6887], [-112.1328, 33.687], [-112.151, 33.668], [-112.1707, 33.6683], [-112.1772, 33.677], [-112.2007, 33.6783], [-112.2045, 33.6878], [-112.2107, 33.6911], [-112.2307, 33.6883], [-112.2328, 33.7018], [-112.2382, 33.7072], [-112.2728, 33.707], [-112.287, 33.6928], [-112.2883, 33.6793], [-112.297, 33.6728], [-112.2983, 33.6493], [-112.307, 33.6428], [-112.308, 33.6216], [-112.298, 33.609]], [[-111.547, 32.8572], [-111.5383, 32.8507], [-111.5351, 32.8349], [-111.5143, 32.8291], [-111.5045, 32.8322], [-111.502, 32.8388], [-111.503, 32.8528], [-111.5117, 32.8593], [-111.5159, 32.8763], [-111.5316, 32.888], [-111.5428, 32.887], [-111.5486, 32.8778], [-111.547, 32.8572]], [[-111.6066, 32.6661], [-111.5983, 32.6607], [-111.5987, 32.6387], [-111.6307, 32.6383], [-111.6337, 32.6441], [-111.6416, 32.648], [-111.6718, 32.6472], [-111.678, 32.638], [-111.678, 32.622], [-111.6751, 32.6149], [-111.668, 32.612], [-111.6193, 32.6117], [-111.6128, 32.603], [-111.5987, 32.6013], [-111.5972, 32.5882], [-111.588, 32.582], [-111.5749, 32.5849], [-111.5707, 32.6017], [-111.5493, 32.6017], [-111.5463, 32.5959], [-111.5384, 32.592], [-111.5212, 32.5955], [-111.5189, 32.6036], [-111.523, 32.6228], [-111.532, 32.631], [-111.5313, 32.6413], [-111.5246, 32.6429], [-111.5192, 32.6493], [-111.522, 32.6884], [-111.5259, 32.6963], [-111.5317, 32.6993], [-111.532, 32.7184], [-111.5359, 32.7263], [-111.548, 32.7336], [-111.561, 32.728], [-111.5927, 32.73], [-111.6136, 32.702], [-111.608, 32.689], [-111.6086, 32.6722], [-111.6066, 32.6661]], [[-111.5436, 33.402], [-111.5421, 33.3944], [-111.5343, 33.3891], [-111.5273, 33.39], [-111.5226, 33.3953], [-111.5234, 33.4069], [-111.5298, 33.4112], [-111.5393, 33.4083], [-111.5436, 33.402]], [[-111.5602, 33.1812], [-111.5666, 33.1769], [-111.5674, 33.1653], [-111.5627, 33.16], [-111.5557, 33.1591], [-111.5479, 33.1644], [-111.5464, 33.172], [-111.5527, 33.1797], [-111.5602, 33.1812]], [[-111.6451, 31.8549], [-111.638, 31.852], [-111.562, 31.852], [-111.5549, 31.8549], [-111.552, 31.862], [-111.552, 31.938], [-111.5549, 31.9451], [-111.562, 31.948], [-111.638, 31.948], [-111.6451, 31.9451], [-111.648, 31.938], [-111.648, 31.862], [-111.6451, 31.8549]], [[-111.6272, 33.3318], [-111.628, 33.322], [-111.6251, 33.3149], [-111.618, 33.312], [-111.6016, 33.312], [-111.5937, 33.3159], [-111.5888, 33.3263], [-111.5931, 33.3366], [-111.618, 33.338], [-111.6272, 33.3318]], [[-111.7751, 32.8651], [-111.778, 32.858], [-111.7772, 32.8482], [-111.7718, 32.8428], [-111.7188, 32.842], [-111.7092, 32.8493], [-111.7146, 32.8846], [-111.6892, 32.8819], [-111.6872, 32.8682], [-111.6818, 32.8628], [-111.6687, 32.8613], [-111.6651, 32.8449], [-111.658, 32.842], [-111.6472, 32.843], [-111.6307, 32.8617], [-111.6073, 32.86], [-111.6013, 32.8713], [-111.5912, 32.8755], [-111.5889, 32.8836], [-111.592, 32.891], [-111.5928, 32.9118], [-111.5982, 32.9172], [-111.6084, 32.918], [-111.6163, 32.9141], [-111.6193, 32.9083], [-111.6328, 32.907], [-111.6393, 32.8983], [-111.679, 32.898], [-111.6861, 32.9066], [-111.702, 32.9136], [-111.717, 32.9028], [-111.718, 32.892], [-111.7154, 32.8854], [-111.7307, 32.8883], [-111.7345, 32.8978], [-111.7407, 32.9011], [-111.7554, 32.8971], [-111.7608, 32.8907], [-111.7583, 32.8693], [-111.768, 32.868], [-111.7751, 32.8651]], [[-111.6773, 32.6], [-111.6843, 32.6009], [-111.6966, 32.5939], [-111.7008, 32.5793], [-111.6954, 32.5729], [-111.6887, 32.5713], [-111.6828, 32.563], [-111.6682, 32.5628], [-111.6628, 32.5682], [-111.662, 32.5784], [-111.672, 32.5912], [-111.6773, 32.6]], [[-111.7363, 33.6241], [-111.7408, 33.6093], [-111.7354, 33.6029], [-111.7243, 33.5991], [-111.7173, 33.6], [-111.7126, 33.6053], [-111.7092, 33.6207], [-111.7146, 33.6271], [-111.7284, 33.628], [-111.7363, 33.6241]], [[-111.8008, 33.0807], [-111.7963, 33.0659], [-111.7884, 33.062], [-111.7782, 33.0628], [-111.7728, 33.0682], [-111.7728, 33.0818], [-111.7782, 33.0872], [-111.7912, 33.088], [-111.8008, 33.0807]], [[-111.8172, 32.8918], [-111.817, 32.8772], [-111.8028, 32.863], [-111.7882, 32.8628], [-111.782, 32.872], [-111.781, 32.887], [-111.7837, 32.8941], [-111.7916, 32.898], [-111.808, 32.898], [-111.8172, 32.8918]], [[-111.8808, 33.0993], [-111.8754, 33.0929], [-111.8687, 33.0913], [-111.8672, 33.0782], [-111.8618, 33.0728], [-111.8188, 33.072], [-111.8092, 33.0793], [-111.8105, 33.0876], [-111.8172, 33.097], [-111.8407, 33.0983], [-111.8572, 33.117], [-111.8728, 33.117], [-111.8795, 33.1076], [-111.8808, 33.0993]], [[-111.8708, 33.8293], [-111.8654, 33.8229], [-111.852, 33.822], [-111.8449, 33.8249], [-111.842, 33.832], [-111.842, 33.858], [-111.8449, 33.8651], [-111.8584, 33.868], [-111.8663, 33.8641], [-111.8695, 33.8376], [-111.8708, 33.8293]], [[-111.9151, 33.6749], [-111.8993, 33.6717], [-111.8939, 33.6634], [-111.8837, 33.6588], [-111.8762, 33.6603], [-111.8719, 33.6667], [-111.8728, 33.6918], [-111.8782, 33.6972], [-111.8913, 33.6987], [-111.8973, 33.71], [-111.9043, 33.7109], [-111.917, 33.7028], [-111.918, 33.682], [-111.9151, 33.6749]], [[-112.1093, 33.0311], [-112.1155, 33.0278], [-112.1211, 33.0136], [-112.1188, 33.0055], [-112.0993, 33.0017], [-112.092, 32.9964], [-112.0807, 33.0017], [-112.0693, 33.0017], [-112.068, 32.991], [-112.071, 32.988], [-112.0927, 32.99], [-112.0987, 32.9787], [-112.1154, 32.9771], [-112.1208, 32.9707], [-112.117, 32.9472], [-112.1083, 32.9407], [-112.108, 32.922], [-112.1051, 32.9149], [-112.0887, 32.9113], [-112.0728, 32.893], [-112.0293, 32.8917], [-112.0241, 32.8737], [-112.0128, 32.863], [-111.9987, 32.8613], [-111.9828, 32.843], [-111.9293, 32.8417], [-111.9274, 32.7953], [-111.9193, 32.7889], [-111.9059, 32.7937], [-111.9017, 32.8107], [-111.8934, 32.8161], [-111.8864, 32.828], [-111.8934, 32.8439], [-111.912, 32.861], [-111.9117, 32.8907], [-111.893, 32.9072], [-111.893, 32.9228], [-111.9061, 32.9366], [-111.9161, 32.9409], [-111.912, 32.9488], [-111.912, 32.9584], [-111.9159, 32.9663], [-111.9272, 32.977], [-111.9413, 32.9787], [-111.9572, 32.997], [-111.9713, 32.9987], [-111.9761, 33.0091], [-111.9482, 33.0128], [-111.9428, 33.0182], [-111.943, 33.0328], [-111.952, 33.041], [-111.952, 33.069], [-111.9489, 33.0764], [-111.9512, 33.0845], [-111.9588, 33.088], [-111.9807, 33.0883], [-111.992, 33.0936], [-112.0066, 33.0839], [-112.0109, 33.074], [-112.0213, 33.0787], [-112.0272, 33.087], [-112.0418, 33.0872], [-112.0472, 33.0818], [-112.0483, 33.0693], [-112.0566, 33.0639], [-112.0587, 33.0587], [-112.0728, 33.057], [-112.087, 33.0428], [-112.0887, 33.0287], [-112.1024, 33.0295], [-112.1093, 33.0311]], [[-111.9818, 33.7428], [-111.9593, 33.7417], [-111.9528, 33.733], [-111.942, 33.732], [-111.9349, 33.7349], [-111.9313, 33.7513], [-111.9182, 33.7528], [-111.9128, 33.7582], [-111.913, 33.7728], [-111.9217, 33.7793], [-111.922, 33.789], [-111.9219, 33.7919], [-111.9153, 33.7926], [-111.91, 33.7973], [-111.9117, 33.8093], [-111.922, 33.8136], [-111.9283, 33.8093], [-111.9312, 33.8012], [-111.941, 33.798], [-111.9507, 33.7983], [-111.9572, 33.807], [-111.9728, 33.807], [-111.987, 33.7928], [-111.988, 33.752], [-111.9818, 33.7428]], [[-111.933, 33.8372], [-111.9328, 33.8518], [-111.9382, 33.8572], [-111.9518, 33.8572], [-111.958, 33.848], [-111.9566, 33.8331], [-111.9502, 33.8288], [-111.94, 33.8318], [-111.933, 33.8372]], [[-112.1372, 33.8618], [-112.138, 33.8516], [-112.1263, 33.8359], [-112.1184, 33.832], [-112.102, 33.832], [-112.0949, 33.8349], [-112.092, 33.842], [-112.093, 33.8528], [-112.1037, 33.8641], [-112.1116, 33.868], [-112.128, 33.868], [-112.1372, 33.8618]], [[-112.297, 33.9028], [-112.298, 33.8916], [-112.2941, 33.8837], [-112.2839, 33.8791], [-112.2874, 33.8747], [-112.2882, 33.86], [-112.2828, 33.853], [-112.2682, 33.8528], [-112.2628, 33.8582], [-112.263, 33.8728], [-112.2761, 33.8809], [-112.2713, 33.8913], [-112.2634, 33.8961], [-112.2618, 33.91], [-112.2672, 33.917], [-112.2784, 33.918], [-112.2863, 33.9141], [-112.29, 33.9082], [-112.297, 33.9028]], [[-112.7218, 33.3128], [-112.7016, 33.312], [-112.689, 33.322], [-112.6372, 33.323], [-112.6307, 33.3317], [-112.6072, 33.333], [-112.6007, 33.3417], [-112.5849, 33.3449], [-112.5817, 33.3607], [-112.579, 33.362], [-112.5687, 33.3613], [-112.5672, 33.3482], [-112.5618, 33.3428], [-112.5416, 33.342], [-112.5337, 33.3459], [-112.5307, 33.3517], [-112.5172, 33.353], [-112.5107, 33.3617], [-112.4772, 33.363], [-112.4707, 33.3717], [-112.4549, 33.3749], [-112.4507, 33.3917], [-112.4316, 33.392], [-112.4237, 33.3959], [-112.4207, 33.4017], [-112.3988, 33.402], [-112.3912, 33.4055], [-112.3889, 33.4136], [-112.392, 33.421], [-112.3907, 33.4417], [-112.3787, 33.4413], [-112.3627, 33.42], [-112.3557, 33.4191], [-112.3459, 33.4237], [-112.342, 33.4316], [-112.3417, 33.4507], [-112.3359, 33.4537], [-112.332, 33.4616], [-112.3317, 33.4907], [-112.3259, 33.4937], [-112.322, 33.5016], [-112.322, 33.589], [-112.312, 33.6016], [-112.313, 33.6128], [-112.3217, 33.6193], [-112.323, 33.6328], [-112.3317, 33.6393], [-112.332, 33.6784], [-112.3359, 33.6863], [-112.3472, 33.697], [-112.3728, 33.697], [-112.3893, 33.6783], [-112.4128, 33.677], [-112.4387, 33.6487], [-112.4518, 33.6472], [-112.4572, 33.6418], [-112.457, 33.6172], [-112.448, 33.609], [-112.448, 33.581], [-112.458, 33.5684], [-112.458, 33.521], [-112.4636, 33.508], [-112.4583, 33.5007], [-112.459, 33.483], [-112.4555, 33.4722], [-112.4493, 33.4689], [-112.439, 33.472], [-112.4283, 33.4707], [-112.4287, 33.4487], [-112.4918, 33.4472], [-112.4972, 33.4418], [-112.4983, 33.4293], [-112.501, 33.428], [-112.5207, 33.4283], [-112.5249, 33.4451], [-112.532, 33.448], [-112.5484, 33.448], [-112.5563, 33.4441], [-112.5793, 33.4183], [-112.6027, 33.42], [-112.6093, 33.4083], [-112.659, 33.408], [-112.668, 33.4136], [-112.681, 33.408], [-112.6963, 33.4112], [-112.7038, 33.4097], [-112.7081, 33.4033], [-112.7083, 33.3693], [-112.7218, 33.3672], [-112.7272, 33.3618], [-112.728, 33.322], [-112.7218, 33.3128]], [[-112.3441, 33.7437], [-112.3297, 33.7419], [-112.3234, 33.7461], [-112.3219, 33.7603], [-112.3261, 33.7666], [-112.3357, 33.7709], [-112.3427, 33.77], [-112.3474, 33.7647], [-112.348, 33.7516], [-112.3441, 33.7437]], [[-112.4798, 33.4788], [-112.4734, 33.4831], [-112.4726, 33.4947], [-112.4773, 33.5], [-112.4843, 33.5009], [-112.4921, 33.4956], [-112.4936, 33.488], [-112.4873, 33.4803], [-112.4798, 33.4788]], [[-112.7939, 33.2634], [-112.7843, 33.2591], [-112.7745, 33.2622], [-112.7713, 33.2713], [-112.763, 33.2772], [-112.7617, 33.2907], [-112.753, 33.2972], [-112.752, 33.308], [-112.7549, 33.3151], [-112.7684, 33.318], [-112.7763, 33.3141], [-112.7787, 33.3087], [-112.797, 33.2928], [-112.7986, 33.2722], [-112.7939, 33.2634]], [[-112.838, 34.348], [-112.8472, 34.3418], [-112.8472, 34.2582], [-112.838, 34.252], [-112.7582, 34.2528], [-112.752, 34.262], [-112.7528, 34.3418], [-112.762, 34.348], [-112.8078, 34.3486], [-112.838, 34.348]], [[-112.8708, 33.0307], [-112.8695, 33.0224], [-112.8628, 33.013], [-112.8493, 33.0117], [-112.8428, 33.003], [-112.8293, 33.0017], [-112.8128, 32.983], [-112.802, 32.982], [-112.7949, 32.9849], [-112.792, 32.992], [-112.793, 33.0028], [-112.8017, 33.0093], [-112.8049, 33.0251], [-112.8207, 33.0283], [-112.8237, 33.0341], [-112.8316, 33.038], [-112.8612, 33.038], [-112.8708, 33.0307]], [[-112.9636, 32.922], [-112.9621, 32.9144], [-112.9439, 32.8934], [-112.937, 32.891], [-112.912, 32.892], [-112.9028, 32.8982], [-112.9007, 32.9117], [-112.8282, 32.9128], [-112.8228, 32.9182], [-112.8217, 32.9307], [-112.8164, 32.942], [-112.8272, 32.957], [-112.869, 32.958], [-112.8797, 32.9681], [-112.9007, 32.9683], [-112.9059, 32.9863], [-112.913, 32.989], [-112.9307, 32.9883], [-112.9372, 32.997], [-112.948, 32.998], [-112.9551, 32.9951], [-112.958, 32.988], [-112.9593, 32.9283], [-112.9636, 32.922]], [[-113.1527, 33.51], [-113.158, 33.5012], [-113.157, 33.4772], [-113.1487, 33.4713], [-113.1455, 33.4622], [-113.1393, 33.4589], [-113.121, 33.462], [-113.108, 33.4564], [-113.0912, 33.4655], [-113.0889, 33.4736], [-113.0937, 33.4841], [-113.1113, 33.4887], [-113.1149, 33.5051], [-113.1424, 33.5095], [-113.1527, 33.51]], [[-113.1441, 33.9363], [-113.148, 33.9284], [-113.1451, 33.9149], [-113.1237, 33.9088], [-113.1162, 33.9103], [-113.1119, 33.9167], [-113.112, 33.938], [-113.1149, 33.9451], [-113.122, 33.948], [-113.1328, 33.947], [-113.14, 33.9382], [-113.1441, 33.9363]], [[-113.1972, 33.4118], [-113.198, 33.402], [-113.1918, 33.3928], [-113.1781, 33.3908], [-113.1811, 33.3736], [-113.1788, 33.3655], [-113.1687, 33.3613], [-113.1628, 33.353], [-113.1472, 33.353], [-113.1364, 33.368], [-113.1379, 33.3756], [-113.1561, 33.3966], [-113.1619, 33.3992], [-113.1649, 33.4151], [-113.172, 33.418], [-113.188, 33.418], [-113.1972, 33.4118]], [[-113.2472, 33.9482], [-113.238, 33.942], [-113.1616, 33.942], [-113.1537, 33.9459], [-113.1489, 33.9564], [-113.1546, 33.9671], [-113.2007, 33.9683], [-113.2028, 33.9818], [-113.212, 33.988], [-113.2228, 33.987], [-113.2293, 33.9783], [-113.2428, 33.977], [-113.2486, 33.9678], [-113.2472, 33.9482]], [[-113.2508, 37.0593], [-113.2454, 37.0529], [-113.2307, 37.0489], [-113.2226, 37.0553], [-113.221, 37.067], [-113.2272, 37.077], [-113.2428, 37.077], [-113.2495, 37.0676], [-113.2508, 37.0593]], [[-113.3136, 33.072], [-113.3121, 33.0644], [-113.3043, 33.0591], [-113.2973, 33.06], [-113.292, 33.0688], [-113.2945, 33.0778], [-113.3007, 33.0811], [-113.3093, 33.0783], [-113.3136, 33.072]], [[-113.3708, 32.7907], [-113.3663, 32.7759], [-113.3584, 32.772], [-113.3472, 32.773], [-113.341, 32.783], [-113.3437, 32.7941], [-113.3516, 32.798], [-113.3612, 32.798], [-113.3708, 32.7907]], [[-113.5269, 37.1166], [-113.5312, 37.1102], [-113.5266, 37.0961], [-113.512, 37.0864], [-113.4959, 37.0937], [-113.492, 37.1016], [-113.4959, 37.1163], [-113.503, 37.119], [-113.5194, 37.1181], [-113.5269, 37.1166]], [[-113.597, 33.8128], [-113.597, 33.7972], [-113.5843, 33.7891], [-113.5773, 33.79], [-113.5713, 33.8013], [-113.563, 33.8072], [-113.5619, 33.8219], [-113.5482, 33.8228], [-113.5428, 33.8282], [-113.5434, 33.8469], [-113.5537, 33.8512], [-113.5639, 33.8466], [-113.5712, 33.8312], [-113.5839, 33.8266], [-113.59, 33.8182], [-113.597, 33.8128]], [[-113.5872, 37.1018], [-113.5872, 37.0782], [-113.578, 37.072], [-113.5582, 37.0728], [-113.552, 37.082], [-113.5528, 37.1018], [-113.5582, 37.1072], [-113.578, 37.108], [-113.5872, 37.1018]], [[-113.6302, 37.1412], [-113.6366, 37.1369], [-113.638, 37.1116], [-113.6341, 37.1037], [-113.6207, 37.0989], [-113.6126, 37.1053], [-113.611, 37.127], [-113.6134, 37.1339], [-113.6227, 37.1397], [-113.6302, 37.1412]], [[-113.6634, 36.1169], [-113.6698, 36.1212], [-113.6841, 36.1163], [-113.688, 36.1084], [-113.6855, 36.0922], [-113.6757, 36.0891], [-113.6659, 36.0937], [-113.6619, 36.1094], [-113.6634, 36.1169]], [[-113.7788, 32.8145], [-113.7811, 32.8064], [-113.7755, 32.7922], [-113.7657, 32.7891], [-113.7534, 32.7961], [-113.7488, 32.8102], [-113.7567, 32.8181], [-113.7712, 32.818], [-113.7788, 32.8145]], [[-113.8474, 34.7553], [-113.8393, 34.7489], [-113.829, 34.752], [-113.762, 34.752], [-113.7549, 34.7549], [-113.752, 34.762], [-113.752, 34.838], [-113.7549, 34.8451], [-113.762, 34.848], [-113.8412, 34.848], [-113.8488, 34.8445], [-113.8511, 34.8364], [-113.848, 34.829], [-113.8486, 34.7722], [-113.8474, 34.7553]], [[-113.9451, 37.0549], [-113.938, 37.052], [-113.7582, 37.0528], [-113.752, 37.062], [-113.7528, 37.1418], [-113.762, 37.148], [-113.839, 37.148], [-113.8513, 37.1587], [-113.852, 37.238], [-113.8582, 37.2472], [-113.9418, 37.2472], [-113.948, 37.238], [-113.948, 37.062], [-113.9451, 37.0549]], [[-113.8008, 33.9493], [-113.7954, 33.9429], [-113.7782, 33.9428], [-113.7728, 33.9482], [-113.773, 33.9628], [-113.78, 33.9682], [-113.7939, 33.9666], [-113.7995, 33.9576], [-113.8008, 33.9493]], [[-113.8355, 32.7722], [-113.8293, 32.7689], [-113.8159, 32.7737], [-113.8089, 32.7964], [-113.8112, 32.8045], [-113.8284, 32.808], [-113.8363, 32.8041], [-113.8436, 32.792], [-113.838, 32.7788], [-113.8355, 32.7722]], [[-113.8788, 32.7455], [-113.8616, 32.742], [-113.8537, 32.7459], [-113.8464, 32.762], [-113.8544, 32.7721], [-113.862, 32.7736], [-113.8739, 32.7666], [-113.8795, 32.7576], [-113.8788, 32.7455]], [[-113.8492, 32.7907], [-113.8546, 32.7971], [-113.8654, 32.7971], [-113.8708, 32.7907], [-113.8695, 32.7824], [-113.862, 32.7764], [-113.8544, 32.7779], [-113.8505, 32.7824], [-113.8492, 32.7907]], [[-114.1918, 32.6628], [-114.1816, 32.662], [-114.1737, 32.6659], [-114.1708, 32.6719], [-114.1272, 32.673], [-114.109, 32.692], [-114.0993, 32.6917], [-114.0939, 32.6834], [-114.0807, 32.6789], [-114.0745, 32.6822], [-114.0707, 32.6917], [-114.0373, 32.69], [-114.032, 32.6988], [-114.0346, 32.7146], [-114.028, 32.712], [-113.9972, 32.713], [-113.9907, 32.7217], [-113.9749, 32.7249], [-113.9707, 32.7417], [-113.9593, 32.7417], [-113.948, 32.7364], [-113.9407, 32.7417], [-113.9282, 32.7428], [-113.9228, 32.7482], [-113.9208, 32.7619], [-113.9116, 32.762], [-113.9037, 32.7659], [-113.8992, 32.7807], [-113.9046, 32.7871], [-113.9184, 32.788], [-113.9263, 32.7841], [-113.9292, 32.7781], [-113.9684, 32.778], [-113.9763, 32.7741], [-113.9793, 32.7683], [-114.0028, 32.767], [-114.0093, 32.7583], [-114.0328, 32.757], [-114.0436, 32.742], [-114.0354, 32.7154], [-114.0513, 32.7187], [-114.0519, 32.7333], [-114.0598, 32.7412], [-114.0928, 32.737], [-114.0993, 32.7283], [-114.1228, 32.727], [-114.1393, 32.7083], [-114.1528, 32.707], [-114.1593, 32.6983], [-114.1728, 32.697], [-114.1792, 32.6881], [-114.1951, 32.6851], [-114.198, 32.672], [-114.1918, 32.6628]], [[-114.047, 35.2328], [-114.048, 35.2216], [-114.0441, 35.2137], [-114.0298, 35.2088], [-114.0219, 35.2167], [-114.0226, 35.2347], [-114.0261, 35.2391], [-114.013, 35.2472], [-114.012, 35.258], [-114.0149, 35.2651], [-114.022, 35.268], [-114.0351, 35.2651], [-114.038, 35.2488], [-114.0339, 35.2409], [-114.047, 35.2328]], [[-114.1451, 36.5549], [-114.138, 36.552], [-114.062, 36.552], [-114.0549, 36.5549], [-114.052, 36.562], [-114.0517, 36.6207], [-114.033, 36.6372], [-114.033, 36.6528], [-114.04, 36.6582], [-114.047, 36.659], [-114.0539, 36.6566], [-114.0593, 36.6483], [-114.069, 36.648], [-114.0772, 36.657], [-114.0884, 36.658], [-114.0963, 36.6541], [-114.0993, 36.6483], [-114.138, 36.648], [-114.1451, 36.6451], [-114.148, 36.638], [-114.148, 36.562], [-114.1451, 36.5549]], [[-114.1572, 35.4418], [-114.158, 35.4316], [-114.148, 35.419], [-114.148, 35.362], [-114.1451, 35.3549], [-114.138, 35.352], [-114.062, 35.352], [-114.0549, 35.3549], [-114.052, 35.362], [-114.052, 35.438], [-114.0549, 35.4451], [-114.062, 35.448], [-114.099, 35.448], [-114.108, 35.4536], [-114.121, 35.448], [-114.148, 35.448], [-114.1572, 35.4418]], [[-114.1018, 36.7928], [-114.0772, 36.793], [-114.0707, 36.8017], [-114.0549, 36.8049], [-114.052, 36.812], [-114.0528, 36.8218], [-114.0582, 36.8272], [-114.0803, 36.8281], [-114.0893, 36.8183], [-114.1051, 36.8151], [-114.108, 36.802], [-114.1018, 36.7928]], [[-114.1927, 35.56], [-114.1993, 35.5483], [-114.238, 35.548], [-114.2472, 35.5418], [-114.248, 35.462], [-114.2418, 35.4528], [-114.162, 35.452], [-114.1528, 35.4582], [-114.1528, 35.5418], [-114.1582, 35.5472], [-114.1707, 35.5483], [-114.1761, 35.5566], [-114.1824, 35.5595], [-114.1927, 35.56]], [[-114.4036, 34.478], [-114.3983, 34.4707], [-114.3972, 34.4582], [-114.3918, 34.4528], [-114.3793, 34.4517], [-114.3763, 34.4459], [-114.3684, 34.442], [-114.341, 34.442], [-114.3307, 34.4389], [-114.3245, 34.4422], [-114.3207, 34.4517], [-114.262, 34.452], [-114.2549, 34.4549], [-114.252, 34.462], [-114.253, 34.4728], [-114.2817, 34.4993], [-114.2849, 34.5151], [-114.292, 34.518], [-114.3107, 34.5183], [-114.318, 34.5236], [-114.331, 34.518], [-114.3528, 34.517], [-114.361, 34.508], [-114.3707, 34.5083], [-114.378, 34.5136], [-114.3856, 34.5121], [-114.397, 34.5028], [-114.3993, 34.4883], [-114.4036, 34.478]], [[-114.3061, 32.7366], [-114.3127, 32.7397], [-114.3238, 32.7397], [-114.3281, 32.7333], [-114.327, 32.7172], [-114.3028, 32.693], [-114.2893, 32.6917], [-114.2828, 32.683], [-114.2672, 32.683], [-114.2589, 32.6964], [-114.2612, 32.7045], [-114.2713, 32.7087], [-114.2872, 32.727], [-114.3019, 32.7303], [-114.3061, 32.7366]], [[-114.3045, 36.0778], [-114.3107, 36.0811], [-114.3241, 36.0763], [-114.328, 36.0684], [-114.3272, 36.0582], [-114.3218, 36.0528], [-114.3082, 36.0528], [-114.3028, 36.0582], [-114.302, 36.0712], [-114.3045, 36.0778]], [[-114.5039, 33.7434], [-114.493, 33.741], [-114.4861, 33.7434], [-114.4807, 33.7517], [-114.4607, 33.7489], [-114.4526, 33.7553], [-114.4517, 33.7707], [-114.443, 33.7772], [-114.441, 33.793], [-114.4434, 33.8039], [-114.4517, 33.8093], [-114.4517, 33.8207], [-114.4382, 33.8228], [-114.4328, 33.8282], [-114.432, 33.859], [-114.423, 33.8672], [-114.4217, 33.8907], [-114.4134, 33.8961], [-114.4107, 33.9017], [-114.3949, 33.9049], [-114.392, 33.912], [-114.3917, 33.9307], [-114.3782, 33.9328], [-114.3728, 33.9382], [-114.372, 33.948], [-114.3749, 33.9551], [-114.382, 33.958], [-114.4007, 33.9583], [-114.402, 33.961], [-114.4017, 33.9907], [-114.383, 34.0072], [-114.3817, 34.0307], [-114.3764, 34.038], [-114.382, 34.051], [-114.3817, 34.0807], [-114.3687, 34.0813], [-114.367, 34.0672], [-114.3583, 34.0607], [-114.3581, 34.0481], [-114.3654, 34.0471], [-114.3708, 34.0407], [-114.3695, 34.0324], [-114.362, 34.0264], [-114.3544, 34.0279], [-114.3488, 34.0388], [-114.3249, 34.0449], [-114.3213, 34.0613], [-114.3082, 34.0628], [-114.3028, 34.0682], [-114.302, 34.078], [-114.3049, 34.0851], [-114.3217, 34.0893], [-114.322, 34.118], [-114.3282, 34.1272], [-114.3584, 34.128], [-114.371, 34.118], [-114.3893, 34.1211], [-114.3955, 34.1178], [-114.3993, 34.1083], [-114.4163, 34.1041], [-114.427, 34.0928], [-114.4283, 34.0693], [-114.4341, 34.0663], [-114.438, 34.0584], [-114.437, 34.0372], [-114.4283, 34.0307], [-114.4287, 34.0187], [-114.4339, 34.0166], [-114.4493, 33.9983], [-114.4728, 33.997], [-114.527, 33.9428], [-114.527, 33.9272], [-114.5183, 33.9207], [-114.5172, 33.9082], [-114.5118, 33.9028], [-114.4993, 33.9017], [-114.498, 33.899], [-114.4983, 33.8793], [-114.5066, 33.8739], [-114.509, 33.867], [-114.5083, 33.8493], [-114.5218, 33.8472], [-114.528, 33.838], [-114.527, 33.8072], [-114.5187, 33.8013], [-114.517, 33.7872], [-114.5083, 33.7807], [-114.5086, 33.7522], [-114.5039, 33.7434]], [[-114.5272, 36.1518], [-114.527, 36.1372], [-114.5087, 36.1213], [-114.5039, 36.1134], [-114.4943, 36.1091], [-114.4845, 36.1122], [-114.4807, 36.1217], [-114.4693, 36.1217], [-114.4628, 36.113], [-114.4516, 36.112], [-114.4437, 36.1159], [-114.4407, 36.1217], [-114.4072, 36.123], [-114.4007, 36.1317], [-114.3746, 36.1329], [-114.3692, 36.1393], [-114.3737, 36.1541], [-114.3917, 36.1593], [-114.393, 36.1928], [-114.4017, 36.1993], [-114.4026, 36.2147], [-114.4107, 36.2211], [-114.427, 36.2128], [-114.4283, 36.1993], [-114.4341, 36.1963], [-114.438, 36.1884], [-114.4383, 36.1593], [-114.4466, 36.1539], [-114.4493, 36.1483], [-114.489, 36.148], [-114.4972, 36.157], [-114.518, 36.158], [-114.5272, 36.1518]], [[-114.3907, 36.3089], [-114.3845, 36.3122], [-114.3817, 36.3407], [-114.373, 36.3472], [-114.3719, 36.3633], [-114.3798, 36.3712], [-114.3939, 36.3666], [-114.407, 36.3528], [-114.408, 36.3216], [-114.4041, 36.3137], [-114.3976, 36.3105], [-114.3907, 36.3089]], [[-114.477, 32.8728], [-114.4812, 32.8398], [-114.4733, 32.8319], [-114.4567, 32.8319], [-114.4488, 32.8398], [-114.453, 32.8728], [-114.46, 32.8782], [-114.4678, 32.8786], [-114.477, 32.8728]], [[-114.6627, 34.98], [-114.6674, 34.9747], [-114.6672, 34.9482], [-114.6618, 34.9428], [-114.6492, 34.9419], [-114.6466, 34.9361], [-114.6283, 34.9207], [-114.628, 34.901], [-114.6336, 34.888], [-114.6266, 34.8761], [-114.6183, 34.8707], [-114.6166, 34.8531], [-114.6102, 34.8488], [-114.581, 34.852], [-114.5728, 34.843], [-114.5492, 34.8419], [-114.5483, 34.8093], [-114.5651, 34.8051], [-114.568, 34.798], [-114.567, 34.7872], [-114.5428, 34.763], [-114.5293, 34.7617], [-114.5239, 34.7534], [-114.5137, 34.7488], [-114.5062, 34.7503], [-114.5019, 34.7567], [-114.501, 34.777], [-114.5034, 34.7839], [-114.5217, 34.7993], [-114.5217, 34.8107], [-114.5164, 34.822], [-114.5217, 34.8293], [-114.5228, 34.8518], [-114.5282, 34.8572], [-114.5408, 34.8581], [-114.5572, 34.877], [-114.5713, 34.8787], [-114.572, 34.889], [-114.5689, 34.8964], [-114.5712, 34.9045], [-114.5817, 34.9093], [-114.5849, 34.9251], [-114.6007, 34.9283], [-114.6061, 34.9366], [-114.6117, 34.9393], [-114.6119, 34.9508], [-114.6064, 34.962], [-114.6161, 34.9709], [-114.612, 34.9788], [-114.6161, 34.9891], [-114.6079, 34.9944], [-114.6079, 35.0056], [-114.6193, 35.0111], [-114.6274, 35.0047], [-114.6274, 34.9953], [-114.6239, 34.9909], [-114.6336, 34.982], [-114.6321, 34.9744], [-114.6239, 34.9691], [-114.6293, 34.9583], [-114.6408, 34.9581], [-114.643, 34.9728], [-114.6524, 34.9795], [-114.6627, 34.98]], [[-114.5255, 33.6922], [-114.5157, 33.6891], [-114.503, 33.6972], [-114.5028, 33.7118], [-114.5082, 33.7172], [-114.5228, 33.717], [-114.5282, 33.71], [-114.5286, 33.7022], [-114.5255, 33.6922]], [[-114.7366, 33.3861], [-114.7283, 33.3807], [-114.727, 33.3672], [-114.7083, 33.3507], [-114.7083, 33.3393], [-114.7166, 33.3339], [-114.7212, 33.3237], [-114.7197, 33.3162], [-114.7133, 33.3119], [-114.6882, 33.3128], [-114.682, 33.322], [-114.6817, 33.3507], [-114.673, 33.3572], [-114.6688, 33.3788], [-114.653, 33.3872], [-114.6517, 33.4007], [-114.643, 33.4072], [-114.6417, 33.4207], [-114.633, 33.4272], [-114.6313, 33.4413], [-114.623, 33.4472], [-114.6217, 33.4707], [-114.6134, 33.4761], [-114.6107, 33.4817], [-114.5937, 33.4859], [-114.5913, 33.4913], [-114.563, 33.5172], [-114.5613, 33.5313], [-114.5434, 33.5461], [-114.541, 33.553], [-114.5417, 33.5907], [-114.5334, 33.5961], [-114.531, 33.603], [-114.532, 33.659], [-114.5234, 33.6661], [-114.5188, 33.6763], [-114.5231, 33.6866], [-114.5407, 33.6883], [-114.5445, 33.6978], [-114.5507, 33.7011], [-114.5828, 33.697], [-114.5893, 33.6883], [-114.6128, 33.687], [-114.637, 33.6628], [-114.6387, 33.6387], [-114.6563, 33.6341], [-114.6587, 33.6087], [-114.6751, 33.6051], [-114.6787, 33.5887], [-114.6928, 33.587], [-114.707, 33.5728], [-114.7083, 33.5593], [-114.727, 33.5428], [-114.7283, 33.5193], [-114.7341, 33.5163], [-114.738, 33.5084], [-114.738, 33.441], [-114.748, 33.4284], [-114.747, 33.4172], [-114.7383, 33.4107], [-114.7386, 33.3922], [-114.7366, 33.3861]], [[-114.5731, 34.9834], [-114.5688, 34.9898], [-114.5734, 35.0039], [-114.588, 35.0136], [-114.5956, 35.0121], [-114.6036, 35.002], [-114.6021, 34.9944], [-114.5928, 34.983], [-114.5806, 34.9819], [-114.5731, 34.9834]], [[-114.6328, 35.093], [-114.6172, 35.093], [-114.6079, 35.1044], [-114.6064, 35.112], [-114.6144, 35.1221], [-114.622, 35.1236], [-114.6366, 35.1139], [-114.6386, 35.1022], [-114.6328, 35.093]], [[-114.6727, 35.47], [-114.6774, 35.4647], [-114.677, 35.4272], [-114.6487, 35.4013], [-114.6439, 35.3934], [-114.6387, 35.3913], [-114.6339, 35.3834], [-114.6243, 35.3791], [-114.6173, 35.38], [-114.612, 35.3888], [-114.612, 35.4184], [-114.6159, 35.4263], [-114.6217, 35.4293], [-114.623, 35.4428], [-114.6472, 35.467], [-114.6624, 35.4695], [-114.6727, 35.47]], [[-114.7172, 33.2918], [-114.717, 33.2772], [-114.6887, 33.2513], [-114.6839, 33.2434], [-114.673, 33.241], [-114.6659, 33.2437], [-114.662, 33.2516], [-114.663, 33.2928], [-114.678, 33.3036], [-114.691, 33.298], [-114.708, 33.298], [-114.7172, 33.2918]], [[-114.7739, 36.0334], [-114.762, 36.0264], [-114.7312, 36.0355], [-114.7289, 36.0436], [-114.732, 36.051], [-114.7313, 36.0813], [-114.7261, 36.0834], [-114.7207, 36.0917], [-114.6972, 36.093], [-114.6907, 36.1017], [-114.6772, 36.103], [-114.6689, 36.1164], [-114.6712, 36.1245], [-114.6788, 36.128], [-114.707, 36.129], [-114.7139, 36.1266], [-114.7193, 36.1183], [-114.7503, 36.1181], [-114.7693, 36.0983], [-114.7869, 36.0966], [-114.7912, 36.0902], [-114.788, 36.071], [-114.7936, 36.058], [-114.7866, 36.0461], [-114.7781, 36.0397], [-114.7739, 36.0334]], [[-115.3618, 36.1628], [-115.3483, 36.1607], [-115.3472, 36.1082], [-115.3418, 36.1028], [-115.3287, 36.1013], [-115.327, 36.0872], [-115.3183, 36.0807], [-115.3151, 36.0649], [-115.2993, 36.0617], [-115.2955, 36.0522], [-115.2893, 36.0489], [-115.279, 36.052], [-115.2587, 36.0513], [-115.259, 36.033], [-115.2528, 36.023], [-115.2337, 36.0188], [-115.2262, 36.0203], [-115.2219, 36.0267], [-115.2213, 36.0413], [-115.1882, 36.0428], [-115.1828, 36.0482], [-115.1813, 36.0613], [-115.1687, 36.0613], [-115.1683, 36.0393], [-115.1788, 36.0345], [-115.1811, 36.0264], [-115.177, 36.0072], [-115.1683, 36.0007], [-115.1672, 35.9682], [-115.158, 35.962], [-115.1287, 35.9613], [-115.1272, 35.9382], [-115.1218, 35.9328], [-115.093, 35.931], [-115.0859, 35.9337], [-115.0817, 35.9507], [-115.0764, 35.958], [-115.082, 35.971], [-115.0817, 36.0007], [-115.071, 36.002], [-115.058, 35.9964], [-115.0507, 36.0017], [-115.0382, 36.0028], [-115.0328, 36.0082], [-115.0307, 36.0217], [-114.9987, 36.0213], [-114.997, 35.9972], [-114.987, 35.991], [-114.9488, 35.992], [-114.9392, 35.9993], [-114.943, 36.0228], [-114.952, 36.031], [-114.952, 36.049], [-114.9464, 36.062], [-114.9517, 36.0693], [-114.9549, 36.0851], [-114.962, 36.088], [-114.9751, 36.0851], [-114.978, 36.078], [-114.9783, 36.0593], [-114.9907, 36.0583], [-114.9949, 36.0851], [-115.0113, 36.0887], [-115.0134, 36.0939], [-115.0217, 36.0993], [-115.023, 36.1128], [-115.0317, 36.1193], [-115.0317, 36.1307], [-115.0259, 36.1337], [-115.022, 36.1416], [-115.021, 36.197], [-115.0272, 36.207], [-115.0407, 36.2083], [-115.042, 36.211], [-115.0417, 36.2207], [-115.0334, 36.2261], [-115.0264, 36.238], [-115.032, 36.251], [-115.0292, 36.2707], [-115.0346, 36.2771], [-115.048, 36.278], [-115.0551, 36.2751], [-115.058, 36.268], [-115.0583, 36.2493], [-115.069, 36.248], [-115.072, 36.251], [-115.0728, 36.2718], [-115.0782, 36.2772], [-115.1107, 36.2783], [-115.1137, 36.2841], [-115.1216, 36.288], [-115.1607, 36.2883], [-115.1672, 36.297], [-115.1813, 36.2987], [-115.1872, 36.307], [-115.2007, 36.3083], [-115.2072, 36.317], [-115.2228, 36.317], [-115.2293, 36.3083], [-115.239, 36.308], [-115.2472, 36.317], [-115.279, 36.318], [-115.288, 36.3236], [-115.301, 36.318], [-115.3218, 36.3172], [-115.3272, 36.3118], [-115.3283, 36.2993], [-115.337, 36.2928], [-115.338, 36.2816], [-115.337, 36.2772], [-115.3228, 36.263], [-115.3083, 36.2607], [-115.3083, 36.2293], [-115.3263, 36.2241], [-115.337, 36.2128], [-115.3387, 36.1887], [-115.3618, 36.1872], [-115.3672, 36.1818], [-115.368, 36.172], [-115.3618, 36.1628]], [[-115.2451, 35.5549], [-115.238, 35.552], [-115.162, 35.552], [-115.1549, 35.5549], [-115.152, 35.562], [-115.152, 35.638], [-115.1549, 35.6451], [-115.162, 35.648], [-115.238, 35.648], [-115.2451, 35.6451], [-115.248, 35.638], [-115.248, 35.562], [-115.2451, 35.5549]], [[-115.2064, 35.998], [-115.2079, 36.0056], [-115.2157, 36.0109], [-115.2227, 36.01], [-115.2274, 36.0047], [-115.2266, 35.9931], [-115.2202, 35.9888], [-115.2107, 35.9917], [-115.2064, 35.998]], [[-115.349, 35.152], [-115.262, 35.152], [-115.2549, 35.1549], [-115.252, 35.162], [-115.252, 35.238], [-115.2549, 35.2451], [-115.262, 35.248], [-115.438, 35.248], [-115.4451, 35.2451], [-115.448, 35.238], [-115.448, 35.062], [-115.4451, 35.0549], [-115.438, 35.052], [-115.362, 35.052], [-115.3549, 35.0549], [-115.352, 35.062], [-115.352, 35.149], [-115.349, 35.152]], [[-115.2692, 36.0093], [-115.2734, 36.0239], [-115.2813, 36.0287], [-115.2873, 36.04], [-115.2943, 36.0409], [-115.3041, 36.0363], [-115.308, 36.0284], [-115.307, 36.0172], [-115.2928, 36.003], [-115.2788, 36.002], [-115.2692, 36.0093]], [[-115.9628, 36.433], [-115.9483, 36.4307], [-115.948, 36.362], [-115.9451, 36.3549], [-115.938, 36.352], [-115.8793, 36.3517], [-115.8751, 36.3249], [-115.8483, 36.3207], [-115.848, 36.262], [-115.8451, 36.2549], [-115.838, 36.252], [-115.7793, 36.2517], [-115.7628, 36.233], [-115.7487, 36.2313], [-115.748, 36.162], [-115.7451, 36.1549], [-115.738, 36.152], [-115.6487, 36.1513], [-115.6483, 36.1393], [-115.6536, 36.128], [-115.648, 36.119], [-115.648, 36.062], [-115.6451, 36.0549], [-115.638, 36.052], [-115.5487, 36.0513], [-115.548, 35.862], [-115.5451, 35.8549], [-115.538, 35.852], [-115.362, 35.852], [-115.3549, 35.8549], [-115.352, 35.862], [-115.352, 35.938], [-115.3549, 35.9451], [-115.362, 35.948], [-115.4517, 35.9493], [-115.4528, 36.3418], [-115.462, 36.348], [-115.5513, 36.3487], [-115.552, 36.438], [-115.5549, 36.4451], [-115.562, 36.448], [-115.879, 36.448], [-115.8916, 36.458], [-115.9407, 36.4583], [-115.952, 36.471], [-115.952, 36.538], [-115.9549, 36.5451], [-115.962, 36.548], [-116.038, 36.548], [-116.0451, 36.5451], [-116.048, 36.538], [-116.048, 36.462], [-116.0451, 36.4549], [-116.038, 36.452], [-115.981, 36.452], [-115.9682, 36.44], [-115.9628, 36.433]], [[-115.5451, 35.3549], [-115.538, 35.352], [-115.462, 35.352], [-115.4549, 35.3549], [-115.452, 35.362], [-115.452, 35.438], [-115.4549, 35.4451], [-115.462, 35.448], [-115.538, 35.448], [-115.5451, 35.4451], [-115.548, 35.438], [-115.548, 35.362], [-115.5451, 35.3549]], [[-115.5549, 35.5451], [-115.562, 35.548], [-115.638, 35.548], [-115.6451, 35.5451], [-115.648, 35.538], [-115.648, 35.462], [-115.6451, 35.4549], [-115.638, 35.452], [-115.562, 35.452], [-115.5549, 35.4549], [-115.552, 35.462], [-115.552, 35.538], [-115.5549, 35.5451]], [[-115.6451, 35.3451], [-115.648, 35.338], [-115.648, 35.262], [-115.6451, 35.2549], [-115.638, 35.252], [-115.562, 35.252], [-115.5549, 35.2549], [-115.552, 35.262], [-115.552, 35.338], [-115.5549, 35.3451], [-115.562, 35.348], [-115.638, 35.348], [-115.6451, 35.3451]], [[-115.7451, 34.7549], [-115.738, 34.752], [-115.662, 34.752], [-115.6549, 34.7549], [-115.652, 34.762], [-115.652, 34.838], [-115.6549, 34.8451], [-115.662, 34.848], [-115.738, 34.848], [-115.7451, 34.8451], [-115.748, 34.838], [-115.748, 34.762], [-115.7451, 34.7549]], [[-115.7839, 33.1034], [-115.7698, 33.0988], [-115.7619, 33.1067], [-115.7628, 33.1218], [-115.7682, 33.1272], [-115.7808, 33.1281], [-115.7834, 33.1339], [-115.7913, 33.1387], [-115.8072, 33.157], [-115.8228, 33.157], [-115.837, 33.1428], [-115.8372, 33.1282], [-115.8318, 33.1228], [-115.8193, 33.1217], [-115.8128, 33.113], [-115.7906, 33.1119], [-115.7839, 33.1034]], [[-115.9936, 36.142], [-115.9921, 36.1344], [-115.9843, 36.1291], [-115.9773, 36.13], [-115.9719, 36.1408], [-115.963, 36.1472], [-115.9589, 36.1664], [-115.9612, 36.1745], [-115.9688, 36.178], [-115.9812, 36.178], [-115.9888, 36.1745], [-115.9911, 36.1664], [-115.9881, 36.1492], [-115.9936, 36.142]], [[-116.0436, 36.218], [-116.0383, 36.2107], [-116.0372, 36.1882], [-116.0318, 36.1828], [-116.0073, 36.18], [-116.0013, 36.1913], [-115.9934, 36.1961], [-115.9889, 36.2064], [-115.9912, 36.2145], [-116.0107, 36.2183], [-116.0161, 36.2266], [-116.028, 36.2336], [-116.0393, 36.2283], [-116.0436, 36.218]], [[-116.0627, 36.24], [-116.0557, 36.2391], [-116.0479, 36.2444], [-116.0464, 36.252], [-116.0507, 36.2583], [-116.0593, 36.2611], [-116.0655, 36.2578], [-116.068, 36.2488], [-116.0627, 36.24]], [[-116.0737, 36.1959], [-116.0688, 36.2102], [-116.0767, 36.2181], [-116.0918, 36.2172], [-116.0972, 36.2118], [-116.0972, 36.1982], [-116.0918, 36.1928], [-116.0816, 36.192], [-116.0737, 36.1959]], [[-116.3451, 33.9549], [-116.338, 33.952], [-116.262, 33.952], [-116.2549, 33.9549], [-116.252, 33.962], [-116.252, 34.038], [-116.2549, 34.0451], [-116.262, 34.048], [-116.338, 34.048], [-116.3451, 34.0451], [-116.348, 34.038], [-116.348, 33.962], [-116.3451, 33.9549]], [[-116.4736, 32.828], [-116.4683, 32.8207], [-116.4672, 32.8082], [-116.4618, 32.8028], [-116.4483, 32.8007], [-116.448, 32.762], [-116.4451, 32.7549], [-116.438, 32.752], [-116.362, 32.752], [-116.3549, 32.7549], [-116.352, 32.762], [-116.352, 32.838], [-116.3549, 32.8451], [-116.362, 32.848], [-116.3807, 32.8483], [-116.3972, 32.867], [-116.4113, 32.8687], [-116.4272, 32.887], [-116.4607, 32.8883], [-116.4672, 32.897], [-116.478, 32.898], [-116.4872, 32.8918], [-116.488, 32.872], [-116.4818, 32.8628], [-116.4683, 32.8607], [-116.4693, 32.8383], [-116.4736, 32.828]], [[-116.498, 33.5316], [-116.4941, 33.5237], [-116.483, 33.521], [-116.4761, 33.5234], [-116.4707, 33.5317], [-116.461, 33.532], [-116.4483, 33.5207], [-116.448, 33.462], [-116.4418, 33.4528], [-116.362, 33.452], [-116.3528, 33.4582], [-116.352, 33.538], [-116.3582, 33.5472], [-116.429, 33.548], [-116.4361, 33.5566], [-116.4607, 33.5583], [-116.4637, 33.5641], [-116.4716, 33.568], [-116.488, 33.568], [-116.4951, 33.5651], [-116.4986, 33.5478], [-116.498, 33.5316]], [[-116.5141, 33.9537], [-116.4998, 33.9488], [-116.4919, 33.9567], [-116.4928, 33.9718], [-116.4982, 33.9772], [-116.5118, 33.9772], [-116.5172, 33.9718], [-116.518, 33.9616], [-116.5141, 33.9537]], [[-116.5828, 33.293], [-116.5784, 33.292], [-116.5482, 33.2928], [-116.542, 33.302], [-116.543, 33.3228], [-116.5597, 33.3381], [-116.5818, 33.3372], [-116.5872, 33.3318], [-116.5883, 33.3193], [-116.5936, 33.312], [-116.5882, 33.3], [-116.5828, 33.293]], [[-116.5559, 33.3537], [-116.552, 33.3616], [-116.552, 33.438], [-116.5549, 33.4451], [-116.562, 33.448], [-116.638, 33.448], [-116.6451, 33.4451], [-116.648, 33.438], [-116.648, 33.362], [-116.6451, 33.3549], [-116.638, 33.352], [-116.5678, 33.3514], [-116.5559, 33.3537]], [[-117.3608, 34.2607], [-117.3563, 34.2459], [-117.3393, 34.2417], [-117.3328, 34.233], [-117.281, 34.232], [-117.2728, 34.223], [-117.257, 34.221], [-117.1593, 34.2217], [-117.157, 34.2072], [-117.1483, 34.2007], [-117.148, 34.162], [-117.1418, 34.1528], [-117.031, 34.152], [-117.0283, 34.1507], [-117.0272, 34.1382], [-117.0218, 34.1328], [-116.9907, 34.1289], [-116.9826, 34.1353], [-116.9807, 34.1517], [-116.9493, 34.1517], [-116.9472, 34.0582], [-116.938, 34.052], [-116.8487, 34.0513], [-116.848, 33.9588], [-116.8455, 33.9522], [-116.8393, 33.9489], [-116.829, 33.952], [-116.762, 33.952], [-116.7549, 33.9549], [-116.752, 33.962], [-116.7517, 33.9907], [-116.7434, 33.9961], [-116.741, 34.003], [-116.7434, 34.0139], [-116.7517, 34.0193], [-116.7507, 34.0517], [-116.662, 34.052], [-116.6549, 34.0549], [-116.652, 34.062], [-116.6513, 34.1513], [-116.562, 34.152], [-116.5549, 34.1549], [-116.552, 34.162], [-116.552, 34.238], [-116.5549, 34.2451], [-116.562, 34.248], [-116.6517, 34.2493], [-116.652, 34.338], [-116.6549, 34.3451], [-116.662, 34.348], [-117.138, 34.348], [-117.1451, 34.3451], [-117.148, 34.338], [-117.1493, 34.2583], [-117.1713, 34.2587], [-117.1728, 34.2818], [-117.182, 34.288], [-117.2112, 34.288], [-117.2188, 34.2845], [-117.2211, 34.2764], [-117.218, 34.261], [-117.221, 34.258], [-117.2307, 34.2583], [-117.2337, 34.2641], [-117.2416, 34.268], [-117.2907, 34.2683], [-117.2937, 34.2741], [-117.3016, 34.278], [-117.3284, 34.278], [-117.3363, 34.2741], [-117.3393, 34.2683], [-117.3512, 34.268], [-117.3608, 34.2607]], [[-116.6327, 33.16], [-116.6374, 33.1547], [-116.6372, 33.1382], [-116.6318, 33.1328], [-116.6182, 33.1328], [-116.6128, 33.1382], [-116.613, 33.1528], [-116.6224, 33.1595], [-116.6327, 33.16]], [[-116.777, 33.7828], [-116.777, 33.7672], [-116.7428, 33.733], [-116.7116, 33.732], [-116.7037, 33.7359], [-116.7007, 33.7417], [-116.6872, 33.743], [-116.6807, 33.7517], [-116.6582, 33.7528], [-116.6528, 33.7582], [-116.652, 33.799], [-116.6464, 33.808], [-116.652, 33.821], [-116.6528, 33.8418], [-116.662, 33.848], [-116.729, 33.848], [-116.738, 33.8536], [-116.7493, 33.8483], [-116.7628, 33.847], [-116.771, 33.838], [-116.7807, 33.8383], [-116.7872, 33.847], [-116.8018, 33.8472], [-116.808, 33.838], [-116.8072, 33.8182], [-116.8018, 33.8128], [-116.7893, 33.8117], [-116.7828, 33.803], [-116.7687, 33.8013], [-116.77, 33.7882], [-116.777, 33.7828]], [[-116.7008, 33.6407], [-116.6963, 33.6259], [-116.6884, 33.622], [-116.6731, 33.6234], [-116.6688, 33.6337], [-116.6737, 33.6441], [-116.6816, 33.648], [-116.6912, 33.648], [-116.7008, 33.6407]], [[-116.7782, 32.8372], [-116.7918, 32.8372], [-116.7972, 32.8318], [-116.7972, 32.8182], [-116.7918, 32.8128], [-116.7782, 32.8128], [-116.7728, 32.8182], [-116.772, 32.828], [-116.7782, 32.8372]], [[-116.9088, 33.3355], [-116.8987, 33.3313], [-116.8828, 33.313], [-116.8292, 33.3119], [-116.8163, 33.2959], [-116.8084, 33.292], [-116.7982, 33.2928], [-116.7928, 33.2982], [-116.793, 33.3128], [-116.8072, 33.327], [-116.8208, 33.3281], [-116.8272, 33.337], [-116.8407, 33.3383], [-116.8473, 33.35], [-116.8713, 33.3487], [-116.8692, 33.3707], [-116.8746, 33.3771], [-116.887, 33.379], [-116.8941, 33.3763], [-116.8983, 33.3593], [-116.9066, 33.3539], [-116.9095, 33.3476], [-116.9088, 33.3355]], [[-116.8462, 33.3603], [-116.8419, 33.3667], [-116.8429, 33.3754], [-116.8493, 33.3808], [-116.8576, 33.3795], [-116.8636, 33.372], [-116.8621, 33.3644], [-116.8573, 33.3603], [-116.8462, 33.3603]], [[-116.8951, 33.0451], [-116.898, 33.038], [-116.8951, 33.0249], [-116.888, 33.022], [-116.8616, 33.022], [-116.8537, 33.0259], [-116.8489, 33.0364], [-116.8512, 33.0445], [-116.8588, 33.048], [-116.8778, 33.0486], [-116.8951, 33.0451]], [[-117.0588, 33.8545], [-117.0611, 33.8464], [-117.0528, 33.833], [-117.0387, 33.8313], [-117.0341, 33.8137], [-117.0212, 33.8088], [-117.018, 33.799], [-117.018, 33.7516], [-117.0141, 33.7437], [-117.0083, 33.7407], [-117.0041, 33.7237], [-116.997, 33.721], [-116.901, 33.722], [-116.8937, 33.7188], [-116.8834, 33.7231], [-116.881, 33.747], [-116.8872, 33.757], [-116.9184, 33.758], [-116.9263, 33.7541], [-116.9293, 33.7483], [-116.9507, 33.7483], [-116.9513, 33.7613], [-116.9382, 33.7628], [-116.9328, 33.7682], [-116.9345, 33.7878], [-116.9407, 33.7911], [-116.9607, 33.7883], [-116.9649, 33.8051], [-116.9813, 33.8087], [-116.9873, 33.82], [-117.0119, 33.8181], [-117.0134, 33.8439], [-117.0272, 33.857], [-117.0512, 33.858], [-117.0588, 33.8545]], [[-116.9878, 33.9455], [-116.9911, 33.9393], [-116.9856, 33.9279], [-116.978, 33.9264], [-116.9708, 33.9319], [-116.9581, 33.9319], [-116.9551, 33.9149], [-116.948, 33.912], [-116.9349, 33.9149], [-116.932, 33.922], [-116.933, 33.9328], [-116.9488, 33.9412], [-116.952, 33.951], [-116.951, 33.967], [-116.9561, 33.9766], [-116.9657, 33.9809], [-116.9755, 33.9778], [-116.979, 33.967], [-116.9792, 33.9481], [-116.9878, 33.9455]], [[-117.0528, 36.5418], [-117.062, 36.548], [-117.1418, 36.5472], [-117.148, 36.538], [-117.1487, 36.4487], [-117.238, 36.448], [-117.2451, 36.4451], [-117.248, 36.438], [-117.2472, 36.2582], [-117.238, 36.252], [-117.1483, 36.2507], [-117.148, 35.962], [-117.1418, 35.9528], [-117.0582, 35.9528], [-117.052, 35.962], [-117.052, 36.019], [-117.0419, 36.0297], [-117.0413, 36.0513], [-116.962, 36.052], [-116.9528, 36.0582], [-116.952, 36.138], [-116.9549, 36.1451], [-116.962, 36.148], [-117.0517, 36.1493], [-117.0514, 36.2422], [-117.0528, 36.5418]], [[-117.148, 36.862], [-117.1451, 36.8549], [-117.138, 36.852], [-117.0483, 36.8507], [-117.048, 36.762], [-117.0451, 36.7549], [-117.038, 36.752], [-116.962, 36.752], [-116.9549, 36.7549], [-116.952, 36.762], [-116.9528, 36.9418], [-116.962, 36.948], [-117.0517, 36.9493], [-117.052, 37.138], [-117.0582, 37.1472], [-117.138, 37.148], [-117.1451, 37.1451], [-117.148, 37.138], [-117.1493, 37.0483], [-117.238, 37.048], [-117.2472, 37.0418], [-117.248, 36.962], [-117.2451, 36.9549], [-117.238, 36.952], [-117.151, 36.952], [-117.148, 36.949], [-117.1486, 36.9378], [-117.148, 36.862]], [[-117.0208, 33.6793], [-117.0154, 33.6729], [-116.9982, 33.6728], [-116.9928, 33.6782], [-116.9928, 33.6918], [-116.9982, 33.6972], [-117.0128, 33.697], [-117.0195, 33.6876], [-117.0208, 33.6793]], [[-117.0708, 34.0307], [-117.067, 34.0072], [-117.0528, 33.993], [-117.0372, 33.993], [-117.0234, 34.0061], [-117.021, 34.013], [-117.0226, 34.0547], [-117.0273, 34.06], [-117.0376, 34.0595], [-117.0439, 34.0566], [-117.0612, 34.038], [-117.0708, 34.0307]], [[-117.0936, 33.008], [-117.0883, 33.0007], [-117.0872, 32.9782], [-117.0818, 32.9728], [-117.0681, 32.9708], [-117.068, 32.952], [-117.0651, 32.9449], [-117.058, 32.942], [-117.0472, 32.943], [-117.0407, 32.9517], [-117.0249, 32.9549], [-117.022, 32.962], [-117.0245, 32.9778], [-117.0307, 32.9811], [-117.041, 32.978], [-117.0519, 32.9792], [-117.0513, 33.0013], [-117.0367, 33.0019], [-117.0288, 33.0098], [-117.0334, 33.0239], [-117.0417, 33.0293], [-117.0459, 33.0463], [-117.058, 33.0536], [-117.0656, 33.0521], [-117.087, 33.0328], [-117.0893, 33.0183], [-117.0936, 33.008]], [[-117.087, 32.9228], [-117.0872, 32.9082], [-117.0818, 32.9028], [-117.0682, 32.9028], [-117.0628, 32.9082], [-117.0626, 32.9247], [-117.0707, 32.9311], [-117.08, 32.9282], [-117.087, 32.9228]], [[-117.2336, 33.568], [-117.2227, 33.55], [-117.1792, 33.5519], [-117.177, 33.5372], [-117.1683, 33.5307], [-117.1666, 33.5061], [-117.1387, 33.4813], [-117.1351, 33.4649], [-117.128, 33.462], [-117.1093, 33.4617], [-117.1039, 33.4534], [-117.093, 33.451], [-117.0861, 33.4534], [-117.0813, 33.4613], [-117.0734, 33.4661], [-117.0664, 33.478], [-117.0679, 33.4856], [-117.0761, 33.4966], [-117.0817, 33.4993], [-117.0849, 33.5151], [-117.1013, 33.5187], [-117.103, 33.5328], [-117.1119, 33.5392], [-117.1149, 33.5551], [-117.1307, 33.5583], [-117.1345, 33.5678], [-117.1407, 33.5711], [-117.151, 33.568], [-117.1708, 33.5681], [-117.173, 33.5928], [-117.183, 33.599], [-117.2218, 33.5972], [-117.2272, 33.5918], [-117.2293, 33.5783], [-117.2336, 33.568]], [[-117.1218, 33.5928], [-117.1093, 33.5917], [-117.098, 33.5864], [-117.083, 33.5972], [-117.082, 33.608], [-117.0882, 33.6172], [-117.118, 33.618], [-117.1272, 33.6118], [-117.128, 33.602], [-117.1218, 33.5928]], [[-117.1482, 33.6972], [-117.1713, 33.6987], [-117.1728, 33.7118], [-117.1782, 33.7172], [-117.1993, 33.7211], [-117.2055, 33.7178], [-117.2087, 33.7087], [-117.2139, 33.7066], [-117.2187, 33.6987], [-117.2288, 33.6945], [-117.2311, 33.6864], [-117.2266, 33.6761], [-117.2128, 33.663], [-117.1916, 33.662], [-117.179, 33.672], [-117.1693, 33.6717], [-117.162, 33.6664], [-117.1544, 33.6679], [-117.143, 33.6772], [-117.142, 33.688], [-117.1482, 33.6972]], [[-117.2428, 34.493], [-117.2292, 34.4919], [-117.2139, 34.4734], [-117.2007, 34.4689], [-117.1926, 34.4753], [-117.1919, 34.5008], [-117.1864, 34.512], [-117.1907, 34.5183], [-117.1993, 34.5211], [-117.2055, 34.5178], [-117.2093, 34.5083], [-117.2208, 34.5081], [-117.2261, 34.5166], [-117.2393, 34.5211], [-117.2474, 34.5147], [-117.2486, 34.5022], [-117.2428, 34.493]], [[-117.2508, 33.3793], [-117.2454, 33.3729], [-117.2383, 33.3707], [-117.2351, 33.3549], [-117.2193, 33.3517], [-117.2128, 33.343], [-117.202, 33.342], [-117.1949, 33.3449], [-117.192, 33.352], [-117.193, 33.3728], [-117.2013, 33.3787], [-117.2073, 33.39], [-117.2308, 33.3881], [-117.242, 33.3936], [-117.2495, 33.3876], [-117.2508, 33.3793]], [[-117.2281, 33.2997], [-117.2239, 33.2934], [-117.2143, 33.2891], [-117.2073, 33.29], [-117.2026, 33.2953], [-117.1992, 33.3207], [-117.2046, 33.3271], [-117.2163, 33.3312], [-117.2238, 33.3297], [-117.2281, 33.3233], [-117.2286, 33.3078], [-117.2281, 33.2997]], [[-117.3788, 34.4755], [-117.3687, 34.4713], [-117.3628, 34.463], [-117.3483, 34.4607], [-117.348, 34.431], [-117.3536, 34.418], [-117.348, 34.409], [-117.3472, 34.3782], [-117.3418, 34.3728], [-117.3172, 34.373], [-117.309, 34.382], [-117.2772, 34.383], [-117.2707, 34.3917], [-117.2572, 34.393], [-117.243, 34.4072], [-117.243, 34.4228], [-117.2513, 34.4287], [-117.253, 34.4428], [-117.2617, 34.4493], [-117.2626, 34.4847], [-117.2707, 34.4911], [-117.2913, 34.4887], [-117.293, 34.5028], [-117.3013, 34.5087], [-117.3073, 34.52], [-117.321, 34.518], [-117.3427, 34.52], [-117.3587, 34.4987], [-117.3728, 34.497], [-117.3795, 34.4876], [-117.3788, 34.4755]], [[-117.2963, 33.6059], [-117.2712, 33.5988], [-117.2656, 33.5879], [-117.258, 33.5864], [-117.2505, 33.5924], [-117.2512, 33.6045], [-117.2619, 33.6081], [-117.2628, 33.6318], [-117.2682, 33.6372], [-117.2927, 33.64], [-117.2974, 33.6347], [-117.2986, 33.6178], [-117.2963, 33.6059]], [[-117.2728, 33.753], [-117.2684, 33.752], [-117.2549, 33.7549], [-117.252, 33.762], [-117.252, 33.778], [-117.2549, 33.7851], [-117.2684, 33.788], [-117.2763, 33.7841], [-117.2836, 33.772], [-117.2782, 33.76], [-117.2728, 33.753]], [[-117.397, 33.6928], [-117.398, 33.6816], [-117.3941, 33.6737], [-117.3887, 33.6713], [-117.3728, 33.653], [-117.3593, 33.6517], [-117.3539, 33.6434], [-117.3443, 33.6391], [-117.3345, 33.6422], [-117.3317, 33.6607], [-117.3264, 33.668], [-117.3279, 33.6756], [-117.338, 33.6836], [-117.3493, 33.6783], [-117.3607, 33.6783], [-117.3761, 33.6966], [-117.3878, 33.6986], [-117.397, 33.6928]], [[-117.5451, 36.7549], [-117.538, 36.752], [-117.3582, 36.7528], [-117.352, 36.762], [-117.3528, 36.8418], [-117.362, 36.848], [-117.5418, 36.8472], [-117.548, 36.838], [-117.548, 36.762], [-117.5451, 36.7549]], [[-117.3841, 33.8537], [-117.38, 33.8518], [-117.3659, 33.8537], [-117.3589, 33.8764], [-117.3612, 33.8845], [-117.373, 33.889], [-117.3888, 33.8845], [-117.3911, 33.8764], [-117.388, 33.8616], [-117.3841, 33.8537]], [[-117.438, 33.8536], [-117.4456, 33.8521], [-117.4509, 33.8443], [-117.45, 33.8373], [-117.4447, 33.8326], [-117.4346, 33.8329], [-117.4292, 33.8393], [-117.4317, 33.8493], [-117.438, 33.8536]], [[-117.5118, 36.5328], [-117.4782, 36.5328], [-117.4728, 36.5382], [-117.4713, 36.5513], [-117.4582, 36.5528], [-117.4528, 36.5582], [-117.452, 36.638], [-117.4582, 36.6472], [-117.538, 36.648], [-117.5472, 36.6418], [-117.5472, 36.5582], [-117.5418, 36.5528], [-117.5193, 36.5517], [-117.518, 36.542], [-117.5118, 36.5328]], [[-117.5028, 34.193], [-117.4872, 34.193], [-117.4779, 34.2044], [-117.4764, 34.212], [-117.4872, 34.227], [-117.5018, 34.2272], [-117.5072, 34.2218], [-117.5086, 34.2022], [-117.5028, 34.193]], [[-117.5936, 33.638], [-117.5855, 33.6222], [-117.5793, 33.6189], [-117.5724, 33.6205], [-117.5679, 33.6244], [-117.5664, 33.632], [-117.5745, 33.6478], [-117.5807, 33.6511], [-117.5893, 33.6483], [-117.5936, 33.638]], [[-117.5873, 33.45], [-117.5826, 33.4553], [-117.5828, 33.4718], [-117.5882, 33.4772], [-117.6018, 33.4772], [-117.6072, 33.4718], [-117.607, 33.4572], [-117.5976, 33.4505], [-117.5873, 33.45]], [[-117.6818, 35.6128], [-117.6716, 35.612], [-117.6637, 35.6159], [-117.661, 35.627], [-117.6649, 35.6451], [-117.6812, 35.648], [-117.6888, 35.6445], [-117.6911, 35.6364], [-117.688, 35.622], [-117.6818, 35.6128]], [[-117.9618, 34.5428], [-117.952, 34.542], [-117.9449, 34.5449], [-117.941, 34.563], [-117.9434, 34.5739], [-117.953, 34.579], [-117.9641, 34.5763], [-117.968, 34.5684], [-117.968, 34.552], [-117.9618, 34.5428]], [[-118.007, 34.7628], [-118.0072, 34.7482], [-118.0018, 34.7428], [-117.9872, 34.743], [-117.9805, 34.7524], [-117.9792, 34.7607], [-117.9846, 34.7671], [-117.9978, 34.7686], [-118.007, 34.7628]], [[-118.0728, 34.647], [-118.0841, 34.6363], [-118.088, 34.6284], [-118.0851, 34.6149], [-118.078, 34.612], [-118.0488, 34.612], [-118.0409, 34.616], [-118.0356, 34.6079], [-118.0244, 34.6079], [-118.0192, 34.6207], [-118.0288, 34.628], [-118.0391, 34.6239], [-118.0426, 34.6447], [-118.0461, 34.6491], [-118.033, 34.6572], [-118.032, 34.668], [-118.0349, 34.6751], [-118.042, 34.678], [-118.0551, 34.6751], [-118.058, 34.6588], [-118.0539, 34.6509], [-118.0728, 34.647]], [[-118.1172, 34.5818], [-118.118, 34.572], [-118.1151, 34.5649], [-118.0993, 34.5617], [-118.0928, 34.553], [-118.0793, 34.5517], [-118.0728, 34.543], [-118.0572, 34.543], [-118.0507, 34.5517], [-118.0372, 34.553], [-118.0289, 34.5664], [-118.0346, 34.5771], [-118.0507, 34.5783], [-118.0572, 34.587], [-118.108, 34.588], [-118.1172, 34.5818]], [[-118.0872, 34.2318], [-118.087, 34.2172], [-118.0728, 34.203], [-118.0582, 34.2028], [-118.052, 34.212], [-118.051, 34.227], [-118.0537, 34.2341], [-118.0616, 34.238], [-118.078, 34.238], [-118.0872, 34.2318]], [[-118.1693, 34.6617], [-118.1628, 34.653], [-118.1482, 34.6528], [-118.1428, 34.6582], [-118.1407, 34.6717], [-118.1293, 34.6717], [-118.118, 34.6664], [-118.1107, 34.6717], [-118.0949, 34.6749], [-118.092, 34.682], [-118.093, 34.6928], [-118.1072, 34.707], [-118.1307, 34.7083], [-118.1337, 34.7141], [-118.1416, 34.718], [-118.1628, 34.717], [-118.1693, 34.7083], [-118.1851, 34.7051], [-118.1883, 34.6893], [-118.197, 34.6828], [-118.197, 34.6672], [-118.1878, 34.6614], [-118.1693, 34.6617]], [[-118.1908, 34.6207], [-118.1851, 34.5949], [-118.178, 34.592], [-118.1592, 34.5919], [-118.1563, 34.5859], [-118.1484, 34.582], [-118.1367, 34.5819], [-118.1303, 34.5862], [-118.1288, 34.5937], [-118.1337, 34.6041], [-118.1416, 34.608], [-118.1508, 34.6081], [-118.1549, 34.6251], [-118.162, 34.628], [-118.1812, 34.628], [-118.1908, 34.6207]], [[-118.248, 35.171], [-118.2508, 35.1593], [-118.2454, 35.1529], [-118.162, 35.152], [-118.1528, 35.1582], [-118.152, 35.238], [-118.1582, 35.2472], [-118.2428, 35.247], [-118.2536, 35.232], [-118.248, 35.219], [-118.2486, 35.2022], [-118.248, 35.171]], [[-118.2328, 34.623], [-118.2284, 34.622], [-118.2167, 34.6219], [-118.2103, 34.6262], [-118.2088, 34.6337], [-118.2149, 34.6551], [-118.237, 34.659], [-118.2488, 34.6545], [-118.2495, 34.6424], [-118.2466, 34.6361], [-118.2382, 34.63], [-118.2328, 34.623]], [[-118.457, 35.4872], [-118.448, 35.479], [-118.448, 35.362], [-118.4451, 35.3549], [-118.438, 35.352], [-118.301, 35.352], [-118.288, 35.3464], [-118.2807, 35.3517], [-118.262, 35.352], [-118.2549, 35.3549], [-118.252, 35.362], [-118.252, 35.6412], [-118.2573, 35.65], [-118.327, 35.649], [-118.3451, 35.6451], [-118.348, 35.638], [-118.3487, 35.5487], [-118.4454, 35.5471], [-118.4508, 35.5407], [-118.4483, 35.5193], [-118.4566, 35.5139], [-118.4586, 35.5022], [-118.457, 35.4872]], [[-118.2908, 35.6693], [-118.2854, 35.6629], [-118.2682, 35.6628], [-118.2628, 35.6682], [-118.2628, 35.6818], [-118.2682, 35.6872], [-118.2828, 35.687], [-118.2895, 35.6776], [-118.2908, 35.6693]], [[-118.3182, 34.26], [-118.3128, 34.253], [-118.2946, 34.2529], [-118.2892, 34.2593], [-118.2905, 34.2676], [-118.2972, 34.277], [-118.3128, 34.277], [-118.3186, 34.2678], [-118.3182, 34.26]], [[-118.4536, 35.198], [-118.448, 35.189], [-118.4472, 35.1582], [-118.4418, 35.1528], [-118.362, 35.152], [-118.3528, 35.1582], [-118.352, 35.238], [-118.3582, 35.2472], [-118.4418, 35.2472], [-118.448, 35.238], [-118.4493, 35.2083], [-118.4536, 35.198]], [[-118.548, 34.962], [-118.5418, 34.9528], [-118.3582, 34.9528], [-118.352, 34.962], [-118.3528, 35.0418], [-118.362, 35.048], [-118.4607, 35.0483], [-118.4619, 35.0608], [-118.4564, 35.072], [-118.4607, 35.0783], [-118.4693, 35.0811], [-118.4755, 35.0778], [-118.4793, 35.0683], [-118.5184, 35.068], [-118.5263, 35.0641], [-118.5293, 35.0583], [-118.5433, 35.0581], [-118.5497, 35.0538], [-118.5486, 34.9922], [-118.548, 34.962]], [[-118.4308, 35.6707], [-118.4295, 35.6624], [-118.4228, 35.653], [-118.4093, 35.6517], [-118.398, 35.6464], [-118.3846, 35.6529], [-118.3792, 35.6593], [-118.3805, 35.6676], [-118.3872, 35.677], [-118.4212, 35.678], [-118.4308, 35.6707]], [[-118.4902, 34.4512], [-118.4966, 34.4469], [-118.5008, 34.4193], [-118.4954, 34.4129], [-118.4887, 34.4113], [-118.4728, 34.393], [-118.4572, 34.393], [-118.4491, 34.406], [-118.4412, 34.402], [-118.4167, 34.4019], [-118.4103, 34.4062], [-118.4088, 34.4137], [-118.4172, 34.427], [-118.4428, 34.427], [-118.4509, 34.414], [-118.4607, 34.4183], [-118.463, 34.4328], [-118.4827, 34.4497], [-118.4902, 34.4512]], [[-118.5941, 34.4063], [-118.598, 34.3984], [-118.5951, 34.3849], [-118.588, 34.382], [-118.5693, 34.3817], [-118.5528, 34.363], [-118.5372, 34.363], [-118.5313, 34.3713], [-118.5212, 34.3755], [-118.5189, 34.3836], [-118.5234, 34.3939], [-118.5417, 34.4093], [-118.5417, 34.4207], [-118.5249, 34.4249], [-118.5217, 34.4407], [-118.5112, 34.4455], [-118.5089, 34.4536], [-118.5134, 34.4639], [-118.528, 34.4736], [-118.541, 34.468], [-118.5628, 34.467], [-118.5921, 34.4356], [-118.5936, 34.428], [-118.588, 34.419], [-118.59, 34.4082], [-118.5941, 34.4063]], [[-118.6441, 35.4863], [-118.648, 35.4784], [-118.648, 35.462], [-118.6451, 35.4549], [-118.638, 35.452], [-118.6193, 35.4517], [-118.6128, 35.443], [-118.5993, 35.4417], [-118.5972, 35.4282], [-118.5918, 35.4228], [-118.582, 35.422], [-118.5749, 35.4249], [-118.5717, 35.4407], [-118.5659, 35.4437], [-118.562, 35.4516], [-118.562, 35.498], [-118.5649, 35.5051], [-118.572, 35.508], [-118.5828, 35.507], [-118.591, 35.498], [-118.609, 35.498], [-118.622, 35.5036], [-118.6339, 35.4966], [-118.64, 35.4882], [-118.6441, 35.4863]], [[-118.7451, 34.8549], [-118.738, 34.852], [-118.662, 34.852], [-118.6549, 34.8549], [-118.652, 34.862], [-118.652, 34.909], [-118.6464, 34.918], [-118.6517, 34.9293], [-118.6517, 34.9407], [-118.6491, 34.946], [-118.6387, 34.9413], [-118.6372, 34.9282], [-118.6318, 34.9228], [-118.6216, 34.922], [-118.6137, 34.9259], [-118.6064, 34.938], [-118.6117, 34.9493], [-118.612, 34.959], [-118.603, 34.9672], [-118.5989, 34.9864], [-118.6012, 34.9945], [-118.613, 34.999], [-118.6241, 34.9963], [-118.6287, 34.9787], [-118.6418, 34.9772], [-118.6472, 34.9718], [-118.6509, 34.954], [-118.6613, 34.9587], [-118.6672, 34.967], [-118.678, 34.968], [-118.6872, 34.9618], [-118.6893, 34.9483], [-118.738, 34.948], [-118.7451, 34.9451], [-118.748, 34.938], [-118.748, 34.891], [-118.7536, 34.882], [-118.7483, 34.8707], [-118.748, 34.862], [-118.7451, 34.8549]], [[-118.6408, 35.2093], [-118.6354, 35.2029], [-118.6246, 35.2029], [-118.6192, 35.2093], [-118.6205, 35.2176], [-118.628, 35.2236], [-118.6356, 35.2221], [-118.6395, 35.2176], [-118.6408, 35.2093]], [[-119.2882, 34.4372], [-119.3018, 34.4372], [-119.3072, 34.4318], [-119.3074, 34.4153], [-119.2993, 34.4089], [-119.2859, 34.4137], [-119.282, 34.428], [-119.2882, 34.4372]], [[-119.3869, 35.2766], [-119.3912, 35.2702], [-119.3883, 35.2607], [-119.382, 35.2564], [-119.3744, 35.2579], [-119.3689, 35.2664], [-119.3712, 35.2745], [-119.3794, 35.2781], [-119.3869, 35.2766]], [[-119.4708, 35.1393], [-119.4612, 35.132], [-119.4472, 35.133], [-119.441, 35.143], [-119.4434, 35.1539], [-119.4557, 35.1609], [-119.4655, 35.1578], [-119.4695, 35.1476], [-119.4708, 35.1393]], [[-119.6888, 34.9555], [-119.6783, 34.9507], [-119.677, 34.9172], [-119.6628, 34.903], [-119.6393, 34.9017], [-119.632, 34.8964], [-119.619, 34.902], [-119.581, 34.902], [-119.5728, 34.893], [-119.5516, 34.892], [-119.5437, 34.8959], [-119.5407, 34.9017], [-119.5182, 34.9028], [-119.5128, 34.9082], [-119.512, 34.938], [-119.5182, 34.9472], [-119.559, 34.948], [-119.5672, 34.957], [-119.5854, 34.9571], [-119.5908, 34.9507], [-119.5883, 34.9293], [-119.599, 34.928], [-119.6017, 34.9293], [-119.602, 34.939], [-119.5964, 34.952], [-119.6072, 34.967], [-119.6407, 34.9683], [-119.6437, 34.9741], [-119.6516, 34.978], [-119.6828, 34.977], [-119.6895, 34.9676], [-119.6888, 34.9555]], [[-119.6536, 34.708], [-119.648, 34.699], [-119.6472, 34.6582], [-119.6418, 34.6528], [-119.562, 34.652], [-119.5528, 34.6582], [-119.552, 34.738], [-119.5582, 34.7472], [-119.6418, 34.7472], [-119.6472, 34.7418], [-119.6493, 34.7183], [-119.6536, 34.708]], [[-119.6163, 35.2159], [-119.5993, 35.2117], [-119.5928, 35.203], [-119.5767, 35.2019], [-119.5688, 35.2098], [-119.5728, 35.2318], [-119.5782, 35.2372], [-119.6084, 35.238], [-119.6163, 35.2341], [-119.6186, 35.2278], [-119.6163, 35.2159]], [[-119.6602, 35.3612], [-119.6681, 35.3533], [-119.6672, 35.3182], [-119.6618, 35.3128], [-119.6407, 35.3089], [-119.6326, 35.3153], [-119.633, 35.3328], [-119.6417, 35.3393], [-119.643, 35.3528], [-119.6527, 35.3597], [-119.6602, 35.3612]], [[-119.9663, 35.6159], [-119.9584, 35.612], [-119.8972, 35.613], [-119.8907, 35.6217], [-119.8772, 35.623], [-119.8713, 35.6313], [-119.8612, 35.6355], [-119.8589, 35.6436], [-119.8628, 35.6618], [-119.8682, 35.6672], [-119.8807, 35.6683], [-119.892, 35.6736], [-119.907, 35.6628], [-119.9087, 35.6487], [-119.9213, 35.6487], [-119.922, 35.689], [-119.9134, 35.6961], [-119.9092, 35.7107], [-119.9146, 35.7171], [-119.932, 35.7236], [-119.947, 35.7128], [-119.9487, 35.6987], [-119.9539, 35.6966], [-119.9693, 35.6783], [-119.9863, 35.6741], [-119.9887, 35.6687], [-119.9966, 35.6639], [-120.0011, 35.6536], [-119.9954, 35.6429], [-119.9687, 35.6413], [-119.9686, 35.6278], [-119.9663, 35.6159]], [[-120.0841, 35.7937], [-120.0783, 35.7907], [-120.078, 35.772], [-120.0751, 35.7649], [-120.068, 35.762], [-120.0549, 35.7649], [-120.0517, 35.7807], [-120.0459, 35.7837], [-120.042, 35.7916], [-120.042, 35.8084], [-120.0459, 35.8163], [-120.053, 35.819], [-120.0818, 35.8172], [-120.0872, 35.8118], [-120.088, 35.8016], [-120.0841, 35.7937]], [[-120.4041, 35.6337], [-120.3898, 35.6288], [-120.3819, 35.6367], [-120.3828, 35.6518], [-120.3882, 35.6572], [-120.4018, 35.6572], [-120.4072, 35.6518], [-120.408, 35.6416], [-120.4041, 35.6337]]]}}, {"type": "Feature", "properties": {}, "geometry": {"type": "Polygon", "coordinates": [[[-118.287, 34.1372], [-118.2783, 34.1307], [-118.2787, 34.1187], [-118.2928, 34.117], [-118.301, 34.108], [-118.3107, 34.1083], [-118.3161, 34.1166], [-118.323, 34.119], [-118.3428, 34.117], [-118.3493, 34.1083], [-118.3613, 34.1087], [-118.3613, 34.1213], [-118.3482, 34.1228], [-118.3428, 34.1282], [-118.3413, 34.1513], [-118.3172, 34.153], [-118.3107, 34.1617], [-118.2892, 34.1619], [-118.287, 34.1372]]]}}, {"type": "Feature", "properties": {}, "geometry": {"type": "Polygon", "coordinates": [[[-117.8293, 34.0483], [-117.849, 34.048], [-117.8561, 34.0509], [-117.8507, 34.0617], [-117.8281, 34.0619], [-117.8293, 34.0483]]]}}, {"type": "Feature", "properties": {}, "geometry": {"type": "Polygon", "coordinates": [[[-117.8687, 34.0387], [-117.8739, 34.0366], [-117.8793, 34.0283], [-117.9117, 34.0293], [-117.9117, 34.0407], [-117.9061, 34.0434], [-117.9007, 34.0517], [-117.871, 34.052], [-117.8639, 34.0491], [-117.8687, 34.0387]]]}}, {"type": "Feature", "properties": {}, "geometry": {"type": "Polygon", "coordinates": [[[-117.7887, 33.7887], [-117.8013, 33.7887], [-117.8013, 33.8013], [-117.7881, 33.8019], [-117.7887, 33.7887]]]}}, {"type": "Feature", "properties": {}, "geometry": {"type": "Polygon", "coordinates": [[[-115.5326, 32.6653], [-115.5307, 32.6817], [-115.5193, 32.6817], [-115.5166, 32.6761], [-115.5083, 32.6707], [-115.5093, 32.6583], [-115.529, 32.658], [-115.5361, 32.6609], [-115.5326, 32.6653]]]}}, {"type": "Feature", "properties": {}, "geometry": {"type": "Polygon", "coordinates": [[[-115.6992, 32.8319], [-115.6987, 32.8187], [-115.7113, 32.8187], [-115.7119, 32.8308], [-115.6992, 32.8319]]]}}, {"type": "Feature", "properties": {}, "geometry": {"type": "Polygon", "coordinates": [[[-115.6913, 32.8613], [-115.6787, 32.8613], [-115.6787, 32.8487], [-115.6908, 32.8481], [-115.6913, 32.8613]]]}}, {"type": "Feature", "properties": {}, "geometry": {"type": "Polygon", "coordinates": [[[-115.6387, 33.1587], [-115.6513, 33.1587], [-115.6513, 33.1713], [-115.6354, 33.1746], [-115.6387, 33.1587]]]}}, {"type": "Feature", "properties": {}, "geometry": {"type": "Polygon", "coordinates": [[[-115.5607, 33.2217], [-115.5481, 33.2208], [-115.5493, 33.2083], [-115.5661, 33.2109], [-115.5607, 33.2217]]]}}, {"type": "Feature", "properties": {}, "geometry": {"type": "Polygon", "coordinates": [[[-114.7587, 32.6487], [-114.7746, 32.6454], [-114.7713, 32.6613], [-114.7554, 32.6646], [-114.7587, 32.6487]]]}}, {"type": "Feature", "properties": {}, "geometry": {"type": "Polygon", "coordinates": [[[-114.7783, 32.6193], [-114.7918, 32.6172], [-114.798, 32.608], [-114.799, 32.583], [-114.7966, 32.5761], [-114.7883, 32.5707], [-114.788, 32.551], [-114.797, 32.5428], [-114.7983, 32.5093], [-114.807, 32.5028], [-114.8087, 32.4887], [-114.8207, 32.4883], [-114.822, 32.529], [-114.8164, 32.542], [-114.822, 32.551], [-114.822, 32.579], [-114.813, 32.5872], [-114.812, 32.5984], [-114.8159, 32.6063], [-114.8217, 32.6093], [-114.8217, 32.6207], [-114.8161, 32.6234], [-114.8107, 32.6317], [-114.7972, 32.633], [-114.7907, 32.6417], [-114.7754, 32.6446], [-114.7783, 32.6193]]]}}, {"type": "Feature", "properties": {}, "geometry": {"type": "Polygon", "coordinates": [[[-117.0987, 32.7887], [-117.1113, 32.7887], [-117.1113, 32.8013], [-117.0981, 32.8008], [-117.0987, 32.7887]]]}}, {"type": "Feature", "properties": {}, "geometry": {"type": "Polygon", "coordinates": [[[-117.2691, 33.104], [-117.2734, 33.1339], [-117.2919, 33.1492], [-117.2917, 33.1707], [-117.2834, 33.1761], [-117.2807, 33.1817], [-117.2687, 33.1813], [-117.2672, 33.1682], [-117.2618, 33.1628], [-117.2283, 33.1607], [-117.2283, 33.1493], [-117.2366, 33.1439], [-117.2392, 33.1381], [-117.2484, 33.138], [-117.2563, 33.1341], [-117.259, 33.123], [-117.2539, 33.1109], [-117.2691, 33.104]]]}}, {"type": "Feature", "properties": {}, "geometry": {"type": "Polygon", "coordinates": [[[-117.268, 33.089], [-117.2683, 33.0693], [-117.2807, 33.0683], [-117.2861, 33.0766], [-117.2917, 33.0793], [-117.2917, 33.0907], [-117.2746, 33.0929], [-117.2709, 33.096], [-117.268, 33.089]]]}}, {"type": "Feature", "properties": {}, "geometry": {"type": "Polygon", "coordinates": [[[-117.3087, 33.1287], [-117.3213, 33.1287], [-117.3213, 33.1413], [-117.3081, 33.1408], [-117.3087, 33.1287]]]}}, {"type": "Feature", "properties": {}, "geometry": {"type": "Polygon", "coordinates": [[[-117.3617, 34.0193], [-117.3617, 34.0307], [-117.3564, 34.038], [-117.362, 34.051], [-117.3607, 34.0617], [-117.3493, 34.0617], [-117.3439, 34.0534], [-117.3383, 34.0507], [-117.3381, 34.0181], [-117.3617, 34.0193]]]}}, {"type": "Feature", "properties": {}, "geometry": {"type": "Polygon", "coordinates": [[[-110.8283, 32.2193], [-110.8407, 32.2183], [-110.8417, 32.2507], [-110.8281, 32.2508], [-110.8283, 32.2193]]]}}, {"type": "Feature", "properties": {}, "geometry": {"type": "Polygon", "coordinates": [[[-111.528, 32.979], [-111.5287, 32.9687], [-111.5413, 32.9687], [-111.5413, 32.9813], [-111.531, 32.982], [-111.528, 32.979]]]}}, {"type": "Feature", "properties": {}, "geometry": {"type": "Polygon", "coordinates": [[[-111.6549, 36.8549], [-111.652, 36.862], [-111.6513, 36.9513], [-111.5487, 36.9513], [-111.5487, 36.7487], [-111.638, 36.748], [-111.6451, 36.7451], [-111.648, 36.738], [-111.6493, 36.6483], [-111.8513, 36.6487], [-111.8513, 36.7513], [-111.7582, 36.7528], [-111.752, 36.762], [-111.7513, 36.8513], [-111.662, 36.852], [-111.6549, 36.8549]]]}}, {"type": "Feature", "properties": {}, "geometry": {"type": "Polygon", "coordinates": [[[-111.718, 33.259], [-111.7187, 33.2487], [-111.7313, 33.2487], [-111.7313, 33.2613], [-111.721, 33.262], [-111.718, 33.259]]]}}, {"type": "Feature", "properties": {}, "geometry": {"type": "Polygon", "coordinates": [[[-111.748, 37.049], [-111.7487, 36.9487], [-111.8513, 36.9487], [-111.8513, 37.0513], [-111.751, 37.052], [-111.748, 37.049]]]}}, {"type": "Feature", "properties": {}, "geometry": {"type": "Polygon", "coordinates": [[[-111.9983, 33.0607], [-111.9983, 33.0493], [-112.0036, 33.038], [-111.9966, 33.0261], [-111.9883, 33.0207], [-111.9839, 33.0109], [-111.9893, 33.0083], [-112.0013, 33.0087], [-112.0034, 33.0139], [-112.0117, 33.0193], [-112.0149, 33.0351], [-112.0317, 33.0393], [-112.0313, 33.0513], [-112.0172, 33.053], [-112.0091, 33.066], [-111.9983, 33.0607]]]}}, {"type": "Feature", "properties": {}, "geometry": {"type": "Polygon", "coordinates": [[[-111.9293, 32.9283], [-111.9417, 32.9293], [-111.9407, 32.9417], [-111.9239, 32.9391], [-111.9293, 32.9283]]]}}, {"type": "Feature", "properties": {}, "geometry": {"type": "Polygon", "coordinates": [[[-111.938, 33.469], [-111.9387, 33.4487], [-111.9613, 33.4487], [-111.9613, 33.4713], [-111.941, 33.472], [-111.938, 33.469]]]}}, {"type": "Feature", "properties": {}, "geometry": {"type": "Polygon", "coordinates": [[[-112.1017, 33.5893], [-112.1013, 33.6013], [-112.0672, 33.603], [-112.061, 33.613], [-112.0613, 33.6313], [-112.0393, 33.6317], [-112.0328, 33.623], [-112.0183, 33.6207], [-112.0183, 33.6093], [-112.0254, 33.6071], [-112.0308, 33.6007], [-112.0251, 33.5749], [-112.018, 33.572], [-111.9793, 33.5717], [-111.9772, 33.5582], [-111.9718, 33.5528], [-111.9487, 33.5513], [-111.9483, 33.5393], [-111.9536, 33.528], [-111.9483, 33.5207], [-111.9483, 33.5093], [-111.9713, 33.5087], [-111.9717, 33.5207], [-111.9664, 33.532], [-111.978, 33.5436], [-111.9893, 33.5383], [-112.0028, 33.537], [-112.0093, 33.5283], [-112.0307, 33.5283], [-112.033, 33.5428], [-112.0513, 33.5587], [-112.0549, 33.5751], [-112.0919, 33.5803], [-112.1017, 33.5893]]]}}, {"type": "Feature", "properties": {}, "geometry": {"type": "Polygon", "coordinates": [[[-111.958, 32.889], [-111.9587, 32.8787], [-111.9713, 32.8787], [-111.9713, 32.8913], [-111.961, 32.892], [-111.958, 32.889]]]}}, {"type": "Feature", "properties": {}, "geometry": {"type": "Polygon", "coordinates": [[[-111.9828, 32.9582], [-111.9813, 32.9713], [-111.9687, 32.9713], [-111.9687, 32.9487], [-111.9828, 32.947], [-111.9893, 32.9383], [-112.0007, 32.9383], [-112.0017, 32.9507], [-111.992, 32.952], [-111.9828, 32.9582]]]}}, {"type": "Feature", "properties": {}, "geometry": {"type": "Polygon", "coordinates": [[[-112.048, 33.419], [-112.0487, 33.4087], [-112.0613, 33.4087], [-112.0613, 33.4213], [-112.051, 33.422], [-112.048, 33.419]]]}}, {"type": "Feature", "properties": {}, "geometry": {"type": "Polygon", "coordinates": [[[-112.1307, 33.4217], [-112.121, 33.422], [-112.108, 33.4164], [-112.1007, 33.4217], [-112.0893, 33.4217], [-112.0883, 33.4093], [-112.099, 33.408], [-112.112, 33.4136], [-112.1193, 33.4083], [-112.1307, 33.4083], [-112.132, 33.419], [-112.1307, 33.4217]]]}}, {"type": "Feature", "properties": {}, "geometry": {"type": "Polygon", "coordinates": [[[-112.348, 33.599], [-112.3487, 33.5887], [-112.3613, 33.5887], [-112.3613, 33.6013], [-112.351, 33.602], [-112.348, 33.599]]]}}, {"type": "Feature", "properties": {}, "geometry": {"type": "Polygon", "coordinates": [[[-112.358, 33.639], [-112.3593, 33.6283], [-112.3817, 33.6293], [-112.3807, 33.6417], [-112.361, 33.642], [-112.358, 33.639]]]}}, {"type": "Feature", "properties": {}, "geometry": {"type": "Polygon", "coordinates": [[[-112.358, 33.529], [-112.3587, 33.5087], [-112.3913, 33.5087], [-112.3913, 33.5313], [-112.361, 33.532], [-112.358, 33.529]]]}}, {"type": "Feature", "properties": {}, "geometry": {"type": "Polygon", "coordinates": [[[-114.6917, 33.3893], [-114.6907, 33.4117], [-114.6783, 33.4107], [-114.6781, 33.3881], [-114.6917, 33.3893]]]}}, {"type": "Feature", "properties": {}, "geometry": {"type": "Polygon", "coordinates": [[[-114.5509, 32.726], [-114.548, 32.719], [-114.5487, 32.7087], [-114.5613, 32.7087], [-114.562, 32.719], [-114.5509, 32.726]]]}}, {"type": "Feature", "properties": {}, "geometry": {"type": "Polygon", "coordinates": [[[-114.5546, 32.7646], [-114.5287, 32.7613], [-114.5287, 32.7487], [-114.5339, 32.7466], [-114.5387, 32.7387], [-114.5491, 32.734], [-114.5546, 32.7646]]]}}, {"type": "Feature", "properties": {}, "geometry": {"type": "Polygon", "coordinates": [[[-114.5713, 32.7687], [-114.5713, 32.7813], [-114.5587, 32.7813], [-114.5554, 32.7654], [-114.5713, 32.7687]]]}}, {"type": "Feature", "properties": {}, "geometry": {"type": "Polygon", "coordinates": [[[-115.228, 36.079], [-115.2287, 36.0687], [-115.2413, 36.0687], [-115.2413, 36.0813], [-115.231, 36.082], [-115.228, 36.079]]]}}, {"type": "Feature", "properties": {}, "geometry": {"type": "Polygon", "coordinates": [[[-115.279, 36.092], [-115.2687, 36.0913], [-115.2687, 36.0787], [-115.2813, 36.0787], [-115.282, 36.089], [-115.279, 36.092]]]}}, {"type": "Feature", "properties": {}, "geometry": {"type": "Polygon", "coordinates": [[[-115.3907, 32.7317], [-115.3793, 32.7317], [-115.3783, 32.7093], [-115.4007, 32.7083], [-115.402, 32.719], [-115.3997, 32.7219], [-115.3907, 32.7317]]]}}, {"type": "Feature", "properties": {}, "geometry": {"type": "Polygon", "coordinates": [[[-115.542, 32.9064], [-115.529, 32.912], [-115.5093, 32.9117], [-115.5083, 32.8893], [-115.5139, 32.8866], [-115.5193, 32.8783], [-115.5307, 32.8783], [-115.5326, 32.8947], [-115.5373, 32.9], [-115.5617, 32.8993], [-115.5613, 32.9113], [-115.551, 32.912], [-115.542, 32.9064]]]}}, {"type": "Feature", "properties": {}, "geometry": {"type": "Polygon", "coordinates": [[[-115.518, 33.129], [-115.5187, 33.1187], [-115.5313, 33.1187], [-115.5313, 33.1313], [-115.521, 33.132], [-115.518, 33.129]]]}}, {"type": "Feature", "properties": {}, "geometry": {"type": "Polygon", "coordinates": [[[-115.518, 33.089], [-115.5187, 33.0787], [-115.5313, 33.0787], [-115.5313, 33.0913], [-115.521, 33.092], [-115.518, 33.089]]]}}, {"type": "Feature", "properties": {}, "geometry": {"type": "Polygon", "coordinates": [[[-117.028, 32.649], [-117.0287, 32.6387], [-117.0413, 32.6387], [-117.0413, 32.6513], [-117.031, 32.652], [-117.028, 32.649]]]}}, {"type": "Feature", "properties": {}, "geometry": {"type": "Polygon", "coordinates": [[[-117.1287, 33.5187], [-117.1413, 33.5187], [-117.1413, 33.5313], [-117.1281, 33.5308], [-117.1287, 33.5187]]]}}, {"type": "Feature", "properties": {}, "geometry": {"type": "Polygon", "coordinates": [[[-117.078, 32.549], [-117.0787, 32.5287], [-117.1113, 32.5287], [-117.1113, 32.5513], [-117.081, 32.552], [-117.078, 32.549]]]}}, {"type": "Feature", "properties": {}, "geometry": {"type": "Polygon", "coordinates": [[[-117.238, 33.039], [-117.2387, 33.0287], [-117.2513, 33.0287], [-117.2513, 33.0413], [-117.241, 33.042], [-117.238, 33.039]]]}}, {"type": "Feature", "properties": {}, "geometry": {"type": "Polygon", "coordinates": [[[-117.248, 37.949], [-117.2487, 37.8487], [-117.3513, 37.8487], [-117.3513, 37.9513], [-117.251, 37.952], [-117.248, 37.949]]]}}, {"type": "Feature", "properties": {}, "geometry": {"type": "Polygon", "coordinates": [[[-117.268, 33.869], [-117.2687, 33.8587], [-117.2813, 33.8587], [-117.2813, 33.8713], [-117.271, 33.872], [-117.268, 33.869]]]}}, {"type": "Feature", "properties": {}, "geometry": {"type": "Polygon", "coordinates": [[[-117.303, 34.4272], [-117.3013, 34.4413], [-117.2887, 34.4413], [-117.2883, 34.4293], [-117.297, 34.4228], [-117.2987, 34.4087], [-117.3113, 34.4087], [-117.31, 34.4218], [-117.303, 34.4272]]]}}, {"type": "Feature", "properties": {}, "geometry": {"type": "Polygon", "coordinates": [[[-118.049, 38.152], [-117.8493, 38.1517], [-117.848, 38.062], [-117.8418, 38.0528], [-117.662, 38.052], [-117.6549, 38.0549], [-117.652, 38.062], [-117.6513, 38.1513], [-117.562, 38.152], [-117.5528, 38.1582], [-117.5507, 38.2517], [-117.351, 38.252], [-117.348, 38.249], [-117.3483, 38.1493], [-117.438, 38.148], [-117.4451, 38.1451], [-117.448, 38.138], [-117.4487, 38.0487], [-117.6418, 38.0472], [-117.648, 38.038], [-117.648, 37.951], [-117.651, 37.948], [-118.0507, 37.9483], [-118.052, 38.149], [-118.049, 38.152]]]}}, {"type": "Feature", "properties": {}, "geometry": {"type": "Polygon", "coordinates": [[[-117.4837, 34.0359], [-117.4807, 34.0417], [-117.4672, 34.043], [-117.4607, 34.0517], [-117.4093, 34.0517], [-117.4039, 34.0434], [-117.3983, 34.0407], [-117.3983, 34.0093], [-117.4009, 34.004], [-117.4088, 34.008], [-117.4218, 34.0072], [-117.4272, 34.0018], [-117.4287, 33.9887], [-117.4407, 33.9883], [-117.4449, 34.0051], [-117.4607, 34.0083], [-117.4672, 34.017], [-117.5117, 34.0193], [-117.5107, 34.0317], [-117.4916, 34.032], [-117.4837, 34.0359]]]}}, {"type": "Feature", "properties": {}, "geometry": {"type": "Polygon", "coordinates": [[[-117.3883, 33.9907], [-117.3893, 33.9783], [-117.4017, 33.9793], [-117.3991, 33.996], [-117.3883, 33.9907]]]}}, {"type": "Feature", "properties": {}, "geometry": {"type": "Polygon", "coordinates": [[[-117.448, 37.849], [-117.4483, 37.7493], [-117.538, 37.748], [-117.5451, 37.7451], [-117.548, 37.738], [-117.5487, 37.6487], [-117.7513, 37.6487], [-117.7517, 37.7507], [-117.662, 37.752], [-117.6549, 37.7549], [-117.652, 37.762], [-117.6513, 37.8513], [-117.451, 37.852], [-117.448, 37.849]]]}}, {"type": "Feature", "properties": {}, "geometry": {"type": "Polygon", "coordinates": [[[-117.649, 36.252], [-117.5487, 36.2513], [-117.5487, 36.1487], [-117.6513, 36.1487], [-117.652, 36.249], [-117.649, 36.252]]]}}, {"type": "Feature", "properties": {}, "geometry": {"type": "Polygon", "coordinates": [[[-117.8517, 33.6293], [-117.8513, 33.6413], [-117.8393, 33.6417], [-117.8339, 33.6334], [-117.818, 33.6264], [-117.8012, 33.6355], [-117.7989, 33.6436], [-117.802, 33.659], [-117.799, 33.662], [-117.7793, 33.6617], [-117.7751, 33.6449], [-117.7593, 33.6417], [-117.7528, 33.633], [-117.7387, 33.6313], [-117.7383, 33.6193], [-117.7441, 33.6163], [-117.748, 33.6084], [-117.747, 33.5872], [-117.7383, 33.5807], [-117.737, 33.5672], [-117.718, 33.549], [-117.7183, 33.5393], [-117.7241, 33.5363], [-117.728, 33.5284], [-117.7287, 33.4987], [-117.7407, 33.4983], [-117.7434, 33.5039], [-117.7517, 33.5093], [-117.752, 33.538], [-117.7549, 33.5451], [-117.762, 33.548], [-117.8007, 33.5483], [-117.8072, 33.557], [-117.8213, 33.5587], [-117.8249, 33.5751], [-117.8413, 33.5787], [-117.8417, 33.5907], [-117.8334, 33.5961], [-117.831, 33.607], [-117.8334, 33.6139], [-117.8419, 33.6203], [-117.8517, 33.6293]]]}}, {"type": "Feature", "properties": {}, "geometry": {"type": "Polygon", "coordinates": [[[-117.959, 34.122], [-117.9393, 34.1217], [-117.9383, 34.1093], [-117.9607, 34.1083], [-117.962, 34.119], [-117.959, 34.122]]]}}, {"type": "Feature", "properties": {}, "geometry": {"type": "Polygon", "coordinates": [[[-117.948, 37.849], [-117.9487, 37.7487], [-118.0513, 37.7487], [-118.0513, 37.8513], [-117.951, 37.852], [-117.948, 37.849]]]}}, {"type": "Feature", "properties": {}, "geometry": {"type": "Polygon", "coordinates": [[[-117.9493, 33.9117], [-117.9483, 33.8993], [-117.9813, 33.8987], [-117.9813, 33.9113], [-117.971, 33.912], [-117.9493, 33.9117]]]}}, {"type": "Feature", "properties": {}, "geometry": {"type": "Polygon", "coordinates": [[[-119.5513, 39.3513], [-119.462, 39.352], [-119.4528, 39.3582], [-119.4507, 39.4517], [-119.262, 39.452], [-119.2528, 39.4582], [-119.252, 39.538], [-119.2582, 39.5472], [-119.449, 39.548], [-119.452, 39.551], [-119.4513, 39.6513], [-119.362, 39.652], [-119.3549, 39.6549], [-119.352, 39.662], [-119.352, 39.738], [-119.3549, 39.7451], [-119.362, 39.748], [-119.4517, 39.7493], [-119.4517, 39.8407], [-119.439, 39.852], [-119.373, 39.851], [-119.3549, 39.8549], [-119.352, 39.862], [-119.3507, 39.9517], [-118.661, 39.952], [-118.6583, 39.9507], [-118.657, 39.9372], [-118.648, 39.929], [-118.648, 39.862], [-118.6418, 39.8528], [-118.3493, 39.8517], [-118.348, 39.762], [-118.3418, 39.7528], [-118.1483, 39.7507], [-118.1483, 39.6493], [-118.238, 39.648], [-118.2451, 39.6451], [-118.248, 39.638], [-118.2481, 39.5567], [-118.2438, 39.5503], [-118.0483, 39.5507], [-118.0483, 39.4493], [-118.138, 39.448], [-118.1451, 39.4451], [-118.148, 39.438], [-118.148, 39.362], [-118.1451, 39.3549], [-118.138, 39.352], [-117.9483, 39.3507], [-117.9493, 39.2483], [-118.238, 39.248], [-118.2451, 39.2451], [-118.248, 39.238], [-118.2472, 39.0582], [-118.238, 39.052], [-118.1487, 39.0513], [-118.148, 38.962], [-118.1418, 38.9528], [-118.0487, 38.9513], [-118.048, 38.862], [-118.0451, 38.8549], [-118.038, 38.852], [-117.9487, 38.8513], [-117.9483, 38.7493], [-118.3507, 38.7483], [-118.352, 38.838], [-118.3549, 38.8451], [-118.362, 38.848], [-118.5507, 38.8483], [-118.552, 38.938], [-118.5549, 38.9451], [-118.562, 38.948], [-118.6418, 38.9472], [-118.648, 38.938], [-118.6472, 38.6582], [-118.638, 38.652], [-118.4493, 38.6517], [-118.448, 38.551], [-118.451, 38.548], [-118.538, 38.548], [-118.5451, 38.5451], [-118.548, 38.538], [-118.5493, 38.4483], [-118.6507, 38.4483], [-118.6528, 38.5418], [-118.662, 38.548], [-118.7407, 38.5483], [-118.7417, 38.5607], [-118.733, 38.5672], [-118.732, 38.5784], [-118.7359, 38.5863], [-118.752, 38.601], [-118.7507, 38.6417], [-118.7387, 38.6413], [-118.7372, 38.6282], [-118.7318, 38.6228], [-118.711, 38.622], [-118.698, 38.6164], [-118.683, 38.6272], [-118.6817, 38.6407], [-118.6759, 38.6437], [-118.672, 38.6516], [-118.673, 38.7328], [-118.7172, 38.777], [-118.7328, 38.777], [-118.7393, 38.7683], [-118.7517, 38.7693], [-118.752, 38.849], [-118.7489, 38.8564], [-118.7546, 38.8671], [-118.768, 38.868], [-118.7751, 38.8651], [-118.7783, 38.8493], [-118.781, 38.848], [-118.8517, 38.8493], [-118.852, 38.879], [-118.8464, 38.892], [-118.852, 38.901], [-118.851, 38.997], [-118.852, 39.038], [-118.8549, 39.0451], [-118.873, 39.049], [-119.038, 39.048], [-119.0472, 39.0418], [-119.0493, 38.7483], [-119.1513, 38.7487], [-119.1517, 38.8407], [-119.1491, 38.846], [-119.137, 38.841], [-119.13, 38.8418], [-119.1259, 38.8437], [-119.122, 38.8516], [-119.1259, 38.8663], [-119.1393, 38.8711], [-119.1455, 38.8678], [-119.1509, 38.854], [-119.1546, 38.8571], [-119.1793, 38.8611], [-119.1855, 38.8578], [-119.1893, 38.8483], [-119.238, 38.848], [-119.2451, 38.8451], [-119.248, 38.838], [-119.2493, 38.7483], [-119.299, 38.748], [-119.312, 38.7536], [-119.3193, 38.7483], [-119.3307, 38.7483], [-119.3317, 38.7707], [-119.3259, 38.7737], [-119.322, 38.7816], [-119.3226, 38.8147], [-119.3307, 38.8211], [-119.3513, 38.8187], [-119.352, 38.8484], [-119.3559, 38.8563], [-119.3893, 38.8611], [-119.3955, 38.8578], [-119.3993, 38.8483], [-119.439, 38.848], [-119.4517, 38.8593], [-119.452, 38.949], [-119.449, 38.952], [-119.3493, 38.9517], [-119.348, 38.862], [-119.3451, 38.8549], [-119.338, 38.852], [-119.262, 38.852], [-119.2549, 38.8549], [-119.252, 38.862], [-119.2528, 39.1418], [-119.262, 39.148], [-119.3513, 39.1487], [-119.352, 39.238], [-119.3582, 39.2472], [-119.549, 39.248], [-119.552, 39.251], [-119.5514, 39.2722], [-119.5513, 39.3513]], [[-118.2418, 39.6728], [-118.2282, 39.6728], [-118.2228, 39.6782], [-118.223, 39.6928], [-118.2357, 39.7009], [-118.2427, 39.7], [-118.2474, 39.6947], [-118.248, 39.682], [-118.2418, 39.6728]], [[-118.2549, 39.5451], [-118.262, 39.548], [-118.338, 39.548], [-118.3451, 39.5451], [-118.348, 39.538], [-118.3487, 39.4487], [-118.438, 39.448], [-118.4472, 39.4418], [-118.448, 39.362], [-118.4451, 39.3549], [-118.438, 39.352], [-118.262, 39.352], [-118.2549, 39.3549], [-118.252, 39.362], [-118.252, 39.538], [-118.2549, 39.5451]], [[-118.352, 39.051], [-118.352, 39.138], [-118.3549, 39.1451], [-118.362, 39.148], [-118.4513, 39.1487], [-118.452, 39.238], [-118.4582, 39.2472], [-118.538, 39.248], [-118.5451, 39.2451], [-118.548, 39.238], [-118.548, 39.062], [-118.5451, 39.0549], [-118.538, 39.052], [-118.4487, 39.0513], [-118.448, 38.962], [-118.4418, 38.9528], [-118.262, 38.952], [-118.2549, 38.9549], [-118.252, 38.962], [-118.252, 39.038], [-118.2549, 39.0451], [-118.262, 39.048], [-118.349, 39.048], [-118.352, 39.051]], [[-118.4439, 39.6334], [-118.428, 39.6264], [-118.4134, 39.6361], [-118.4092, 39.6507], [-118.4146, 39.6571], [-118.4384, 39.658], [-118.4463, 39.6541], [-118.4486, 39.6422], [-118.4439, 39.6334]], [[-118.528, 39.5564], [-118.5161, 39.5634], [-118.5113, 39.5713], [-118.483, 39.5972], [-118.482, 39.619], [-118.4764, 39.632], [-118.4861, 39.6466], [-118.497, 39.649], [-118.5039, 39.6466], [-118.5087, 39.6387], [-118.5139, 39.6366], [-118.5187, 39.6287], [-118.547, 39.6028], [-118.548, 39.5716], [-118.5441, 39.5637], [-118.5383, 39.5607], [-118.528, 39.5564]], [[-118.878, 39.452], [-118.8751, 39.4449], [-118.8593, 39.4417], [-118.8528, 39.433], [-118.8393, 39.4317], [-118.8328, 39.423], [-118.8187, 39.4213], [-118.817, 39.4072], [-118.7983, 39.3907], [-118.798, 39.3716], [-118.7941, 39.3637], [-118.7828, 39.353], [-118.7693, 39.3517], [-118.7628, 39.343], [-118.7483, 39.3407], [-118.7487, 39.3287], [-118.77, 39.3282], [-118.7741, 39.3263], [-118.778, 39.3184], [-118.777, 39.2872], [-118.7628, 39.273], [-118.7472, 39.273], [-118.7407, 39.2817], [-118.7182, 39.2828], [-118.7128, 39.2882], [-118.7117, 39.3007], [-118.7061, 39.3034], [-118.7007, 39.3117], [-118.6793, 39.3117], [-118.6755, 39.3022], [-118.6693, 39.2989], [-118.6512, 39.3055], [-118.6489, 39.3136], [-118.652, 39.321], [-118.653, 39.3428], [-118.6872, 39.377], [-118.7118, 39.3772], [-118.7172, 39.3718], [-118.7187, 39.3587], [-118.7317, 39.3593], [-118.732, 39.4084], [-118.7359, 39.4163], [-118.7417, 39.4193], [-118.742, 39.449], [-118.7334, 39.4561], [-118.7292, 39.4707], [-118.7346, 39.4771], [-118.7613, 39.4787], [-118.7649, 39.5051], [-118.783, 39.509], [-118.8028, 39.507], [-118.8087, 39.4987], [-118.8228, 39.497], [-118.831, 39.488], [-118.8407, 39.4883], [-118.8497, 39.4981], [-118.8684, 39.498], [-118.8763, 39.4941], [-118.8786, 39.4878], [-118.878, 39.452]], [[-118.7188, 39.4655], [-118.703, 39.461], [-118.6872, 39.463], [-118.6788, 39.4802], [-118.6867, 39.4881], [-118.7084, 39.488], [-118.7163, 39.4841], [-118.7195, 39.4776], [-118.7188, 39.4655]], [[-118.7549, 39.0549], [-118.752, 39.062], [-118.752, 39.238], [-118.7549, 39.2451], [-118.762, 39.248], [-119.038, 39.248], [-119.0451, 39.2451], [-119.048, 39.238], [-119.048, 39.162], [-119.0451, 39.1549], [-119.038, 39.152], [-118.8493, 39.1517], [-118.848, 39.062], [-118.8451, 39.0549], [-118.838, 39.052], [-118.762, 39.052], [-118.7549, 39.0549]], [[-119.0451, 39.6549], [-119.038, 39.652], [-118.962, 39.652], [-118.9549, 39.6549], [-118.952, 39.662], [-118.952, 39.738], [-118.9549, 39.7451], [-118.962, 39.748], [-119.038, 39.748], [-119.0451, 39.7451], [-119.048, 39.738], [-119.048, 39.662], [-119.0451, 39.6549]], [[-119.2451, 39.6549], [-119.238, 39.652], [-119.162, 39.652], [-119.1549, 39.6549], [-119.152, 39.662], [-119.1513, 39.7513], [-119.062, 39.752], [-119.0528, 39.7582], [-119.052, 39.838], [-119.0549, 39.8451], [-119.062, 39.848], [-119.238, 39.848], [-119.2451, 39.8451], [-119.248, 39.838], [-119.248, 39.662], [-119.2451, 39.6549]], [[-119.1428, 38.8782], [-119.1417, 38.9107], [-119.1259, 38.9237], [-119.122, 38.9316], [-119.1249, 38.9451], [-119.1417, 38.9493], [-119.1417, 38.9807], [-119.1391, 38.986], [-119.1312, 38.982], [-119.1216, 38.982], [-119.1137, 38.9859], [-119.1113, 39.0113], [-119.0972, 39.013], [-119.083, 39.0272], [-119.082, 39.0316], [-119.0828, 39.0418], [-119.092, 39.048], [-119.1128, 39.047], [-119.1193, 39.0383], [-119.1307, 39.0383], [-119.133, 39.0528], [-119.143, 39.059], [-119.1728, 39.057], [-119.1866, 39.0439], [-119.1911, 39.0336], [-119.1854, 39.0229], [-119.1693, 39.0217], [-119.1628, 39.013], [-119.1383, 39.0107], [-119.1409, 38.994], [-119.1446, 38.9971], [-119.1657, 39.0009], [-119.1755, 38.9978], [-119.1783, 38.9693], [-119.1841, 38.9663], [-119.188, 38.9584], [-119.187, 38.8872], [-119.1728, 38.873], [-119.152, 38.872], [-119.1428, 38.8782]], [[-119.1436, 39.112], [-119.1421, 39.1044], [-119.1336, 39.0989], [-119.1255, 39.1012], [-119.122, 39.1088], [-119.1245, 39.1178], [-119.1307, 39.1211], [-119.1393, 39.1183], [-119.1436, 39.112]], [[-119.1661, 39.0834], [-119.1579, 39.0944], [-119.1564, 39.102], [-119.1617, 39.1093], [-119.163, 39.1228], [-119.1793, 39.1311], [-119.1855, 39.1278], [-119.1887, 39.1187], [-119.2028, 39.117], [-119.2087, 39.1087], [-119.2188, 39.1045], [-119.2211, 39.0964], [-119.2166, 39.0861], [-119.202, 39.0764], [-119.1907, 39.0817], [-119.1778, 39.0814], [-119.1661, 39.0834]], [[-119.2508, 39.6007], [-119.2495, 39.5924], [-119.2428, 39.583], [-119.2116, 39.582], [-119.2037, 39.5859], [-119.201, 39.593], [-119.202, 39.608], [-119.2082, 39.6172], [-119.2228, 39.617], [-119.2293, 39.6083], [-119.2412, 39.608], [-119.2508, 39.6007]], [[-119.392, 38.8664], [-119.3844, 38.8679], [-119.3791, 38.8757], [-119.38, 38.8827], [-119.3853, 38.8874], [-119.3969, 38.8866], [-119.4012, 38.8802], [-119.3983, 38.8707], [-119.392, 38.8664]]]}}, {"type": "Feature", "properties": {}, "geometry": {"type": "Polygon", "coordinates": [[[-118.1549, 38.4451], [-118.162, 38.448], [-118.2513, 38.4487], [-118.2513, 38.5513], [-118.1493, 38.5517], [-118.148, 38.462], [-118.1451, 38.4549], [-118.138, 38.452], [-118.0483, 38.4507], [-118.0493, 38.2483], [-118.1517, 38.2493], [-118.152, 38.438], [-118.1549, 38.4451]]]}}, {"type": "Feature", "properties": {}, "geometry": {"type": "Polygon", "coordinates": [[[-118.5549, 42.3451], [-118.562, 42.348], [-118.6517, 42.3493], [-118.6507, 42.5517], [-118.4493, 42.5517], [-118.448, 42.462], [-118.4451, 42.4549], [-118.438, 42.452], [-118.362, 42.452], [-118.3549, 42.4549], [-118.352, 42.462], [-118.3507, 42.5517], [-118.2493, 42.5517], [-118.248, 42.462], [-118.2451, 42.4549], [-118.238, 42.452], [-118.1483, 42.4507], [-118.1483, 42.2493], [-118.3418, 42.2472], [-118.348, 42.238], [-118.3493, 42.1483], [-118.6513, 42.1487], [-118.6517, 42.2507], [-118.562, 42.252], [-118.5549, 42.2549], [-118.552, 42.262], [-118.552, 42.338], [-118.5549, 42.3451]], [[-118.3549, 42.3451], [-118.362, 42.348], [-118.438, 42.348], [-118.4451, 42.3451], [-118.448, 42.338], [-118.448, 42.262], [-118.4451, 42.2549], [-118.438, 42.252], [-118.362, 42.252], [-118.3549, 42.2549], [-118.352, 42.262], [-118.352, 42.338], [-118.3549, 42.3451]], [[-118.6018, 42.4228], [-118.5882, 42.4228], [-118.5828, 42.4282], [-118.5828, 42.4418], [-118.5882, 42.4472], [-118.6018, 42.4472], [-118.6072, 42.4418], [-118.608, 42.432], [-118.6018, 42.4228]]]}}, {"type": "Feature", "properties": {}, "geometry": {"type": "Polygon", "coordinates": [[[-118.1693, 34.1017], [-118.1683, 34.0893], [-118.2013, 34.0887], [-118.2013, 34.1013], [-118.191, 34.102], [-118.1693, 34.1017]]]}}, {"type": "Feature", "properties": {}, "geometry": {"type": "Polygon", "coordinates": [[[-118.379, 33.762], [-118.3593, 33.7617], [-118.3583, 33.7493], [-118.3807, 33.7483], [-118.382, 33.759], [-118.379, 33.762]]]}}, {"type": "Feature", "properties": {}, "geometry": {"type": "Polygon", "coordinates": [[[-118.419, 34.122], [-118.4083, 34.1207], [-118.4093, 34.0983], [-118.4217, 34.0993], [-118.422, 34.119], [-118.419, 34.122]]]}}, {"type": "Feature", "properties": {}, "geometry": {"type": "Polygon", "coordinates": [[[-119.1207, 35.1317], [-119.1093, 35.1317], [-119.1039, 35.1209], [-119.1207, 35.1183], [-119.122, 35.129], [-119.1207, 35.1317]]]}}, {"type": "Feature", "properties": {}, "geometry": {"type": "Polygon", "coordinates": [[[-119.0793, 35.1217], [-119.0628, 35.103], [-119.0487, 35.1013], [-119.0483, 35.0893], [-119.0607, 35.0883], [-119.0637, 35.0941], [-119.0716, 35.098], [-119.0907, 35.0983], [-119.0926, 35.1147], [-119.0961, 35.1191], [-119.0793, 35.1217]]]}}, {"type": "Feature", "properties": {}, "geometry": {"type": "Polygon", "coordinates": [[[-119.2639, 35.1391], [-119.2687, 35.1287], [-119.2813, 35.1287], [-119.2813, 35.1413], [-119.271, 35.142], [-119.2639, 35.1391]]]}}, {"type": "Feature", "properties": {}, "geometry": {"type": "Polygon", "coordinates": [[[-119.2507, 35.1517], [-119.2283, 35.1507], [-119.2293, 35.1383], [-119.249, 35.138], [-119.2561, 35.1409], [-119.2507, 35.1517]]]}}, {"type": "Feature", "properties": {}, "geometry": {"type": "Polygon", "coordinates": [[[-119.388, 35.449], [-119.3887, 35.4387], [-119.4013, 35.4387], [-119.4013, 35.4513], [-119.391, 35.452], [-119.388, 35.449]]]}}, {"type": "Feature", "properties": {}, "geometry": {"type": "Polygon", "coordinates": [[[-119.5272, 35.537], [-119.5316, 35.538], [-119.5607, 35.5383], [-119.5617, 35.5507], [-119.5093, 35.5517], [-119.5083, 35.5293], [-119.5218, 35.53], [-119.5272, 35.537]]]}}, {"type": "Feature", "properties": {}, "geometry": {"type": "Polygon", "coordinates": [[[-119.727, 39.6628], [-119.7293, 39.6483], [-119.7517, 39.6493], [-119.7513, 39.8513], [-119.5487, 39.8513], [-119.5487, 39.7487], [-119.638, 39.748], [-119.6451, 39.7451], [-119.648, 39.738], [-119.6493, 39.6483], [-119.6807, 39.6483], [-119.6872, 39.657], [-119.7013, 39.6587], [-119.7073, 39.67], [-119.72, 39.6682], [-119.727, 39.6628]]]}}, {"type": "Feature", "properties": {}, "geometry": {"type": "Polygon", "coordinates": [[[-119.7117, 35.4693], [-119.7107, 35.4817], [-119.6993, 35.4817], [-119.6928, 35.473], [-119.6787, 35.4713], [-119.6783, 35.4493], [-119.6907, 35.4483], [-119.7019, 35.4603], [-119.7117, 35.4693]]]}}, {"type": "Feature", "properties": {}, "geometry": {"type": "Polygon", "coordinates": [[[-120.0517, 41.2193], [-120.0507, 41.2517], [-120.011, 41.252], [-119.998, 41.2464], [-119.989, 41.252], [-119.9493, 41.2517], [-119.9483, 41.1493], [-120.0507, 41.1483], [-120.0513, 41.1813], [-120.0307, 41.1789], [-120.0245, 41.1822], [-120.022, 41.1888], [-120.0249, 41.2051], [-120.0419, 41.2103], [-120.0517, 41.2193]]]}}, {"type": "Feature", "properties": {}, "geometry": {"type": "Polygon", "coordinates": [[[-120.7549, 36.4451], [-120.762, 36.448], [-120.8513, 36.4487], [-120.8513, 36.5513], [-120.7493, 36.5517], [-120.748, 36.462], [-120.7451, 36.4549], [-120.738, 36.452], [-120.6487, 36.4513], [-120.648, 36.381], [-120.6536, 36.372], [-120.6483, 36.3607], [-120.6487, 36.3487], [-120.719, 36.348], [-120.728, 36.3536], [-120.7393, 36.3483], [-120.7513, 36.3487], [-120.752, 36.438], [-120.7549, 36.4451]]]}}]}